Low,Amari,McArthur,Brandy,Low,Cooper
Low,Blaze,McArthur,Brandy,Low,Cooper
Low,Alek,McArthur,Brandy,Low,Cooper
Low,Ansley,McArthur,Brandy,Low,Cooper
Low,Drew,McArthur,Brandy,Low,Cooper
Low,Kyla,McArthur,Brandy,Low,Cooper
Garriott,Nickolas,Gemar,Cambria,Garriott,Coby
Still,Abigail,Grant,Blair,Still,Thaddeus
Kregel,Roland,Brand,Athena,Kregel,Deric
Garriott,Dalila,Gemar,Cambria,Garriott,Coby
Kregel,Justyn,Brand,Athena,Kregel,Deric
Zamka,Brenna,McBride,Bonnie,Zamka,Kenyon
Morin,Edgar,Armstrong,Shirley,Morin,Forest
Kregel,Aishah,Brand,Athena,Kregel,Deric
Morin,Deontae,Armstrong,Shirley,Morin,Forest
Kregel,Thalia,Brand,Athena,Kregel,Deric
Hilliard,Terrell,McNair,Holly,Hilliard,Dequan
Lee,Holly,Leestma,Kelley,Lee,Javon
Hilliard,Dontae,McNair,Holly,Hilliard,Dequan
Morin,Cheyanna,Armstrong,Shirley,Morin,Forest
Brandenstein,Kristofer,Overmyer,Carla,Brandenstein,Jevon
Hilliard,Alexandrea,McNair,Holly,Hilliard,Dequan
Brandenstein,Treshaun,Overmyer,Carla,Brandenstein,Jevon
Hilliard,Brenda,McNair,Holly,Hilliard,Dequan
Carter,Nicholaus,Onizuka,Marisa,Carter,Gilbert
Hilliard,Maxine,McNair,Holly,Hilliard,Dequan
Carter,Gene,Onizuka,Marisa,Carter,Gilbert
Brandenstein,Annalie,Overmyer,Carla,Brandenstein,Jevon
Carter,Skylar,Onizuka,Marisa,Carter,Gilbert
Carter,Summer,Onizuka,Marisa,Carter,Gilbert
Carter,Kylan,Onizuka,Marisa,Carter,Gilbert
Carter,Alexandra,Onizuka,Marisa,Carter,Gilbert
Carter,Ariel,Onizuka,Marisa,Carter,Gilbert
Carter,Holly,Onizuka,Marisa,Carter,Gilbert
Worden,Everett,Coats,Ellie,Worden,Owen
Carter,Charlene,Onizuka,Marisa,Carter,Gilbert
Worden,Justice,Coats,Ellie,Worden,Owen
Worden,Irene,Coats,Ellie,Worden,Owen
Worden,Frank,Coats,Ellie,Worden,Owen
Worden,Kaitlin,Coats,Ellie,Worden,Owen
Worden,Ayub,Coats,Ellie,Worden,Owen
Worden,Kailee,Coats,Ellie,Worden,Owen
Coleman,Estevan,Worden,Callan,Coleman,Shaun
Worden,Victoria,Coats,Ellie,Worden,Owen
Cox,Jordon,Hieb,Audrey,Cox,Desmond
Worden,Haleigh,Coats,Ellie,Worden,Owen
Roosevelt,Silas,Morgan,Larissa,Roosevelt,Travon
Coleman,Deserae,Worden,Callan,Coleman,Shaun
Roosevelt,Jerry,Morgan,Larissa,Roosevelt,Travon
Coleman,Stormy,Worden,Callan,Coleman,Shaun
Roosevelt,Eric,Morgan,Larissa,Roosevelt,Travon
Roosevelt,Aliyah,Morgan,Larissa,Roosevelt,Travon
Roosevelt,Trae,Morgan,Larissa,Roosevelt,Travon
Roosevelt,Brittney,Morgan,Larissa,Roosevelt,Travon
Aldrin,Brent,Cockrell,Corinne,Aldrin,Justus
Roosevelt,Cherie,Morgan,Larissa,Roosevelt,Travon
Aldrin,Markus,Cockrell,Corinne,Aldrin,Justus
Roosevelt,Natasha,Morgan,Larissa,Roosevelt,Travon
Aldrin,Osvaldo,Cockrell,Corinne,Aldrin,Justus
Roosevelt,Dominique,Morgan,Larissa,Roosevelt,Travon
Aldrin,Micheal,Cockrell,Corinne,Aldrin,Justus
Aldrin,Aylin,Cockrell,Corinne,Aldrin,Justus
Aldrin,Jevin,Cockrell,Corinne,Aldrin,Justus
Aldrin,Nichole,Cockrell,Corinne,Aldrin,Justus
Aldrin,Andre,Cockrell,Corinne,Aldrin,Justus
Aldrin,Kaleigh,Cockrell,Corinne,Aldrin,Justus
Weitz,Earl,Ross,Diamond,Weitz,Ross
Aldrin,Carol,Cockrell,Corinne,Aldrin,Justus
Reightler,Jaleel,Searfoss,Ayla,Reightler,Deangelo
Reightler,Briana,Searfoss,Ayla,Reightler,Deangelo
Reightler,Lauren,Searfoss,Ayla,Reightler,Deangelo
Reightler,Siobhan,Searfoss,Ayla,Reightler,Deangelo
Reightler,Richard,Searfoss,Ayla,Reightler,Deangelo
Harrison,Regina,Musgrave,Dianne,Harrison,Kelton
Newman,Babyboy,Ewing,Marisol,Newman,Grant
Harrison,Odalys,Musgrave,Dianne,Harrison,Kelton
Harrison,Yair,Musgrave,Dianne,Harrison,Kelton
Harrison,Mackenzie,Musgrave,Dianne,Harrison,Kelton
Harrison,Demarco,Musgrave,Dianne,Harrison,Kelton
Harrison,Dayna,Musgrave,Dianne,Harrison,Kelton
Michel,Victor,Glenn,Rayna,Michel,Johnny
Overmyer,Camelia,Tyler,Georgina,Overmyer,Hayden
Overmyer,Cody,Tyler,Georgina,Overmyer,Hayden
Overmyer,Suzette,Tyler,Georgina,Overmyer,Hayden
Overmyer,Jonathan,Tyler,Georgina,Overmyer,Hayden
Overmyer,Cindy,Tyler,Georgina,Overmyer,Hayden
Overmyer,Dean,Tyler,Georgina,Overmyer,Hayden
Overmyer,Carlye,Tyler,Georgina,Overmyer,Hayden
Overmyer,Isiah,Tyler,Georgina,Overmyer,Hayden
Adams,Devonna,Brandenstein,Brigitte,Adams,Tylor
Adams,Allan,Brandenstein,Brigitte,Adams,Tylor
Adams,Carmela,Brandenstein,Brigitte,Adams,Tylor
Adams,Chadwick,Brandenstein,Brigitte,Adams,Tylor
Cameron,Ansley,Linenger,Cara,Cameron,Babyboy
Cameron,Ramiro,Linenger,Cara,Cameron,Babyboy
Cameron,Divya,Linenger,Cara,Cameron,Babyboy
Cameron,Bernardo,Linenger,Cara,Cameron,Babyboy
Cameron,Kaylie,Linenger,Cara,Cameron,Babyboy
Cameron,Colin,Linenger,Cara,Cameron,Babyboy
Cameron,Madelyn,Linenger,Cara,Cameron,Babyboy
Voss,Lionel,Clark,Tiera,Voss,Jose
Voss,Trisha,Clark,Tiera,Voss,Jose
Voss,Tallon,Clark,Tiera,Voss,Jose
Voss,Sade,Clark,Tiera,Voss,Jose
Voss,Aidan,Clark,Tiera,Voss,Jose
Nixon,Lauryn,Kilrain,Rani,Nixon,Ronnie
Voss,Edward,Clark,Tiera,Voss,Jose
Nixon,Paige,Kilrain,Rani,Nixon,Ronnie
Nixon,Ted,Kilrain,Rani,Nixon,Ronnie
Harrison,Tracy,Truly,Rebekkah,Harrison,Jaron
Nixon,Nour,Kilrain,Rani,Nixon,Ronnie
Harrison,Dorothy,Truly,Rebekkah,Harrison,Jaron
Nixon,Jai,Kilrain,Rani,Nixon,Ronnie
Harrison,Kara,Truly,Rebekkah,Harrison,Jaron
Nixon,Steve,Kilrain,Rani,Nixon,Ronnie
Thagard,Alice,Hudson,Asya,Thagard,Dontae
Nixon,Toby,Kilrain,Rani,Nixon,Ronnie
Thagard,Alena,Hudson,Asya,Thagard,Dontae
Nixon,Mitchel,Kilrain,Rani,Nixon,Ronnie
Thagard,Alondra,Hudson,Asya,Thagard,Dontae
Harrison,Raphael,Truly,Rebekkah,Harrison,Jaron
Thagard,Elisa,Hudson,Asya,Thagard,Dontae
Harrison,Jessee,Truly,Rebekkah,Harrison,Jaron
Thagard,Gabrielle,Hudson,Asya,Thagard,Dontae
Bobko,Evan,Bassett,Tristan,Bobko,Spenser
Thagard,Kylee,Hudson,Asya,Thagard,Dontae
Bobko,Diondre,Bassett,Tristan,Bobko,Spenser
Parazynski,Eileen,Schweickart,Dandrea,Parazynski,Draven
Bobko,Aaron,Bassett,Tristan,Bobko,Spenser
Parazynski,Esperanza,Schweickart,Dandrea,Parazynski,Draven
Bobko,Ryen,Bassett,Tristan,Bobko,Spenser
Pettit,Kaylyn,Valheim,Misty,Pettit,Justice
Thagard,Charly,Hudson,Asya,Thagard,Dontae
Pettit,Britney,Valheim,Misty,Pettit,Justice
Thagard,Erich,Hudson,Asya,Thagard,Dontae
Pettit,Aaliyah,Valheim,Misty,Pettit,Justice
Thagard,Devaughn,Hudson,Asya,Thagard,Dontae
Low,Dasia,Low,Shea,Low,Amari
Thagard,Lane,Hudson,Asya,Thagard,Dontae
Low,Simone,Low,Blaze,Low,Jashua
Parazynski,Rolando,Schweickart,Dandrea,Parazynski,Draven
Low,Trisha,Low,Blaze,Low,Jashua
Parazynski,Yair,Schweickart,Dandrea,Parazynski,Draven
Low,Elisabeth,Low,Chastity,Low,Alek
Pettit,Conor,Valheim,Misty,Pettit,Justice
Low,Sandra,Low,Chastity,Low,Alek
Low,Jaleel,Low,Shea,Low,Amari
Low,Liz,Low,Ansley,Low,Daniel
Low,Barrett,Low,Shea,Low,Amari
Low,Estela,Low,Kaela,Low,Drew
Low,Kenny,Low,Shea,Low,Amari
Low,Breann,Low,Kaela,Low,Drew
Low,Cristian,Low,Blaze,Low,Jashua
Low,Renee,Low,Kaela,Low,Drew
Low,Talon,Low,Blaze,Low,Jashua
Low,Tiffani,Low,Kaela,Low,Drew
Low,Abel,Low,Chastity,Low,Alek
Low,Esmeralda,Low,Kaela,Low,Drew
Low,Ross,Low,Chastity,Low,Alek
Still,Breonna,Low,Kyla,Still,Darrius
Low,Romello,Low,Kaela,Low,Drew
Still,Delilah,Low,Kyla,Still,Darrius
Low,Eugene,Low,Kaela,Low,Drew
Still,Yolanda,Low,Kyla,Still,Darrius
Low,Abdiel,Low,Kaela,Low,Drew
Still,Desaree,Low,Kyla,Still,Darrius
Low,Anthoni,Low,Kaela,Low,Drew
Still,Brooke,Low,Kyla,Still,Darrius
Still,Raekwon,Low,Kyla,Still,Darrius
Garriott,Cori,Low,Antoinette,Garriott,Nickolas
Still,Lawrence,Low,Kyla,Still,Darrius
Garriott,Rebeca,Low,Antoinette,Garriott,Nickolas
Still,Landon,Low,Kyla,Still,Darrius
Garriott,Yvonne,Low,Antoinette,Garriott,Nickolas
Still,Guadalupe,Low,Kyla,Still,Darrius
Kregel,Susana,Still,Abigail,Kregel,Owen
Still,Dwayne,Low,Kyla,Still,Darrius
Kregel,Christie,Still,Abigail,Kregel,Owen
Garriott,Samual,Low,Antoinette,Garriott,Nickolas
Kregel,Juanita,Still,Bridgette,Kregel,Roland
Garriott,Heriberto,Low,Antoinette,Garriott,Nickolas
Kregel,Carolyn,Still,Bridgette,Kregel,Roland
Garriott,Quanterriu,Low,Antoinette,Garriott,Nickolas
Kregel,Maureen,Still,Bridgette,Kregel,Roland
Garriott,Amir,Low,Antoinette,Garriott,Nickolas
Kregel,Rocio,Garriott,Dalila,Kregel,Wylie
Garriott,William,Low,Antoinette,Garriott,Nickolas
Kregel,Jenny,Garriott,Dalila,Kregel,Wylie
Garriott,Niko,Low,Antoinette,Garriott,Nickolas
Kregel,Karlie,Garriott,Dalila,Kregel,Wylie
Kregel,Ted,Still,Abigail,Kregel,Owen
Kregel,Debbie,Garriott,Dalila,Kregel,Wylie
Kregel,Clifford,Still,Abigail,Kregel,Owen
Kregel,Angelina,Garriott,Lesly,Kregel,Justyn
Kregel,Dominick,Still,Bridgette,Kregel,Roland
Kregel,Lyric,Garriott,Lesly,Kregel,Justyn
Kregel,Quentin,Garriott,Dalila,Kregel,Wylie
Kregel,Charlene,Garriott,Lesly,Kregel,Justyn
Kregel,Nico,Garriott,Dalila,Kregel,Wylie
Kregel,Raquel,Garriott,Lesly,Kregel,Justyn
Kregel,Grady,Garriott,Dalila,Kregel,Wylie
Lee,Regina,Zamka,Brenna,Lee,Pierce
Kregel,Brennan,Garriott,Dalila,Kregel,Wylie
Lee,Katrina,Zamka,Brenna,Lee,Pierce
Kregel,Delonta,Garriott,Dalila,Kregel,Wylie
Lee,Chana,Zamka,Brenna,Lee,Pierce
Kregel,Shaquille,Garriott,Lesly,Kregel,Justyn
Lee,Desiree,Zamka,Brenna,Lee,Pierce
Low,Cooper,McArthur,Brandy,(null)
Kregel,Gordon,Garriott,Lesly,Kregel,Justyn
Morin,Ayla,Kregel,Tanisha,Morin,Edgar
Kregel,Jeffrey,Garriott,Lesly,Kregel,Justyn
Morin,Keishla,Kregel,Aishah,Morin,Adrian
Lee,Zackery,Zamka,Brenna,Lee,Pierce
Morin,Bertha,Kregel,Aishah,Morin,Adrian
Lee,Jared,Zamka,Brenna,Lee,Pierce
Morin,Daniella,Kregel,Aishah,Morin,Adrian
Lee,Deandre,Zamka,Brenna,Lee,Pierce
Morin,Virginia,Kregel,Aishah,Morin,Adrian
Lee,Israel,Zamka,Brenna,Lee,Pierce
Morin,Colby,Kregel,Aishah,Morin,Adrian
Lee,Donald,Zamka,Brenna,Lee,Pierce
Morin,Abagail,Kregel,Aishah,Morin,Adrian
Morin,Alek,Kregel,Tanisha,Morin,Edgar
Morin,Meaghan,Kregel,Sage,Morin,Deontae
Morin,Emilio,Kregel,Tanisha,Morin,Edgar
Morin,Amina,Kregel,Sage,Morin,Deontae
Morin,Douglas,Kregel,Tanisha,Morin,Edgar
Morin,Iesha,Kregel,Sage,Morin,Deontae
Morin,Javon,Kregel,Tanisha,Morin,Edgar
Hilliard,Karissa,Kregel,Thalia,Hilliard,Dominique
Morin,Johnny,Kregel,Tanisha,Morin,Edgar
Hilliard,Amina,Kregel,Thalia,Hilliard,Dominique
Morin,Jace,Kregel,Aishah,Morin,Adrian
Hilliard,Maritza,Kregel,Thalia,Hilliard,Dominique
Morin,Jashua,Kregel,Aishah,Morin,Adrian
Hilliard,Diamond,Kregel,Thalia,Hilliard,Dominique
Morin,Bryan,Kregel,Aishah,Morin,Adrian
Hilliard,Justina,Kregel,Thalia,Hilliard,Dominique
Morin,Demetrius,Kregel,Aishah,Morin,Adrian
Hilliard,Ashlee,Kregel,Thalia,Hilliard,Dominique
Morin,Marcos,Kregel,Sage,Morin,Deontae
Hilliard,Kacey,Lee,Chynna,Hilliard,Terrell
Morin,Peter,Kregel,Sage,Morin,Deontae
Hilliard,Kasey,Lee,Holly,Hilliard,Chance
Morin,Howard,Kregel,Sage,Morin,Deontae
Hilliard,Deserae,Lee,Holly,Hilliard,Chance
Morin,Romeo,Kregel,Sage,Morin,Deontae
Hilliard,Dayna,Morin,Chaya,Hilliard,Dontae
Morin,Kahlil,Kregel,Sage,Morin,Deontae
Hilliard,Beatriz,Morin,Cheyanna,Hilliard,Moses
Hilliard,Quayshawn,Kregel,Thalia,Hilliard,Dominique
Hilliard,Chelsey,Morin,Cheyanna,Hilliard,Moses
Hilliard,Aidan,Kregel,Thalia,Hilliard,Dominique
Hilliard,Anamaria,Morin,Cheyanna,Hilliard,Moses
Hilliard,Terron,Kregel,Thalia,Hilliard,Dominique
Brandenstein,Gianna,Morin,Marissa,Brandenstein,Kristofer
Hilliard,Kaden,Lee,Chynna,Hilliard,Terrell
Brandenstein,Kaelyn,Morin,Marissa,Brandenstein,Kristofer
Hilliard,Taquan,Lee,Chynna,Hilliard,Terrell
Brandenstein,Colette,Morin,Marissa,Brandenstein,Kristofer
Hilliard,Esau,Lee,Holly,Hilliard,Chance
Brandenstein,Celena,Morin,Marissa,Brandenstein,Kristofer
Hilliard,Mathew,Lee,Holly,Hilliard,Chance
Brandenstein,Paige,Morin,Marissa,Brandenstein,Kristofer
Hilliard,Jarvis,Lee,Holly,Hilliard,Chance
Brandenstein,Darian,Hilliard,Alexandrea,Brandenstein,Anibal
Hilliard,Quanterriu,Lee,Holly,Hilliard,Chance
Brandenstein,Elaine,Hilliard,Alexandrea,Brandenstein,Anibal
Hilliard,Agustin,Morin,Cheyanna,Hilliard,Moses
Brandenstein,Kaina,Hilliard,Alexandrea,Brandenstein,Anibal
Hilliard,Dale,Morin,Cheyanna,Hilliard,Moses
Brandenstein,Dina,Hilliard,Alexandrea,Brandenstein,Anibal
Hilliard,Ishmael,Morin,Cheyanna,Hilliard,Moses
Brandenstein,Katy,Hilliard,Holly,Brandenstein,Treshaun
Hilliard,Shaquille,Morin,Cheyanna,Hilliard,Moses
Brandenstein,Brionna,Hilliard,Holly,Brandenstein,Treshaun
Brandenstein,Marc,Morin,Marissa,Brandenstein,Kristofer
Brandenstein,Justice,Hilliard,Holly,Brandenstein,Treshaun
Brandenstein,Quinton,Morin,Marissa,Brandenstein,Kristofer
Brandenstein,Lillian,Hilliard,Holly,Brandenstein,Treshaun
Brandenstein,Jameson,Morin,Marissa,Brandenstein,Kristofer
Carter,Dajanae,Hilliard,Brenda,Carter,Deion
Brandenstein,Jacob,Morin,Marissa,Brandenstein,Kristofer
Carter,Brook,Hilliard,Maxine,Carter,Jules
Brandenstein,Liam,Hilliard,Alexandrea,Brandenstein,Anibal
Carter,Reyna,Hilliard,Maxine,Carter,Jules
Brandenstein,Angelo,Hilliard,Alexandrea,Brandenstein,Anibal
Carter,Alisha,Hilliard,Maxine,Carter,Jules
Brandenstein,Jarod,Hilliard,Holly,Brandenstein,Treshaun
Carter,Gretchen,Brandenstein,Octavia,Carter,Gene
Brandenstein,Garrett,Hilliard,Holly,Brandenstein,Treshaun
Carter,Leanna,Brandenstein,Octavia,Carter,Gene
Brandenstein,Vicente,Hilliard,Holly,Brandenstein,Treshaun
Carter,Marisa,Brandenstein,Annalie,Carter,Tyrone
Brandenstein,Vincent,Hilliard,Holly,Brandenstein,Treshaun
Carter,Aubrey,Brandenstein,Annalie,Carter,Tyrone
Carter,Bret,Hilliard,Brenda,Carter,Deion
Carter,Ebone,Brandenstein,Dixie,Carter,Skylar
Carter,Freeman,Hilliard,Brenda,Carter,Deion
Carter,Jazmine,Brandenstein,Dixie,Carter,Skylar
Carter,Jayson,Hilliard,Heather,Carter,Nicholaus
Carter,Bridgett,Brandenstein,Dixie,Carter,Skylar
Carter,Shayne,Hilliard,Maxine,Carter,Jules
Carter,Tristan,Carter,Summer,Carter,Kevin
Carter,Geordan,Hilliard,Maxine,Carter,Jules
Carter,Bianca,Carter,Summer,Carter,Kevin
Carter,Demarco,Hilliard,Maxine,Carter,Jules
Carter,Laurel,Carter,Kaina,Carter,Kylan
Carter,Curtis,Brandenstein,Octavia,Carter,Gene
Carter,Allegra,Carter,Kaina,Carter,Kylan
Carter,Bennie,Brandenstein,Annalie,Carter,Tyrone
Carter,Karissa,Carter,Kaina,Carter,Kylan
Carter,Pablo,Brandenstein,Annalie,Carter,Tyrone
Carter,Adrianna,Carter,Kaina,Carter,Kylan
Carter,Hiram,Brandenstein,Annalie,Carter,Tyrone
Carter,Katlyn,Carter,Kaina,Carter,Kylan
Carter,Guadalupe,Brandenstein,Annalie,Carter,Tyrone
Carter,Alexus,Carter,Alexandra,Carter,Justus
Carter,Frank,Brandenstein,Annalie,Carter,Tyrone
Carter,Debora,Carter,Alexandra,Carter,Justus
Carter,Dallas,Brandenstein,Dixie,Carter,Skylar
Carter,Jenna,Carter,Darcie,Carter,Ariel
Carter,Fabian,Brandenstein,Dixie,Carter,Skylar
Carter,Sage,Carter,Darcie,Carter,Ariel
Carter,Benjamen,Brandenstein,Dixie,Carter,Skylar
Worden,Noel,Carter,Holly,Worden,Daquan
Carter,Rahim,Brandenstein,Dixie,Carter,Skylar
Worden,Tess,Carter,Holly,Worden,Daquan
Carter,Felipe,Carter,Summer,Carter,Kevin
Worden,Genesis,Carter,Charlene,Worden,Davon
Carter,Chase,Carter,Summer,Carter,Kevin
Worden,Antoinette,Carter,Charlene,Worden,Davon
Carter,Luke,Carter,Summer,Carter,Kevin
Worden,Kaela,Carter,Charlene,Worden,Davon
Carter,Myles,Carter,Summer,Carter,Kevin
Worden,Casie,Carter,Valentina,Worden,Justice
Carter,Ralph,Carter,Kaina,Carter,Kylan
Worden,Georgina,Worden,Irene,Worden,Jesse
Carter,William,Carter,Kaina,Carter,Kylan
Worden,Christie,Worden,Irene,Worden,Jesse
Carter,Tanner,Carter,Kaina,Carter,Kylan
Worden,Shelby,Worden,Viviana,Worden,Frank
Carter,Jamison,Carter,Alexandra,Carter,Justus
Worden,Alexi,Worden,Viviana,Worden,Frank
Carter,Javion,Carter,Darcie,Carter,Ariel
Worden,Ariel,Worden,Viviana,Worden,Frank
Carter,Alexander,Carter,Darcie,Carter,Ariel
Worden,Makenzie,Worden,Viviana,Worden,Frank
Worden,Keeton,Carter,Holly,Worden,Daquan
Worden,Aisha,Worden,Kaitlin,Worden,Shamar
Worden,Conner,Carter,Holly,Worden,Daquan
Worden,Melinda,Worden,Kaitlin,Worden,Shamar
Worden,Grady,Carter,Holly,Worden,Daquan
Worden,Yamilex,Worden,Kaitlin,Worden,Shamar
Worden,Quincy,Carter,Holly,Worden,Daquan
Worden,Noel,Worden,Jill,Worden,Ayub
Worden,Melvin,Carter,Holly,Worden,Daquan
Worden,Kristi,Worden,Jill,Worden,Ayub
Worden,Jorge,Carter,Alexis,Worden,Everett
Coleman,Alexia,Worden,Kailee,Coleman,Easton
Worden,Ryen,Carter,Charlene,Worden,Davon
Coleman,Kendall,Worden,Maxine,Coleman,Estevan
Worden,Dominic,Carter,Charlene,Worden,Davon
Coleman,Divya,Worden,Victoria,Coleman,Montel
Worden,Arian,Carter,Charlene,Worden,Davon
Coleman,Casey,Worden,Victoria,Coleman,Montel
Worden,Dandre,Carter,Valentina,Worden,Justice
Cox,Christie,Worden,Aria,Cox,Jordon
Worden,Jairus,Worden,Irene,Worden,Jesse
Cox,Tara,Worden,Haleigh,Cox,Jackson
Worden,Jessee,Worden,Irene,Worden,Jesse
Roosevelt,Kiersten,Worden,Danielle,Roosevelt,Silas
Worden,Augustus,Worden,Irene,Worden,Jesse
Roosevelt,Mari,Worden,Danielle,Roosevelt,Silas
Worden,Kristopher,Worden,Irene,Worden,Jesse
Roosevelt,Karly,Coleman,Deserae,Roosevelt,Reginald
Worden,Tobias,Worden,Irene,Worden,Jesse
Roosevelt,Bryana,Coleman,Deserae,Roosevelt,Reginald
Worden,Ricardo,Worden,Irene,Worden,Jesse
Roosevelt,Brooke,Coleman,Deserae,Roosevelt,Reginald
Worden,River,Worden,Irene,Worden,Jesse
Roosevelt,Krista,Coleman,Deserae,Roosevelt,Reginald
Worden,Destin,Worden,Viviana,Worden,Frank
Roosevelt,Odalys,Coleman,Courtney,Roosevelt,Jerry
Worden,James,Worden,Viviana,Worden,Frank
Roosevelt,Veronica,Coleman,Courtney,Roosevelt,Jerry
Worden,Caden,Worden,Viviana,Worden,Frank
Roosevelt,Nancy,Coleman,Courtney,Roosevelt,Jerry
Worden,Gustavo,Worden,Viviana,Worden,Frank
Roosevelt,Christa,Coleman,Stormy,Roosevelt,Beau
Worden,Randall,Worden,Kaitlin,Worden,Shamar
Roosevelt,Jade,Roosevelt,Yazmin,Roosevelt,Eric
Worden,Simeon,Worden,Kaitlin,Worden,Shamar
Roosevelt,Kailey,Roosevelt,Yazmin,Roosevelt,Eric
Worden,Lawrence,Worden,Kaitlin,Worden,Shamar
Roosevelt,Lea,Roosevelt,Yazmin,Roosevelt,Eric
Worden,Brody,Worden,Jill,Worden,Ayub
Roosevelt,Dallas,Roosevelt,Yazmin,Roosevelt,Eric
Worden,Lawrence,Worden,Jill,Worden,Ayub
Roosevelt,Roxanne,Roosevelt,Aliyah,Roosevelt,Ahmad
Coleman,Orlando,Worden,Kailee,Coleman,Easton
Roosevelt,Ruby,Roosevelt,Aliyah,Roosevelt,Ahmad
Coleman,Jason,Worden,Maxine,Coleman,Estevan
Roosevelt,Jacquelyn,Roosevelt,Aliyah,Roosevelt,Ahmad
Coleman,Hakeem,Worden,Maxine,Coleman,Estevan
Roosevelt,Kendall,Roosevelt,Kinsey,Roosevelt,Trae
Coleman,Cullen,Worden,Victoria,Coleman,Montel
Roosevelt,Diane,Roosevelt,Kinsey,Roosevelt,Trae
Coleman,Parker,Worden,Victoria,Coleman,Montel
Roosevelt,Jayda,Roosevelt,Kinsey,Roosevelt,Trae
Cox,Ray,Worden,Haleigh,Cox,Jackson
Roosevelt,Casey,Roosevelt,Brittney,Roosevelt,Kellen
Cox,Cooper,Worden,Haleigh,Cox,Jackson
Aldrin,Abigayle,Roosevelt,Kaydee,Aldrin,Brent
Roosevelt,Alfonso,Worden,Danielle,Roosevelt,Silas
Aldrin,Alesia,Roosevelt,Kaydee,Aldrin,Brent
Roosevelt,Abdul,Worden,Danielle,Roosevelt,Silas
Aldrin,Elisa,Roosevelt,Cherie,Aldrin,Ty
Roosevelt,Caleb,Worden,Danielle,Roosevelt,Silas
Aldrin,Anabel,Roosevelt,Cherie,Aldrin,Ty
Roosevelt,Pedro,Coleman,Deserae,Roosevelt,Reginald
Aldrin,Jacklyn,Roosevelt,Cherie,Aldrin,Ty
Roosevelt,Garrison,Coleman,Deserae,Roosevelt,Reginald
Aldrin,Alexandra,Roosevelt,Cherie,Aldrin,Ty
Roosevelt,Glenn,Coleman,Deserae,Roosevelt,Reginald
Aldrin,Chyanne,Roosevelt,Cherie,Aldrin,Ty
Roosevelt,Kendrick,Coleman,Courtney,Roosevelt,Jerry
Aldrin,Janessa,Roosevelt,Shae,Aldrin,Markus
Roosevelt,Colin,Coleman,Courtney,Roosevelt,Jerry
Aldrin,Tonya,Roosevelt,Shae,Aldrin,Markus
Roosevelt,Tyler,Coleman,Courtney,Roosevelt,Jerry
Aldrin,Breeanna,Roosevelt,Shae,Aldrin,Markus
Roosevelt,Yakov,Coleman,Stormy,Roosevelt,Beau
Aldrin,Brooklyn,Roosevelt,Shae,Aldrin,Markus
Roosevelt,Graham,Coleman,Stormy,Roosevelt,Beau
Aldrin,Geneva,Roosevelt,Shae,Aldrin,Markus
Roosevelt,Jabari,Roosevelt,Yazmin,Roosevelt,Eric
Aldrin,Reagan,Roosevelt,Natasha,Aldrin,Arjun
Roosevelt,Tyson,Roosevelt,Yazmin,Roosevelt,Eric
Aldrin,Danika,Roosevelt,Natasha,Aldrin,Arjun
Roosevelt,Quintyn,Roosevelt,Yazmin,Roosevelt,Eric
Aldrin,Precious,Roosevelt,Natasha,Aldrin,Arjun
Roosevelt,Andre,Roosevelt,Aliyah,Roosevelt,Ahmad
Aldrin,Karlie,Roosevelt,Clara,Aldrin,Osvaldo
Roosevelt,Tomas,Roosevelt,Aliyah,Roosevelt,Ahmad
Aldrin,Kenyetta,Roosevelt,Dominique,Aldrin,Keith
Roosevelt,Moses,Roosevelt,Kinsey,Roosevelt,Trae
Aldrin,Selina,Roosevelt,Dominique,Aldrin,Keith
Roosevelt,Trace,Roosevelt,Kinsey,Roosevelt,Trae
Aldrin,Dayana,Roosevelt,Dominique,Aldrin,Keith
Roosevelt,Bronson,Roosevelt,Kinsey,Roosevelt,Trae
Aldrin,Katrina,Roosevelt,Dominique,Aldrin,Keith
Roosevelt,Carlos,Roosevelt,Brittney,Roosevelt,Kellen
Aldrin,Carli,Roosevelt,Dominique,Aldrin,Keith
Roosevelt,Reid,Roosevelt,Brittney,Roosevelt,Kellen
Aldrin,Shirley,Roosevelt,Dominique,Aldrin,Keith
Roosevelt,Tysen,Roosevelt,Brittney,Roosevelt,Kellen
Roosevelt,Elmer,Roosevelt,Brittney,Roosevelt,Kellen
Aldrin,Jade,Roosevelt,Kaydee,Aldrin,Brent
Aldrin,Adrian,Roosevelt,Cherie,Aldrin,Ty
Aldrin,Romeo,Roosevelt,Cherie,Aldrin,Ty
Aldrin,Izaiah,Roosevelt,Shae,Aldrin,Markus
