Wisoff,Dontae,Valheim,Amy,Wisoff,Daxton
Fincke,Mollie,Ross,Drew,Fincke,Erich
Fincke,Jed,Ross,Drew,Fincke,Erich
Fincke,Abbey,Ross,Drew,Fincke,Erich
Fincke,Brent,Ross,Drew,Fincke,Erich
Fincke,Olivia,Ross,Drew,Fincke,Erich
Fincke,Ezequiel,Ross,Drew,Fincke,Erich
Scobee,Melanie,Collins,Sylvia,Scobee,Frederic
Fincke,Freddy,Ross,Drew,Fincke,Erich
Scobee,Delanie,Collins,Sylvia,Scobee,Frederic
Scobee,Ian,Collins,Sylvia,Scobee,Frederic
Scobee,Kelsey,Collins,Sylvia,Scobee,Frederic
Roosa,Chance,Valheim,Eden,Roosa,Felix
Scobee,Erika,Collins,Sylvia,Scobee,Frederic
O'Leary,Eduardo,Arthur,Katie,O'Leary,Yakov
O'Leary,Zulema,Arthur,Katie,O'Leary,Yakov
O'Leary,Sebastian,Arthur,Katie,O'Leary,Yakov
O'Leary,Josephine,Arthur,Katie,O'Leary,Yakov
O'Leary,Moses,Arthur,Katie,O'Leary,Yakov
O'Leary,Kirsten,Arthur,Katie,O'Leary,Yakov
Tanner,Bryan,Hieb,Karlee,Tanner,Zane
Tanner,Silvia,Hieb,Karlee,Tanner,Zane
Tanner,Julian,Hieb,Karlee,Tanner,Zane
Tanner,Maricela,Hieb,Karlee,Tanner,Zane
Harding,Jordan,Caldwell,Annalie,Harding,Gannon
Garfield,Cynthia,Lockhart,Briana,Garfield,Lane
Newman,Roger,Jett,Kali,Newman,Jakob
Garfield,Tanya,Lockhart,Briana,Garfield,Lane
Garfield,Enrique,Lockhart,Briana,Garfield,Lane
Garfield,Ali,Lockhart,Briana,Garfield,Lane
Garfield,Devyn,Lockhart,Briana,Garfield,Lane
McArthur,Madison,Readdy,Jackie,McArthur,Devaughn
Garfield,Malachi,Lockhart,Briana,Garfield,Lane
McArthur,Carolina,Readdy,Jackie,McArthur,Devaughn
Garfield,Raul,Lockhart,Briana,Garfield,Lane
McArthur,Kassandra,Readdy,Jackie,McArthur,Devaughn
Garfield,Eli,Lockhart,Briana,Garfield,Lane
McArthur,Maribel,Readdy,Jackie,McArthur,Devaughn
Garfield,Marquise,Lockhart,Briana,Garfield,Lane
McArthur,Adrienne,Readdy,Jackie,McArthur,Devaughn
Washington,Brannon,Wetherbee,Genevieve,Washington,Joel
McArthur,Brandy,Readdy,Jackie,McArthur,Devaughn
McArthur,Chaim,Readdy,Jackie,McArthur,Devaughn
Voss,Stacie,Evans,Myra,Voss,Humberto
McArthur,Maleek,Readdy,Jackie,McArthur,Devaughn
Voss,Caitlynn,Evans,Myra,Voss,Humberto
Voss,Earl,Evans,Myra,Voss,Humberto
Fullerton,Bree,Michel,Cheyanna,Fullerton,Charles
Voss,Quentin,Evans,Myra,Voss,Humberto
Fullerton,Kaci,Michel,Cheyanna,Fullerton,Charles
Voss,Ivan,Evans,Myra,Voss,Humberto
Fullerton,Keely,Michel,Cheyanna,Fullerton,Charles
Bassett,Jordan,Precour,Ashlynn,Bassett,Devon
Low,Adrienne,Overmyer,Keishla,Low,Patrick
Coats,Armando,Fincke,Liz,Coats,Darian
Low,Cindy,Overmyer,Keishla,Low,Patrick
Low,Quentin,Overmyer,Keishla,Low,Patrick
Borman,Georgina,Burbank,Mackenzie,Borman,Deante
Low,Quintin,Overmyer,Keishla,Low,Patrick
Borman,Lindsey,Burbank,Mackenzie,Borman,Deante
Low,Sebastian,Overmyer,Keishla,Low,Patrick
Borman,Keri,Burbank,Mackenzie,Borman,Deante
Wisoff,Daxton,Valheim,Amy,Fincke,Erich,Boilermaker
Borman,Payton,Burbank,Mackenzie,Borman,Deante
Bagian,Marlena,Foreman,Barbara,Bagian,Mckay
Borman,Bryson,Burbank,Mackenzie,Borman,Deante
Bagian,Sapphire,Foreman,Barbara,Bagian,Mckay
Bagian,Baby,Foreman,Barbara,Bagian,Mckay
Bagian,Karen,Foreman,Barbara,Bagian,Mckay
Bagian,Brody,Foreman,Barbara,Bagian,Mckay
Bagian,Leigh,Foreman,Barbara,Bagian,Mckay
Bagian,Clarence,Foreman,Barbara,Bagian,Mckay
Bagian,Bertha,Foreman,Barbara,Bagian,Mckay
Allen,Carlos,Tani,Cassidy,Allen,Maximilian
Bagian,Jayme,Foreman,Barbara,Bagian,Mckay
Allen,Campbell,Tani,Cassidy,Allen,Maximilian
Allen,Jayla,Tani,Cassidy,Allen,Maximilian
Allen,Alonzo,Tani,Cassidy,Allen,Maximilian
Allen,Shyann,Tani,Cassidy,Allen,Maximilian
Whitson,Ian,Buchanan,Maura,Whitson,Charles
Whitson,Abbie,Buchanan,Maura,Whitson,Charles
Brandenstein,Simeon,Sturckow,Mackenzie,Brandenstein,Esau
Brandenstein,Adriane,Sturckow,Mackenzie,Brandenstein,Esau
Brandenstein,Darien,Sturckow,Mackenzie,Brandenstein,Esau
Brandenstein,Susan,Sturckow,Mackenzie,Brandenstein,Esau
Brandenstein,Tyreek,Sturckow,Mackenzie,Brandenstein,Esau
Brandenstein,Carlie,Sturckow,Mackenzie,Brandenstein,Esau
Brandenstein,Tyreek,Sturckow,Mackenzie,Brandenstein,Esau
Brandenstein,Ivy,Sturckow,Mackenzie,Brandenstein,Esau
Brandenstein,Landin,Sturckow,Mackenzie,Brandenstein,Esau
Adamson,Stefanie,Wolf,Yasmin,Adamson,Brad
Adamson,Chad,Wolf,Yasmin,Adamson,Brad
Adamson,Ida,Wolf,Yasmin,Adamson,Brad
Adamson,Brennon,Wolf,Yasmin,Adamson,Brad
Adamson,Katarina,Wolf,Yasmin,Adamson,Brad
Adamson,Jaleel,Wolf,Yasmin,Adamson,Brad
Adamson,Kaylea,Wolf,Yasmin,Adamson,Brad
Adamson,Quinton,Wolf,Yasmin,Adamson,Brad
Grabe,Danica,Carpenter,Haley,Grabe,Tristian
Adamson,Oren,Wolf,Yasmin,Adamson,Brad
Grabe,Rowan,Carpenter,Haley,Grabe,Tristian
Grabe,Dantae,Carpenter,Haley,Grabe,Tristian
Grabe,Dyamond,Carpenter,Haley,Grabe,Tristian
Grabe,Marco,Carpenter,Haley,Grabe,Tristian
Dunbar,Danielle,Clark,Amina,Dunbar,Elmer
Grabe,Tobias,Carpenter,Haley,Grabe,Tristian
Dunbar,Ebone,Clark,Amina,Dunbar,Elmer
Grabe,Aaron,Carpenter,Haley,Grabe,Tristian
Cox,Kaley,Moore,Lori,Cox,Xzavier
Arthur,Bryson,Wolf,Kailee,Arthur,Alvin
Cox,Anissa,Moore,Lori,Cox,Xzavier
Brandenstein,Yobani,Coats,Carmen,Brandenstein,Christian
Cox,Bridgett,Moore,Lori,Cox,Xzavier
Brandenstein,Keon,Coats,Carmen,Brandenstein,Christian
Cox,Myra,Moore,Lori,Cox,Xzavier
Hobaugh,Roy,Melroy,Monica,Hobaugh,Conner
Arthur,Carla,Wolf,Kailee,Arthur,Alvin
Hobaugh,Elliott,Melroy,Monica,Hobaugh,Conner
Arthur,Suzanne,Wolf,Kailee,Arthur,Alvin
Hobaugh,Jermaine,Melroy,Monica,Hobaugh,Conner
Brandenstein,Breann,Coats,Carmen,Brandenstein,Christian
Hobaugh,Fredrick,Melroy,Monica,Hobaugh,Conner
Brandenstein,Ruth,Coats,Carmen,Brandenstein,Christian
Hobaugh,Stanley,Melroy,Monica,Hobaugh,Conner
Brandenstein,Julia,Coats,Carmen,Brandenstein,Christian
Wisoff,Victor,Fincke,Deserae,Wisoff,Dontae
Brandenstein,Kristie,Coats,Carmen,Brandenstein,Christian
Wisoff,Aiden,Fincke,Deserae,Wisoff,Dontae
Hobaugh,Lyndsey,Melroy,Monica,Hobaugh,Conner
Fincke,Xzavier,Fincke,Stormy,Fincke,Jed
Hobaugh,Shea,Melroy,Monica,Hobaugh,Conner
Fincke,Micah,Fincke,Abbey,Fincke,Collin
Hobaugh,Christa,Melroy,Monica,Hobaugh,Conner
Fincke,Ernest,Fincke,Abbey,Fincke,Collin
Wisoff,Jennie,Fincke,Deserae,Wisoff,Dontae
Fincke,Orlando,Fincke,Abbey,Fincke,Collin
Wisoff,Olivia,Fincke,Deserae,Wisoff,Dontae
Fincke,Joseph,Fincke,Brianna,Fincke,Brent
Wisoff,Breonna,Fincke,Deserae,Wisoff,Dontae
Fincke,Nelson,Fincke,Olivia,Fincke,Antonio
Fincke,Jaqueline,Fincke,Mollie,Fincke,Colin
Fincke,Carlos,Scobee,Alejandra,Fincke,Ezequiel
Fincke,Deondra,Fincke,Stormy,Fincke,Jed
Fincke,Ernesto,Scobee,Alejandra,Fincke,Ezequiel
Fincke,Tess,Fincke,Stormy,Fincke,Jed
Fincke,Gordon,Scobee,Alejandra,Fincke,Ezequiel
Fincke,Maureen,Fincke,Abbey,Fincke,Collin
Fincke,Zaquan,Scobee,Melanie,Fincke,Jeb
Fincke,Barbara,Fincke,Abbey,Fincke,Collin
Fincke,Carter,Scobee,Lauryn,Fincke,Freddy
Fincke,Justina,Fincke,Abbey,Fincke,Collin
Fincke,Edward,Scobee,Lauryn,Fincke,Freddy
Fincke,Molly,Fincke,Abbey,Fincke,Collin
Fincke,Scott,Scobee,Lauryn,Fincke,Freddy
Fincke,Jill,Fincke,Brianna,Fincke,Brent
Fincke,Bryson,Scobee,Lauryn,Fincke,Freddy
Fincke,Alysa,Fincke,Brianna,Fincke,Brent
Fincke,Garret,Scobee,Lauryn,Fincke,Freddy
Fincke,Alexia,Fincke,Olivia,Fincke,Antonio
Fincke,Denzel,Scobee,Lauryn,Fincke,Freddy
Fincke,Molly,Fincke,Olivia,Fincke,Antonio
Fincke,Daryl,Scobee,Lauryn,Fincke,Freddy
Fincke,Jamee,Scobee,Alejandra,Fincke,Ezequiel
Scobee,Jovonte,Scobee,Delanie,Scobee,Kai
Fincke,Linda,Scobee,Alejandra,Fincke,Ezequiel
Scobee,Charlie,Scobee,Delanie,Scobee,Kai
Fincke,Carmen,Scobee,Alejandra,Fincke,Ezequiel
Scobee,John,Scobee,Delanie,Scobee,Kai
Fincke,Tayler,Scobee,Alejandra,Fincke,Ezequiel
Scobee,Raekwon,Scobee,Delanie,Scobee,Kai
Fincke,Amelia,Scobee,Alejandra,Fincke,Ezequiel
Scobee,Tyler,Scobee,Regina,Scobee,Ian
Fincke,Makenna,Scobee,Alejandra,Fincke,Ezequiel
Scobee,Kellen,Scobee,Kelsey,Scobee,Raequan
Fincke,Katelynn,Scobee,Lauryn,Fincke,Freddy
Scobee,Dan,Scobee,Kelsey,Scobee,Raequan
Fincke,Fabiola,Scobee,Lauryn,Fincke,Freddy
Roosa,Leo,Scobee,Erika,Roosa,Esau
Scobee,Estela,Scobee,Delanie,Scobee,Kai
Roosa,Terron,Scobee,Erika,Roosa,Esau
Scobee,Lea,Scobee,Regina,Scobee,Ian
O'Leary,Shaun,Roosa,Zoe,O'Leary,Eduardo
Scobee,Maison,Scobee,Kelsey,Scobee,Raequan
O'Leary,Taquan,Roosa,Zoe,O'Leary,Eduardo
Scobee,Tiffanie,Scobee,Kelsey,Scobee,Raequan
O'Leary,Maurice,Roosa,Zoe,O'Leary,Eduardo
Roosa,Kaila,Scobee,Valeria,Roosa,Chance
O'Leary,Kenyon,O'Leary,Zulema,O'Leary,Wade
Roosa,Estela,Scobee,Erika,Roosa,Esau
O'Leary,Marcus,O'Leary,Zulema,O'Leary,Wade
O'Leary,Madeline,Roosa,Zoe,O'Leary,Eduardo
O'Leary,Peter,O'Leary,Zulema,O'Leary,Wade
O'Leary,Chana,Roosa,Zoe,O'Leary,Eduardo
O'Leary,Isaiah,O'Leary,Makenna,O'Leary,Sebastian
O'Leary,Alexandra,Roosa,Zoe,O'Leary,Eduardo
O'Leary,Jesus,O'Leary,Caroline,O'Leary,Moses
O'Leary,Torrie,Roosa,Zoe,O'Leary,Eduardo
O'Leary,Cecil,O'Leary,Caroline,O'Leary,Moses
O'Leary,Skye,O'Leary,Zulema,O'Leary,Wade
Tanner,Clay,O'Leary,Kirsten,Tanner,Bret
O'Leary,Callan,O'Leary,Josephine,O'Leary,Yobani
Tanner,Brooks,O'Leary,Kirsten,Tanner,Bret
O'Leary,Kerry,O'Leary,Caroline,O'Leary,Moses
Tanner,Joshua,O'Leary,Kirsten,Tanner,Bret
O'Leary,Jenna,O'Leary,Caroline,O'Leary,Moses
Tanner,Jose,O'Leary,Kirsten,Tanner,Bret
O'Leary,Grace,O'Leary,Caroline,O'Leary,Moses
Tanner,Tayler,O'Leary,Kirsten,Tanner,Bret
Tanner,Morgan,O'Leary,Kirsten,Tanner,Bret
Tanner,Armando,O'Leary,Kyle,Tanner,Bryan
Tanner,Kaley,O'Leary,Kirsten,Tanner,Bret
Tanner,Abraham,O'Leary,Kyle,Tanner,Bryan
Tanner,Karley,O'Leary,Kyle,Tanner,Bryan
Tanner,Darien,O'Leary,Kyle,Tanner,Bryan
Tanner,Jenna,Tanner,Silvia,Tanner,Corbin
Tanner,Elias,O'Leary,Kyle,Tanner,Bryan
Tanner,Aerial,Tanner,Silvia,Tanner,Corbin
Tanner,Nathanael,Tanner,Silvia,Tanner,Corbin
Tanner,Adriana,Tanner,Silvia,Tanner,Corbin
Tanner,Yovani,Tanner,Silvia,Tanner,Corbin
Tanner,Courtney,Tanner,Juliana,Tanner,Julian
Tanner,Tad,Tanner,Juliana,Tanner,Julian
Tanner,Samara,Tanner,Juliana,Tanner,Julian
Tanner,Trevon,Tanner,Juliana,Tanner,Julian
Roosevelt,Dajanae,Tanner,Maricela,Roosevelt,Johnathen
Tanner,Mckay,Tanner,Juliana,Tanner,Julian
Roosevelt,Marisol,Tanner,Maricela,Roosevelt,Johnathen
Tanner,Valentin,Tanner,Juliana,Tanner,Julian
Newman,Brielle,Garfield,Cynthia,Newman,Jordan
Tanner,Guy,Tanner,Juliana,Tanner,Julian
Newman,Hailey,Garfield,Britni,Newman,Roger
Tanner,Tristen,Tanner,Juliana,Tanner,Julian
Garfield,Bria,Garfield,Tanya,Garfield,Dwayne
Roosevelt,Gavin,Tanner,Maricela,Roosevelt,Johnathen
Garfield,Hayley,Garfield,Tanya,Garfield,Dwayne
Roosevelt,Miles,Tanner,Maricela,Roosevelt,Johnathen
Garfield,Kara,Garfield,Tanya,Garfield,Dwayne
Harding,Samson,Tanner,Candy,Harding,Jordan
Garfield,Jaclyn,Garfield,Kelley,Garfield,Enrique
Newman,Oneil,Garfield,Britni,Newman,Roger
Garfield,Christina,Garfield,Kelley,Garfield,Enrique
Garfield,Phillip,Garfield,Tanya,Garfield,Dwayne
Garfield,Karina,Garfield,Kelley,Garfield,Enrique
Garfield,Anders,Garfield,Kelley,Garfield,Enrique
Garfield,Joanne,Garfield,Kelley,Garfield,Enrique
Garfield,Aspen,Garfield,Kelley,Garfield,Enrique
Garfield,Erica,Garfield,Ali,Garfield,Joan
Garfield,Alexis,Garfield,Kelley,Garfield,Enrique
Garfield,Chase,Garfield,Ali,Garfield,Joan
Garfield,Jamie,Garfield,Kelley,Garfield,Enrique
Garfield,Nyla,Garfield,Tristin,Garfield,Devyn
Garfield,Cole,Garfield,Ali,Garfield,Joan
Garfield,Kelsee,Garfield,Tristin,Garfield,Devyn
Garfield,Roger,Garfield,Ali,Garfield,Joan
Garfield,Charlene,Garfield,Tristin,Garfield,Devyn
Garfield,Romello,Garfield,Ali,Garfield,Joan
Garfield,Kelly,Garfield,Tristin,Garfield,Devyn
Garfield,Kody,Garfield,Tristin,Garfield,Devyn
Garfield,Arianna,Garfield,Tristin,Garfield,Devyn
Garfield,Derick,Garfield,Tristin,Garfield,Devyn
Garfield,Karly,McArthur,Madison,Garfield,Rafael
Garfield,Kristofer,Garfield,Tristin,Garfield,Devyn
Garfield,Theresa,McArthur,Madison,Garfield,Rafael
Garfield,Jevon,McArthur,Madison,Garfield,Rafael
Garfield,Patricia,McArthur,Madison,Garfield,Rafael
Garfield,Owen,McArthur,Ariana,Garfield,Malachi
Garfield,Stacie,McArthur,Madison,Garfield,Rafael
Garfield,Bernard,McArthur,Carolina,Garfield,Braden
Garfield,Austin,McArthur,Ariana,Garfield,Malachi
Garfield,Leonel,McArthur,Carolina,Garfield,Braden
Garfield,Mariana,McArthur,Carolina,Garfield,Braden
Garfield,Geordan,McArthur,Cecilia,Garfield,Raul
Garfield,Linda,McArthur,Carolina,Garfield,Braden
Garfield,Garin,McArthur,Kassandra,Garfield,Hiram
Garfield,Melody,McArthur,Carolina,Garfield,Braden
Garfield,Kai,McArthur,Anna,Garfield,Eli
Garfield,Emerald,McArthur,Cecilia,Garfield,Raul
Garfield,Pierce,McArthur,Anna,Garfield,Eli
Garfield,Barbara,McArthur,Kassandra,Garfield,Hiram
Garfield,Donte,McArthur,Anna,Garfield,Eli
Garfield,Caylin,McArthur,Kassandra,Garfield,Hiram
Garfield,Todd,McArthur,Anna,Garfield,Eli
Garfield,Sasha,McArthur,Anna,Garfield,Eli
Garfield,Bernardo,McArthur,Anna,Garfield,Eli
Garfield,Ashtyn,McArthur,Anna,Garfield,Eli
Garfield,Xavier,McArthur,Anna,Garfield,Eli
Garfield,Camila,McArthur,Anna,Garfield,Eli
Garfield,Cruz,McArthur,Maribel,Garfield,Sahil
Garfield,Katharine,McArthur,Anna,Garfield,Eli
Garfield,Logan,McArthur,Maribel,Garfield,Sahil
Garfield,Anika,McArthur,Maribel,Garfield,Sahil
Garfield,Garrick,McArthur,Maribel,Garfield,Sahil
Garfield,Chase,McArthur,Maribel,Garfield,Sahil
Garfield,Max,McArthur,Maribel,Garfield,Sahil
Garfield,Ida,McArthur,Maribel,Garfield,Sahil
Garfield,Dante,McArthur,Maribel,Garfield,Sahil
Garfield,Arielle,McArthur,Courtney,Garfield,Marquise
Garfield,Bailey,McArthur,Maribel,Garfield,Sahil
Garfield,Cailin,McArthur,Courtney,Garfield,Marquise
Garfield,Forest,McArthur,Courtney,Garfield,Marquise
Garfield,Breona,McArthur,Courtney,Garfield,Marquise
Garfield,Brannon,McArthur,Courtney,Garfield,Marquise
Garfield,Cali,McArthur,Courtney,Garfield,Marquise
Garfield,Adan,McArthur,Courtney,Garfield,Marquise
Garfield,Kierra,McArthur,Adrienne,Garfield,Pablo
Garfield,Rasheed,McArthur,Courtney,Garfield,Marquise
Garfield,Deanna,McArthur,Adrienne,Garfield,Pablo
Garfield,Tarik,McArthur,Courtney,Garfield,Marquise
Garfield,Delilah,McArthur,Adrienne,Garfield,Pablo
Garfield,Daequan,McArthur,Courtney,Garfield,Marquise
Garfield,Denise,McArthur,Adrienne,Garfield,Pablo
Garfield,Menachem,McArthur,Adrienne,Garfield,Pablo
Garfield,Tess,McArthur,Adrienne,Garfield,Pablo
Garfield,Jonathon,McArthur,Adrienne,Garfield,Pablo
Garfield,Chardonnay,McArthur,Adrienne,Garfield,Pablo
Garfield,Zakery,McArthur,Adrienne,Garfield,Pablo
Washington,Chana,McArthur,Estefania,Washington,Brannon
Washington,Fredrick,McArthur,Estefania,Washington,Brannon
Washington,Michelle,McArthur,Estefania,Washington,Brannon
Washington,Luciano,McArthur,Estefania,Washington,Brannon
Washington,Maria,McArthur,Estefania,Washington,Brannon
Washington,Olivier,McArthur,Estefania,Washington,Brannon
Washington,Geraldine,McArthur,Estefania,Washington,Brannon
Washington,Johnathon,McArthur,Estefania,Washington,Brannon
Washington,Deanne,McArthur,Estefania,Washington,Brannon
McArthur,Kurtis,McArthur,Brandy,McArthur,Lamont
Washington,Eden,McArthur,Estefania,Washington,Brannon
McArthur,Tarik,McArthur,Brandy,McArthur,Lamont
McArthur,Veronica,McArthur,Brandy,McArthur,Lamont
McArthur,Devaughn,McArthur,Brandy,McArthur,Lamont
McArthur,Haylie,McArthur,Brandy,McArthur,Lamont
McArthur,Omar,McArthur,Brandy,McArthur,Lamont
McArthur,Viridiana,McArthur,Brandy,McArthur,Lamont
McArthur,Richie,McArthur,Brandy,McArthur,Lamont
McArthur,Savannah,McArthur,Brandy,McArthur,Lamont
McArthur,Rayvon,Voss,Heidi,McArthur,Chaim
McArthur,Mackenzie,Voss,Heidi,McArthur,Chaim
McArthur,Anfernee,Voss,Stacie,McArthur,Caden
McArthur,Calli,Voss,Heidi,McArthur,Chaim
McArthur,Johnathen,Voss,Stacie,McArthur,Caden
McArthur,Jessie,Voss,Stacie,McArthur,Caden
McArthur,Coy,Voss,Stacie,McArthur,Caden
McArthur,Trinity,Voss,Stacie,McArthur,Caden
McArthur,Emiliano,Voss,Maryssa,McArthur,Maleek
McArthur,Madilyn,Voss,Maryssa,McArthur,Maleek
McArthur,Emmitt,Voss,Maryssa,McArthur,Maleek
McArthur,Isabella,Voss,Maryssa,McArthur,Maleek
McArthur,Julio,Voss,Maryssa,McArthur,Maleek
McArthur,Tayler,Voss,Maryssa,McArthur,Maleek
McArthur,Daryl,Voss,Caitlynn,McArthur,Valentin
McArthur,Annika,Voss,Maryssa,McArthur,Maleek
McArthur,Steve,Voss,Caitlynn,McArthur,Valentin
McArthur,Dana,Voss,Maryssa,McArthur,Maleek
McArthur,Edward,Voss,Caitlynn,McArthur,Valentin
McArthur,Beverly,Voss,Maryssa,McArthur,Maleek
McArthur,Jayce,Voss,Caitlynn,McArthur,Valentin
McArthur,Maryssa,Voss,Caitlynn,McArthur,Valentin
McArthur,Mohamad,Voss,Caitlynn,McArthur,Valentin
McArthur,Aundrea,Voss,Caitlynn,McArthur,Valentin
McArthur,Kai,Voss,Caitlynn,McArthur,Valentin
McArthur,Rita,Voss,Caitlynn,McArthur,Valentin
McArthur,Rodney,Voss,Caitlynn,McArthur,Valentin
Voss,Sky,Bassett,Katrina,Voss,Earl
Voss,Quentin,Bassett,Katrina,Voss,Earl
Voss,Marissa,Bassett,Katrina,Voss,Earl
Voss,Ramiro,Bassett,Katrina,Voss,Earl
Voss,Alejandra,Fullerton,Dixie,Voss,Quentin
Voss,Raekwon,Bassett,Katrina,Voss,Earl
Voss,Irma,Fullerton,Kaci,Voss,Alan
Voss,Chase,Fullerton,Bree,Voss,Clinton
Voss,Anamarie,Fullerton,Kaci,Voss,Alan
Voss,Isaac,Fullerton,Bree,Voss,Clinton
Voss,Juliana,Fullerton,Elizabeth,Voss,Ivan
Voss,Jonah,Fullerton,Bree,Voss,Clinton
Bassett,Brittany,Fullerton,Keely,Bassett,Vernon
Voss,Elijah,Fullerton,Dixie,Voss,Quentin
Bassett,Skye,Fullerton,Keely,Bassett,Vernon
Voss,Tyquan,Fullerton,Dixie,Voss,Quentin
Bassett,Krista,Fullerton,Keely,Bassett,Vernon
Voss,Leonardo,Fullerton,Kaci,Voss,Alan
Bassett,Kelsey,Fullerton,Keely,Bassett,Vernon
Voss,Barry,Fullerton,Kaci,Voss,Alan
Bassett,Arianna,Fullerton,Keely,Bassett,Vernon
Voss,Graham,Fullerton,Kaci,Voss,Alan
Fullerton,Maura,Low,Adrienne,Fullerton,Oscar
Voss,Daron,Fullerton,Elizabeth,Voss,Ivan
Fullerton,Lindsey,Low,Adrienne,Fullerton,Oscar
Voss,Blaine,Fullerton,Elizabeth,Voss,Ivan
Fullerton,Kendra,Low,Adrienne,Fullerton,Oscar
Voss,Cameron,Fullerton,Elizabeth,Voss,Ivan
Fullerton,Cameron,Low,Adrienne,Fullerton,Oscar
Voss,Ishmael,Fullerton,Elizabeth,Voss,Ivan
Fullerton,Kristie,Low,Adrienne,Fullerton,Oscar
Bassett,Nikolas,Fullerton,Keely,Bassett,Vernon
Coats,Courtney,Low,Juliette,Coats,Armando
Bassett,Branden,Fullerton,Keely,Bassett,Vernon
Coats,Maia,Low,Juliette,Coats,Armando
Bassett,Warren,Fullerton,Keely,Bassett,Vernon
Coats,Cherie,Low,Juliette,Coats,Armando
Bassett,Josejuan,Fullerton,Keely,Bassett,Vernon
Coats,Rocio,Low,Juliette,Coats,Armando
Bassett,Issac,Coats,Cristina,Bassett,Jordan
Coats,Kaina,Low,Cindy,Coats,Dustin
Fullerton,Clay,Low,Adrienne,Fullerton,Oscar
Low,Moriah,Low,Cheyann,Low,Quentin
Fullerton,Brad,Low,Adrienne,Fullerton,Oscar
Low,Kalee,Low,Cheyann,Low,Quentin
Coats,Jacoby,Low,Juliette,Coats,Armando
Low,Cindy,Borman,Georgina,Low,Damien
Coats,Trae,Low,Juliette,Coats,Armando
Low,Mia,Borman,Emely,Low,Quintin
Coats,Nicholas,Low,Juliette,Coats,Armando
Low,Casandra,Borman,Emely,Low,Quintin
Coats,Raekwon,Low,Juliette,Coats,Armando
Low,Jacquelin,Borman,Emely,Low,Quintin
Low,Albert,Low,Cheyann,Low,Quentin
Low,Joanna,Borman,Emely,Low,Quintin
Low,Rodrigo,Borman,Georgina,Low,Damien
Low,Dixie,Borman,Emely,Low,Quintin
Low,Arjun,Borman,Georgina,Low,Damien
Low,Abbigail,Borman,Lindsey,Low,Ernest
Low,Gavin,Borman,Emely,Low,Quintin
Low,Alani,Borman,Lindsey,Low,Ernest
Low,Nathaniel,Borman,Emely,Low,Quintin
Low,Sydney,Borman,Lindsey,Low,Ernest
Low,Shayne,Borman,Emely,Low,Quintin
Low,Alina,Borman,Kassidy,Low,Sebastian
Low,Ernest,Borman,Emely,Low,Quintin
Low,Olivia,Borman,Keri,Low,Wilfredo
Low,Alden,Borman,Lindsey,Low,Ernest
Low,Hayley,Borman,Keri,Low,Wilfredo
Low,Keanu,Borman,Lindsey,Low,Ernest
Borman,Kailee,Borman,Ashleigh,Borman,Forest
Low,Spenser,Borman,Lindsey,Low,Ernest
Borman,Helen,Borman,Ashleigh,Borman,Forest
Low,Dallas,Borman,Keri,Low,Wilfredo
Borman,Scarlett,Borman,Ashleigh,Borman,Forest
Low,Timothy,Borman,Keri,Low,Wilfredo
Borman,Lily,Borman,Ashleigh,Borman,Forest
Borman,Deondre,Borman,Ashleigh,Borman,Forest
Borman,Payton,Sturckow,Callie,Borman,Slaten
Borman,Kameron,Borman,Ashleigh,Borman,Forest
Borman,Mindy,Sturckow,Callie,Borman,Slaten
Borman,Paul,Borman,Ashleigh,Borman,Forest
Borman,Jayla,Sturckow,Callie,Borman,Slaten
Borman,Kendall,Borman,Ashleigh,Borman,Forest
Borman,Carley,Sturckow,Callie,Borman,Slaten
Borman,Sawyer,Borman,Ashleigh,Borman,Forest
Borman,Carrie,Sturckow,Callie,Borman,Slaten
Borman,Kelson,Sturckow,Callie,Borman,Slaten
Borman,Karen,Sturckow,Callie,Borman,Slaten
Borman,Ward,Sturckow,Callie,Borman,Slaten
Borman,Alissa,Bagian,Kaila,Borman,Payton
Borman,Larry,Sturckow,Callie,Borman,Slaten
Borman,Justice,Bagian,Kaila,Borman,Payton
Borman,Austen,Sturckow,Callie,Borman,Slaten
Borman,Haylie,Bagian,Marlena,Borman,Dalton
Borman,Devonte,Bagian,Kaila,Borman,Payton
Borman,Katelin,Bagian,Marlena,Borman,Dalton
Borman,Jovon,Bagian,Marlena,Borman,Dalton
Borman,Tess,Bagian,Sophie,Borman,Bryson
Borman,Shmuel,Bagian,Marlena,Borman,Dalton
Borman,Toni,Bagian,Sophie,Borman,Bryson
Borman,Garrick,Bagian,Marlena,Borman,Dalton
Borman,Annie,Bagian,Sophie,Borman,Bryson
Borman,Ryland,Bagian,Sophie,Borman,Bryson
Borman,Alexia,Bagian,Sophie,Borman,Bryson
Borman,Taylor,Bagian,Sophie,Borman,Bryson
Borman,Destiney,Bagian,Sapphire,Borman,Quinton
