McNair,Aidan,Gutierrez,Veronica,McNair,Harold
McNair,Ciarra,Gutierrez,Veronica,McNair,Harold
McNair,Edgar,Gutierrez,Veronica,McNair,Harold
Carter,Kacey,Wolf,Cody,Carter,Al
McNair,Devin,Gutierrez,Veronica,McNair,Harold
Carter,Gabrielle,Wolf,Cody,Carter,Al
Carter,Gideon,Wolf,Cody,Carter,Al
Carter,Benita,Wolf,Cody,Carter,Al
Carter,Jerome,Wolf,Cody,Carter,Al
Carter,Priscilla,Wolf,Cody,Carter,Al
Carter,Fredrick,Wolf,Cody,Carter,Al
Carter,Sydney,Wolf,Cody,Carter,Al
Carter,Darrell,Wolf,Cody,Carter,Al
Carter,Aubrey,Wolf,Cody,Carter,Al
Davis,Giovanni,Stafford,Nicolle,Davis,Josue
Davis,Jackie,Stafford,Nicolle,Davis,Josue
Conrad,Habram,Lousma,Elizabeth,Conrad,Troy
Davis,Ashanti,Stafford,Nicolle,Davis,Josue
Conrad,Myron,Lousma,Elizabeth,Conrad,Troy
Conrad,Abby,Lousma,Elizabeth,Conrad,Troy
Creamer,Wilson,Brady,Katelin,Creamer,Dedrick
Conrad,Alexus,Lousma,Elizabeth,Conrad,Troy
Creamer,Yvan,Brady,Katelin,Creamer,Dedrick
Conrad,Armani,Lousma,Elizabeth,Conrad,Troy
Creamer,Jeremey,Brady,Katelin,Creamer,Dedrick
Creamer,Aimee,Brady,Katelin,Creamer,Dedrick
Creamer,Tate,Brady,Katelin,Creamer,Dedrick
Creamer,Anne,Brady,Katelin,Creamer,Dedrick
Creamer,Trevin,Brady,Katelin,Creamer,Dedrick
Creamer,Adriana,Brady,Katelin,Creamer,Dedrick
Creamer,Brannon,Brady,Katelin,Creamer,Dedrick
Creamer,Monika,Brady,Katelin,Creamer,Dedrick
Slayton,Jalen,Daniels,Elaina,Slayton,Menachem
Truman,Tierra,Lovell,Andrea,Truman,Austin
Slayton,Kayvon,Daniels,Elaina,Slayton,Menachem
Truman,Karla,Lovell,Andrea,Truman,Austin
Slayton,Chad,Daniels,Elaina,Slayton,Menachem
Truman,Ashlee,Lovell,Andrea,Truman,Austin
Slayton,Phillip,Daniels,Elaina,Slayton,Menachem
Truman,Dajanae,Lovell,Andrea,Truman,Austin
Slayton,Nickalus,Daniels,Elaina,Slayton,Menachem
Slayton,Yasmin,Daniels,Elaina,Slayton,Menachem
Slayton,Mario,Daniels,Elaina,Slayton,Menachem
Slayton,Cindy,Daniels,Elaina,Slayton,Menachem
Schirra,Reece,Wolf,Felisha,Schirra,Mohammed
Slayton,Alani,Daniels,Elaina,Slayton,Menachem
Schirra,Shlomo,Wolf,Felisha,Schirra,Mohammed
Schirra,Kailee,Wolf,Felisha,Schirra,Mohammed
Schirra,Dantae,Wolf,Felisha,Schirra,Mohammed
Schirra,Shaylee,Wolf,Felisha,Schirra,Mohammed
Schirra,Sutton,Wolf,Felisha,Schirra,Mohammed
Schirra,Ann,Wolf,Felisha,Schirra,Mohammed
Coleman,Bo,McArthur,Nora,Coleman,Ashton
Coleman,Taelor,McArthur,Nora,Coleman,Ashton
Coleman,Danny,McArthur,Nora,Coleman,Ashton
Coleman,Kristina,McArthur,Nora,Coleman,Ashton
Coleman,Jaime,McArthur,Nora,Coleman,Ashton
Coleman,Nora,McArthur,Nora,Coleman,Ashton
Morin,Francesco,Bassett,Jazmin,Morin,Garett
Morin,Carmelita,Bassett,Jazmin,Morin,Garett
Morin,Kaden,Bassett,Jazmin,Morin,Garett
Morin,Bernadette,Bassett,Jazmin,Morin,Garett
Camarda,Jakob,Chawla,Rachel,Camarda,Ishmael
Morin,Virginia,Bassett,Jazmin,Morin,Garett
Camarda,Dontae,Chawla,Rachel,Camarda,Ishmael
Morin,Cherokee,Bassett,Jazmin,Morin,Garett
Camarda,Cyrus,Chawla,Rachel,Camarda,Ishmael
Camarda,Tabatha,Chawla,Rachel,Camarda,Ishmael
Camarda,Manuel,Chawla,Rachel,Camarda,Ishmael
Camarda,Alysha,Chawla,Rachel,Camarda,Ishmael
Grissom,Tom,Jett,Debora,Grissom,Kerry
Grissom,Anissa,Jett,Debora,Grissom,Kerry
Grissom,Alberto,Jett,Debora,Grissom,Kerry
Grissom,Kali,Jett,Debora,Grissom,Kerry
Brandenstein,Jarrett,Mattingly,Katelyn,Brandenstein,Barrett
Brandenstein,Carissa,Mattingly,Katelyn,Brandenstein,Barrett
Brandenstein,Babyboy,Mattingly,Katelyn,Brandenstein,Barrett
Griggs,Delaney,Newman,Avery,Griggs,Jon
Brandenstein,Darrion,Mattingly,Katelyn,Brandenstein,Barrett
Griggs,Kaela,Newman,Avery,Griggs,Jon
Brandenstein,Marshall,Mattingly,Katelyn,Brandenstein,Barrett
Griggs,Gabriela,Newman,Avery,Griggs,Jon
Griggs,Triston,Newman,Avery,Griggs,Jon
Griggs,Latosha,Newman,Avery,Griggs,Jon
Griggs,Dominic,Newman,Avery,Griggs,Jon
Walker,Josie,Mitchell,Serena,Walker,Ali
Griggs,Arturo,Newman,Avery,Griggs,Jon
Walker,Allyssa,Mitchell,Serena,Walker,Ali
Walker,Ladarius,Mitchell,Serena,Walker,Ali
Walker,Daniella,Mitchell,Serena,Walker,Ali
Walker,Adrian,Mitchell,Serena,Walker,Ali
Irwin,Allie,Brand,Molly,Irwin,Rashaun
Walker,Deshawn,Mitchell,Serena,Walker,Ali
Irwin,Chloe,Brand,Molly,Irwin,Rashaun
Walker,Thaddeus,Mitchell,Serena,Walker,Ali
Irwin,Suzette,Brand,Molly,Irwin,Rashaun
Walker,Marielle,Mitchell,Serena,Walker,Ali
Irwin,Sidney,Brand,Molly,Irwin,Rashaun
Irwin,Babyboy,Brand,Molly,Irwin,Rashaun
Irwin,Danika,Brand,Molly,Irwin,Rashaun
Irwin,Kelton,Brand,Molly,Irwin,Rashaun
McNair,Sierra,Pierce,Breeanna,McNair,Dane
Irwin,Marvin,Brand,Molly,Irwin,Rashaun
McNair,Savanah,Pierce,Breeanna,McNair,Dane
Irwin,Randall,Brand,Molly,Irwin,Rashaun
O'Leary,Elena,Adams,Carlie,O'Leary,Wayne
Irwin,Toby,Brand,Molly,Irwin,Rashaun
O'Leary,Rikki,Adams,Carlie,O'Leary,Wayne
O'Leary,Ahmad,Adams,Carlie,O'Leary,Wayne
O'Leary,Britney,Adams,Carlie,O'Leary,Wayne
O'Leary,Trent,Adams,Carlie,O'Leary,Wayne
O'Leary,Kasey,Adams,Carlie,O'Leary,Wayne
O'Leary,Pierce,Adams,Carlie,O'Leary,Wayne
Wolf,Chloe,Stefanyshyn,Alysia,Wolf,Winston
O'Leary,Deshaun,Adams,Carlie,O'Leary,Wayne
Wolf,Tania,Stefanyshyn,Alysia,Wolf,Winston
Wolf,Marcos,Stefanyshyn,Alysia,Wolf,Winston
Grunsfeld,Jayme,Coats,Jacquelin,Grunsfeld,Benito
McKinley,Moshe,Forrester,Chantelle,McKinley,Chance
McKinley,Dena,Forrester,Chantelle,McKinley,Chance
Peterson,Miguel,Schwartz,Anna,Peterson,Gideon
Peterson,Robin,Schwartz,Anna,Peterson,Gideon
Peterson,Brogan,Schwartz,Anna,Peterson,Gideon
Peterson,Antonia,Schwartz,Anna,Peterson,Gideon
Peterson,Clayton,Schwartz,Anna,Peterson,Gideon
Peterson,Cori,Schwartz,Anna,Peterson,Gideon
Glenn,Yair,Lee,Becca,Glenn,Vicente
Peterson,Regan,Schwartz,Anna,Peterson,Gideon
Wolf,Jamal,Lee,Brynn,Wolf,Josejuan
Glenn,Zoey,Lee,Becca,Glenn,Vicente
Wolf,Maxwell,Lee,Brynn,Wolf,Josejuan
Wolf,Chase,Lee,Brynn,Wolf,Josejuan
Bull,Daniel,Gorie,Tanya,Bull,Curtis
Wolf,Amna,Lee,Brynn,Wolf,Josejuan
Bull,Gilberto,Gorie,Tanya,Bull,Curtis
Wolf,Connie,Lee,Brynn,Wolf,Josejuan
Bull,Jake,Gorie,Tanya,Bull,Curtis
Wolf,Alena,Lee,Brynn,Wolf,Josejuan
Lenoir,Zaire,Coats,Grace,Lenoir,Kade
Wolf,Ella,Lee,Brynn,Wolf,Josejuan
Lenoir,Tad,Coats,Grace,Lenoir,Kade
Bull,Annika,Gorie,Tanya,Bull,Curtis
Lenoir,Keion,Coats,Grace,Lenoir,Kade
Bull,Desiree,Gorie,Tanya,Bull,Curtis
Lenoir,Izaiah,Coats,Grace,Lenoir,Kade
Lenoir,Evelyn,Coats,Grace,Lenoir,Kade
Reightler,Stefan,Piper,Lauren,Reightler,Antavius
Lenoir,Teresa,Coats,Grace,Lenoir,Kade
Reightler,Joan,Piper,Lauren,Reightler,Antavius
Lenoir,Christian,Coats,Grace,Lenoir,Kade
Morgan,Preston,Gruber,Maribel,Morgan,Fabian
Lenoir,Hanna,Coats,Grace,Lenoir,Kade
Morgan,Ivan,Gruber,Maribel,Morgan,Fabian
Lenoir,Tessa,Coats,Grace,Lenoir,Kade
Morgan,Preston,Gruber,Maribel,Morgan,Fabian
Reightler,Angelica,Piper,Lauren,Reightler,Antavius
Morgan,Spenser,Gruber,Maribel,Morgan,Fabian
Reightler,Noelle,Piper,Lauren,Reightler,Antavius
Morgan,Larry,Gruber,Maribel,Morgan,Fabian
Morgan,Breanne,Gruber,Maribel,Morgan,Fabian
Morgan,Ryland,Gruber,Maribel,Morgan,Fabian
Morgan,Allana,Gruber,Maribel,Morgan,Fabian
McNair,Jeffery,McNair,Shyla,McNair,Aidan
Morgan,Sandra,Gruber,Maribel,Morgan,Fabian
McNair,Ronny,McNair,Shyla,McNair,Aidan
Morgan,Skylar,Gruber,Maribel,Morgan,Fabian
McNair,Lamonte,McNair,Shyla,McNair,Aidan
Morgan,Alejandra,Gruber,Maribel,Morgan,Fabian
McNair,Brendan,McNair,Shyla,McNair,Aidan
McNair,Adrienne,McNair,Shyla,McNair,Aidan
McNair,Harold,McNair,Shyla,McNair,Aidan
McNair,Kiara,McNair,Shyla,McNair,Aidan
McNair,Parker,McNair,Shyla,McNair,Aidan
McNair,Kathleen,McNair,Ciarra,McNair,Sydney
McNair,Caden,McNair,Shyla,McNair,Aidan
McNair,Anitra,McNair,Ciarra,McNair,Sydney
McNair,Landin,McNair,Ciarra,McNair,Sydney
McNair,Jaclyn,McNair,Jocelyn,McNair,Edgar
McNair,Ahmad,McNair,Jocelyn,McNair,Edgar
McNair,Halie,Carter,Kacey,McNair,Carlos
McNair,Harold,Gutierrez,Veronica,Bassett,Joshua,Boilermaker
McNair,Paul,Carter,Kacey,McNair,Carlos
Bassett,Tonya,Carter,Gabrielle,Bassett,Pierce
McNair,Quentin,Carter,Callie,McNair,Devin
Carter,Bayleigh,Carter,Elaine,Carter,Gideon
Bassett,Marquise,Carter,Gabrielle,Bassett,Pierce
Carter,Jazmyn,Carter,Elaine,Carter,Gideon
Bassett,Reginald,Carter,Gabrielle,Bassett,Pierce
Carter,Emely,Carter,Elaine,Carter,Gideon
Bassett,Stephon,Carter,Gabrielle,Bassett,Pierce
Carter,Rosalinda,Carter,Benita,Carter,Ever
Carter,Jashua,Carter,Benita,Carter,Ever
Carter,Reyna,Carter,Benita,Carter,Ever
Carter,Silas,Carter,Benita,Carter,Ever
Carter,Tabatha,Carter,Benita,Carter,Ever
Carter,Antonio,Carter,Benita,Carter,Ever
Carter,Barbara,Carter,Benita,Carter,Ever
Carter,Justin,Carter,Eden,Carter,Jerome
Carter,Wendy,Carter,Benita,Carter,Ever
Carter,Giovanni,Carter,Eden,Carter,Jerome
Carter,Brigid,Carter,Eden,Carter,Jerome
Carter,Luciano,Carter,Eden,Carter,Jerome
Carter,Tanisha,Carter,Eden,Carter,Jerome
Carter,Brenden,Carter,Priscilla,Carter,Slaten
Carter,Natasha,Carter,Eden,Carter,Jerome
Carter,Antavius,Carter,Sydney,Carter,Fredrick
Carter,Roxanne,Carter,Priscilla,Carter,Slaten
Carter,Gage,Carter,Sydney,Carter,Rory
Carter,Annabel,Carter,Priscilla,Carter,Slaten
Carter,Mario,Carter,Sydney,Carter,Rory
Carter,Paola,Carter,Priscilla,Carter,Slaten
Carter,Markell,Carter,Aylssa,Carter,Darrell
Carter,Adriana,Carter,Sydney,Carter,Rory
Carter,Kasey,Carter,Aylssa,Carter,Darrell
Carter,Bryn,Carter,Sydney,Carter,Rory
Carter,Josue,Carter,Aylssa,Carter,Darrell
Carter,Diana,Carter,Sydney,Carter,Rory
Davis,Caleb,Carter,Aubrey,Davis,Manuel
Carter,Catalina,Carter,Aylssa,Carter,Darrell
Davis,Jules,Carter,Aubrey,Davis,Manuel
Davis,Adrienne,Carter,Aubrey,Davis,Manuel
Davis,Ted,Oefelein,Doris,Davis,Giovanni
Davis,Kendall,Oefelein,Doris,Davis,Giovanni
Davis,Travis,Oefelein,Doris,Davis,Giovanni
Davis,Mckenzie,Oefelein,Doris,Davis,Giovanni
Davis,Aleksandr,Oefelein,Doris,Davis,Giovanni
Conrad,Felisha,Davis,Jackie,Conrad,Jarvis
Davis,Justyn,Oefelein,Doris,Davis,Giovanni
Conrad,Emilee,Davis,Jackie,Conrad,Jarvis
Davis,Ronald,Oefelein,Doris,Davis,Giovanni
Conrad,Armani,Davis,Jackie,Conrad,Jarvis
Davis,Quayshawn,Oefelein,Doris,Davis,Giovanni
Conrad,Teresa,Davis,Jackie,Conrad,Jarvis
Conrad,Enrique,Davis,Jackie,Conrad,Jarvis
Conrad,Erica,Davis,Jackie,Conrad,Jarvis
Conrad,Rex,Davis,Jackie,Conrad,Jarvis
Conrad,Ariana,Davis,Jackie,Conrad,Jarvis
Conrad,Devante,Davis,Jackie,Conrad,Jarvis
Conrad,Larissa,Davis,Kristyn,Conrad,Habram
Conrad,Mohamed,Davis,Kristyn,Conrad,Habram
Conrad,Tyler,Davis,Kristyn,Conrad,Habram
Conrad,Aron,Davis,Kristyn,Conrad,Habram
Conrad,Mikaela,Davis,Kristyn,Conrad,Habram
Conrad,Henry,Davis,Kristyn,Conrad,Habram
Conrad,Ellen,Davis,Kristyn,Conrad,Habram
Conrad,Jairus,Davis,Ashanti,Conrad,Blaine
Conrad,Gretchen,Davis,Ashanti,Conrad,Blaine
Conrad,Josejuan,Davis,Ashanti,Conrad,Blaine
Conrad,Cassandra,Davis,Ashanti,Conrad,Blaine
Conrad,Cesar,Davis,Ashanti,Conrad,Blaine
Conrad,Micaela,Davis,Keana,Conrad,Myron
Conrad,Tomas,Davis,Ashanti,Conrad,Blaine
Conrad,Blaze,Davis,Keana,Conrad,Myron
Conrad,Rodolfo,Davis,Ashanti,Conrad,Blaine
Conrad,Molly,Davis,Keana,Conrad,Myron
Conrad,Mike,Davis,Ashanti,Conrad,Blaine
Creamer,Kelsey,Conrad,Abby,Creamer,Davin
Conrad,Devan,Davis,Keana,Conrad,Myron
Creamer,Alisia,Conrad,Abby,Creamer,Davin
Conrad,Savion,Davis,Keana,Conrad,Myron
Creamer,Dixie,Conrad,Nadia,Creamer,Wilson
Conrad,Brent,Davis,Keana,Conrad,Myron
Creamer,Josie,Conrad,Nadia,Creamer,Wilson
Conrad,Daniel,Davis,Keana,Conrad,Myron
Creamer,Ashlee,Conrad,Nadia,Creamer,Wilson
Creamer,Dakotah,Conrad,Abby,Creamer,Davin
Creamer,Caitlin,Conrad,Alexus,Creamer,Gerardo
Creamer,Noel,Conrad,Abby,Creamer,Davin
Creamer,Maia,Conrad,Alexus,Creamer,Gerardo
Creamer,Jaime,Conrad,Nadia,Creamer,Wilson
Creamer,Angle,Conrad,Alexus,Creamer,Gerardo
Creamer,Terry,Conrad,Nadia,Creamer,Wilson
Creamer,Mary,Conrad,Alexus,Creamer,Gerardo
Creamer,Keanu,Conrad,Nadia,Creamer,Wilson
Creamer,Shelby,Conrad,Victoria,Creamer,Yvan
Creamer,Jordan,Conrad,Nadia,Creamer,Wilson
Creamer,Stacey,Conrad,Victoria,Creamer,Yvan
Creamer,Hugh,Conrad,Alexus,Creamer,Gerardo
Creamer,Valentina,Conrad,Victoria,Creamer,Yvan
Creamer,Orion,Conrad,Alexus,Creamer,Gerardo
Creamer,Terri,Conrad,Victoria,Creamer,Yvan
Creamer,Kenyon,Conrad,Victoria,Creamer,Yvan
Creamer,Tanya,Conrad,Armani,Creamer,Rene
Creamer,Jamar,Conrad,Victoria,Creamer,Yvan
Creamer,Sky,Creamer,Madilyn,Creamer,Jeremey
Creamer,Jeremey,Conrad,Victoria,Creamer,Yvan
Creamer,Alejandra,Creamer,Aimee,Creamer,Steven
Creamer,Patric,Conrad,Victoria,Creamer,Yvan
Creamer,Jayla,Creamer,Miracle,Creamer,Tate
Creamer,Oren,Conrad,Victoria,Creamer,Yvan
Creamer,Brieanna,Creamer,Miracle,Creamer,Tate
Creamer,Jamar,Conrad,Armani,Creamer,Rene
Creamer,Kailey,Creamer,Anne,Creamer,Ernest
Creamer,Ariel,Conrad,Armani,Creamer,Rene
Creamer,Candace,Creamer,Anne,Creamer,Ernest
Creamer,Julian,Creamer,Madilyn,Creamer,Jeremey
Creamer,Jessica,Creamer,Anne,Creamer,Ernest
Creamer,Michel,Creamer,Madilyn,Creamer,Jeremey
Creamer,Nichole,Creamer,Anne,Creamer,Ernest
Creamer,Hugh,Creamer,Madilyn,Creamer,Jeremey
Creamer,Thalia,Creamer,Anne,Creamer,Ernest
Creamer,Garrison,Creamer,Madilyn,Creamer,Jeremey
Creamer,Silvia,Creamer,Judy,Creamer,Trevin
Creamer,Taquan,Creamer,Aimee,Creamer,Steven
Creamer,Malika,Creamer,Judy,Creamer,Trevin
Creamer,Daryl,Creamer,Aimee,Creamer,Steven
Creamer,Anissa,Creamer,Judy,Creamer,Trevin
Creamer,Thomas,Creamer,Miracle,Creamer,Tate
Creamer,Katelynn,Creamer,Judy,Creamer,Trevin
Creamer,Roman,Creamer,Miracle,Creamer,Tate
Creamer,Giselle,Creamer,Adriana,Creamer,Steve
Creamer,Westley,Creamer,Anne,Creamer,Ernest
Creamer,Alesia,Creamer,Adriana,Creamer,Steve
Creamer,Jeremy,Creamer,Anne,Creamer,Ernest
Creamer,Annette,Creamer,Adriana,Creamer,Steve
Creamer,Tyrell,Creamer,Anne,Creamer,Ernest
Creamer,Selena,Creamer,Adriana,Creamer,Steve
Creamer,Dion,Creamer,Judy,Creamer,Trevin
Creamer,Ella,Creamer,Isabel,Creamer,Brannon
Creamer,Johnathan,Creamer,Judy,Creamer,Trevin
Creamer,Dominique,Creamer,Isabel,Creamer,Brannon
Creamer,Nickolas,Creamer,Judy,Creamer,Trevin
Creamer,Kali,Creamer,Isabel,Creamer,Brannon
Creamer,James,Creamer,Judy,Creamer,Trevin
Truman,Kenzie,Creamer,Monika,Truman,Chance
Creamer,Geordan,Creamer,Judy,Creamer,Trevin
Truman,Kristi,Creamer,Monika,Truman,Chance
Creamer,Kelton,Creamer,Adriana,Creamer,Steve
Truman,Sophia,Creamer,Monika,Truman,Chance
Creamer,Brice,Creamer,Adriana,Creamer,Steve
Truman,Angela,Creamer,Monika,Truman,Chance
Creamer,Elias,Creamer,Adriana,Creamer,Steve
Slayton,Cherie,Truman,Shyann,Slayton,Jalen
Creamer,Bryson,Creamer,Isabel,Creamer,Brannon
Slayton,Destiney,Truman,Shyann,Slayton,Jalen
Creamer,Jason,Creamer,Isabel,Creamer,Brannon
Slayton,Imani,Truman,Shyann,Slayton,Jalen
Creamer,Nathaniel,Creamer,Isabel,Creamer,Brannon
Slayton,Kaitlin,Truman,Shyann,Slayton,Jalen
Creamer,Jose,Creamer,Isabel,Creamer,Brannon
Slayton,Phoebe,Truman,Abbigail,Slayton,Kayvon
Creamer,Dantae,Creamer,Isabel,Creamer,Brannon
Slayton,Stephany,Truman,Karla,Slayton,Moshe
Creamer,Terrance,Creamer,Isabel,Creamer,Brannon
Slayton,Josephine,Truman,Karla,Slayton,Moshe
Truman,Kolton,Creamer,Monika,Truman,Chance
Slayton,Brionna,Truman,Alani,Slayton,Chad
Truman,Braden,Creamer,Monika,Truman,Chance
Slayton,Shaina,Truman,Alani,Slayton,Chad
Slayton,Wilfredo,Truman,Shyann,Slayton,Jalen
Slayton,Johanna,Truman,Ashlee,Slayton,Everett
Slayton,Rashad,Truman,Shyann,Slayton,Jalen
Slayton,Keishla,Truman,Ashlee,Slayton,Everett
Slayton,Trace,Truman,Karla,Slayton,Moshe
Slayton,Deserae,Truman,Ashlee,Slayton,Everett
Slayton,Rahim,Truman,Alani,Slayton,Chad
Slayton,Angle,Truman,Ashlee,Slayton,Everett
Slayton,Derick,Truman,Ashlee,Slayton,Everett
Slayton,Tatiana,Truman,Melanie,Slayton,Phillip
Slayton,Reuben,Truman,Ashlee,Slayton,Everett
Slayton,Devon,Truman,Dajanae,Slayton,Marcus
Slayton,Jaylan,Truman,Dajanae,Slayton,Marcus
Slayton,Lindsay,Truman,Dajanae,Slayton,Marcus
Slayton,Enrique,Truman,Dajanae,Slayton,Marcus
Slayton,Rebecca,Truman,Dajanae,Slayton,Marcus
Slayton,Jules,Truman,Dajanae,Slayton,Marcus
Slayton,Emilee,Truman,Dajanae,Slayton,Marcus
Slayton,Dakotah,Truman,Dajanae,Slayton,Marcus
Slayton,Daija,Truman,Dajanae,Slayton,Marcus
Slayton,Bobby,Truman,Dajanae,Slayton,Marcus
Slayton,Kenya,Slayton,Yasmin,Slayton,Truman
Slayton,Gage,Slayton,Yasmin,Slayton,Truman
Slayton,Passion,Slayton,Yasmin,Slayton,Truman
Slayton,Raekwon,Slayton,Yasmin,Slayton,Truman
Slayton,Eden,Slayton,Yasmin,Slayton,Truman
Slayton,Jarrett,Slayton,Yasmin,Slayton,Truman
Slayton,Aleasha,Slayton,Yasmin,Slayton,Truman
Slayton,Markus,Slayton,Yasmin,Slayton,Truman
Slayton,Jill,Slayton,Banesa,Slayton,Mario
Slayton,Vinh,Slayton,Yasmin,Slayton,Truman
Slayton,Shae,Slayton,Banesa,Slayton,Mario
Slayton,Cecil,Slayton,Banesa,Slayton,Mario
Slayton,Astrid,Slayton,Cindy,Slayton,Callum
Slayton,Dalton,Slayton,Banesa,Slayton,Mario
Slayton,Kiersten,Slayton,Cindy,Slayton,Callum
Slayton,Ismael,Slayton,Banesa,Slayton,Mario
Slayton,Tianna,Slayton,Cindy,Slayton,Callum
Slayton,Jerome,Slayton,Banesa,Slayton,Mario
Schirra,Holly,Slayton,Darby,Schirra,Reece
Slayton,Jerome,Slayton,Banesa,Slayton,Mario
Schirra,Laurel,Slayton,Alani,Schirra,Perry
Slayton,Sam,Slayton,Cindy,Slayton,Callum
Schirra,Zulema,Slayton,Alani,Schirra,Perry
Slayton,Menachem,Slayton,Cindy,Slayton,Callum
Schirra,Shania,Slayton,Alani,Schirra,Perry
Slayton,Tyson,Slayton,Cindy,Slayton,Callum
Schirra,Dania,Slayton,Alani,Schirra,Perry
Slayton,Dyllon,Slayton,Cindy,Slayton,Callum
Schirra,Cynthia,Slayton,Anitra,Schirra,Shlomo
Slayton,Jacques,Slayton,Cindy,Slayton,Callum
Schirra,Ana,Slayton,Anitra,Schirra,Shlomo
Schirra,Braeden,Slayton,Alani,Schirra,Perry
Schirra,Erika,Schirra,Kailee,Schirra,Raheem
Schirra,Javen,Slayton,Alani,Schirra,Perry
Schirra,Lexus,Schirra,Valeria,Schirra,Dantae
Schirra,Emmett,Slayton,Alani,Schirra,Perry
Schirra,Valerie,Schirra,Valeria,Schirra,Dantae
Schirra,Tyrone,Slayton,Alani,Schirra,Perry
Schirra,Nallely,Schirra,Valeria,Schirra,Dantae
Schirra,Jajuan,Slayton,Alani,Schirra,Perry
Schirra,Baylee,Schirra,Joceline,Schirra,Sutton
Schirra,Branden,Slayton,Alani,Schirra,Perry
Schirra,Divya,Schirra,Joceline,Schirra,Sutton
Schirra,Aaron,Slayton,Alani,Schirra,Perry
Schirra,Shirley,Schirra,Joceline,Schirra,Sutton
Schirra,Dayton,Slayton,Anitra,Schirra,Shlomo
Schirra,Cierra,Schirra,Joceline,Schirra,Sutton
Schirra,Brice,Schirra,Kailee,Schirra,Raheem
Schirra,Precious,Schirra,Joceline,Schirra,Sutton
Schirra,Erin,Schirra,Valeria,Schirra,Dantae
Schirra,Margarita,Schirra,Joceline,Schirra,Sutton
Schirra,Byron,Schirra,Joceline,Schirra,Sutton
Coleman,Kristy,Schirra,Ann,Coleman,Joey
Schirra,Pedro,Schirra,Joceline,Schirra,Sutton
Coleman,Isabel,Schirra,Ann,Coleman,Joey
Schirra,Kelvin,Schirra,Joceline,Schirra,Sutton
Coleman,Tanisha,Schirra,Ann,Coleman,Joey
Coleman,Kendall,Schirra,Ann,Coleman,Joey
Coleman,Tristin,Schirra,Daisy,Coleman,Bo
Coleman,Leland,Schirra,Ann,Coleman,Joey
Coleman,Maegan,Schirra,Daisy,Coleman,Bo
Coleman,Edgar,Schirra,Ann,Coleman,Joey
Coleman,Gabriel,Schirra,Daisy,Coleman,Bo
Coleman,Jayden,Schirra,Daisy,Coleman,Bo
Coleman,Alexandra,Schirra,Daisy,Coleman,Bo
Coleman,Charly,Schirra,Daisy,Coleman,Bo
Coleman,Tania,Schirra,Daisy,Coleman,Bo
Coleman,Willis,Schirra,Daisy,Coleman,Bo
Coleman,Yvette,Schirra,Daisy,Coleman,Bo
Coleman,Dalton,Schirra,Daisy,Coleman,Bo
Coleman,Haylee,Coleman,Taelor,Coleman,Emmitt
Coleman,Tyree,Coleman,Taelor,Coleman,Emmitt
Coleman,Zoe,Coleman,Taelor,Coleman,Emmitt
Coleman,Brendan,Coleman,Taelor,Coleman,Emmitt
Coleman,Serena,Coleman,Tory,Coleman,Danny
Coleman,Theodore,Coleman,Tory,Coleman,Danny
Coleman,Sky,Coleman,Tory,Coleman,Danny
Coleman,Raul,Coleman,Tory,Coleman,Danny
Coleman,Mariana,Coleman,Tory,Coleman,Danny
Coleman,Jarvis,Coleman,Tory,Coleman,Danny
Coleman,Maison,Coleman,Tory,Coleman,Danny
Coleman,Maximilian,Coleman,Kristina,Coleman,Travis
Coleman,Melisa,Coleman,Tory,Coleman,Danny
Coleman,Maleek,Coleman,Kristina,Coleman,Travis
Coleman,Destiney,Coleman,Tory,Coleman,Danny
Coleman,Victor,Coleman,Kristina,Coleman,Travis
Coleman,Keri,Coleman,Tory,Coleman,Danny
Coleman,Shelby,Coleman,Kristina,Coleman,Travis
Coleman,Emma,Coleman,Kristina,Coleman,Travis
Coleman,Alek,Coleman,Kristina,Coleman,Travis
Coleman,Ashlyn,Coleman,Kristina,Coleman,Travis
Coleman,Samuel,Coleman,Nikki,Coleman,Jaime
Coleman,Devin,Coleman,Kristina,Coleman,Travis
Coleman,Keon,Coleman,Nikki,Coleman,Jaime
Coleman,Bryana,Coleman,Nikki,Coleman,Jaime
Coleman,Richie,Coleman,Nikki,Coleman,Jaime
Coleman,Tonya,Coleman,Nikki,Coleman,Jaime
Coleman,Trae,Coleman,Nikki,Coleman,Jaime
Coleman,Lakeisha,Coleman,Nikki,Coleman,Jaime
