Bloomfield,Tysheem,Hauck,Delaney,Bloomfield,Geordan
Bloomfield,Sophia,Hauck,Delaney,Bloomfield,Geordan
Bloomfield,Aleksandr,Hauck,Delaney,Bloomfield,Geordan
Horowitz,Devonna,Reisman,Athena,Horowitz,Hunter
Horowitz,Malachi,Reisman,Athena,Horowitz,Hunter
Lawrence,Maya,Fabian,Carmen,Lawrence,Leonardo
Horowitz,Trey,Reisman,Athena,Horowitz,Hunter
Lawrence,Tiana,Fabian,Carmen,Lawrence,Leonardo
Horowitz,Mathew,Reisman,Athena,Horowitz,Hunter
Lawrence,Makenna,Fabian,Carmen,Lawrence,Leonardo
Lawrence,Wesley,Fabian,Carmen,Lawrence,Leonardo
Lawrence,Annalie,Fabian,Carmen,Lawrence,Leonardo
Lawrence,Babyboy,Fabian,Carmen,Lawrence,Leonardo
Evans,Dayna,Clark,Maya,Evans,Coby
Lawrence,Kristofer,Fabian,Carmen,Lawrence,Leonardo
Evans,Veronica,Clark,Maya,Evans,Coby
Lawrence,Jed,Fabian,Carmen,Lawrence,Leonardo
Evans,Kaydee,Clark,Maya,Evans,Coby
Evans,Kelson,Clark,Maya,Evans,Coby
Scobee,Tara,Buchli,Heavenly,Scobee,Mark
Evans,Devin,Clark,Maya,Evans,Coby
Scobee,Macy,Buchli,Heavenly,Scobee,Mark
Evans,Javen,Clark,Maya,Evans,Coby
Scobee,Anne,Buchli,Heavenly,Scobee,Mark
Evans,Frederick,Clark,Maya,Evans,Coby
Chiao,Blair,Culbertson,Berenice,Chiao,Markell
Scobee,Shamar,Buchli,Heavenly,Scobee,Mark
Chiao,Cristal,Culbertson,Berenice,Chiao,Markell
Davis,Nathanael,Zophar,Lisa,Davis,Neal
Chiao,Victoria,Culbertson,Berenice,Chiao,Markell
Davis,Carson,Zophar,Lisa,Davis,Neal
Davis,Laura,Zophar,Lisa,Davis,Neal
Davis,Trentin,Zophar,Lisa,Davis,Neal
Davis,Shyann,Zophar,Lisa,Davis,Neal
Ferguson,Karl,Musgrave,Caroline,Ferguson,Ivan
Davis,Trista,Zophar,Lisa,Davis,Neal
Ferguson,Alek,Musgrave,Caroline,Ferguson,Ivan
Davis,Justina,Zophar,Lisa,Davis,Neal
Llewellyn,Sydney,Stafford,Faith,Llewellyn,Trae
Meade,Lacey,Gorie,Loren,Meade,Mauro
Llewellyn,Bret,Stafford,Faith,Llewellyn,Trae
Meade,Regina,Gorie,Loren,Meade,Mauro
Coolidge,Howard,Pffaff,Meghan,Coolidge,Kayvon
Ferguson,Tiera,Musgrave,Caroline,Ferguson,Ivan
Coolidge,Sedrick,Pffaff,Meghan,Coolidge,Kayvon
Ferguson,Marisa,Musgrave,Caroline,Ferguson,Ivan
Coolidge,Tate,Pffaff,Meghan,Coolidge,Kayvon
Llewellyn,Justina,Stafford,Faith,Llewellyn,Trae
Coolidge,Kolton,Pffaff,Meghan,Coolidge,Kayvon
Llewellyn,Aireona,Stafford,Faith,Llewellyn,Trae
Coolidge,Lauren,Pffaff,Meghan,Coolidge,Kayvon
Llewellyn,Miracle,Stafford,Faith,Llewellyn,Trae
Rominger,Zackery,McCulley,Lizbeth,Rominger,Landon
Coolidge,Paula,Pffaff,Meghan,Coolidge,Kayvon
Rominger,Colt,McCulley,Lizbeth,Rominger,Landon
Coolidge,Tamara,Pffaff,Meghan,Coolidge,Kayvon
Rominger,Frank,McCulley,Lizbeth,Rominger,Landon
Coolidge,Cailin,Pffaff,Meghan,Coolidge,Kayvon
Rominger,Rodolfo,McCulley,Lizbeth,Rominger,Landon
Coolidge,Larissa,Pffaff,Meghan,Coolidge,Kayvon
Rominger,Eddie,McCulley,Lizbeth,Rominger,Landon
Coolidge,Melinda,Pffaff,Meghan,Coolidge,Kayvon
Rominger,Payton,McCulley,Lizbeth,Rominger,Landon
Coolidge,Anitra,Pffaff,Meghan,Coolidge,Kayvon
Camarda,Ethan,Jefferson,Torrie,Camarda,Todd
Rominger,Jaclyn,McCulley,Lizbeth,Rominger,Landon
Camarda,Curtis,Jefferson,Torrie,Camarda,Todd
Rominger,Nora,McCulley,Lizbeth,Rominger,Landon
Camarda,Darryl,Jefferson,Torrie,Camarda,Todd
Rominger,Destiana,McCulley,Lizbeth,Rominger,Landon
Camarda,Kieran,Jefferson,Torrie,Camarda,Todd
Carter,Aerial,McArthur,Allyson,Carter,Alberto
Harrison,Gordon,Reightler,Alina,Harrison,Cole
Carter,Paris,McArthur,Allyson,Carter,Alberto
Harrison,Tyson,Reightler,Alina,Harrison,Cole
Carter,Aria,McArthur,Allyson,Carter,Alberto
Gregory,Casey,Pierce,Caitlyn,Gregory,San
Camarda,Shyanne,Jefferson,Torrie,Camarda,Todd
Gregory,Jason,Pierce,Caitlyn,Gregory,San
Camarda,Cameron,Jefferson,Torrie,Camarda,Todd
Gregory,Donte,Pierce,Caitlyn,Gregory,San
Camarda,Dyamond,Jefferson,Torrie,Camarda,Todd
Gregory,Morgan,Pierce,Caitlyn,Gregory,San
Camarda,Anneliese,Jefferson,Torrie,Camarda,Todd
Chamitoff,Adonis,Scobee,Darian,Chamitoff,Gannon
Camarda,Anastasia,Jefferson,Torrie,Camarda,Todd
Swanson,Conrad,Tani,Anissa,Swanson,Israel
Camarda,Jillian,Jefferson,Torrie,Camarda,Todd
Swanson,Malachi,Tani,Anissa,Swanson,Israel
Harrison,Deanne,Reightler,Alina,Harrison,Cole
Swanson,Ryland,Tani,Anissa,Swanson,Israel
Harrison,Francesca,Reightler,Alina,Harrison,Cole
Swanson,Santana,Tani,Anissa,Swanson,Israel
Gregory,Allyson,Pierce,Caitlyn,Gregory,San
Brand,Keon,Ochoa,Carly,Brand,Forest
Gregory,Jane,Pierce,Caitlyn,Gregory,San
Daniels,Raymond,Springer,Mackenzie,Daniels,Elvin
Gregory,Carissa,Pierce,Caitlyn,Gregory,San
Daniels,Jaquan,Springer,Mackenzie,Daniels,Elvin
Gregory,Kendall,Pierce,Caitlyn,Gregory,San
Daniels,Aaron,Springer,Mackenzie,Daniels,Elvin
Chamitoff,Janae,Scobee,Darian,Chamitoff,Gannon
Daniels,Jed,Springer,Mackenzie,Daniels,Elvin
Chamitoff,Angelina,Scobee,Darian,Chamitoff,Gannon
Daniels,Darian,Springer,Mackenzie,Daniels,Elvin
Chamitoff,Juliet,Scobee,Darian,Chamitoff,Gannon
Schwartz,Emiliano,Coolidge,Estela,Schwartz,Gregory
Swanson,Chandler,Tani,Anissa,Swanson,Israel
Schwartz,Lamont,Coolidge,Estela,Schwartz,Gregory
Swanson,Irma,Tani,Anissa,Swanson,Israel
Schwartz,Wilfredo,Coolidge,Estela,Schwartz,Gregory
Swanson,Aleisha,Tani,Anissa,Swanson,Israel
Schwartz,Tad,Coolidge,Estela,Schwartz,Gregory
Brand,Claudia,Ochoa,Carly,Brand,Forest
Schwartz,Coby,Coolidge,Estela,Schwartz,Gregory
Daniels,Stefanie,Springer,Mackenzie,Daniels,Elvin
Schwartz,Khalid,Coolidge,Estela,Schwartz,Gregory
Daniels,Daija,Springer,Mackenzie,Daniels,Elvin
Ewing,Brad,Reagan,Jana,Ewing,Deleon
Daniels,Skyler,Springer,Mackenzie,Daniels,Elvin
Ewing,Montel,Reagan,Jana,Ewing,Deleon
Schwartz,Aaliyah,Coolidge,Estela,Schwartz,Gregory
Ewing,Sidney,Reagan,Jana,Ewing,Deleon
Schwartz,Angelina,Coolidge,Estela,Schwartz,Gregory
Ewing,Maverick,Reagan,Jana,Ewing,Deleon
Schwartz,Kayley,Coolidge,Estela,Schwartz,Gregory
Ewing,Timothy,Reagan,Jana,Ewing,Deleon
Ewing,Chantal,Reagan,Jana,Ewing,Deleon
Ewing,Cedric,Reagan,Jana,Ewing,Deleon
Ewing,Felicia,Reagan,Jana,Ewing,Deleon
Hoover,Dimitri,Nelson,Sally,Hoover,Lauren
Ewing,Valerie,Reagan,Jana,Ewing,Deleon
Hoover,Isaias,Nelson,Sally,Hoover,Lauren
Hoover,Gianna,Nelson,Sally,Hoover,Lauren
Hoover,Jules,Nelson,Sally,Hoover,Lauren
Hoover,Haylie,Nelson,Sally,Hoover,Lauren
Low,Sutton,Collins,Kendra,Low,Emerson
Low,Jaimie,Collins,Kendra,Low,Emerson
Bloomfield,Gabriel,Grinch,Chase,Bloomfield,Yobani
Bloomfield,Breona,Grinch,Chase,Bloomfield,Yobani
Bloomfield,Jordan,Grinch,Chase,Bloomfield,Yobani
Bloomfield,Kristine,Grinch,Chase,Bloomfield,Yobani
Bloomfield,Stanley,Grinch,Chase,Bloomfield,Yobani
Bloomfield,Margaret,Grinch,Chase,Bloomfield,Yobani
Bloomfield,Saxon,Grinch,Chase,Bloomfield,Yobani
Bloomfield,Kira,Grinch,Chase,Bloomfield,Yobani
Bloomfield,Felix,Nixon,Keri,Bloomfield,Nico
Bloomfield,Autumn,Grinch,Chase,Bloomfield,Yobani
Grout,Jan,Evans,Emerald,Grout,Nadav
Bloomfield,Irene,Grinch,Chase,Bloomfield,Yobani
Grout,Jameson,Evans,Emerald,Grout,Nadav
Bloomfield,Amber,Nixon,Keri,Bloomfield,Nico
Grout,Johnathen,Evans,Emerald,Grout,Nadav
Grout,Anaya,Evans,Emerald,Grout,Nadav
Lopez,Marcello,Bloomfield,Daisy,Lopez,Giovanni
Grout,Aylssa,Evans,Emerald,Grout,Nadav
Gutierrez,Sunny,Tanner,Daniella,Gutierrez,Liam
Grout,Yasmeen,Evans,Emerald,Grout,Nadav
Gutierrez,Conrad,Tanner,Daniella,Gutierrez,Liam
Grout,Adrienne,Evans,Emerald,Grout,Nadav
Gutierrez,Dorian,Tanner,Daniella,Gutierrez,Liam
Grout,Stormy,Evans,Emerald,Grout,Nadav
Gutierrez,Vernon,Tanner,Daniella,Gutierrez,Liam
Grout,Anissa,Evans,Emerald,Grout,Nadav
Bloomfield,Corbin,Nagel,Trisha,Bloomfield,Tysheem
Lopez,Tiana,Bloomfield,Daisy,Lopez,Giovanni
Horowitz,Trevor,Horowitz,Devonna,Horowitz,Kendrick
Lopez,Asia,Bloomfield,Daisy,Lopez,Giovanni
Horowitz,Taylor,Horowitz,Devonna,Horowitz,Kendrick
Gutierrez,Chloie,Tanner,Daniella,Gutierrez,Liam
Horowitz,Remington,Horowitz,Devonna,Horowitz,Kendrick
Gutierrez,Margarita,Tanner,Daniella,Gutierrez,Liam
Horowitz,Spenser,Horowitz,Claire,Horowitz,Malachi
Gutierrez,Whitney,Tanner,Daniella,Gutierrez,Liam
Horowitz,Dwayne,Lawrence,Maya,Horowitz,Cullen
Gutierrez,Lucia,Tanner,Daniella,Gutierrez,Liam
Horowitz,Frankie,Lawrence,Ashly,Horowitz,Trey
Bloomfield,Rochelle,Bloomfield,Baily,Bloomfield,Aleksandr
Horowitz,Arian,Lawrence,Ashly,Horowitz,Trey
Bloomfield,Lily,Bloomfield,Baily,Bloomfield,Aleksandr
Horowitz,Britton,Lawrence,Ashly,Horowitz,Trey
Horowitz,Brittany,Horowitz,Devonna,Horowitz,Kendrick
Horowitz,Isaac,Lawrence,Tiana,Horowitz,Misael
Horowitz,Gina,Horowitz,Claire,Horowitz,Malachi
Horowitz,Jamir,Lawrence,Tiana,Horowitz,Misael
Horowitz,Ellie,Horowitz,Claire,Horowitz,Malachi
Horowitz,Errol,Lawrence,Tiana,Horowitz,Misael
Horowitz,Ciera,Horowitz,Claire,Horowitz,Malachi
Horowitz,Gavin,Lawrence,Keri,Horowitz,Mathew
Horowitz,Laurel,Lawrence,Maya,Horowitz,Cullen
Horowitz,Sam,Lawrence,Keri,Horowitz,Mathew
Horowitz,Nancy,Lawrence,Ashly,Horowitz,Trey
Horowitz,Hassan,Lawrence,Makenna,Horowitz,Keshaun
Horowitz,Jana,Lawrence,Ashly,Horowitz,Trey
Horowitz,Bret,Lawrence,Makenna,Horowitz,Keshaun
Horowitz,Berenice,Lawrence,Ashly,Horowitz,Trey
Lawrence,Ramiro,Lawrence,Liz,Lawrence,Wesley
Horowitz,Ashley,Lawrence,Ashly,Horowitz,Trey
Lawrence,Dimitri,Lawrence,Liz,Lawrence,Wesley
Horowitz,Kaitlynn,Lawrence,Tiana,Horowitz,Misael
Lawrence,Joshua,Lawrence,Liz,Lawrence,Wesley
Horowitz,Haley,Lawrence,Tiana,Horowitz,Misael
Lawrence,Neil,Lawrence,Liz,Lawrence,Wesley
Horowitz,Dorian,Lawrence,Tiana,Horowitz,Misael
Lawrence,Sheldon,Lawrence,Annalie,Lawrence,Garett
Horowitz,Maria,Lawrence,Keri,Horowitz,Mathew
Lawrence,Ibrahim,Evans,Janna,Lawrence,Babyboy
Horowitz,Clare,Lawrence,Keri,Horowitz,Mathew
Lawrence,Michal,Evans,Janna,Lawrence,Babyboy
Horowitz,Mara,Lawrence,Keri,Horowitz,Mathew
Lawrence,Dane,Evans,Dayna,Lawrence,Kirk
Horowitz,Natasha,Lawrence,Makenna,Horowitz,Keshaun
Lawrence,Damion,Evans,Dayna,Lawrence,Kirk
Horowitz,Damaris,Lawrence,Makenna,Horowitz,Keshaun
Lawrence,Caleb,Evans,Dayna,Lawrence,Kirk
Horowitz,Kailey,Lawrence,Makenna,Horowitz,Keshaun
Lawrence,Killian,Evans,Meaghan,Lawrence,Kristofer
Lawrence,Jazmine,Lawrence,Liz,Lawrence,Wesley
Lawrence,Liam,Evans,Meaghan,Lawrence,Kristofer
Lawrence,Alani,Lawrence,Liz,Lawrence,Wesley
Lawrence,Rayvon,Evans,Meaghan,Lawrence,Kristofer
Lawrence,Kaila,Lawrence,Liz,Lawrence,Wesley
Lawrence,Kerry,Evans,Meaghan,Lawrence,Kristofer
Lawrence,Robin,Lawrence,Annalie,Lawrence,Garett
Lawrence,Michal,Evans,Meaghan,Lawrence,Kristofer
Lawrence,Dorothy,Evans,Janna,Lawrence,Babyboy
Lawrence,Jeffrey,Evans,Veronica,Lawrence,Bennie
Lawrence,Ashli,Evans,Dayna,Lawrence,Kirk
Lawrence,Kelsey,Evans,Veronica,Lawrence,Bennie
Lawrence,Selena,Evans,Dayna,Lawrence,Kirk
Lawrence,Shmuel,Evans,Veronica,Lawrence,Bennie
Lawrence,Eden,Evans,Dayna,Lawrence,Kirk
Lawrence,Clay,Evans,Veronica,Lawrence,Bennie
Lawrence,Kyle,Evans,Dayna,Lawrence,Kirk
Lawrence,Tanner,Evans,Veronica,Lawrence,Bennie
Lawrence,Heather,Evans,Meaghan,Lawrence,Kristofer
Lawrence,Emerson,Evans,Veronica,Lawrence,Bennie
Lawrence,Arianna,Evans,Meaghan,Lawrence,Kristofer
Lawrence,Damian,Evans,Veronica,Lawrence,Bennie
Lawrence,Julie,Evans,Meaghan,Lawrence,Kristofer
Lawrence,Philip,Evans,Colette,Lawrence,Jed
Lawrence,Katlyn,Evans,Meaghan,Lawrence,Kristofer
Lawrence,Deonta,Evans,Colette,Lawrence,Jed
Lawrence,Nikki,Evans,Veronica,Lawrence,Bennie
Lawrence,Marcanthon,Evans,Kaydee,Lawrence,Tylor
Lawrence,Savanah,Evans,Veronica,Lawrence,Bennie
Lawrence,Marcanthon,Evans,Kaydee,Lawrence,Tylor
Lawrence,Helen,Evans,Veronica,Lawrence,Bennie
Lawrence,Shamar,Evans,Kaydee,Lawrence,Tylor
Lawrence,Liz,Evans,Colette,Lawrence,Jed
Lawrence,Niko,Evans,Kaydee,Lawrence,Tylor
Lawrence,Heidi,Evans,Kaydee,Lawrence,Tylor
Lawrence,Dusty,Evans,Kaydee,Lawrence,Tylor
Lawrence,Hanna,Evans,Kaydee,Lawrence,Tylor
Lawrence,Migel,Evans,Kaydee,Lawrence,Tylor
Evans,Madelyn,Scobee,Shianne,Evans,Kelson
Evans,Seamus,Scobee,Shianne,Evans,Kelson
Evans,Tanisha,Scobee,Tara,Evans,Nicholas
Evans,Isaac,Scobee,Shianne,Evans,Kelson
Evans,Demi,Scobee,Tara,Evans,Nicholas
Evans,Jean,Scobee,Tara,Evans,Nicholas
Evans,Kenya,Scobee,Tara,Evans,Nicholas
Evans,Johan,Scobee,Tara,Evans,Nicholas
Evans,Luisa,Scobee,Ann,Evans,Devin
Evans,Nelson,Scobee,Tara,Evans,Nicholas
Evans,Sylvia,Scobee,Macy,Evans,Kade
Evans,Marielle,Scobee,Tara,Evans,Nicholas
Evans,Anika,Scobee,Macy,Evans,Kade
Evans,Jai,Scobee,Tara,Evans,Nicholas
Evans,Celia,Scobee,Ivy,Evans,Javen
Evans,Nickalus,Scobee,Tara,Evans,Nicholas
Evans,Britni,Scobee,Ivy,Evans,Javen
Evans,Johnathan,Scobee,Tara,Evans,Nicholas
Evans,Logan,Scobee,Anne,Evans,Draven
Evans,Brenton,Scobee,Macy,Evans,Kade
Evans,Chantal,Scobee,Anne,Evans,Draven
Evans,Samuel,Scobee,Macy,Evans,Kade
Evans,Kendra,Scobee,Anne,Evans,Draven
Evans,Bradlee,Scobee,Macy,Evans,Kade
Evans,Randi,Scobee,Anne,Evans,Draven
Evans,Emanuel,Scobee,Macy,Evans,Kade
Evans,Kara,Scobee,Anne,Evans,Draven
Evans,Dante,Scobee,Macy,Evans,Kade
Evans,Alicia,Scobee,Anne,Evans,Draven
Evans,Gavin,Scobee,Macy,Evans,Kade
Evans,Deborah,Scobee,Aesha,Evans,Frederick
Evans,Isaias,Scobee,Macy,Evans,Kade
Evans,Kristie,Scobee,Aesha,Evans,Frederick
Evans,Ever,Scobee,Ivy,Evans,Javen
Evans,Katelin,Scobee,Aesha,Evans,Frederick
Evans,Jalen,Scobee,Ivy,Evans,Javen
Scobee,Felisha,Chiao,Blair,Scobee,Marvin
Evans,Kristian,Scobee,Ivy,Evans,Javen
Scobee,Lisa,Chiao,Blair,Scobee,Marvin
Evans,Khalil,Scobee,Ivy,Evans,Javen
Scobee,Kierra,Chiao,Mikayla,Scobee,Shamar
Evans,Titus,Scobee,Ivy,Evans,Javen
Davis,Chelsey,Chiao,Candy,Davis,Nathanael
Evans,Bryant,Scobee,Anne,Evans,Draven
Davis,Anneliese,Chiao,Candy,Davis,Nathanael
Evans,Trace,Scobee,Anne,Evans,Draven
Davis,Shauna,Chiao,Candy,Davis,Nathanael
Evans,Terrell,Scobee,Aesha,Evans,Frederick
Davis,Darby,Chiao,Candy,Davis,Nathanael
Evans,Shawn,Scobee,Aesha,Evans,Frederick
Davis,Sally,Chiao,Victoria,Davis,Antoine
Scobee,Terrence,Chiao,Blair,Scobee,Marvin
Davis,Kimberly,Chiao,Victoria,Davis,Antoine
Scobee,Demonte,Chiao,Blair,Scobee,Marvin
Davis,Molly,Chiao,Victoria,Davis,Antoine
Scobee,Simeon,Chiao,Blair,Scobee,Marvin
Davis,Asya,Chiao,Rosa,Davis,Carson
Chiao,Tristian,Chiao,Cristal,Chiao,Jasen
Davis,Tory,Davis,Laura,Davis,Edgar
Davis,Augustus,Chiao,Candy,Davis,Nathanael
Davis,Kenya,Davis,Laura,Davis,Edgar
Davis,Randy,Chiao,Candy,Davis,Nathanael
Davis,Yazmin,Davis,Laura,Davis,Edgar
Davis,Cooper,Chiao,Candy,Davis,Nathanael
Davis,Nia,Davis,Laura,Davis,Edgar
Davis,Raphael,Chiao,Candy,Davis,Nathanael
Davis,Delanie,Davis,Laura,Davis,Edgar
Davis,Conrad,Chiao,Candy,Davis,Nathanael
Davis,Cassidy,Davis,Laura,Davis,Edgar
Davis,Rakeem,Chiao,Victoria,Davis,Antoine
Davis,Yazmin,Davis,Laura,Davis,Edgar
Davis,Lucas,Chiao,Victoria,Davis,Antoine
Davis,Berenice,Davis,Loren,Davis,Trentin
Davis,Armani,Chiao,Victoria,Davis,Antoine
Davis,Morgan,Davis,Loren,Davis,Trentin
Davis,Jacky,Chiao,Victoria,Davis,Antoine
Davis,Mary,Davis,Loren,Davis,Trentin
Davis,Eli,Chiao,Rosa,Davis,Carson
Davis,Yaritza,Davis,Loren,Davis,Trentin
Davis,Deondre,Chiao,Rosa,Davis,Carson
Davis,Kelsie,Davis,Loren,Davis,Trentin
Davis,Nathaniel,Davis,Laura,Davis,Edgar
Davis,Annemarie,Davis,Shyann,Davis,Dalton
Davis,Ralph,Davis,Laura,Davis,Edgar
Davis,Francesca,Davis,Shyann,Davis,Dalton
Davis,Coby,Davis,Laura,Davis,Edgar
Davis,Candy,Davis,Shyann,Davis,Dalton
Davis,Noel,Davis,Laura,Davis,Edgar
Ferguson,Annalisa,Davis,Amy,Ferguson,Karl
Davis,Jovonte,Davis,Loren,Davis,Trentin
Ferguson,Alex,Davis,Amy,Ferguson,Karl
Davis,Thaddeus,Davis,Loren,Davis,Trentin
Ferguson,Chelsy,Davis,Amy,Ferguson,Karl
Davis,Leonard,Davis,Loren,Davis,Trentin
Ferguson,Harley,Davis,Trista,Ferguson,Logan
Davis,Koby,Davis,Loren,Davis,Trentin
Ferguson,Rochelle,Davis,Katelin,Ferguson,Alek
Davis,Johnny,Davis,Shyann,Davis,Dalton
Ferguson,Alexi,Davis,Katelin,Ferguson,Alek
Davis,Kody,Davis,Shyann,Davis,Dalton
Llewellyn,Violet,Davis,Justina,Llewellyn,Dalton
Davis,Javon,Davis,Shyann,Davis,Dalton
Llewellyn,Flor,Davis,Justina,Llewellyn,Dalton
Davis,Jean,Davis,Shyann,Davis,Dalton
Llewellyn,Lisa,Davis,Justina,Llewellyn,Dalton
Davis,August,Davis,Shyann,Davis,Dalton
Llewellyn,Lexus,Davis,Justina,Llewellyn,Dalton
Ferguson,Melvin,Davis,Amy,Ferguson,Karl
Llewellyn,Anitra,Davis,Justina,Llewellyn,Dalton
Ferguson,Jesus,Davis,Amy,Ferguson,Karl
Llewellyn,Sarai,Davis,Justina,Llewellyn,Dalton
Ferguson,Tyrone,Davis,Amy,Ferguson,Karl
Llewellyn,Benita,Davis,Spencer,Llewellyn,Sydney
Ferguson,Barrett,Davis,Amy,Ferguson,Karl
Llewellyn,Paola,Davis,Spencer,Llewellyn,Sydney
Ferguson,Ravon,Davis,Trista,Ferguson,Logan
Llewellyn,Maddison,Meade,Lacey,Llewellyn,Jordan
Ferguson,Shane,Davis,Trista,Ferguson,Logan
Llewellyn,Alysa,Meade,Lacey,Llewellyn,Jordan
Ferguson,Terence,Davis,Katelin,Ferguson,Alek
Llewellyn,Madeleine,Meade,Lacey,Llewellyn,Jordan
Ferguson,Leon,Davis,Katelin,Ferguson,Alek
Llewellyn,Tawny,Meade,Josie,Llewellyn,Bret
Ferguson,Terrence,Davis,Katelin,Ferguson,Alek
Llewellyn,Alysa,Meade,Josie,Llewellyn,Bret
Ferguson,Kelson,Davis,Katelin,Ferguson,Alek
Llewellyn,Adrienne,Meade,Josie,Llewellyn,Bret
Llewellyn,Noel,Davis,Justina,Llewellyn,Dalton
Llewellyn,Kourtney,Meade,Josie,Llewellyn,Bret
Llewellyn,Jason,Davis,Justina,Llewellyn,Dalton
Llewellyn,Brandi,Meade,Josie,Llewellyn,Bret
Llewellyn,Jonathan,Davis,Spencer,Llewellyn,Sydney
Llewellyn,Cayla,Meade,Regina,Llewellyn,Zachery
Llewellyn,Gage,Davis,Spencer,Llewellyn,Sydney
Coolidge,Anna,Ferguson,Alexis,Coolidge,Howard
Llewellyn,Billy,Davis,Spencer,Llewellyn,Sydney
Coolidge,Shyann,Ferguson,Alexis,Coolidge,Howard
Llewellyn,Tristin,Davis,Spencer,Llewellyn,Sydney
Coolidge,Caroline,Ferguson,Alexis,Coolidge,Howard
Llewellyn,Jacori,Davis,Spencer,Llewellyn,Sydney
Coolidge,Lena,Ferguson,Tiera,Coolidge,Leon
Llewellyn,Callahan,Meade,Lacey,Llewellyn,Jordan
Coolidge,Daniela,Ferguson,Tiera,Coolidge,Leon
Llewellyn,Fabian,Meade,Lacey,Llewellyn,Jordan
Coolidge,Barbara,Ferguson,Tiera,Coolidge,Leon
Llewellyn,Allan,Meade,Josie,Llewellyn,Bret
Coolidge,Estela,Ferguson,Tiera,Coolidge,Leon
Llewellyn,Barrett,Meade,Josie,Llewellyn,Bret
Coolidge,Alana,Ferguson,Tiera,Coolidge,Leon
Llewellyn,Caden,Meade,Josie,Llewellyn,Bret
Coolidge,Breana,Ferguson,Sydney,Coolidge,Sedrick
Coolidge,Clinton,Ferguson,Alexis,Coolidge,Howard
Coolidge,Tabitha,Ferguson,Marisa,Coolidge,Shea
Coolidge,Justice,Ferguson,Alexis,Coolidge,Howard
Coolidge,Taryn,Ferguson,Marisa,Coolidge,Shea
Coolidge,Kristian,Ferguson,Tiera,Coolidge,Leon
Coolidge,Renee,Ferguson,Marisa,Coolidge,Shea
Coolidge,Andres,Ferguson,Tiera,Coolidge,Leon
Coolidge,Camilla,Ferguson,Marisa,Coolidge,Shea
Coolidge,Campbell,Ferguson,Tiera,Coolidge,Leon
Coolidge,Kayley,Llewellyn,Keri,Coolidge,Tate
Coolidge,Harrison,Ferguson,Sydney,Coolidge,Sedrick
Coolidge,Alejandra,Llewellyn,Keri,Coolidge,Tate
Coolidge,Emmitt,Ferguson,Marisa,Coolidge,Shea
Coolidge,Kaylie,Llewellyn,Keri,Coolidge,Tate
Coolidge,Lashawn,Ferguson,Marisa,Coolidge,Shea
Coolidge,Kaylin,Llewellyn,Justina,Coolidge,Damion
Coolidge,August,Ferguson,Marisa,Coolidge,Shea
Coolidge,Kendra,Llewellyn,Justina,Coolidge,Damion
Coolidge,Ever,Ferguson,Marisa,Coolidge,Shea
Coolidge,Caitlynn,Llewellyn,Bridgette,Coolidge,Kolton
Coolidge,Tyree,Llewellyn,Keri,Coolidge,Tate
Coolidge,Sydney,Llewellyn,Bridgette,Coolidge,Kolton
Coolidge,Trevon,Llewellyn,Keri,Coolidge,Tate
Coolidge,Olga,Llewellyn,Bridgette,Coolidge,Kolton
Coolidge,Nikolas,Llewellyn,Keri,Coolidge,Tate
Coolidge,Maison,Llewellyn,Bridgette,Coolidge,Kolton
Coolidge,Raphael,Llewellyn,Justina,Coolidge,Damion
Coolidge,Viviana,Llewellyn,Aireona,Coolidge,Ezra
Coolidge,Grady,Llewellyn,Bridgette,Coolidge,Kolton
Coolidge,Esperanza,Llewellyn,Aireona,Coolidge,Ezra
Coolidge,Samual,Llewellyn,Bridgette,Coolidge,Kolton
Coolidge,Lesly,Llewellyn,Tamera,Coolidge,Lauren
Coolidge,Nadav,Llewellyn,Bridgette,Coolidge,Kolton
Coolidge,Bertha,Llewellyn,Tamera,Coolidge,Lauren
Coolidge,Earl,Llewellyn,Bridgette,Coolidge,Kolton
Coolidge,Rosa,Llewellyn,Tamera,Coolidge,Lauren
Coolidge,Kelsey,Llewellyn,Aireona,Coolidge,Ezra
Coolidge,Abbigail,Llewellyn,Tamera,Coolidge,Lauren
Coolidge,Cristian,Llewellyn,Aireona,Coolidge,Ezra
Coolidge,Halie,Llewellyn,Tamera,Coolidge,Lauren
Coolidge,Gilbert,Llewellyn,Aireona,Coolidge,Ezra
Coolidge,Kerry,Llewellyn,Tamera,Coolidge,Lauren
Coolidge,Braeden,Llewellyn,Aireona,Coolidge,Ezra
Coolidge,Kristine,Llewellyn,Tamera,Coolidge,Lauren
Coolidge,Latrell,Llewellyn,Aireona,Coolidge,Ezra
Rominger,Marissa,Llewellyn,Ida,Rominger,Zackery
Coolidge,George,Llewellyn,Tamera,Coolidge,Lauren
Rominger,Danielle,Llewellyn,Ida,Rominger,Zackery
Coolidge,Shmuel,Llewellyn,Tamera,Coolidge,Lauren
Rominger,Tianna,Llewellyn,Ida,Rominger,Zackery
Coolidge,Johnny,Llewellyn,Tamera,Coolidge,Lauren
Rominger,Kiersten,Coolidge,Paula,Rominger,Brogan
Rominger,Fabian,Llewellyn,Miracle,Rominger,Dion
Rominger,Arielle,Coolidge,Paula,Rominger,Brogan
Rominger,Lamonte,Llewellyn,Ida,Rominger,Zackery
Rominger,Annette,Coolidge,Paula,Rominger,Brogan
Rominger,Francesco,Llewellyn,Ida,Rominger,Zackery
Rominger,Karlie,Coolidge,Paula,Rominger,Brogan
Rominger,Kai,Coolidge,Paula,Rominger,Brogan
Rominger,Cody,Coolidge,Paula,Rominger,Brogan
Rominger,Gary,Coolidge,Paula,Rominger,Brogan
Rominger,Makenzie,Coolidge,Kinsey,Rominger,Colt
Rominger,Slaten,Coolidge,Paula,Rominger,Brogan
Rominger,Isabella,Coolidge,Kinsey,Rominger,Colt
