Springer,Rodrigo,Melroy,Kristyn,Springer,Joel
Slayton,Clare,Robinson,Josie,Slayton,Rigoberto
Springer,Ronald,Melroy,Kristyn,Springer,Joel
Bull,Antonia,Cutter,Estela,Bull,Darryl
Slayton,Callahan,Robinson,Josie,Slayton,Rigoberto
Bull,Deanne,Cutter,Estela,Bull,Darryl
Bull,Donte,Cutter,Estela,Bull,Darryl
Glenn,Allyson,Cockrell,Miranda,Glenn,Irvin
Bull,Luis,Cutter,Estela,Bull,Darryl
Parazynski,Trisha,Carter,Loren,Parazynski,Osvaldo
Bull,Elliott,Cutter,Estela,Bull,Darryl
Monroe,Karen,Currie,Chloe,Monroe,Erik
Glenn,Lamar,Cockrell,Miranda,Glenn,Irvin
Monroe,Mandy,Currie,Chloe,Monroe,Erik
Glenn,Albert,Cockrell,Miranda,Glenn,Irvin
Monroe,Shaylee,Currie,Chloe,Monroe,Erik
Parazynski,Simon,Carter,Loren,Parazynski,Osvaldo
Monroe,Melinda,Currie,Chloe,Monroe,Erik
Monroe,Austyn,Currie,Chloe,Monroe,Erik
Creighton,Anneliese,Shepherd,Tiera,Creighton,Tristan
Creighton,Eddie,Shepherd,Tiera,Creighton,Tristan
Creighton,Bayleigh,Shepherd,Tiera,Creighton,Tristan
Creighton,Benito,Shepherd,Tiera,Creighton,Tristan
Creighton,Janessa,Shepherd,Tiera,Creighton,Tristan
Creighton,Reuben,Shepherd,Tiera,Creighton,Tristan
Creighton,Bria,Shepherd,Tiera,Creighton,Tristan
Creighton,Gannon,Shepherd,Tiera,Creighton,Tristan
Chawla,Allegra,Thornton,Cayla,Chawla,Aaron
Creighton,Shmuel,Shepherd,Tiera,Creighton,Tristan
Chawla,Janae,Thornton,Cayla,Chawla,Aaron
Chawla,Francisco,Thornton,Cayla,Chawla,Aaron
Chawla,Isabelle,Thornton,Cayla,Chawla,Aaron
Chawla,Earl,Thornton,Cayla,Chawla,Aaron
Duffy,Mayra,Grant,Maddison,Duffy,Colt
Chawla,Markus,Thornton,Cayla,Chawla,Aaron
Grissom,Krysta,Worden,Francisca,Grissom,Jeb
Duffy,Cyrus,Grant,Maddison,Duffy,Colt
Harris,Michele,McCandless,Paulina,Harris,Russell
Duffy,Seamus,Grant,Maddison,Duffy,Colt
Harris,Caitlynn,McCandless,Paulina,Harris,Russell
Duffy,Elijah,Grant,Maddison,Duffy,Colt
Harris,Adele,McCandless,Paulina,Harris,Russell
Grissom,Tristan,Worden,Francisca,Grissom,Jeb
Gibson,Megan,Hoover,Nathalie,Gibson,Adan
Grissom,Denzell,Worden,Francisca,Grissom,Jeb
Gibson,Kirsten,Hoover,Nathalie,Gibson,Adan
Grissom,Drew,Worden,Francisca,Grissom,Jeb
Peterson,Lourdes,Shepherd,Jordan,Peterson,Kyler
Harris,Lamar,McCandless,Paulina,Harris,Russell
Peterson,Kristy,Shepherd,Jordan,Peterson,Kyler
Harris,Mohamed,McCandless,Paulina,Harris,Russell
Peterson,Charity,Shepherd,Jordan,Peterson,Kyler
Harris,Killian,McCandless,Paulina,Harris,Russell
Peterson,Hope,Shepherd,Jordan,Peterson,Kyler
Loria,Bernardo,Horowitz,Delaney,Loria,Kirkland
Collins,Maia,Lu,Scarlett,Collins,Esteban
Loria,Milton,Horowitz,Delaney,Loria,Kirkland
Gibson,Jaqueline,Linenger,Jami,Gibson,Valentin
Gibson,Nicolas,Hoover,Nathalie,Gibson,Adan
Gibson,Sophia,Linenger,Jami,Gibson,Valentin
Gibson,Tyson,Hoover,Nathalie,Gibson,Adan
Gibson,Kierra,Linenger,Jami,Gibson,Valentin
Gibson,Elliott,Hoover,Nathalie,Gibson,Adan
Gibson,Maegan,Linenger,Jami,Gibson,Valentin
Gibson,Jeff,Hoover,Nathalie,Gibson,Adan
Gibson,Lacey,Linenger,Jami,Gibson,Valentin
Reilly,Cruz,Slayton,Kaitlin,Reilly,Jeremey
Ross,Tess,Morgan,Trinity,Ross,Nour
Peterson,Gilbert,Shepherd,Jordan,Peterson,Kyler
Ross,Madilyn,Morgan,Trinity,Ross,Nour
Peterson,Edgardo,Shepherd,Jordan,Peterson,Kyler
Ross,Zulema,Morgan,Trinity,Ross,Nour
Peterson,Darryl,Shepherd,Jordan,Peterson,Kyler
Oefelein,Gabriel,Kelly,Kaela,Oefelein,Truman
Peterson,Jarred,Shepherd,Jordan,Peterson,Kyler
Oefelein,Danielle,Kelly,Kaela,Oefelein,Truman
Collins,Dominique,Lu,Scarlett,Collins,Esteban
Oefelein,Paola,Kelly,Kaela,Oefelein,Truman
Gibson,Darnell,Linenger,Jami,Gibson,Valentin
Oefelein,Esmeralda,Kelly,Kaela,Oefelein,Truman
Ross,Bjorn,Morgan,Trinity,Ross,Nour
McArthur,Nia,Ross,Amina,McArthur,Brent
Ross,Melvin,Morgan,Trinity,Ross,Nour
Whitson,Kelly,Rominger,Lillian,Whitson,Jaylin
Oefelein,Rhett,Kelly,Kaela,Oefelein,Truman
Anders,Mckenna,Bobko,Kaytlin,Anders,Brent
Oefelein,Delonta,Kelly,Kaela,Oefelein,Truman
Lousma,Simone,Mitchell,Lourdes,Lousma,Gary
Oefelein,Jalil,Kelly,Kaela,Oefelein,Truman
Lousma,Teresa,Mitchell,Lourdes,Lousma,Gary
Oefelein,Kaleb,Kelly,Kaela,Oefelein,Truman
Melnick,Terri,Burbank,Angelica,Melnick,Larry
Oefelein,Koby,Kelly,Kaela,Oefelein,Truman
Melnick,Heidi,Burbank,Angelica,Melnick,Larry
McArthur,Jevon,Ross,Amina,McArthur,Brent
Melnick,Lucia,Burbank,Angelica,Melnick,Larry
McArthur,Gabriel,Ross,Amina,McArthur,Brent
Melnick,Connie,Burbank,Angelica,Melnick,Larry
McArthur,Moshe,Ross,Amina,McArthur,Brent
Moore,Adrian,Truman,Kaleigh,Moore,Melvin
Grabe,Kegan,Monroe,Unique,Grabe,Alonso
Ferguson,Octavia,Low,Kayleigh,Ferguson,Al
Anders,Jai,Bobko,Kaytlin,Anders,Brent
Ferguson,Sapphire,Low,Kayleigh,Ferguson,Al
Lousma,Frankie,Mitchell,Lourdes,Lousma,Gary
Deardorff,Dianne,Allen,Dajanae,Deardorff,Jovan
Lousma,Christen,Mitchell,Lourdes,Lousma,Gary
Springer,Janie,Slayton,Clare,Springer,Harold
Lousma,Lars,Mitchell,Lourdes,Lousma,Gary
Springer,Chantelle,Slayton,Clare,Springer,Harold
Lousma,Tyquan,Mitchell,Lourdes,Lousma,Gary
Springer,Serena,Slayton,Clare,Springer,Harold
Lousma,Darnell,Mitchell,Lourdes,Lousma,Gary
Springer,Ariana,Slayton,Clare,Springer,Harold
Melnick,Marquise,Burbank,Angelica,Melnick,Larry
Springer,Angelika,Bull,Sarai,Springer,Ronald
Melnick,Derrick,Burbank,Angelica,Melnick,Larry
Springer,Meagan,Bull,Sarai,Springer,Ronald
Melnick,Erick,Burbank,Angelica,Melnick,Larry
Springer,Maya,Bull,Sarai,Springer,Ronald
Moore,Curtis,Truman,Kaleigh,Moore,Melvin
Springer,Melissa,Bull,Sarai,Springer,Ronald
Ferguson,Bjorn,Low,Kayleigh,Ferguson,Al
Springer,Rochelle,Bull,Sarai,Springer,Ronald
Ferguson,Bryan,Low,Kayleigh,Ferguson,Al
Slayton,Kailey,Bull,Antonia,Slayton,Tayler
Deardorff,Elias,Allen,Dajanae,Deardorff,Jovan
Slayton,Latosha,Bull,Antonia,Slayton,Tayler
Deardorff,Nicholas,Allen,Dajanae,Deardorff,Jovan
Slayton,Camille,Bull,Antonia,Slayton,Tayler
Deardorff,Noel,Allen,Dajanae,Deardorff,Jovan
Slayton,Janessa,Bull,Antonia,Slayton,Tayler
Deardorff,Cristian,Allen,Dajanae,Deardorff,Jovan
Slayton,Kaleigh,Bull,Antonia,Slayton,Tayler
Springer,Rafael,Slayton,Mary,Springer,Rodrigo
Slayton,Leanna,Bull,Jennie,Slayton,Callahan
Springer,Bernardo,Slayton,Clare,Springer,Harold
Slayton,Bria,Bull,Deanne,Slayton,Joel
Springer,Kenneth,Slayton,Clare,Springer,Harold
Slayton,Kacie,Bull,Deanne,Slayton,Joel
Springer,Oliver,Slayton,Clare,Springer,Harold
Slayton,Nicolle,Bull,Deanne,Slayton,Joel
Springer,Bryant,Slayton,Clare,Springer,Harold
Slayton,Sophie,Bull,Deanne,Slayton,Joel
Springer,Mitchell,Slayton,Clare,Springer,Harold
Bull,Tierra,Bull,Caitlan,Bull,Donte
Springer,Jesus,Bull,Sarai,Springer,Ronald
Bull,Tamia,Glenn,Allyson,Bull,Tate
Springer,Oren,Bull,Sarai,Springer,Ronald
Bull,Meghan,Glenn,Allyson,Bull,Tate
Springer,Baby,Bull,Sarai,Springer,Ronald
Bull,Marisa,Glenn,Allyson,Bull,Tate
Springer,Shlomo,Bull,Sarai,Springer,Ronald
Bull,Rosa,Glenn,Allyson,Bull,Tate
Springer,Raphael,Bull,Sarai,Springer,Ronald
Bull,Ashanti,Glenn,Frances,Bull,Luis
Slayton,Bryson,Bull,Antonia,Slayton,Tayler
Bull,Anamarie,Glenn,Frances,Bull,Luis
Slayton,Willie,Bull,Antonia,Slayton,Tayler
Bull,Lucy,Glenn,Frances,Bull,Luis
Slayton,Brooks,Bull,Antonia,Slayton,Tayler
Bull,Alisia,Glenn,Frances,Bull,Luis
Slayton,Cruz,Bull,Antonia,Slayton,Tayler
Bull,Ronni,Parazynski,Trisha,Bull,Ezra
Slayton,Rowan,Bull,Jennie,Slayton,Callahan
Bull,Sharon,Parazynski,Trisha,Bull,Ezra
Slayton,Bryan,Bull,Jennie,Slayton,Callahan
Bull,Hallie,Parazynski,Mandi,Bull,Elliott
Slayton,Allen,Bull,Deanne,Slayton,Joel
Bull,Rocio,Parazynski,Mandi,Bull,Elliott
Slayton,Charly,Bull,Deanne,Slayton,Joel
Bull,Skylar,Parazynski,Mandi,Bull,Elliott
Slayton,Matthew,Bull,Deanne,Slayton,Joel
Bull,Stacey,Monroe,Karen,Bull,Fabian
Slayton,Adam,Bull,Deanne,Slayton,Joel
Bull,Loren,Monroe,Karen,Bull,Fabian
Bull,Ravon,Bull,Caitlan,Bull,Donte
Bull,Angelika,Monroe,Karen,Bull,Fabian
Bull,Jason,Glenn,Allyson,Bull,Tate
Glenn,Jazmine,Monroe,Stormy,Glenn,Lamar
Bull,Jackson,Glenn,Frances,Bull,Luis
Glenn,Isis,Monroe,Stormy,Glenn,Lamar
Bull,Jaron,Glenn,Frances,Bull,Luis
Glenn,Britney,Monroe,Mandy,Glenn,Hashim
Bull,Garrison,Glenn,Frances,Bull,Luis
Glenn,Katarina,Monroe,Francesca,Glenn,Albert
Bull,Arjun,Parazynski,Trisha,Bull,Ezra
Glenn,Cambria,Monroe,Francesca,Glenn,Albert
Bull,Lee,Parazynski,Trisha,Bull,Ezra
Glenn,Marisol,Monroe,Francesca,Glenn,Albert
Bull,Pedro,Parazynski,Trisha,Bull,Ezra
Glenn,Janae,Monroe,Francesca,Glenn,Albert
Bull,Alfred,Parazynski,Trisha,Bull,Ezra
Parazynski,Myranda,Monroe,Shaylee,Parazynski,Jonathan
Bull,Barrett,Parazynski,Trisha,Bull,Ezra
Parazynski,Alannah,Monroe,Shaylee,Parazynski,Jonathan
Bull,Elias,Parazynski,Mandi,Bull,Elliott
Parazynski,Anastasia,Monroe,Shaylee,Parazynski,Jonathan
Bull,Martin,Parazynski,Mandi,Bull,Elliott
Parazynski,Deja,Monroe,Shaylee,Parazynski,Jonathan
Bull,Langston,Parazynski,Mandi,Bull,Elliott
Parazynski,Deisy,Monroe,Zulema,Parazynski,Simon
Bull,Dusty,Monroe,Karen,Bull,Fabian
Monroe,Emma,Monroe,Melinda,Monroe,Jalen
Bull,Alejandro,Monroe,Karen,Bull,Fabian
Monroe,Susana,Monroe,Melinda,Monroe,Jalen
Bull,Jarrod,Monroe,Karen,Bull,Fabian
Monroe,Jennifer,Monroe,Melinda,Monroe,Jalen
Bull,Augustus,Monroe,Karen,Bull,Fabian
Monroe,Kyra,Monroe,Melinda,Monroe,Jalen
Glenn,Dan,Monroe,Stormy,Glenn,Lamar
Monroe,Shelby,Creighton,Marilyn,Monroe,Austyn
Glenn,Elvin,Monroe,Stormy,Glenn,Lamar
Monroe,Georgina,Creighton,Marilyn,Monroe,Austyn
Glenn,Eddie,Monroe,Mandy,Glenn,Hashim
Monroe,Jade,Creighton,Marilyn,Monroe,Austyn
Glenn,Ronald,Monroe,Mandy,Glenn,Hashim
Monroe,Delanie,Creighton,Marilyn,Monroe,Austyn
Glenn,Darian,Monroe,Francesca,Glenn,Albert
Creighton,Yasmeen,Creighton,Anneliese,Creighton,Donte
Glenn,Tyree,Monroe,Francesca,Glenn,Albert
Creighton,Mayra,Creighton,Sarina,Creighton,Eddie
Glenn,Barrett,Monroe,Francesca,Glenn,Albert
Creighton,Kyra,Creighton,Bayleigh,Creighton,Raekwon
Parazynski,Jason,Monroe,Shaylee,Parazynski,Jonathan
Creighton,Kenna,Creighton,Bayleigh,Creighton,Raekwon
Parazynski,Kevon,Monroe,Shaylee,Parazynski,Jonathan
Creighton,Chyanne,Creighton,Bayleigh,Creighton,Raekwon
Parazynski,Benjamin,Monroe,Shaylee,Parazynski,Jonathan
Creighton,Skye,Creighton,Bayleigh,Creighton,Raekwon
Parazynski,Alberto,Monroe,Shaylee,Parazynski,Jonathan
Creighton,Lyric,Creighton,Michele,Creighton,Benito
Parazynski,Layne,Monroe,Shaylee,Parazynski,Jonathan
Creighton,Ashly,Creighton,Michele,Creighton,Benito
Parazynski,Jamari,Monroe,Shaylee,Parazynski,Jonathan
Creighton,Kailee,Creighton,Michele,Creighton,Benito
Monroe,Justyn,Monroe,Melinda,Monroe,Jalen
Creighton,Cori,Creighton,Michele,Creighton,Benito
Monroe,Grant,Monroe,Melinda,Monroe,Jalen
Creighton,Viviana,Creighton,Michele,Creighton,Benito
Monroe,Kalon,Monroe,Melinda,Monroe,Jalen
Creighton,Chastity,Creighton,Janessa,Creighton,Brady
Monroe,Aleksandr,Monroe,Melinda,Monroe,Jalen
Creighton,Dyamond,Creighton,Bria,Creighton,Orlando
Monroe,Kristian,Monroe,Melinda,Monroe,Jalen
Creighton,Alysa,Chawla,Rachael,Creighton,Gannon
Monroe,Maxwell,Creighton,Marilyn,Monroe,Austyn
Creighton,Anna,Chawla,Rachael,Creighton,Gannon
Monroe,Benjamin,Creighton,Marilyn,Monroe,Austyn
Creighton,Caitlin,Chawla,Rachael,Creighton,Gannon
Monroe,Charly,Creighton,Marilyn,Monroe,Austyn
Creighton,Kacey,Chawla,Allegra,Creighton,Garrison
Monroe,Josie,Creighton,Marilyn,Monroe,Austyn
Creighton,Jill,Chawla,Allegra,Creighton,Garrison
Creighton,Micah,Creighton,Sarina,Creighton,Eddie
Creighton,Emma,Chawla,Allegra,Creighton,Garrison
Creighton,Brad,Creighton,Bayleigh,Creighton,Raekwon
Creighton,Marie,Chawla,Allegra,Creighton,Garrison
Creighton,Chaz,Creighton,Bayleigh,Creighton,Raekwon
Creighton,Stephanie,Chawla,Allegra,Creighton,Garrison
Creighton,Fredrick,Creighton,Bayleigh,Creighton,Raekwon
Creighton,Shianne,Chawla,Kacey,Creighton,Shmuel
Creighton,William,Creighton,Bayleigh,Creighton,Raekwon
Creighton,Katlyn,Chawla,Kacey,Creighton,Shmuel
Creighton,Charles,Creighton,Michele,Creighton,Benito
Creighton,Madison,Chawla,Kacey,Creighton,Shmuel
Creighton,Carson,Creighton,Michele,Creighton,Benito
Chawla,Molly,Chawla,Janae,Chawla,Warren
Creighton,Jameson,Creighton,Michele,Creighton,Benito
Chawla,Danielle,Chawla,Eryn,Chawla,Francisco
Creighton,Ray,Creighton,Michele,Creighton,Benito
Chawla,Kayleigh,Chawla,Eryn,Chawla,Francisco
Creighton,Maurice,Creighton,Janell,Creighton,Reuben
Chawla,Aundrea,Chawla,Isabelle,Chawla,Nickolas
Creighton,Ward,Creighton,Janell,Creighton,Reuben
Chawla,Genevieve,Chawla,Isabelle,Chawla,Nickolas
Creighton,Sheldon,Creighton,Bria,Creighton,Orlando
Chawla,Dina,Chawla,Isabelle,Chawla,Nickolas
Creighton,Spencer,Creighton,Bria,Creighton,Orlando
Chawla,Brenna,Chawla,Isabelle,Chawla,Nickolas
Creighton,Norman,Creighton,Bria,Creighton,Orlando
Chawla,Emely,Chawla,Kaytlin,Chawla,Earl
Creighton,Devyn,Creighton,Bria,Creighton,Orlando
Chawla,Tiera,Chawla,Kaytlin,Chawla,Earl
Creighton,Mohammad,Chawla,Allegra,Creighton,Garrison
Chawla,Ashlee,Chawla,Kaytlin,Chawla,Earl
Creighton,Luke,Chawla,Allegra,Creighton,Garrison
Chawla,Marie,Duffy,Mayra,Chawla,Terence
Creighton,Ismael,Chawla,Allegra,Creighton,Garrison
Chawla,Marina,Duffy,Mayra,Chawla,Terence
Creighton,Earl,Chawla,Allegra,Creighton,Garrison
Chawla,Christina,Duffy,Mayra,Chawla,Terence
Creighton,Dominick,Chawla,Kacey,Creighton,Shmuel
Chawla,Destany,Duffy,Christie,Chawla,Markus
Creighton,Oscar,Chawla,Kacey,Creighton,Shmuel
Chawla,Mayra,Duffy,Christie,Chawla,Markus
Creighton,Killian,Chawla,Kacey,Creighton,Shmuel
Chawla,Maggie,Duffy,Christie,Chawla,Markus
Creighton,Connor,Chawla,Kacey,Creighton,Shmuel
Chawla,Rebekkah,Duffy,Christie,Chawla,Markus
Chawla,Simeon,Chawla,Janae,Chawla,Warren
Chawla,Kayla,Duffy,Christie,Chawla,Markus
Chawla,Humberto,Chawla,Eryn,Chawla,Francisco
Duffy,Miracle,Grissom,Krysta,Duffy,Mathew
Chawla,Pedro,Chawla,Isabelle,Chawla,Nickolas
Duffy,Nicolle,Grissom,Krysta,Duffy,Mathew
Chawla,Benjamen,Chawla,Isabelle,Chawla,Nickolas
Duffy,Sylvia,Grissom,Krysta,Duffy,Mathew
Chawla,Enrique,Chawla,Isabelle,Chawla,Nickolas
Duffy,Nora,Grissom,Tory,Duffy,Cyrus
Chawla,Johnathan,Chawla,Isabelle,Chawla,Nickolas
Duffy,Jaimie,Grissom,Tory,Duffy,Cyrus
Chawla,Raheem,Chawla,Kaytlin,Chawla,Earl
Duffy,Camilla,Grissom,Tory,Duffy,Cyrus
Chawla,Trevin,Chawla,Kaytlin,Chawla,Earl
Duffy,Ashlee,Harris,Michele,Duffy,Soren
Chawla,Cecil,Chawla,Kaytlin,Chawla,Earl
Duffy,Cassandra,Harris,Michele,Duffy,Soren
Chawla,Alberto,Duffy,Mayra,Chawla,Terence
Duffy,Tabatha,Harris,Michele,Duffy,Soren
Chawla,Hayes,Duffy,Mayra,Chawla,Terence
Duffy,Jazmyn,Harris,Michele,Duffy,Soren
Chawla,Alonzo,Duffy,Mayra,Chawla,Terence
Duffy,Bridgette,Harris,Dominique,Duffy,Seamus
Chawla,Brad,Duffy,Christie,Chawla,Markus
Duffy,Rani,Harris,Caitlynn,Duffy,Isaias
Chawla,Langston,Duffy,Christie,Chawla,Markus
Duffy,Jasmine,Harris,Caitlynn,Duffy,Isaias
Chawla,Sergio,Duffy,Christie,Chawla,Markus
Duffy,Carley,Harris,Caitlynn,Duffy,Isaias
Chawla,Quentin,Duffy,Christie,Chawla,Markus
Duffy,Bridget,Harris,Caitlynn,Duffy,Isaias
Chawla,Sunny,Duffy,Christie,Chawla,Markus
Duffy,Sandra,Harris,Caitlynn,Duffy,Isaias
Duffy,Freeman,Grissom,Krysta,Duffy,Mathew
Duffy,Sarai,Harris,Caitlynn,Duffy,Isaias
Duffy,Frederick,Grissom,Krysta,Duffy,Mathew
Duffy,Rita,Harris,Chantal,Duffy,Elijah
Duffy,Tyquan,Grissom,Krysta,Duffy,Mathew
Duffy,Brigid,Harris,Chantal,Duffy,Elijah
Duffy,Michel,Grissom,Krysta,Duffy,Mathew
Duffy,Shayna,Harris,Chantal,Duffy,Elijah
Duffy,Damien,Grissom,Krysta,Duffy,Mathew
Duffy,Dasia,Harris,Chantal,Duffy,Elijah
Duffy,Ariel,Grissom,Krysta,Duffy,Mathew
Duffy,Aleisha,Harris,Adele,Duffy,Dillon
Duffy,Callahan,Grissom,Tory,Duffy,Cyrus
Duffy,Blair,Harris,Adele,Duffy,Dillon
Duffy,Reece,Grissom,Tory,Duffy,Cyrus
Duffy,Dayana,Harris,Adele,Duffy,Dillon
Duffy,Willie,Grissom,Tory,Duffy,Cyrus
Duffy,Kaelyn,Harris,Adele,Duffy,Dillon
Duffy,Francis,Harris,Michele,Duffy,Soren
Duffy,Chasity,Harris,Adele,Duffy,Dillon
Duffy,Darien,Harris,Michele,Duffy,Soren
Grissom,Paulina,Harris,Cristina,Grissom,Tristan
Duffy,Claudio,Harris,Dominique,Duffy,Seamus
Grissom,Whitney,Harris,Cristina,Grissom,Tristan
Duffy,Antonio,Harris,Dominique,Duffy,Seamus
Grissom,Sapphire,Harris,Cristina,Grissom,Tristan
Duffy,Frank,Harris,Dominique,Duffy,Seamus
Grissom,Austin,Gibson,Elaine,Grissom,Denzell
Duffy,Abel,Harris,Caitlynn,Duffy,Isaias
Grissom,Camille,Gibson,Kirsten,Grissom,Maleek
Duffy,Clarence,Harris,Caitlynn,Duffy,Isaias
Grissom,Elizabeth,Gibson,Kirsten,Grissom,Maleek
Duffy,Nathanael,Harris,Chantal,Duffy,Elijah
Grissom,Dakota,Reilly,Valentina,Grissom,Drew
Duffy,Phillip,Harris,Adele,Duffy,Dillon
Grissom,Yajaira,Reilly,Valentina,Grissom,Drew
Duffy,Sutton,Harris,Adele,Duffy,Dillon
Grissom,Blake,Peterson,Lourdes,Grissom,Luciano
Duffy,Reed,Harris,Adele,Duffy,Dillon
Harris,Keishla,Peterson,Kaleigh,Harris,Lamar
Duffy,Antonio,Harris,Adele,Duffy,Dillon
Harris,Keely,Peterson,Kaleigh,Harris,Lamar
Duffy,Norman,Harris,Adele,Duffy,Dillon
Harris,Leanna,Peterson,Kristy,Harris,Beau
Grissom,Joshua,Harris,Cristina,Grissom,Tristan
Harris,Emerald,Peterson,Shelly,Harris,Mohamed
Grissom,Jerome,Harris,Cristina,Grissom,Tristan
Harris,Celeste,Peterson,Cameron,Harris,Killian
Grissom,Christian,Harris,Cristina,Grissom,Tristan
Harris,Moesha,Peterson,Cameron,Harris,Killian
Grissom,Nelson,Harris,Cristina,Grissom,Tristan
Harris,Stephany,Peterson,Cameron,Harris,Killian
Grissom,Quinn,Gibson,Megan,Grissom,Emiliano
Harris,Bertha,Peterson,Hope,Harris,Jajuan
Grissom,Cole,Gibson,Kirsten,Grissom,Maleek
Harris,Tori,Peterson,Hope,Harris,Jajuan
Grissom,Kalon,Gibson,Kirsten,Grissom,Maleek
Harris,Jessica,Peterson,Hope,Harris,Jajuan
Grissom,Clifford,Gibson,Kirsten,Grissom,Maleek
Loria,Eryn,Peterson,Jaime,Loria,Bernardo
Grissom,Taylor,Reilly,Valentina,Grissom,Drew
Loria,Nadia,Collins,Maia,Loria,Leroy
Grissom,Ervin,Reilly,Valentina,Grissom,Drew
Loria,Maria,Collins,Maia,Loria,Leroy
Grissom,Zaire,Peterson,Lourdes,Grissom,Luciano
Loria,Alessandra,Collins,Maia,Loria,Leroy
Grissom,Orlando,Peterson,Lourdes,Grissom,Luciano
Loria,Alexia,Collins,Taylor,Loria,Milton
Harris,Frank,Peterson,Kaleigh,Harris,Lamar
Loria,Alisha,Collins,Taylor,Loria,Milton
Harris,Tommy,Peterson,Kristy,Harris,Beau
Loria,Viviana,Collins,Taylor,Loria,Milton
Harris,Randall,Peterson,Kristy,Harris,Beau
Gibson,Rani,Gibson,Jaqueline,Gibson,Olivier
Harris,Damian,Peterson,Shelly,Harris,Mohamed
Gibson,Astrid,Gibson,Jaqueline,Gibson,Olivier
Harris,Ron,Peterson,Shelly,Harris,Mohamed
Gibson,Destany,Gibson,Jaqueline,Gibson,Olivier
Harris,Brenton,Peterson,Shelly,Harris,Mohamed
Gibson,Tamera,Gibson,Benita,Gibson,Nicolas
Harris,Cade,Peterson,Shelly,Harris,Mohamed
Gibson,Clara,Gibson,Benita,Gibson,Nicolas
Harris,Montel,Peterson,Cameron,Harris,Killian
Gibson,Shae,Gibson,Benita,Gibson,Nicolas
Harris,Denver,Peterson,Cameron,Harris,Killian
Gibson,Maura,Gibson,Sophia,Gibson,Zev
Harris,Santana,Peterson,Cameron,Harris,Killian
Gibson,Shayna,Gibson,Shaina,Gibson,Tyson
Harris,Joshua,Peterson,Cameron,Harris,Killian
Gibson,Ebony,Gibson,Shaina,Gibson,Tyson
Harris,Marques,Peterson,Hope,Harris,Jajuan
Gibson,Abbey,Gibson,Shaina,Gibson,Tyson
Harris,Dwayne,Peterson,Hope,Harris,Jajuan
Gibson,Courtney,Gibson,Shaina,Gibson,Tyson
Harris,Zaire,Peterson,Hope,Harris,Jajuan
Gibson,Cortney,Gibson,Shaina,Gibson,Tyson
Harris,Justus,Peterson,Hope,Harris,Jajuan
Gibson,Jayme,Gibson,Kierra,Gibson,Jalen
Harris,Austyn,Peterson,Hope,Harris,Jajuan
Gibson,Miriam,Gibson,Kierra,Gibson,Jalen
Loria,Graham,Collins,Maia,Loria,Leroy
Gibson,Myranda,Gibson,Kierra,Gibson,Jalen
Loria,Drake,Collins,Maia,Loria,Leroy
Gibson,Adrienne,Gibson,Kierra,Gibson,Jalen
Loria,Ismael,Collins,Maia,Loria,Leroy
Gibson,Rochelle,Gibson,Kierra,Gibson,Jalen
Loria,Austyn,Collins,Maia,Loria,Leroy
Gibson,Bailey,Gibson,Kierra,Gibson,Jalen
Loria,George,Collins,Maia,Loria,Leroy
Gibson,Jocelyn,Gibson,Martha,Gibson,Elliott
Loria,Jeffery,Collins,Taylor,Loria,Milton
Gibson,Hunter,Gibson,Martha,Gibson,Elliott
Loria,Rafael,Collins,Taylor,Loria,Milton
Gibson,Anthony,Gibson,Martha,Gibson,Elliott
Loria,Daxton,Collins,Taylor,Loria,Milton
Gibson,Kali,Gibson,Martha,Gibson,Elliott
Loria,Tavon,Collins,Taylor,Loria,Milton
Gibson,Damaris,Gibson,Martha,Gibson,Elliott
Gibson,Brock,Gibson,Jaqueline,Gibson,Olivier
Gibson,Hailee,Gibson,Martha,Gibson,Elliott
Gibson,Alvaro,Gibson,Jaqueline,Gibson,Olivier
Gibson,Shyanne,Gibson,Martha,Gibson,Elliott
Gibson,Irfan,Gibson,Jaqueline,Gibson,Olivier
Gibson,Beverly,Gibson,Martha,Gibson,Elliott
Gibson,Elvin,Gibson,Benita,Gibson,Nicolas
Gibson,Kennedy,Gibson,Maegan,Gibson,Leroy
Gibson,Jarvis,Gibson,Benita,Gibson,Nicolas
Gibson,Abigail,Gibson,Maegan,Gibson,Leroy
Gibson,Sidney,Gibson,Benita,Gibson,Nicolas
Gibson,Krista,Gibson,Chelsy,Gibson,Jeff
Gibson,Jacob,Gibson,Sophia,Gibson,Zev
Gibson,Becca,Gibson,Chelsy,Gibson,Jeff
Gibson,Keagan,Gibson,Shaina,Gibson,Tyson
Gibson,Dorothy,Gibson,Chelsy,Gibson,Jeff
Gibson,Ignacio,Gibson,Shaina,Gibson,Tyson
Gibson,Linda,Gibson,Chelsy,Gibson,Jeff
