O'Connor,Alex,Edwards,Francisca,O'Connor,Jaylan
Chiao,Dayana,Voss,Chelsea,Chiao,Alden
Chiao,Samson,Voss,Chelsea,Chiao,Alden
Chiao,Samara,Voss,Chelsea,Chiao,Alden
Chiao,Melvin,Voss,Chelsea,Chiao,Alden
Chiao,Tasha,Voss,Chelsea,Chiao,Alden
Sellers,Deshawn,Hawley,Dixie,Sellers,Mario
Chiao,Anneliese,Voss,Chelsea,Chiao,Alden
Peterson,Dion,Gregory,Cody,Peterson,Tristin
Sellers,Lori,Hawley,Dixie,Sellers,Mario
Tyler,Ulysses,Reisman,Bridget,Tyler,Sterling
Sellers,Autumn,Hawley,Dixie,Sellers,Mario
Tyler,Davin,Reisman,Bridget,Tyler,Sterling
Sellers,Regan,Hawley,Dixie,Sellers,Mario
Tyler,Freeman,Reisman,Bridget,Tyler,Sterling
Peterson,Shannon,Gregory,Cody,Peterson,Tristin
Worden,Jed,Wheelock,Kaylee,Worden,Cody
Tyler,Isabelle,Reisman,Bridget,Tyler,Sterling
Worden,Jan,Wheelock,Kaylee,Worden,Cody
Tyler,Camisha,Reisman,Bridget,Tyler,Sterling
Worden,Lars,Wheelock,Kaylee,Worden,Cody
Tyler,Helen,Reisman,Bridget,Tyler,Sterling
Worden,Mickey,Wheelock,Kaylee,Worden,Cody
Tyler,Brook,Reisman,Bridget,Tyler,Sterling
Lawrence,Alejandro,Melnick,Ashley,Lawrence,Darian
Tyler,Dena,Reisman,Bridget,Tyler,Sterling
Lawrence,Tyson,Melnick,Ashley,Lawrence,Darian
Worden,Adriana,Wheelock,Kaylee,Worden,Cody
Lawrence,Ross,Melnick,Ashley,Lawrence,Darian
Worden,Kassandra,Wheelock,Kaylee,Worden,Cody
Wilcutt,Griffin,Wisoff,Carolyn,Wilcutt,Zachery
Worden,Angelica,Wheelock,Kaylee,Worden,Cody
Wilcutt,Alejandro,Wisoff,Carolyn,Wilcutt,Zachery
Worden,Janell,Wheelock,Kaylee,Worden,Cody
Wilcutt,Brenden,Wisoff,Carolyn,Wilcutt,Zachery
Lawrence,Sophie,Melnick,Ashley,Lawrence,Darian
Wilcutt,Jalen,Wisoff,Carolyn,Wilcutt,Zachery
Lawrence,Tabatha,Melnick,Ashley,Lawrence,Darian
Chaffee,Campbell,Eisele,Blair,Chaffee,Darrion
Lawrence,Makenna,Melnick,Ashley,Lawrence,Darian
Chaffee,Marquis,Eisele,Blair,Chaffee,Darrion
Wilcutt,Chanelle,Wisoff,Carolyn,Wilcutt,Zachery
Chaffee,Louis,Eisele,Blair,Chaffee,Darrion
Wilcutt,Kerry,Wisoff,Carolyn,Wilcutt,Zachery
Davis,Rey,Schirra,Bryanna,Davis,Francesco
Wilcutt,Brionna,Wisoff,Carolyn,Wilcutt,Zachery
Davis,Ali,Schirra,Bryanna,Davis,Francesco
Chaffee,Drew,Eisele,Blair,Chaffee,Darrion
Apt,Spencer,Carpenter,Gabriela,Apt,Mauricio
Chaffee,Alina,Eisele,Blair,Chaffee,Darrion
Apt,Brennen,Carpenter,Gabriela,Apt,Mauricio
Chaffee,Lexus,Eisele,Blair,Chaffee,Darrion
Apt,Yobani,Carpenter,Gabriela,Apt,Mauricio
Chaffee,Renee,Eisele,Blair,Chaffee,Darrion
Apt,Khalil,Carpenter,Gabriela,Apt,Mauricio
Davis,Anabel,Schirra,Bryanna,Davis,Francesco
Currie,Jamison,Roosevelt,Ellen,Currie,Jarrod
Davis,Geneva,Schirra,Bryanna,Davis,Francesco
Currie,Jed,Roosevelt,Ellen,Currie,Jarrod
Apt,Shayna,Carpenter,Gabriela,Apt,Mauricio
Currie,Josue,Roosevelt,Ellen,Currie,Jarrod
Apt,Nikki,Carpenter,Gabriela,Apt,Mauricio
Currie,Elvin,Roosevelt,Ellen,Currie,Jarrod
Apt,Chantal,Carpenter,Gabriela,Apt,Mauricio
Currie,Yash,Roosevelt,Ellen,Currie,Jarrod
Apt,Caylin,Carpenter,Gabriela,Apt,Mauricio
Lounge,Jayson,Foale,Rani,Lounge,Ricky
Apt,Priscilla,Carpenter,Gabriela,Apt,Mauricio
Lounge,Griffin,Foale,Rani,Lounge,Ricky
Currie,Nyla,Roosevelt,Ellen,Currie,Jarrod
Lounge,Javier,Foale,Rani,Lounge,Ricky
Currie,Aireona,Roosevelt,Ellen,Currie,Jarrod
Lounge,Giovanni,Foale,Rani,Lounge,Ricky
Currie,Ruby,Roosevelt,Ellen,Currie,Jarrod
Stefanyshyn,Zaire,Walker,Ashlyn,Stefanyshyn,Dylan
Currie,Tiffani,Roosevelt,Ellen,Currie,Jarrod
Stefanyshyn,Guillermo,Walker,Ashlyn,Stefanyshyn,Dylan
Currie,Faith,Roosevelt,Ellen,Currie,Jarrod
Stefanyshyn,Donte,Walker,Ashlyn,Stefanyshyn,Dylan
Lounge,Viviana,Foale,Rani,Lounge,Ricky
Stefanyshyn,Todd,Walker,Ashlyn,Stefanyshyn,Dylan
Lounge,Suzette,Foale,Rani,Lounge,Ricky
Chaffee,Charlie,Sullivan,Rochelle,Chaffee,Marcos
Lounge,Destany,Foale,Rani,Lounge,Ricky
Chaffee,Yakov,Sullivan,Rochelle,Chaffee,Marcos
Lounge,Jocelyn,Foale,Rani,Lounge,Ricky
Chaffee,Orion,Sullivan,Rochelle,Chaffee,Marcos
Lounge,Nichole,Foale,Rani,Lounge,Ricky
Chaffee,Markus,Sullivan,Rochelle,Chaffee,Marcos
Stefanyshyn,Justina,Walker,Ashlyn,Stefanyshyn,Dylan
Jernigan,Corey,Grinch,Elizabeth,Jernigan,Guy
Chaffee,Bria,Sullivan,Rochelle,Chaffee,Marcos
Jernigan,Aspen,Grinch,Elizabeth,Jernigan,Guy
Chaffee,Debora,Sullivan,Rochelle,Chaffee,Marcos
Tyler,Oren,Sullivan,Glenda,Tyler,Brenton
Chaffee,Phoebe,Sullivan,Rochelle,Chaffee,Marcos
Tyler,Tristian,Sullivan,Glenda,Tyler,Brenton
Jernigan,Maia,Grinch,Elizabeth,Jernigan,Guy
Young,Jeffrey,Walker,Deisy,Young,Frederick
Jernigan,Destiny,Grinch,Elizabeth,Jernigan,Guy
Young,Beau,Walker,Deisy,Young,Frederick
Tyler,Ellie,Sullivan,Glenda,Tyler,Brenton
Young,Trey,Walker,Deisy,Young,Frederick
Tyler,Samantha,Sullivan,Glenda,Tyler,Brenton
Forrester,German,Carter,Sheila,Forrester,Fredy
Tyler,Heaven,Sullivan,Glenda,Tyler,Brenton
Forrester,Brody,Carter,Sheila,Forrester,Fredy
Young,Sara,Walker,Deisy,Young,Frederick
Wilson,Tysheem,Armstrong,Emma,Wilson,Martin
Young,Sally,Walker,Deisy,Young,Frederick
Wilson,Mauricio,Armstrong,Emma,Wilson,Martin
Young,Stefanie,Walker,Deisy,Young,Frederick
Wilson,Keith,Armstrong,Emma,Wilson,Martin
Young,Chelsie,Walker,Deisy,Young,Frederick
Buchli,Braeden,Nowak,Dorian,Buchli,Van
Foale,Ivy,Hilmers,Karah,Foale,Camron
Buchli,Moises,Nowak,Dorian,Buchli,Van
Forrester,Adrianne,Carter,Sheila,Forrester,Fredy
Buchli,Ezequiel,Nowak,Dorian,Buchli,Van
Forrester,Ana,Carter,Sheila,Forrester,Fredy
Buchli,Drew,Nowak,Dorian,Buchli,Van
Forrester,Arielle,Carter,Sheila,Forrester,Fredy
Buchli,Malachi,Nowak,Dorian,Buchli,Van
Forrester,Chanel,Carter,Sheila,Forrester,Fredy
McNair,Payton,Jones,April,McNair,Alex
Forrester,Maison,Carter,Sheila,Forrester,Fredy
McNair,Maliki,Jones,April,McNair,Alex
Wilson,Sara,Armstrong,Emma,Wilson,Martin
McNair,Trentin,Jones,April,McNair,Alex
Wilson,Brigid,Armstrong,Emma,Wilson,Martin
McNair,Leo,Jones,April,McNair,Alex
Wilson,Monique,Armstrong,Emma,Wilson,Martin
McNair,Zaire,Jones,April,McNair,Alex
Buchli,Margarita,Nowak,Dorian,Buchli,Van
Morin,Spenser,Polansky,Lauryn,Morin,Kevin
Buchli,Debora,Nowak,Dorian,Buchli,Van
Morin,Kayle,Polansky,Lauryn,Morin,Kevin
Buchli,Karla,Nowak,Dorian,Buchli,Van
Morin,Kerry,Polansky,Lauryn,Morin,Kevin
Buchli,Desiree,Nowak,Dorian,Buchli,Van
Fisher,Javion,Polk,Breanna,Fisher,Josejuan
McNair,Celia,Jones,April,McNair,Alex
Fisher,Jairus,Polk,Breanna,Fisher,Josejuan
McNair,Leigh,Jones,April,McNair,Alex
Linenger,Jasen,Engle,Makala,Linenger,Alec
McNair,Ashly,Jones,April,McNair,Alex
Linenger,Rudy,Engle,Makala,Linenger,Alec
McNair,Keri,Jones,April,McNair,Alex
Linenger,Myron,Engle,Makala,Linenger,Alec
McNair,Brionna,Jones,April,McNair,Alex
Linenger,Kalon,Engle,Makala,Linenger,Alec
Fisher,Ebone,Polk,Breanna,Fisher,Josejuan
Adamson,Noah,Polansky,Celena,Adamson,Giovanni
Fisher,Anneliese,Polk,Breanna,Fisher,Josejuan
Adamson,Oneil,Polansky,Celena,Adamson,Giovanni
Fisher,Darian,Polk,Breanna,Fisher,Josejuan
Hieb,Keshaun,Richards,Annette,Hieb,Arturo
Linenger,Bayleigh,Engle,Makala,Linenger,Alec
Hieb,Sean,Richards,Annette,Hieb,Arturo
Linenger,Alessandra,Engle,Makala,Linenger,Alec
Bagian,Stewart,Bagian,Paola,Bagian,Enoch
Linenger,Yasmin,Engle,Makala,Linenger,Alec
Bagian,Jevin,Bagian,Paola,Bagian,Enoch
Adamson,Jamee,Polansky,Celena,Adamson,Giovanni
Bagian,Norman,Bagian,Paola,Bagian,Enoch
Hieb,Ashley,Richards,Annette,Hieb,Arturo
Hieb,Branden,Cernan,Celia,Hieb,Mckay
Hieb,Maxine,Richards,Annette,Hieb,Arturo
Hieb,Neal,Cernan,Celia,Hieb,Mckay
Bagian,Audra,Bagian,Paola,Bagian,Enoch
Hieb,Kelvin,Cernan,Celia,Hieb,Mckay
Bagian,Raven,Bagian,Paola,Bagian,Enoch
O'Connor,Benny,O'Connor,Breona,O'Connor,Alex
Hieb,Kaylea,Cernan,Celia,Hieb,Mckay
O'Connor,Moses,O'Connor,Breona,O'Connor,Alex
Hieb,Jasmin,Cernan,Celia,Hieb,Mckay
O'Connor,Tracy,O'Connor,Breona,O'Connor,Alex
O'Connor,Maura,O'Connor,Breona,O'Connor,Alex
O'Connor,Richard,O'Connor,Breona,O'Connor,Alex
O'Connor,Camila,O'Connor,Breona,O'Connor,Alex
O'Connor,Joel,O'Connor,Breona,O'Connor,Alex
O'Connor,Destini,O'Connor,Breona,O'Connor,Alex
O'Connor,Devin,O'Connor,Breona,O'Connor,Alex
O'Connor,Carlie,O'Connor,Breona,O'Connor,Alex
Chiao,Noah,Chiao,Dayana,Chiao,Rafael
Chiao,Kayleigh,Chiao,Dayana,Chiao,Rafael
Chiao,Valentine,Chiao,Dayana,Chiao,Rafael
Chiao,Camelia,Chiao,Dayana,Chiao,Rafael
Chiao,Darrin,Chiao,Dayana,Chiao,Rafael
Chiao,Rita,Chiao,Dayana,Chiao,Rafael
Chiao,Riley,Chiao,Marilyn,Chiao,Samson
Chiao,Chaya,Chiao,Dayana,Chiao,Rafael
Chiao,Jed,Chiao,Marilyn,Chiao,Samson
Chiao,Adele,Chiao,Dayana,Chiao,Rafael
Chiao,Tavon,Chiao,Marilyn,Chiao,Samson
Chiao,Kiera,Chiao,Dayana,Chiao,Rafael
Chiao,Wylie,Chiao,Samara,Chiao,Jaylen
Chiao,Halie,Chiao,Marilyn,Chiao,Samson
Chiao,Rahim,Chiao,Samara,Chiao,Jaylen
Chiao,Chandler,Chiao,Marilyn,Chiao,Samson
Chiao,Jan,Chiao,Samara,Chiao,Jaylen
Chiao,Aaliyah,Chiao,Samara,Chiao,Jaylen
Chiao,Stevan,Chiao,Diane,Chiao,Melvin
Chiao,Virginia,Chiao,Samara,Chiao,Jaylen
Chiao,Stevan,Chiao,Diane,Chiao,Melvin
Chiao,Cassandra,Chiao,Samara,Chiao,Jaylen
Chiao,Jonah,Chiao,Tasha,Chiao,Melvin
Chiao,Dixie,Chiao,Samara,Chiao,Jaylen
Chiao,Mohamad,Chiao,Tasha,Chiao,Melvin
Chiao,Destini,Chiao,Diane,Chiao,Melvin
Sellers,Gregory,Chiao,Ashton,Sellers,Deshawn
Chiao,Kerri,Chiao,Diane,Chiao,Melvin
Sellers,Salvatore,Chiao,Ashton,Sellers,Deshawn
Chiao,Autumn,Chiao,Tasha,Chiao,Melvin
Sellers,Cooper,Chiao,Anneliese,Sellers,Grayson
Chiao,Mahogany,Chiao,Tasha,Chiao,Melvin
Sellers,Luke,Chiao,Anneliese,Sellers,Grayson
Chiao,Haylie,Chiao,Tasha,Chiao,Melvin
Sellers,Terrell,Chiao,Anneliese,Sellers,Grayson
Sellers,Kathryn,Chiao,Anneliese,Sellers,Grayson
Sellers,Hiram,Chiao,Anneliese,Sellers,Grayson
Sellers,Kelsee,Chiao,Anneliese,Sellers,Grayson
Peterson,Ezequiel,Chiao,Sade,Peterson,Dion
Sellers,Brandy,Chiao,Anneliese,Sellers,Grayson
Peterson,Denzel,Chiao,Sade,Peterson,Dion
Sellers,Rosalinda,Chiao,Anneliese,Sellers,Grayson
Peterson,Luke,Chiao,Sade,Peterson,Dion
Peterson,Dixie,Chiao,Sade,Peterson,Dion
Peterson,Davis,Chiao,Sade,Peterson,Dion
Peterson,Georgina,Chiao,Sade,Peterson,Dion
Tyler,Jonathan,Sellers,Lori,Tyler,Steve
Peterson,Cassandra,Chiao,Sade,Peterson,Dion
Tyler,Calvin,Sellers,Lori,Tyler,Steve
Tyler,Sage,Sellers,Lori,Tyler,Steve
Tyler,Justin,Sellers,Lori,Tyler,Steve
Tyler,Rowan,Sellers,Lori,Tyler,Steve
Tyler,Bryce,Sellers,Lucia,Tyler,Ulysses
Tyler,Giselle,Sellers,Lori,Tyler,Steve
Tyler,Baby,Sellers,Lucia,Tyler,Ulysses
Tyler,Kenya,Sellers,Lucia,Tyler,Ulysses
Tyler,Dylan,Sellers,Lucia,Tyler,Ulysses
Tyler,Diana,Sellers,Lucia,Tyler,Ulysses
Tyler,Kyle,Sellers,Autumn,Tyler,Bryson
Tyler,Sage,Sellers,Lucia,Tyler,Ulysses
Tyler,Braeden,Sellers,Autumn,Tyler,Bryson
Tyler,Dajah,Sellers,Autumn,Tyler,Bryson
Tyler,Jaleel,Sellers,Autumn,Tyler,Bryson
Tyler,Katlyn,Sellers,Autumn,Tyler,Bryson
Tyler,Colin,Sellers,Autumn,Tyler,Bryson
Tyler,Madeleine,Sellers,Autumn,Tyler,Bryson
Tyler,Terrance,Sellers,Anitra,Tyler,Freeman
Tyler,Alena,Sellers,Audra,Tyler,Davin
Tyler,Edwin,Sellers,Anitra,Tyler,Freeman
Tyler,Whitney,Sellers,Anitra,Tyler,Freeman
Tyler,Justin,Peterson,Shannon,Tyler,Clarence
Tyler,Chelsea,Sellers,Anitra,Tyler,Freeman
Tyler,Clarence,Peterson,Shannon,Tyler,Clarence
Tyler,Jaimie,Sellers,Anitra,Tyler,Freeman
Tyler,Leonel,Peterson,Shannon,Tyler,Clarence
Tyler,Naomi,Sellers,Anitra,Tyler,Freeman
Worden,Quintyn,Peterson,Bobbie,Worden,Jed
Tyler,Dajah,Peterson,Shannon,Tyler,Clarence
Worden,Kapil,Peterson,Bobbie,Worden,Jed
Tyler,Riley,Peterson,Shannon,Tyler,Clarence
Worden,Errol,Tyler,Isabelle,Worden,Luis
Tyler,Cori,Peterson,Shannon,Tyler,Clarence
Worden,Eberardo,Tyler,Isabelle,Worden,Luis
Tyler,Coralys,Peterson,Shannon,Tyler,Clarence
Worden,Dillon,Tyler,Isabelle,Worden,Luis
Tyler,Janet,Peterson,Shannon,Tyler,Clarence
Worden,Yakov,Tyler,Isabelle,Worden,Luis
Worden,Deanna,Peterson,Bobbie,Worden,Jed
Worden,Juancarlos,Tyler,Isabelle,Worden,Luis
Worden,Teresa,Peterson,Bobbie,Worden,Jed
Worden,Marquis,Tyler,Isabelle,Worden,Luis
Worden,Cecelia,Peterson,Bobbie,Worden,Jed
Worden,Gideon,Tyler,Ciera,Worden,Jan
Worden,Amna,Tyler,Isabelle,Worden,Luis
Worden,Moses,Tyler,Camisha,Worden,Dwayne
Worden,Brianne,Tyler,Isabelle,Worden,Luis
Worden,Jabari,Tyler,Camisha,Worden,Dwayne
Worden,Janae,Tyler,Isabelle,Worden,Luis
Worden,Trenton,Tyler,Camisha,Worden,Dwayne
Worden,Kaylynn,Tyler,Isabelle,Worden,Luis
Worden,Jalen,Tyler,Camisha,Worden,Dwayne
Worden,Peyton,Tyler,Camisha,Worden,Dwayne
Worden,Oscar,Tyler,Sky,Worden,Lars
Worden,Anita,Tyler,Camisha,Worden,Dwayne
Worden,Kaleb,Tyler,Helen,Worden,Emerson
Worden,Daphne,Tyler,Camisha,Worden,Dwayne
Worden,Dusty,Tyler,Helen,Worden,Emerson
Worden,Maryssa,Tyler,Camisha,Worden,Dwayne
Worden,Orion,Tyler,Helen,Worden,Emerson
Worden,Astrid,Tyler,Helen,Worden,Emerson
Worden,Jacky,Tyler,Alison,Worden,Mickey
Worden,Anisha,Tyler,Alison,Worden,Mickey
Worden,Casey,Tyler,Brook,Worden,Quanterriu
Worden,Luisa,Tyler,Alison,Worden,Mickey
Worden,Francisco,Tyler,Brook,Worden,Quanterriu
Worden,Abbey,Tyler,Alison,Worden,Mickey
Worden,Jabari,Tyler,Brook,Worden,Quanterriu
Worden,Jessica,Tyler,Alison,Worden,Mickey
Lawrence,Warren,Tyler,Malika,Lawrence,Alejandro
Worden,Tory,Tyler,Alison,Worden,Mickey
Lawrence,Joe,Tyler,Dena,Lawrence,Chase
Worden,Chelsy,Tyler,Alison,Worden,Mickey
Lawrence,Tony,Tyler,Dena,Lawrence,Chase
Worden,Holly,Tyler,Alison,Worden,Mickey
Lawrence,Corey,Tyler,Dena,Lawrence,Chase
Worden,Angelika,Tyler,Brook,Worden,Quanterriu
Lawrence,Trentin,Tyler,Dena,Lawrence,Chase
Worden,Katelynn,Tyler,Brook,Worden,Quanterriu
Lawrence,Gideon,Worden,Adriana,Lawrence,Corey
Worden,Cambria,Tyler,Brook,Worden,Quanterriu
Lawrence,Kaden,Worden,Veronica,Lawrence,Ross
Worden,Cameron,Tyler,Brook,Worden,Quanterriu
Lawrence,Michael,Worden,Veronica,Lawrence,Ross
Worden,Baylee,Tyler,Brook,Worden,Quanterriu
Lawrence,Javier,Worden,Veronica,Lawrence,Ross
Worden,Carson,Tyler,Brook,Worden,Quanterriu
Lawrence,Deonta,Worden,Kassandra,Lawrence,Sterling
Lawrence,Brittani,Tyler,Dena,Lawrence,Chase
Lawrence,Mitchell,Worden,Kassandra,Lawrence,Sterling
Lawrence,Abby,Tyler,Dena,Lawrence,Chase
Lawrence,Damion,Worden,Kassandra,Lawrence,Sterling
Lawrence,Carlie,Tyler,Dena,Lawrence,Chase
Lawrence,Brent,Worden,Kassandra,Lawrence,Sterling
Lawrence,Andrea,Tyler,Dena,Lawrence,Chase
Lawrence,Ty,Worden,Kassandra,Lawrence,Sterling
Lawrence,Judy,Worden,Veronica,Lawrence,Ross
Lawrence,Micheal,Worden,Kassandra,Lawrence,Sterling
Lawrence,Nina,Worden,Veronica,Lawrence,Ross
Wilcutt,Deric,Worden,Jocelyne,Wilcutt,Griffin
Lawrence,Julie,Worden,Veronica,Lawrence,Ross
Wilcutt,German,Worden,Angelica,Wilcutt,Cristobal
Lawrence,Charlotte,Worden,Veronica,Lawrence,Ross
Wilcutt,Mohamed,Worden,Nikki,Wilcutt,Alejandro
Lawrence,Delilah,Worden,Kassandra,Lawrence,Sterling
Wilcutt,Benny,Worden,Nikki,Wilcutt,Alejandro
Lawrence,Nancy,Worden,Kassandra,Lawrence,Sterling
Wilcutt,Victor,Worden,Janell,Wilcutt,Ian
Lawrence,Stacy,Worden,Kassandra,Lawrence,Sterling
Wilcutt,Phillip,Worden,Janell,Wilcutt,Ian
Lawrence,Emilee,Worden,Kassandra,Lawrence,Sterling
Wilcutt,Garrett,Worden,Janell,Wilcutt,Ian
Wilcutt,Cortney,Worden,Nikki,Wilcutt,Alejandro
Wilcutt,Kyle,Lawrence,Sophie,Wilcutt,Amari
Wilcutt,Danielle,Worden,Nikki,Wilcutt,Alejandro
Wilcutt,Trevin,Lawrence,Sophie,Wilcutt,Amari
Wilcutt,Daja,Worden,Nikki,Wilcutt,Alejandro
Wilcutt,Willie,Lawrence,Jessie,Wilcutt,Jalen
Wilcutt,Lydia,Worden,Nikki,Wilcutt,Alejandro
Wilcutt,Justin,Lawrence,Jessie,Wilcutt,Jalen
Wilcutt,Graciela,Worden,Janell,Wilcutt,Ian
Wilcutt,Tyrell,Lawrence,Jessie,Wilcutt,Jalen
Wilcutt,Yvette,Worden,Janell,Wilcutt,Ian
Wilcutt,Nolan,Lawrence,Tabatha,Wilcutt,Stephan
Wilcutt,Estela,Lawrence,Sophie,Wilcutt,Amari
Chaffee,Dakotah,Lawrence,Christa,Chaffee,Campbell
Wilcutt,Emma,Lawrence,Sophie,Wilcutt,Amari
Chaffee,Keeton,Lawrence,Christa,Chaffee,Campbell
Wilcutt,Carly,Lawrence,Jessie,Wilcutt,Jalen
Chaffee,Sunny,Lawrence,Makenna,Chaffee,Gustavo
Wilcutt,Blake,Lawrence,Jessie,Wilcutt,Jalen
Chaffee,Benjamen,Lawrence,Makenna,Chaffee,Gustavo
Wilcutt,Gloria,Lawrence,Jessie,Wilcutt,Jalen
Chaffee,Kerrick,Lawrence,Makenna,Chaffee,Gustavo
Wilcutt,Alesia,Lawrence,Jessie,Wilcutt,Jalen
Chaffee,Jay,Lawrence,Makenna,Chaffee,Gustavo
Wilcutt,Vera,Lawrence,Jessie,Wilcutt,Jalen
Chaffee,Harrison,Wilcutt,Devon,Chaffee,Marquis
Wilcutt,Jaycie,Lawrence,Jessie,Wilcutt,Jalen
Chaffee,Alec,Wilcutt,Devon,Chaffee,Marquis
Wilcutt,Mackenzie,Lawrence,Jessie,Wilcutt,Jalen
Chaffee,Bronson,Wilcutt,Devon,Chaffee,Marquis
Wilcutt,Antoinette,Lawrence,Tabatha,Wilcutt,Stephan
Chaffee,Levi,Wilcutt,Devon,Chaffee,Marquis
Wilcutt,Carolina,Lawrence,Tabatha,Wilcutt,Stephan
Chaffee,Todd,Wilcutt,Chanelle,Chaffee,Eric
Chaffee,Aireona,Lawrence,Christa,Chaffee,Campbell
Chaffee,Callum,Wilcutt,Chanelle,Chaffee,Eric
Chaffee,Shae,Lawrence,Christa,Chaffee,Campbell
Chaffee,Misael,Wilcutt,Chanelle,Chaffee,Eric
Chaffee,Reagan,Lawrence,Christa,Chaffee,Campbell
Chaffee,Terrence,Wilcutt,Chanelle,Chaffee,Eric
Chaffee,Melisa,Lawrence,Makenna,Chaffee,Gustavo
Chaffee,Keeton,Wilcutt,Chanelle,Chaffee,Eric
Chaffee,Zoe,Lawrence,Makenna,Chaffee,Gustavo
Chaffee,Vicente,Wilcutt,Maritza,Chaffee,Louis
Chaffee,Joanne,Lawrence,Makenna,Chaffee,Gustavo
Chaffee,Danny,Wilcutt,Maritza,Chaffee,Louis
Chaffee,Analisa,Wilcutt,Devon,Chaffee,Marquis
Chaffee,Frankie,Wilcutt,Kerry,Chaffee,Joel
Chaffee,Kayli,Wilcutt,Devon,Chaffee,Marquis
Chaffee,Kade,Wilcutt,Kerry,Chaffee,Joel
Chaffee,Alejandra,Wilcutt,Chanelle,Chaffee,Eric
Chaffee,Sahil,Wilcutt,Kerry,Chaffee,Joel
Chaffee,Briana,Wilcutt,Chanelle,Chaffee,Eric
Chaffee,Robert,Wilcutt,Kerry,Chaffee,Joel
Chaffee,Mara,Wilcutt,Chanelle,Chaffee,Eric
Davis,Braeden,Wilcutt,Stephanie,Davis,Rey
Chaffee,Dasia,Wilcutt,Chanelle,Chaffee,Eric
Davis,Jeremy,Wilcutt,Stephanie,Davis,Rey
Chaffee,Danica,Wilcutt,Chanelle,Chaffee,Eric
Davis,Jules,Wilcutt,Stephanie,Davis,Rey
Chaffee,Karen,Wilcutt,Maritza,Chaffee,Louis
Davis,Wyatt,Wilcutt,Brionna,Davis,Adonis
Chaffee,Ebone,Wilcutt,Maritza,Chaffee,Louis
Davis,Kenneth,Wilcutt,Brionna,Davis,Adonis
Chaffee,Baylee,Wilcutt,Maritza,Chaffee,Louis
Davis,Earl,Wilcutt,Brionna,Davis,Adonis
Chaffee,Shayna,Wilcutt,Kerry,Chaffee,Joel
Davis,Bryce,Wilcutt,Brionna,Davis,Adonis
Chaffee,Cameron,Wilcutt,Kerry,Chaffee,Joel
Davis,Roberto,Wilcutt,Kellie,Davis,Ali
Chaffee,Vera,Wilcutt,Kerry,Chaffee,Joel
Davis,Babyboy,Wilcutt,Kellie,Davis,Ali
Davis,Reilly,Wilcutt,Stephanie,Davis,Rey
Davis,Tysheem,Wilcutt,Kellie,Davis,Ali
Davis,Katelyn,Wilcutt,Stephanie,Davis,Rey
Davis,Wylie,Wilcutt,Kellie,Davis,Ali
Davis,Shelby,Wilcutt,Stephanie,Davis,Rey
Apt,Landon,Chaffee,Drew,Apt,Michael
Davis,Micah,Wilcutt,Stephanie,Davis,Rey
Apt,Curtis,Chaffee,Drew,Apt,Michael
Davis,Amberly,Wilcutt,Stephanie,Davis,Rey
Apt,Jed,Chaffee,Drew,Apt,Michael
Davis,Katrina,Wilcutt,Stephanie,Davis,Rey
Apt,Terry,Chaffee,Chelsea,Apt,Spencer
Davis,Blanca,Wilcutt,Brionna,Davis,Adonis
Apt,Adrian,Chaffee,Chelsea,Apt,Spencer
Davis,Tamera,Wilcutt,Kellie,Davis,Ali
Apt,Martin,Chaffee,Chelsea,Apt,Spencer
Davis,Madelyn,Wilcutt,Kellie,Davis,Ali
Apt,Cullen,Chaffee,Chelsea,Apt,Spencer
Davis,Jacquelyn,Wilcutt,Kellie,Davis,Ali
Apt,Tyrone,Chaffee,Chelsea,Apt,Spencer
Davis,Kathleen,Wilcutt,Kellie,Davis,Ali
Apt,Bailey,Chaffee,Alina,Apt,Weston
Apt,Kaylea,Chaffee,Drew,Apt,Michael
Apt,Curtis,Chaffee,Kiara,Apt,Brennen
Apt,Angel,Chaffee,Drew,Apt,Michael
Apt,Vincent,Chaffee,Kiara,Apt,Brennen
Apt,Kristy,Chaffee,Drew,Apt,Michael
Apt,Justice,Chaffee,Kiara,Apt,Brennen
Apt,Justice,Chaffee,Drew,Apt,Michael
Apt,Nathanael,Chaffee,Lexus,Apt,Kahlil
Apt,Kaitlyn,Chaffee,Chelsea,Apt,Spencer
Apt,Ryan,Chaffee,Lexus,Apt,Kahlil
Apt,Ella,Chaffee,Chelsea,Apt,Spencer
Apt,Marco,Chaffee,Sharon,Apt,Yobani
Apt,Rochelle,Chaffee,Chelsea,Apt,Spencer
Apt,Darius,Chaffee,Sharon,Apt,Yobani
Apt,Siobhan,Chaffee,Kiara,Apt,Brennen
Apt,Geordan,Chaffee,Sharon,Apt,Yobani
Apt,Leah,Chaffee,Kiara,Apt,Brennen
Apt,Manuel,Chaffee,Sharon,Apt,Yobani
Apt,Lesly,Chaffee,Kiara,Apt,Brennen
Apt,Tyrell,Chaffee,Sharon,Apt,Yobani
Apt,Allyssa,Chaffee,Lexus,Apt,Kahlil
Apt,Moises,Chaffee,Sharon,Apt,Yobani
Apt,Meaghan,Chaffee,Lexus,Apt,Kahlil
Apt,Ryan,Chaffee,Sharon,Apt,Yobani
Apt,Kimberly,Chaffee,Lexus,Apt,Kahlil
Apt,Jack,Chaffee,Sharon,Apt,Yobani
Apt,Monique,Chaffee,Lexus,Apt,Kahlil
Apt,Bobby,Chaffee,Renee,Apt,Bo
Apt,Bryn,Chaffee,Lexus,Apt,Kahlil
Apt,Francesco,Chaffee,Renee,Apt,Bo
Apt,Domonique,Chaffee,Sharon,Apt,Yobani
