Pettit,Jawaun,Cox,Brook,Pettit,Dandre
Onizuka,Angelina,Phillips,Kori,Onizuka,Benny
Magnus,Duncan,McCulley,Chrystal,Magnus,Misael
Foreman,Yesenia,Curbeam,Raegan,Foreman,Marques
Herrington,Scott,Daniels,Joselyn,Herrington,Freddy
Hobaugh,Ellie,Zophar,Allie,Hobaugh,Miles
Covey,Mohammed,Jones,Kasandra,Covey,Justyn
Shriver,Jasmine,Sellers,Zabrina,Shriver,Rodney
Buchanan,Garin,Ride,Sheyla,Buchanan,Babyboy
McCool,Shauna,Arthur,Shekinah,McCool,Tad
Apt,Ladarius,Gutierrez,Alicia,Apt,Dreshaun
Garfield,Clare,Pogue,Cecelia,Garfield,Trace
Lincoln,Calvin,Wetherbee,Caitlyn,Lincoln,Leonardo
Collins,Breonna,Thuot,Hailey,Collins,Demonte
Parker,Jake,Grant,Yazmin,Parker,Richie
Arthur,Jackie,Torvalds,Genesis,Arthur,Charlie
Shaw,Maleek,Zophar,Rosalinda,Shaw,Braxton
Gruber,Christine,Zamka,Hailee,Gruber,Bobby
Schweickart,Sheldon,Apt,Marcia,Schweickart,Coby
Fincke,Shawn,Parker,Katelin,Fincke,Emmitt
Cockrell,Douglas,Kennedy,Arielle,Cockrell,Edgar
Cernan,Jaylynn,Henize,Kacie,Cernan,Nicholaus
See,Jared,Culbertson,Abigayle,See,Eric
Gregory,Yajayra,Robinson,Johnna,Gregory,Chaz
Walker,Zackery,Madison,Carly,Walker,Stephon
Weber,Tia,Cockrell,Erin,Weber,Melvin
Kilrain,Damian,Overmyer,Karley,Kilrain,Callum
McNair,Dena,Foreman,Karli,McNair,Braden
Ewing,Clayton,Low,Khaila,Ewing,Perry
Pettit,Corina,Onizuka,Angelina,Pettit,Jawaun
Phillips,Buford,Cleave,Brooklyn,Phillips,Stewart
Pettit,Marlena,Onizuka,Angelina,Pettit,Jawaun
Pettit,Jovan,Onizuka,Angelina,Pettit,Jawaun
Pettit,Beatriz,Onizuka,Angelina,Pettit,Jawaun
Pettit,Soren,Onizuka,Angelina,Pettit,Jawaun
Pettit,Kaira,Onizuka,Angelina,Pettit,Jawaun
Pettit,Armando,Onizuka,Angelina,Pettit,Jawaun
Pettit,Liz,Onizuka,Angelina,Pettit,Jawaun
Pettit,Arnold,Onizuka,Angelina,Pettit,Jawaun
Pettit,Hope,Onizuka,Angelina,Pettit,Jawaun
Pettit,Demonte,Onizuka,Angelina,Pettit,Jawaun
Pettit,Annalisa,Onizuka,Angelina,Pettit,Jawaun
Pettit,Larry,Onizuka,Angelina,Pettit,Jawaun
Pettit,Krystal,Onizuka,Angelina,Pettit,Jawaun
Pettit,Barry,Onizuka,Angelina,Pettit,Jawaun
Pettit,Kitana,Onizuka,Angelina,Pettit,Jawaun
Pettit,Lee,Onizuka,Angelina,Pettit,Jawaun
Pettit,Shannon,Onizuka,Angelina,Pettit,Jawaun
Pettit,Yakov,Onizuka,Angelina,Pettit,Jawaun
Pettit,Caitlin,Onizuka,Angelina,Pettit,Jawaun
Magnus,Sunny,Foreman,Yesenia,Magnus,Duncan
Magnus,Janette,Foreman,Yesenia,Magnus,Duncan
Magnus,Daniel,Foreman,Yesenia,Magnus,Duncan
Herrington,Amy,Hobaugh,Ellie,Herrington,Scott
Magnus,Garrett,Foreman,Yesenia,Magnus,Duncan
Herrington,Kayla,Hobaugh,Ellie,Herrington,Scott
Magnus,Rashaun,Foreman,Yesenia,Magnus,Duncan
Herrington,Chrystal,Hobaugh,Ellie,Herrington,Scott
Magnus,Esau,Foreman,Yesenia,Magnus,Duncan
Covey,Maren,Shriver,Jasmine,Covey,Mohammed
Magnus,Kaden,Foreman,Yesenia,Magnus,Duncan
Covey,Elizabet,Shriver,Jasmine,Covey,Mohammed
Covey,Gilbert,Shriver,Jasmine,Covey,Mohammed
Covey,Raegan,Shriver,Jasmine,Covey,Mohammed
Covey,Bryant,Shriver,Jasmine,Covey,Mohammed
Covey,Itati,Shriver,Jasmine,Covey,Mohammed
Covey,Darrius,Shriver,Jasmine,Covey,Mohammed
Covey,Coral,Shriver,Jasmine,Covey,Mohammed
Covey,Jerry,Shriver,Jasmine,Covey,Mohammed
Covey,Yasmeen,Shriver,Jasmine,Covey,Mohammed
Covey,Ward,Shriver,Jasmine,Covey,Mohammed
Covey,Danae,Shriver,Jasmine,Covey,Mohammed
Covey,Josejuan,Shriver,Jasmine,Covey,Mohammed
Covey,Dixie,Shriver,Jasmine,Covey,Mohammed
Covey,Anton,Shriver,Jasmine,Covey,Mohammed
Buchanan,Adrian,McCool,Shauna,Buchanan,Garin
Covey,Bennett,Shriver,Jasmine,Covey,Mohammed
Buchanan,Addison,McCool,Shauna,Buchanan,Garin
Covey,Gerard,Shriver,Jasmine,Covey,Mohammed
Buchanan,Teresa,McCool,Shauna,Buchanan,Garin
Buchanan,Zane,McCool,Shauna,Buchanan,Garin
Buchanan,Amber,McCool,Shauna,Buchanan,Garin
Buchanan,Conor,McCool,Shauna,Buchanan,Garin
Buchanan,Dakota,McCool,Shauna,Buchanan,Garin
Buchanan,Gage,McCool,Shauna,Buchanan,Garin
Buchanan,Carol,McCool,Shauna,Buchanan,Garin
Buchanan,Fernando,McCool,Shauna,Buchanan,Garin
Apt,Briana,Garfield,Clare,Apt,Ladarius
Buchanan,Courtney,McCool,Shauna,Buchanan,Garin
Apt,Niyah,Garfield,Clare,Apt,Ladarius
Buchanan,Denzell,McCool,Shauna,Buchanan,Garin
Apt,Carly,Garfield,Clare,Apt,Ladarius
Buchanan,Jace,McCool,Shauna,Buchanan,Garin
Apt,Joyce,Garfield,Clare,Apt,Ladarius
Buchanan,Jeramie,McCool,Shauna,Buchanan,Garin
Apt,Lexi,Garfield,Clare,Apt,Ladarius
Buchanan,Eugene,McCool,Shauna,Buchanan,Garin
Lincoln,Peyton,Collins,Breonna,Lincoln,Calvin
Buchanan,Gerald,McCool,Shauna,Buchanan,Garin
Lincoln,Alexi,Collins,Breonna,Lincoln,Calvin
Apt,Cedric,Garfield,Clare,Apt,Ladarius
Lincoln,Isamar,Collins,Breonna,Lincoln,Calvin
Apt,Ignacio,Garfield,Clare,Apt,Ladarius
Lincoln,Flor,Collins,Breonna,Lincoln,Calvin
Lincoln,Jovon,Collins,Breonna,Lincoln,Calvin
Lincoln,Alina,Collins,Breonna,Lincoln,Calvin
Lincoln,Cristian,Collins,Breonna,Lincoln,Calvin
Lincoln,Keisha,Collins,Breonna,Lincoln,Calvin
Lincoln,Josiah,Collins,Breonna,Lincoln,Calvin
Lincoln,Moesha,Collins,Breonna,Lincoln,Calvin
Lincoln,Raymond,Collins,Breonna,Lincoln,Calvin
Parker,Cristina,Arthur,Jackie,Parker,Jake
Lincoln,Callahan,Collins,Breonna,Lincoln,Calvin
Parker,Marina,Arthur,Jackie,Parker,Jake
Parker,Rafael,Arthur,Jackie,Parker,Jake
Parker,Willow,Arthur,Jackie,Parker,Jake
Parker,Walker,Arthur,Jackie,Parker,Jake
Parker,Karlee,Arthur,Jackie,Parker,Jake
Parker,Roger,Arthur,Jackie,Parker,Jake
Parker,Stacey,Arthur,Jackie,Parker,Jake
Parker,Kendrick,Arthur,Jackie,Parker,Jake
Shaw,Kaylah,Gruber,Christine,Shaw,Maleek
Parker,Bryson,Arthur,Jackie,Parker,Jake
Shaw,Patrice,Gruber,Christine,Shaw,Maleek
Parker,Kristian,Arthur,Jackie,Parker,Jake
Shaw,Rosemary,Gruber,Christine,Shaw,Maleek
Shaw,Zakery,Gruber,Christine,Shaw,Maleek
Shaw,Shaina,Gruber,Christine,Shaw,Maleek
Shaw,Andres,Gruber,Christine,Shaw,Maleek
Shaw,Helen,Gruber,Christine,Shaw,Maleek
Shaw,Justice,Gruber,Christine,Shaw,Maleek
Schweickart,Moesha,Fincke,Shawn,Schweickart,Sheldon
Schweickart,Gunnar,Fincke,Shawn,Schweickart,Sheldon
Schweickart,Audrey,Fincke,Shawn,Schweickart,Sheldon
Cockrell,Elijah,Cernan,Jaylynn,Cockrell,Douglas
Schweickart,Janell,Fincke,Shawn,Schweickart,Sheldon
Cockrell,Nicholas,Cernan,Jaylynn,Cockrell,Douglas
Schweickart,Nicole,Fincke,Shawn,Schweickart,Sheldon
Cockrell,Clint,Cernan,Jaylynn,Cockrell,Douglas
Schweickart,Kaitlyn,Fincke,Shawn,Schweickart,Sheldon
Cockrell,Donte,Cernan,Jaylynn,Cockrell,Douglas
Schweickart,Tanna,Fincke,Shawn,Schweickart,Sheldon
Cockrell,Dante,Cernan,Jaylynn,Cockrell,Douglas
Cockrell,Nancy,Cernan,Jaylynn,Cockrell,Douglas
Cockrell,Mohammed,Cernan,Jaylynn,Cockrell,Douglas
Cockrell,Simone,Cernan,Jaylynn,Cockrell,Douglas
See,Dequan,Gregory,Yajayra,See,Jared
Cockrell,Caylin,Cernan,Jaylynn,Cockrell,Douglas
See,Jamar,Gregory,Yajayra,See,Jared
Cockrell,Mari,Cernan,Jaylynn,Cockrell,Douglas
See,Rashaun,Gregory,Yajayra,See,Jared
See,Destiney,Gregory,Yajayra,See,Jared
See,Colbey,Gregory,Yajayra,See,Jared
See,Cecelia,Gregory,Yajayra,See,Jared
See,Luke,Gregory,Yajayra,See,Jared
See,Heather,Gregory,Yajayra,See,Jared
See,Ryland,Gregory,Yajayra,See,Jared
See,Maisie,Gregory,Yajayra,See,Jared
See,Stefan,Gregory,Yajayra,See,Jared
See,Linda,Gregory,Yajayra,See,Jared
See,Saxon,Gregory,Yajayra,See,Jared
See,Liza,Gregory,Yajayra,See,Jared
Walker,Kelsey,Weber,Tia,Walker,Zackery
See,Elaine,Gregory,Yajayra,See,Jared
Walker,Sebastien,Weber,Tia,Walker,Zackery
See,Ilana,Gregory,Yajayra,See,Jared
Walker,Trenton,Weber,Tia,Walker,Zackery
See,Tania,Gregory,Yajayra,See,Jared
Onizuka,Benny,Phillips,Kori,Pettit,Dandre,Boilermaker
Walker,Kendall,Weber,Tia,Walker,Zackery
Walker,Sandy,Weber,Tia,Walker,Zackery
Walker,Jaron,Weber,Tia,Walker,Zackery
Walker,Josey,Weber,Tia,Walker,Zackery
Walker,Kristian,Weber,Tia,Walker,Zackery
Walker,Shanice,Weber,Tia,Walker,Zackery
Walker,Saul,Weber,Tia,Walker,Zackery
Walker,Lila,Weber,Tia,Walker,Zackery
Walker,Freeman,Weber,Tia,Walker,Zackery
Walker,Lexus,Weber,Tia,Walker,Zackery
Walker,Quintin,Weber,Tia,Walker,Zackery
Walker,Ivelisse,Weber,Tia,Walker,Zackery
Walker,Marquise,Weber,Tia,Walker,Zackery
Walker,Alyssa,Weber,Tia,Walker,Zackery
Walker,Seth,Weber,Tia,Walker,Zackery
Walker,Michele,Weber,Tia,Walker,Zackery
Kilrain,Grayson,McNair,Dena,Kilrain,Damian
Kilrain,Essence,McNair,Dena,Kilrain,Damian
Kilrain,Chadwick,McNair,Dena,Kilrain,Damian
Kilrain,Marie,McNair,Dena,Kilrain,Damian
Kilrain,Ahmed,McNair,Dena,Kilrain,Damian
Kilrain,Wendy,McNair,Dena,Kilrain,Damian
Kilrain,Jarred,McNair,Dena,Kilrain,Damian
Kilrain,Dominique,McNair,Dena,Kilrain,Damian
Kilrain,Duncan,McNair,Dena,Kilrain,Damian
Ewing,Kayleen,Pettit,Corina,Ewing,Clayton
Kilrain,Wanya,McNair,Dena,Kilrain,Damian
Ewing,Elizabeth,Pettit,Corina,Ewing,Clayton
Kilrain,Asher,McNair,Dena,Kilrain,Damian
Ewing,Brittany,Pettit,Corina,Ewing,Clayton
Kilrain,Timothy,McNair,Dena,Kilrain,Damian
Ewing,Chyanne,Pettit,Corina,Ewing,Clayton
Kilrain,Liam,McNair,Dena,Kilrain,Damian
Ewing,Justine,Pettit,Corina,Ewing,Clayton
Kilrain,Brayden,McNair,Dena,Kilrain,Damian
Ewing,Blaze,Pettit,Corina,Ewing,Clayton
Kilrain,Erin,McNair,Dena,Kilrain,Damian
Ewing,Allegra,Pettit,Corina,Ewing,Clayton
Ewing,Branden,Pettit,Corina,Ewing,Clayton
Ewing,Georgia,Pettit,Corina,Ewing,Clayton
Ewing,Samson,Pettit,Corina,Ewing,Clayton
Ewing,Anthony,Pettit,Corina,Ewing,Clayton
Ewing,Christian,Pettit,Corina,Ewing,Clayton
Ewing,Martha,Pettit,Corina,Ewing,Clayton
Ewing,Dane,Pettit,Corina,Ewing,Clayton
Ewing,Abbigail,Pettit,Corina,Ewing,Clayton
Ewing,Tyrone,Pettit,Corina,Ewing,Clayton
Ewing,Yadira,Pettit,Corina,Ewing,Clayton
Ewing,Peyton,Pettit,Corina,Ewing,Clayton
Ewing,Kinsey,Pettit,Corina,Ewing,Clayton
Phillips,Tyrell,Pettit,Marlena,Phillips,Buford
Phillips,Xochitl,Pettit,Marlena,Phillips,Buford
Phillips,Marcell,Pettit,Marlena,Phillips,Buford
Phillips,Amina,Pettit,Marlena,Phillips,Buford
Phillips,Damon,Pettit,Marlena,Phillips,Buford
Phillips,Madelyn,Pettit,Marlena,Phillips,Buford
Phillips,Demarcus,Pettit,Marlena,Phillips,Buford
Phillips,Harley,Pettit,Marlena,Phillips,Buford
Pettit,Garrison,Herrington,Amy,Pettit,Soren
Pettit,Yessenia,Magnus,Janette,Pettit,Jovan
Pettit,Harry,Herrington,Amy,Pettit,Soren
Pettit,Jacquelin,Magnus,Janette,Pettit,Jovan
Pettit,Orion,Herrington,Amy,Pettit,Soren
Pettit,Baily,Magnus,Janette,Pettit,Jovan
Pettit,Kendrick,Herrington,Amy,Pettit,Soren
Pettit,Veronica,Magnus,Janette,Pettit,Jovan
Pettit,Bretton,Herrington,Amy,Pettit,Soren
Pettit,Makenzi,Herrington,Amy,Pettit,Soren
Pettit,Kyler,Herrington,Amy,Pettit,Soren
Pettit,Suzette,Herrington,Amy,Pettit,Soren
Pettit,Amir,Herrington,Amy,Pettit,Soren
Pettit,Jena,Herrington,Amy,Pettit,Soren
Pettit,Jayson,Herrington,Kayla,Pettit,Armando
Pettit,Kelcee,Herrington,Amy,Pettit,Soren
Pettit,Mathew,Herrington,Kayla,Pettit,Armando
Pettit,Cherokee,Herrington,Kayla,Pettit,Armando
Pettit,Shaquille,Herrington,Kayla,Pettit,Armando
Pettit,Marlee,Herrington,Kayla,Pettit,Armando
Pettit,Zane,Herrington,Kayla,Pettit,Armando
Pettit,Toni,Herrington,Chrystal,Pettit,Arnold
Pettit,Jalil,Herrington,Kayla,Pettit,Armando
Pettit,Sharae,Herrington,Chrystal,Pettit,Arnold
Pettit,Ricardo,Herrington,Kayla,Pettit,Armando
Pettit,Maricela,Herrington,Chrystal,Pettit,Arnold
Pettit,Ron,Herrington,Chrystal,Pettit,Arnold
Pettit,Miriam,Herrington,Chrystal,Pettit,Arnold
Pettit,Cedric,Herrington,Chrystal,Pettit,Arnold
Pettit,Nadine,Herrington,Chrystal,Pettit,Arnold
Pettit,Arjun,Herrington,Chrystal,Pettit,Arnold
Pettit,Lorena,Herrington,Chrystal,Pettit,Arnold
Pettit,Geordan,Herrington,Chrystal,Pettit,Arnold
Pettit,Paige,Herrington,Chrystal,Pettit,Arnold
Pettit,Arian,Herrington,Chrystal,Pettit,Arnold
Pettit,Kierra,Herrington,Chrystal,Pettit,Arnold
Pettit,Ariel,Covey,Maren,Pettit,Demonte
Pettit,Ruth,Herrington,Chrystal,Pettit,Arnold
Pettit,Tyrell,Covey,Maren,Pettit,Demonte
Pettit,Jamee,Covey,Maren,Pettit,Demonte
Pettit,Ramiro,Covey,Maren,Pettit,Demonte
Pettit,Mikayla,Covey,Maren,Pettit,Demonte
Pettit,Sebastian,Covey,Maren,Pettit,Demonte
Pettit,Tiffanie,Covey,Maren,Pettit,Demonte
Pettit,Deshawn,Covey,Maren,Pettit,Demonte
Pettit,Sandy,Covey,Maren,Pettit,Demonte
Pettit,Damian,Covey,Maren,Pettit,Demonte
Pettit,Mikaela,Covey,Maren,Pettit,Demonte
Pettit,Colin,Covey,Maren,Pettit,Demonte
Pettit,Aimee,Covey,Maren,Pettit,Demonte
Pettit,Kieran,Covey,Maren,Pettit,Demonte
Pettit,Halie,Covey,Maren,Pettit,Demonte
Pettit,Chadwick,Covey,Maren,Pettit,Demonte
Pettit,Alex,Covey,Maren,Pettit,Demonte
Pettit,Quayshawn,Covey,Elizabet,Pettit,Larry
Pettit,Ashlee,Covey,Maren,Pettit,Demonte
Pettit,Javen,Covey,Elizabet,Pettit,Larry
Pettit,Keanna,Covey,Elizabet,Pettit,Larry
Pettit,Tyreek,Covey,Elizabet,Pettit,Larry
Pettit,Jessa,Covey,Elizabet,Pettit,Larry
Pettit,Jeffery,Covey,Elizabet,Pettit,Larry
Pettit,Kayli,Covey,Elizabet,Pettit,Larry
Pettit,Warren,Covey,Elizabet,Pettit,Larry
Pettit,Bryana,Covey,Elizabet,Pettit,Larry
Pettit,Caleb,Covey,Elizabet,Pettit,Larry
Pettit,Sania,Covey,Elizabet,Pettit,Larry
Pettit,Raymond,Covey,Elizabet,Pettit,Larry
Pettit,Amna,Covey,Elizabet,Pettit,Larry
Pettit,Alonso,Covey,Elizabet,Pettit,Larry
Pettit,Mahogany,Covey,Raegan,Pettit,Barry
Pettit,Brandon,Covey,Elizabet,Pettit,Larry
Pettit,Katelynn,Covey,Raegan,Pettit,Barry
Pettit,Rodolfo,Covey,Elizabet,Pettit,Larry
Pettit,Krista,Covey,Raegan,Pettit,Barry
Pettit,Maleek,Covey,Raegan,Pettit,Barry
Pettit,Chelsie,Covey,Raegan,Pettit,Barry
Pettit,Daxton,Covey,Raegan,Pettit,Barry
Pettit,Emma,Covey,Raegan,Pettit,Barry
Pettit,Aspen,Covey,Raegan,Pettit,Barry
Pettit,Breann,Covey,Raegan,Pettit,Barry
Pettit,Babyboy,Covey,Raegan,Pettit,Barry
Pettit,Kierstin,Covey,Raegan,Pettit,Barry
Pettit,Landon,Covey,Raegan,Pettit,Barry
Pettit,Carolina,Covey,Raegan,Pettit,Barry
Pettit,Bennie,Covey,Raegan,Pettit,Barry
Pettit,Yesenia,Covey,Raegan,Pettit,Barry
Pettit,Mohammad,Covey,Itati,Pettit,Lee
Pettit,Desiree,Covey,Itati,Pettit,Lee
Pettit,Esteban,Covey,Itati,Pettit,Lee
Pettit,Lianna,Covey,Itati,Pettit,Lee
Pettit,Drake,Covey,Itati,Pettit,Lee
Pettit,Reyanna,Covey,Itati,Pettit,Lee
Pettit,Edgar,Covey,Itati,Pettit,Lee
Pettit,Nyla,Covey,Itati,Pettit,Lee
Pettit,Edwin,Covey,Itati,Pettit,Lee
Pettit,Rose,Covey,Coral,Pettit,Yakov
Pettit,Ernest,Covey,Coral,Pettit,Yakov
Pettit,Annabel,Covey,Coral,Pettit,Yakov
Pettit,Brannon,Covey,Coral,Pettit,Yakov
Pettit,Kaylynn,Covey,Coral,Pettit,Yakov
Pettit,Wilmer,Covey,Coral,Pettit,Yakov
Pettit,Lea,Covey,Coral,Pettit,Yakov
Pettit,Howard,Covey,Coral,Pettit,Yakov
Pettit,Cheyanne,Covey,Coral,Pettit,Yakov
Pettit,Grant,Covey,Coral,Pettit,Yakov
Pettit,Reagan,Covey,Coral,Pettit,Yakov
Pettit,Roberto,Covey,Coral,Pettit,Yakov
Pettit,Karena,Covey,Coral,Pettit,Yakov
Pettit,Brennon,Covey,Coral,Pettit,Yakov
Pettit,Trista,Covey,Coral,Pettit,Yakov
Pettit,Maverick,Covey,Coral,Pettit,Yakov
Pettit,Brittney,Covey,Coral,Pettit,Yakov
Pettit,Benny,Covey,Coral,Pettit,Yakov
Pettit,Ebony,Covey,Coral,Pettit,Yakov
Magnus,Justyn,Pettit,Beatriz,Magnus,Sunny
Pettit,Bethany,Covey,Coral,Pettit,Yakov
Magnus,Cristian,Pettit,Beatriz,Magnus,Sunny
Magnus,Sheri,Pettit,Beatriz,Magnus,Sunny
Magnus,Pedro,Pettit,Kaira,Magnus,Daniel
Magnus,Siarra,Pettit,Beatriz,Magnus,Sunny
Magnus,Joan,Pettit,Liz,Magnus,Garrett
Magnus,Darrian,Pettit,Beatriz,Magnus,Sunny
Magnus,Forrest,Pettit,Liz,Magnus,Garrett
Magnus,Maegen,Pettit,Kaira,Magnus,Daniel
Magnus,Addison,Pettit,Liz,Magnus,Garrett
Magnus,Loren,Pettit,Kaira,Magnus,Daniel
Magnus,Marc,Pettit,Hope,Magnus,Rashaun
Magnus,Taylor,Pettit,Kaira,Magnus,Daniel
Magnus,Abraham,Pettit,Hope,Magnus,Rashaun
Magnus,Dyamond,Pettit,Liz,Magnus,Garrett
Magnus,Hiram,Pettit,Hope,Magnus,Rashaun
Magnus,Sylvia,Pettit,Liz,Magnus,Garrett
Magnus,Isaias,Pettit,Hope,Magnus,Rashaun
Magnus,Sabreen,Pettit,Liz,Magnus,Garrett
Magnus,Gunner,Pettit,Hope,Magnus,Rashaun
Magnus,Michal,Pettit,Liz,Magnus,Garrett
Magnus,Abdiel,Pettit,Hope,Magnus,Rashaun
Magnus,Amberly,Pettit,Hope,Magnus,Rashaun
Magnus,Jacori,Pettit,Hope,Magnus,Rashaun
Magnus,Amelia,Pettit,Hope,Magnus,Rashaun
Magnus,Miles,Pettit,Annalisa,Magnus,Esau
Magnus,Natalya,Pettit,Hope,Magnus,Rashaun
Magnus,Noe,Pettit,Annalisa,Magnus,Esau
Magnus,Keara,Pettit,Hope,Magnus,Rashaun
Magnus,Shareef,Pettit,Annalisa,Magnus,Esau
Magnus,Tara,Pettit,Hope,Magnus,Rashaun
Magnus,Terron,Pettit,Annalisa,Magnus,Esau
Magnus,Charlene,Pettit,Hope,Magnus,Rashaun
Magnus,Raphael,Pettit,Annalisa,Magnus,Esau
Magnus,Emily,Pettit,Hope,Magnus,Rashaun
Magnus,Kamau,Pettit,Annalisa,Magnus,Esau
Magnus,Joi,Pettit,Hope,Magnus,Rashaun
Magnus,Darius,Pettit,Annalisa,Magnus,Esau
Magnus,Destany,Pettit,Annalisa,Magnus,Esau
Magnus,Tysheem,Pettit,Annalisa,Magnus,Esau
Magnus,Gwendolyn,Pettit,Annalisa,Magnus,Esau
Magnus,Avery,Pettit,Krystal,Magnus,Kaden
Magnus,Tory,Pettit,Annalisa,Magnus,Esau
Magnus,Marquise,Pettit,Krystal,Magnus,Kaden
Magnus,Aleah,Pettit,Krystal,Magnus,Kaden
Magnus,Isidro,Pettit,Krystal,Magnus,Kaden
Magnus,Kiersten,Pettit,Krystal,Magnus,Kaden
Magnus,Matthew,Pettit,Krystal,Magnus,Kaden
Magnus,Christian,Pettit,Krystal,Magnus,Kaden
Magnus,Jeff,Pettit,Krystal,Magnus,Kaden
Magnus,Chrystal,Pettit,Krystal,Magnus,Kaden
Magnus,Royce,Pettit,Krystal,Magnus,Kaden
Magnus,Baby,Pettit,Krystal,Magnus,Kaden
Magnus,Kyler,Pettit,Krystal,Magnus,Kaden
Magnus,Kelley,Pettit,Krystal,Magnus,Kaden
Magnus,Jayce,Pettit,Krystal,Magnus,Kaden
Covey,Savana,Pettit,Kitana,Covey,Gilbert
Covey,Ismael,Pettit,Kitana,Covey,Gilbert
Covey,Frances,Pettit,Kitana,Covey,Gilbert
Covey,Jacoby,Pettit,Kitana,Covey,Gilbert
Covey,Abbey,Pettit,Kitana,Covey,Gilbert
Covey,Arjun,Pettit,Kitana,Covey,Gilbert
Covey,Isadora,Pettit,Kitana,Covey,Gilbert
Covey,Van,Pettit,Kitana,Covey,Gilbert
Covey,Ivory,Pettit,Kitana,Covey,Gilbert
Covey,Mike,Pettit,Kitana,Covey,Gilbert
Covey,Cheyenne,Pettit,Shannon,Covey,Bryant
Covey,Camron,Pettit,Kitana,Covey,Gilbert
Covey,Sophie,Pettit,Shannon,Covey,Bryant
Covey,Cristobal,Pettit,Kitana,Covey,Gilbert
Covey,Beatriz,Pettit,Shannon,Covey,Bryant
Covey,Niko,Pettit,Kitana,Covey,Gilbert
Covey,Alannah,Pettit,Shannon,Covey,Bryant
Covey,Jabari,Pettit,Shannon,Covey,Bryant
Covey,Robin,Pettit,Shannon,Covey,Bryant
Covey,Quinn,Pettit,Shannon,Covey,Bryant
Covey,Macey,Pettit,Shannon,Covey,Bryant
Covey,Dedrick,Pettit,Shannon,Covey,Bryant
Covey,Destiny,Pettit,Shannon,Covey,Bryant
Covey,Izaiah,Pettit,Caitlin,Covey,Darrius
Covey,Vianey,Pettit,Shannon,Covey,Bryant
Covey,Amir,Pettit,Caitlin,Covey,Darrius
Covey,Carmela,Pettit,Shannon,Covey,Bryant
Covey,Trae,Pettit,Caitlin,Covey,Darrius
Covey,Zabrina,Pettit,Caitlin,Covey,Darrius
Covey,Leland,Pettit,Caitlin,Covey,Darrius
Covey,Ronni,Pettit,Caitlin,Covey,Darrius
Covey,Jarrett,Pettit,Caitlin,Covey,Darrius
Covey,Helen,Pettit,Caitlin,Covey,Darrius
Covey,Cruz,Pettit,Caitlin,Covey,Darrius
Covey,Ivana,Pettit,Caitlin,Covey,Darrius
Covey,Brent,Pettit,Caitlin,Covey,Darrius
Covey,Margarita,Pettit,Caitlin,Covey,Darrius
Covey,Valentin,Pettit,Caitlin,Covey,Darrius
Covey,Karissa,Pettit,Caitlin,Covey,Darrius
Covey,Bradlee,Pettit,Caitlin,Covey,Darrius
Covey,Maryssa,Pettit,Caitlin,Covey,Darrius
Covey,Latrell,Buchanan,Adrian,Covey,Jerry
Covey,Adriana,Pettit,Caitlin,Covey,Darrius
Covey,Isaias,Buchanan,Adrian,Covey,Jerry
Covey,Banesa,Pettit,Caitlin,Covey,Darrius
Covey,Alvin,Buchanan,Adrian,Covey,Jerry
Covey,Marlen,Buchanan,Adrian,Covey,Jerry
Covey,Kelton,Buchanan,Adrian,Covey,Jerry
Covey,Shianne,Buchanan,Adrian,Covey,Jerry
Covey,Matthew,Buchanan,Adrian,Covey,Jerry
Covey,Ciara,Buchanan,Adrian,Covey,Jerry
Covey,Reed,Buchanan,Adrian,Covey,Jerry
Covey,Dandrea,Buchanan,Adrian,Covey,Jerry
Covey,Lionel,Buchanan,Adrian,Covey,Jerry
Covey,Olga,Buchanan,Adrian,Covey,Jerry
Covey,Byron,Buchanan,Adrian,Covey,Jerry
Covey,Latasha,Buchanan,Adrian,Covey,Jerry
Covey,Hayes,Buchanan,Adrian,Covey,Jerry
Covey,Sabrina,Buchanan,Addison,Covey,Ward
Covey,Shane,Buchanan,Addison,Covey,Ward
Covey,Bryn,Buchanan,Addison,Covey,Ward
Covey,Lamonte,Buchanan,Addison,Covey,Ward
Covey,Alessandra,Buchanan,Addison,Covey,Ward
Covey,Toby,Buchanan,Addison,Covey,Ward
Covey,Francisca,Buchanan,Addison,Covey,Ward
Covey,Kenneth,Buchanan,Addison,Covey,Ward
Covey,Karishma,Buchanan,Teresa,Covey,Josejuan
Covey,Kelvin,Buchanan,Addison,Covey,Ward
Covey,Malia,Buchanan,Teresa,Covey,Josejuan
Covey,Raheem,Buchanan,Addison,Covey,Ward
Covey,Jaime,Buchanan,Teresa,Covey,Josejuan
Covey,Johnathen,Buchanan,Addison,Covey,Ward
Covey,Celena,Buchanan,Teresa,Covey,Josejuan
Covey,Edward,Buchanan,Addison,Covey,Ward
Covey,Blair,Buchanan,Teresa,Covey,Josejuan
Covey,Tad,Buchanan,Addison,Covey,Ward
Covey,Sheniqua,Buchanan,Teresa,Covey,Josejuan
Covey,Frank,Buchanan,Addison,Covey,Ward
Covey,Samara,Buchanan,Teresa,Covey,Josejuan
Covey,Dorian,Buchanan,Addison,Covey,Ward
Covey,Angelique,Buchanan,Teresa,Covey,Josejuan
Covey,Daryl,Buchanan,Addison,Covey,Ward
Covey,Susana,Buchanan,Teresa,Covey,Josejuan
Covey,Lawrence,Buchanan,Teresa,Covey,Josejuan
Covey,Aishah,Buchanan,Amber,Covey,Anton
Covey,Jaylen,Buchanan,Teresa,Covey,Josejuan
Covey,Kitana,Buchanan,Amber,Covey,Anton
Covey,Howard,Buchanan,Teresa,Covey,Josejuan
Covey,Krista,Buchanan,Amber,Covey,Anton
Covey,Jovon,Buchanan,Teresa,Covey,Josejuan
Covey,Alexa,Buchanan,Amber,Covey,Anton
Covey,Rafael,Buchanan,Amber,Covey,Anton
Covey,Elana,Buchanan,Amber,Covey,Anton
Covey,Kieran,Buchanan,Amber,Covey,Anton
Covey,Gabriel,Buchanan,Amber,Covey,Anton
Covey,Misael,Buchanan,Amber,Covey,Anton
Covey,Meghan,Buchanan,Amber,Covey,Anton
Covey,Erick,Buchanan,Amber,Covey,Anton
Covey,Reina,Buchanan,Amber,Covey,Anton
Covey,Ever,Buchanan,Amber,Covey,Anton
Covey,Zoey,Buchanan,Amber,Covey,Anton
Covey,Jayson,Buchanan,Dakota,Covey,Bennett
Covey,Marcia,Buchanan,Amber,Covey,Anton
Covey,Philip,Buchanan,Dakota,Covey,Bennett
Covey,Keri,Buchanan,Amber,Covey,Anton
Covey,Trentin,Buchanan,Dakota,Covey,Bennett
Covey,Leanna,Buchanan,Dakota,Covey,Bennett
Covey,Anthoni,Buchanan,Dakota,Covey,Bennett
Covey,Destinee,Buchanan,Dakota,Covey,Bennett
Covey,Adan,Buchanan,Dakota,Covey,Bennett
Covey,Harlie,Buchanan,Dakota,Covey,Bennett
Covey,Daquan,Buchanan,Dakota,Covey,Bennett
Covey,Devyn,Buchanan,Dakota,Covey,Bennett
Covey,San,Buchanan,Carol,Covey,Gerard
Covey,Jada,Buchanan,Carol,Covey,Gerard
Covey,Garrick,Buchanan,Carol,Covey,Gerard
Covey,Merissa,Buchanan,Carol,Covey,Gerard
Covey,Antonio,Buchanan,Carol,Covey,Gerard
Covey,Sherridan,Buchanan,Carol,Covey,Gerard
Covey,Mohamed,Buchanan,Carol,Covey,Gerard
Covey,Aylssa,Buchanan,Carol,Covey,Gerard
Covey,Kai,Buchanan,Carol,Covey,Gerard
Buchanan,Carla,Covey,Yasmeen,Buchanan,Zane
Buchanan,Alvaro,Covey,Yasmeen,Buchanan,Zane
Buchanan,Gina,Covey,Yasmeen,Buchanan,Zane
Buchanan,Arnold,Covey,Yasmeen,Buchanan,Zane
Buchanan,Kristina,Covey,Yasmeen,Buchanan,Zane
Buchanan,Darren,Covey,Yasmeen,Buchanan,Zane
Buchanan,Sherry,Covey,Yasmeen,Buchanan,Zane
Buchanan,Stewart,Covey,Yasmeen,Buchanan,Zane
Buchanan,Janet,Covey,Yasmeen,Buchanan,Zane
Buchanan,Marquise,Covey,Yasmeen,Buchanan,Zane
Buchanan,Chelsey,Covey,Yasmeen,Buchanan,Zane
Buchanan,Nestor,Covey,Yasmeen,Buchanan,Zane
Buchanan,Shirley,Covey,Danae,Buchanan,Conor
Buchanan,Justin,Covey,Yasmeen,Buchanan,Zane
Buchanan,Benita,Covey,Danae,Buchanan,Conor
Buchanan,Menachem,Covey,Yasmeen,Buchanan,Zane
Buchanan,Domonique,Covey,Dixie,Buchanan,Gage
Buchanan,Carson,Covey,Yasmeen,Buchanan,Zane
Buchanan,Audrey,Covey,Dixie,Buchanan,Gage
Buchanan,Cruz,Covey,Yasmeen,Buchanan,Zane
Buchanan,Krupa,Apt,Briana,Buchanan,Fernando
Buchanan,Raheem,Covey,Yasmeen,Buchanan,Zane
Buchanan,Macy,Apt,Briana,Buchanan,Fernando
Buchanan,Stephon,Covey,Yasmeen,Buchanan,Zane
Buchanan,Samira,Apt,Briana,Buchanan,Fernando
Buchanan,Tristen,Covey,Danae,Buchanan,Conor
Buchanan,Liz,Apt,Niyah,Buchanan,Courtney
Buchanan,Preston,Covey,Danae,Buchanan,Conor
Buchanan,Ayesha,Apt,Niyah,Buchanan,Courtney
Buchanan,Rogelio,Covey,Danae,Buchanan,Conor
Buchanan,Jeanette,Apt,Carly,Buchanan,Denzell
Buchanan,Sebastian,Covey,Dixie,Buchanan,Gage
Buchanan,Kimberlee,Apt,Carly,Buchanan,Denzell
Buchanan,Marvin,Covey,Dixie,Buchanan,Gage
Buchanan,Brielle,Apt,Carly,Buchanan,Denzell
Buchanan,Chaim,Covey,Dixie,Buchanan,Gage
Buchanan,Peyton,Apt,Carly,Buchanan,Denzell
Buchanan,Elvin,Covey,Dixie,Buchanan,Gage
Buchanan,Unique,Apt,Joyce,Buchanan,Jace
Buchanan,Braxton,Apt,Briana,Buchanan,Fernando
Buchanan,Shane,Apt,Joyce,Buchanan,Jace
Buchanan,Trentin,Apt,Briana,Buchanan,Fernando
Buchanan,Sophia,Apt,Joyce,Buchanan,Jace
Buchanan,Brannon,Apt,Briana,Buchanan,Fernando
Buchanan,Kiera,Apt,Joyce,Buchanan,Jace
Buchanan,Tracy,Apt,Briana,Buchanan,Fernando
Buchanan,Nyasia,Apt,Lexi,Buchanan,Jeramie
Buchanan,Stephen,Apt,Niyah,Buchanan,Courtney
Buchanan,Celina,Apt,Lexi,Buchanan,Jeramie
Buchanan,Terrence,Apt,Carly,Buchanan,Denzell
Buchanan,Chelsy,Apt,Lexi,Buchanan,Jeramie
Buchanan,Brayden,Apt,Carly,Buchanan,Denzell
Buchanan,Joan,Apt,Lexi,Buchanan,Jeramie
Buchanan,Bradly,Apt,Carly,Buchanan,Denzell
Buchanan,Lexi,Apt,Lexi,Buchanan,Jeramie
Buchanan,Blaine,Apt,Carly,Buchanan,Denzell
Buchanan,Ramona,Apt,Lexi,Buchanan,Jeramie
Buchanan,Tucker,Apt,Joyce,Buchanan,Jace
Buchanan,Paxton,Lincoln,Peyton,Buchanan,Eugene
Buchanan,Norman,Apt,Joyce,Buchanan,Jace
Buchanan,Donisha,Lincoln,Peyton,Buchanan,Eugene
Buchanan,Jonathon,Apt,Joyce,Buchanan,Jace
Buchanan,Lynn,Lincoln,Peyton,Buchanan,Eugene
Buchanan,German,Apt,Joyce,Buchanan,Jace
Buchanan,Ariana,Lincoln,Alexi,Buchanan,Gerald
Buchanan,Adan,Apt,Joyce,Buchanan,Jace
Buchanan,Michaela,Lincoln,Alexi,Buchanan,Gerald
Buchanan,Neal,Apt,Joyce,Buchanan,Jace
Buchanan,Jamiya,Lincoln,Alexi,Buchanan,Gerald
Buchanan,Tyrone,Apt,Joyce,Buchanan,Jace
Buchanan,Sheridan,Lincoln,Alexi,Buchanan,Gerald
Buchanan,Moises,Apt,Joyce,Buchanan,Jace
Buchanan,Haiden,Lincoln,Alexi,Buchanan,Gerald
Buchanan,Jay,Apt,Lexi,Buchanan,Jeramie
Buchanan,Shoshana,Lincoln,Alexi,Buchanan,Gerald
Buchanan,Carlos,Apt,Lexi,Buchanan,Jeramie
Buchanan,Anabel,Lincoln,Alexi,Buchanan,Gerald
Buchanan,Jeffrey,Apt,Lexi,Buchanan,Jeramie
Buchanan,Nancy,Lincoln,Alexi,Buchanan,Gerald
Buchanan,Devin,Apt,Lexi,Buchanan,Jeramie
Buchanan,Jean,Lincoln,Alexi,Buchanan,Gerald
Buchanan,Jeb,Apt,Lexi,Buchanan,Jeramie
Buchanan,Caitlan,Lincoln,Alexi,Buchanan,Gerald
Buchanan,Yash,Apt,Lexi,Buchanan,Jeramie
Apt,Anne,Lincoln,Isamar,Apt,Cedric
Buchanan,Kahlil,Apt,Lexi,Buchanan,Jeramie
Apt,Aleasha,Lincoln,Isamar,Apt,Cedric
Buchanan,Marcanthon,Apt,Lexi,Buchanan,Jeramie
Apt,Alexandra,Lincoln,Isamar,Apt,Cedric
Buchanan,Kristofer,Apt,Lexi,Buchanan,Jeramie
Apt,Kelsee,Lincoln,Isamar,Apt,Cedric
Buchanan,Nathanael,Lincoln,Peyton,Buchanan,Eugene
Apt,Siobhan,Lincoln,Isamar,Apt,Cedric
Buchanan,Mohamad,Lincoln,Peyton,Buchanan,Eugene
Apt,Destinee,Lincoln,Isamar,Apt,Cedric
Buchanan,Forest,Lincoln,Peyton,Buchanan,Eugene
Apt,Aesha,Lincoln,Flor,Apt,Ignacio
Buchanan,Davis,Lincoln,Peyton,Buchanan,Eugene
Apt,Mikyla,Lincoln,Flor,Apt,Ignacio
Buchanan,Jacky,Lincoln,Peyton,Buchanan,Eugene
Apt,Madelyn,Lincoln,Flor,Apt,Ignacio
Buchanan,Bruce,Lincoln,Peyton,Buchanan,Eugene
Apt,Coralys,Lincoln,Flor,Apt,Ignacio
Buchanan,Steven,Lincoln,Alexi,Buchanan,Gerald
Apt,Lynda,Lincoln,Flor,Apt,Ignacio
Buchanan,Raekwon,Lincoln,Alexi,Buchanan,Gerald
Apt,Isis,Lincoln,Flor,Apt,Ignacio
Buchanan,Shmuel,Lincoln,Alexi,Buchanan,Gerald
Lincoln,Alycia,Parker,Cristina,Lincoln,Jovon
Buchanan,Spenser,Lincoln,Alexi,Buchanan,Gerald
Lincoln,Scarlett,Parker,Cristina,Lincoln,Jovon
Buchanan,Justyn,Lincoln,Alexi,Buchanan,Gerald
Lincoln,Evelin,Parker,Cristina,Lincoln,Jovon
Buchanan,Dion,Lincoln,Alexi,Buchanan,Gerald
Lincoln,Judith,Parker,Cristina,Lincoln,Jovon
Apt,Britt,Lincoln,Isamar,Apt,Cedric
Lincoln,Estefani,Parker,Cristina,Lincoln,Jovon
Apt,Romeo,Lincoln,Isamar,Apt,Cedric
Lincoln,Guadalupe,Parker,Cristina,Lincoln,Jovon
Apt,Ben,Lincoln,Isamar,Apt,Cedric
Lincoln,Jayla,Parker,Marina,Lincoln,Cristian
Apt,Christian,Lincoln,Isamar,Apt,Cedric
Lincoln,Tori,Parker,Marina,Lincoln,Cristian
Apt,Jake,Lincoln,Isamar,Apt,Cedric
Lincoln,Leana,Parker,Marina,Lincoln,Cristian
Apt,Owen,Lincoln,Isamar,Apt,Cedric
Lincoln,Molli,Parker,Marina,Lincoln,Cristian
Apt,Zackery,Lincoln,Isamar,Apt,Cedric
Lincoln,Zoey,Parker,Marina,Lincoln,Cristian
Apt,Joel,Lincoln,Flor,Apt,Ignacio
Lincoln,Kalsie,Parker,Marina,Lincoln,Cristian
Apt,Eric,Lincoln,Flor,Apt,Ignacio
Lincoln,Shari,Parker,Marina,Lincoln,Cristian
Apt,Esteban,Lincoln,Flor,Apt,Ignacio
Lincoln,Elena,Parker,Marina,Lincoln,Cristian
Apt,Samson,Lincoln,Flor,Apt,Ignacio
Lincoln,Yadira,Parker,Marina,Lincoln,Cristian
Lincoln,Gunnar,Parker,Cristina,Lincoln,Jovon
Lincoln,Clarissa,Parker,Marina,Lincoln,Cristian
Lincoln,Jevin,Parker,Cristina,Lincoln,Jovon
Lincoln,Kaya,Parker,Marina,Lincoln,Cristian
Lincoln,Ulysses,Parker,Cristina,Lincoln,Jovon
Lincoln,Brooklyn,Parker,Willow,Lincoln,Josiah
Lincoln,Jai,Parker,Cristina,Lincoln,Jovon
Lincoln,Beverly,Parker,Willow,Lincoln,Josiah
Lincoln,Jean,Parker,Cristina,Lincoln,Jovon
Lincoln,Rochelle,Parker,Willow,Lincoln,Josiah
Lincoln,Alan,Parker,Cristina,Lincoln,Jovon
Lincoln,Abbigail,Parker,Willow,Lincoln,Josiah
Lincoln,Dylan,Parker,Cristina,Lincoln,Jovon
Lincoln,Stacie,Parker,Willow,Lincoln,Josiah
Lincoln,Nathan,Parker,Cristina,Lincoln,Jovon
Lincoln,Yajaira,Parker,Willow,Lincoln,Josiah
Lincoln,Travon,Parker,Marina,Lincoln,Cristian
Lincoln,Ryann,Parker,Willow,Lincoln,Josiah
Lincoln,Marcanthon,Parker,Marina,Lincoln,Cristian
Lincoln,Kaitlyn,Parker,Willow,Lincoln,Josiah
Lincoln,Dusty,Parker,Marina,Lincoln,Cristian
Lincoln,Ashanti,Parker,Karlee,Lincoln,Raymond
Lincoln,Mike,Parker,Marina,Lincoln,Cristian
Lincoln,Anabel,Parker,Karlee,Lincoln,Raymond
Lincoln,Jarred,Parker,Marina,Lincoln,Cristian
Lincoln,Mia,Parker,Karlee,Lincoln,Raymond
Lincoln,Andre,Parker,Marina,Lincoln,Cristian
Lincoln,Sage,Parker,Karlee,Lincoln,Raymond
Lincoln,Johan,Parker,Marina,Lincoln,Cristian
Lincoln,Kayle,Parker,Karlee,Lincoln,Raymond
Lincoln,Elliot,Parker,Marina,Lincoln,Cristian
Lincoln,Shuntara,Parker,Karlee,Lincoln,Raymond
Lincoln,Gilberto,Parker,Willow,Lincoln,Josiah
Lincoln,Johana,Parker,Stacey,Lincoln,Callahan
Lincoln,Dillon,Parker,Willow,Lincoln,Josiah
Lincoln,Krupa,Parker,Stacey,Lincoln,Callahan
Lincoln,Nicholas,Parker,Willow,Lincoln,Josiah
Lincoln,Madelyn,Parker,Stacey,Lincoln,Callahan
Lincoln,Dominique,Parker,Willow,Lincoln,Josiah
Lincoln,Chelsie,Parker,Stacey,Lincoln,Callahan
Lincoln,Antavius,Parker,Willow,Lincoln,Josiah
Lincoln,Cara,Parker,Stacey,Lincoln,Callahan
Lincoln,Gannon,Parker,Willow,Lincoln,Josiah
Lincoln,Logan,Parker,Stacey,Lincoln,Callahan
Lincoln,Angel,Parker,Willow,Lincoln,Josiah
Lincoln,Lena,Parker,Stacey,Lincoln,Callahan
Lincoln,Lamonte,Parker,Willow,Lincoln,Josiah
Parker,Devin,Lincoln,Alina,Parker,Rafael
Lincoln,Salvatore,Parker,Karlee,Lincoln,Raymond
Parker,Moriah,Lincoln,Alina,Parker,Rafael
Lincoln,Rafael,Parker,Karlee,Lincoln,Raymond
Parker,Jenny,Lincoln,Alina,Parker,Rafael
Lincoln,Pablo,Parker,Karlee,Lincoln,Raymond
Parker,Deisy,Lincoln,Alina,Parker,Rafael
Lincoln,Walker,Parker,Karlee,Lincoln,Raymond
Parker,Shaniah,Lincoln,Alina,Parker,Rafael
Lincoln,Ruben,Parker,Karlee,Lincoln,Raymond
Parker,Yolanda,Lincoln,Alina,Parker,Rafael
Lincoln,Marcello,Parker,Karlee,Lincoln,Raymond
Parker,Kaylie,Lincoln,Keisha,Parker,Walker
Lincoln,Martin,Parker,Karlee,Lincoln,Raymond
Parker,Teagan,Lincoln,Keisha,Parker,Walker
Lincoln,Spenser,Parker,Karlee,Lincoln,Raymond
Parker,Scarlett,Lincoln,Keisha,Parker,Walker
Lincoln,Amari,Parker,Karlee,Lincoln,Raymond
Parker,Shoshana,Lincoln,Keisha,Parker,Walker
Lincoln,Keanu,Parker,Stacey,Lincoln,Callahan
Parker,Dajah,Lincoln,Moesha,Parker,Roger
Lincoln,Howard,Parker,Stacey,Lincoln,Callahan
Parker,Jaycee,Lincoln,Moesha,Parker,Roger
Lincoln,Nadav,Parker,Stacey,Lincoln,Callahan
Parker,Liza,Lincoln,Moesha,Parker,Roger
Lincoln,Deante,Parker,Stacey,Lincoln,Callahan
Parker,Mckinzie,Lincoln,Moesha,Parker,Roger
Lincoln,Landen,Parker,Stacey,Lincoln,Callahan
Parker,Xena,Lincoln,Moesha,Parker,Roger
Lincoln,Keon,Parker,Stacey,Lincoln,Callahan
Parker,Carmelita,Shaw,Kaylah,Parker,Kendrick
Lincoln,Adrian,Parker,Stacey,Lincoln,Callahan
Parker,Theresa,Shaw,Kaylah,Parker,Kendrick
Lincoln,Jerry,Parker,Stacey,Lincoln,Callahan
Parker,Chelsy,Shaw,Kaylah,Parker,Kendrick
Parker,Spencer,Lincoln,Alina,Parker,Rafael
Parker,Marisela,Shaw,Kaylah,Parker,Kendrick
Parker,Johnathen,Lincoln,Alina,Parker,Rafael
Parker,Sasha,Shaw,Kaylah,Parker,Kendrick
Parker,Jeb,Lincoln,Alina,Parker,Rafael
Parker,Rachelle,Shaw,Kaylah,Parker,Kendrick
Parker,Arthur,Lincoln,Keisha,Parker,Walker
Parker,Sinai,Shaw,Kaylah,Parker,Kendrick
Parker,Gabriel,Lincoln,Keisha,Parker,Walker
Parker,Mariah,Shaw,Kaylah,Parker,Kendrick
Parker,Willie,Lincoln,Keisha,Parker,Walker
Parker,Adele,Shaw,Kaylah,Parker,Kendrick
Parker,Eduardo,Lincoln,Keisha,Parker,Walker
Parker,Susanna,Shaw,Kaylah,Parker,Kendrick
Parker,Zachery,Lincoln,Keisha,Parker,Walker
Parker,Mattie,Shaw,Patrice,Parker,Bryson
Parker,Jayce,Lincoln,Moesha,Parker,Roger
Parker,Passion,Shaw,Patrice,Parker,Bryson
Parker,Marshall,Lincoln,Moesha,Parker,Roger
Parker,Cori,Shaw,Patrice,Parker,Bryson
Parker,Jermaine,Lincoln,Moesha,Parker,Roger
Parker,Jacquelin,Shaw,Patrice,Parker,Bryson
Parker,Daniel,Lincoln,Moesha,Parker,Roger
Parker,Kelcee,Shaw,Patrice,Parker,Bryson
Parker,Daryl,Lincoln,Moesha,Parker,Roger
Parker,Josie,Shaw,Patrice,Parker,Bryson
Parker,Braydon,Lincoln,Moesha,Parker,Roger
Parker,Ayanna,Shaw,Patrice,Parker,Bryson
Parker,Anibal,Lincoln,Moesha,Parker,Roger
Parker,Malia,Shaw,Patrice,Parker,Bryson
Parker,Mauro,Lincoln,Moesha,Parker,Roger
Parker,Shana,Shaw,Rosemary,Parker,Kristian
Parker,Sebastien,Lincoln,Moesha,Parker,Roger
Shaw,Amanda,Schweickart,Moesha,Shaw,Zakery
Parker,George,Shaw,Kaylah,Parker,Kendrick
Shaw,Joan,Schweickart,Moesha,Shaw,Zakery
Parker,Allan,Shaw,Kaylah,Parker,Kendrick
Shaw,Micayla,Schweickart,Moesha,Shaw,Zakery
Parker,Ryland,Shaw,Kaylah,Parker,Kendrick
Shaw,Cherie,Schweickart,Janell,Shaw,Justice
Parker,Miguel,Shaw,Kaylah,Parker,Kendrick
Shaw,Arielle,Schweickart,Janell,Shaw,Justice
Parker,Clayton,Shaw,Kaylah,Parker,Kendrick
Schweickart,Francisca,Shaw,Shaina,Schweickart,Gunnar
Parker,Raheem,Shaw,Kaylah,Parker,Kendrick
Schweickart,Luz,Shaw,Shaina,Schweickart,Gunnar
Parker,Noel,Shaw,Kaylah,Parker,Kendrick
Schweickart,Kassandra,Shaw,Shaina,Schweickart,Gunnar
Parker,Garrett,Shaw,Kaylah,Parker,Kendrick
Schweickart,Justina,Shaw,Shaina,Schweickart,Gunnar
Parker,Truman,Shaw,Kaylah,Parker,Kendrick
Schweickart,Anita,Shaw,Shaina,Schweickart,Gunnar
Parker,Gideon,Shaw,Patrice,Parker,Bryson
Cockrell,Joceline,Shaw,Helen,Cockrell,Elijah
Parker,Darnell,Shaw,Patrice,Parker,Bryson
Cockrell,Daisy,Shaw,Helen,Cockrell,Elijah
Parker,Isaac,Shaw,Patrice,Parker,Bryson
Cockrell,Natalee,Shaw,Helen,Cockrell,Elijah
Parker,Oscar,Shaw,Patrice,Parker,Bryson
Cockrell,Cheyanne,Shaw,Helen,Cockrell,Elijah
Parker,Abel,Shaw,Patrice,Parker,Bryson
Cockrell,Annika,Shaw,Helen,Cockrell,Elijah
Parker,Jarred,Shaw,Patrice,Parker,Bryson
Cockrell,Klee,Shaw,Helen,Cockrell,Elijah
Parker,Glenn,Shaw,Patrice,Parker,Bryson
Cockrell,Drew,Shaw,Helen,Cockrell,Elijah
Parker,Julian,Shaw,Patrice,Parker,Bryson
Cockrell,Zaria,Shaw,Helen,Cockrell,Elijah
Parker,Marlon,Shaw,Patrice,Parker,Bryson
Cockrell,Carissa,Shaw,Helen,Cockrell,Elijah
Parker,Jovonte,Shaw,Patrice,Parker,Bryson
Cockrell,Kellie,Schweickart,Nicole,Cockrell,Nicholas
Parker,Soren,Shaw,Rosemary,Parker,Kristian
Cockrell,Elyse,Schweickart,Nicole,Cockrell,Nicholas
Parker,Ibrahim,Shaw,Rosemary,Parker,Kristian
Cockrell,Michelle,Schweickart,Nicole,Cockrell,Nicholas
Shaw,Rafael,Schweickart,Moesha,Shaw,Zakery
Cockrell,Chastity,Schweickart,Nicole,Cockrell,Nicholas
Shaw,Logan,Schweickart,Moesha,Shaw,Zakery
Cockrell,Ashton,Schweickart,Nicole,Cockrell,Nicholas
Shaw,Andrew,Schweickart,Moesha,Shaw,Zakery
Cockrell,Alyson,Schweickart,Kaitlyn,Cockrell,Clint
Shaw,Marques,Schweickart,Moesha,Shaw,Zakery
Cockrell,Helen,Schweickart,Kaitlyn,Cockrell,Clint
Shaw,Leland,Schweickart,Moesha,Shaw,Zakery
Cockrell,Zoe,Schweickart,Kaitlyn,Cockrell,Clint
Shaw,Forrest,Schweickart,Audrey,Shaw,Andres
Cockrell,Carley,Schweickart,Kaitlyn,Cockrell,Clint
Shaw,Jerryd,Schweickart,Audrey,Shaw,Andres
Cockrell,Emily,Schweickart,Tanna,Cockrell,Donte
Shaw,Korey,Schweickart,Audrey,Shaw,Andres
Cockrell,Kimberlee,Schweickart,Tanna,Cockrell,Donte
Shaw,Demetrius,Schweickart,Audrey,Shaw,Andres
Cockrell,Madeline,Schweickart,Tanna,Cockrell,Donte
Shaw,Deonta,Schweickart,Janell,Shaw,Justice
Cockrell,Janeth,Schweickart,Tanna,Cockrell,Donte
Schweickart,Tracy,Shaw,Shaina,Schweickart,Gunnar
Cockrell,Estefani,See,Destiney,Cockrell,Dante
Schweickart,Ethan,Shaw,Shaina,Schweickart,Gunnar
Cockrell,Maya,See,Destiney,Cockrell,Dante
Schweickart,Clayton,Shaw,Shaina,Schweickart,Gunnar
Cockrell,Desiree,See,Destiney,Cockrell,Dante
Schweickart,Tristan,Shaw,Shaina,Schweickart,Gunnar
Cockrell,Danielle,See,Destiney,Cockrell,Dante
Schweickart,Emmitt,Shaw,Shaina,Schweickart,Gunnar
Cockrell,Kelsee,See,Destiney,Cockrell,Dante
Schweickart,Santos,Shaw,Shaina,Schweickart,Gunnar
Cockrell,Cara,See,Destiney,Cockrell,Dante
Schweickart,Ezequiel,Shaw,Shaina,Schweickart,Gunnar
Cockrell,Elsa,See,Destiney,Cockrell,Dante
Cockrell,Jayden,Shaw,Helen,Cockrell,Elijah
Cockrell,Kristi,See,Destiney,Cockrell,Dante
Cockrell,Myles,Shaw,Helen,Cockrell,Elijah
Cockrell,Jodie,See,Cecelia,Cockrell,Mohammed
Cockrell,Alvin,Shaw,Helen,Cockrell,Elijah
Cockrell,Rachael,See,Cecelia,Cockrell,Mohammed
Cockrell,Esau,Shaw,Helen,Cockrell,Elijah
Cockrell,Gianna,See,Cecelia,Cockrell,Mohammed
Cockrell,Deante,Shaw,Helen,Cockrell,Elijah
Cockrell,Casie,See,Cecelia,Cockrell,Mohammed
Cockrell,Malcolm,Shaw,Helen,Cockrell,Elijah
See,Iris,Cockrell,Nancy,See,Dequan
Cockrell,Westley,Schweickart,Nicole,Cockrell,Nicholas
See,Alayna,Cockrell,Nancy,See,Dequan
Cockrell,Shmuel,Schweickart,Nicole,Cockrell,Nicholas
See,Julianna,Cockrell,Simone,See,Jamar
Cockrell,Jamal,Schweickart,Nicole,Cockrell,Nicholas
See,Joceline,Cockrell,Simone,See,Jamar
Cockrell,Steven,Schweickart,Kaitlyn,Cockrell,Clint
See,Antoinette,Cockrell,Simone,See,Jamar
Cockrell,Andreas,Schweickart,Tanna,Cockrell,Donte
See,Dyamond,Cockrell,Simone,See,Jamar
Cockrell,Tobias,Schweickart,Tanna,Cockrell,Donte
See,Myra,Cockrell,Simone,See,Jamar
Cockrell,Anthoni,Schweickart,Tanna,Cockrell,Donte
See,Cheyenne,Cockrell,Simone,See,Jamar
Cockrell,Brian,Schweickart,Tanna,Cockrell,Donte
See,Trevor,Cockrell,Caylin,See,Rashaun
Cockrell,Taquan,Schweickart,Tanna,Cockrell,Donte
See,Susanna,Cockrell,Caylin,See,Rashaun
Cockrell,Corey,Schweickart,Tanna,Cockrell,Donte
See,Patience,Cockrell,Caylin,See,Rashaun
Cockrell,Edwin,Schweickart,Tanna,Cockrell,Donte
See,Sienna,Cockrell,Caylin,See,Rashaun
Cockrell,Troy,See,Destiney,Cockrell,Dante
See,Harley,Cockrell,Caylin,See,Rashaun
Cockrell,Perry,See,Destiney,Cockrell,Dante
See,Shiane,Cockrell,Caylin,See,Rashaun
Cockrell,Jordin,See,Destiney,Cockrell,Dante
See,Kenyetta,Cockrell,Caylin,See,Rashaun
Cockrell,Joey,See,Destiney,Cockrell,Dante
See,Andrea,Cockrell,Caylin,See,Rashaun
Cockrell,Efrain,See,Destiney,Cockrell,Dante
See,Danae,Cockrell,Caylin,See,Rashaun
Cockrell,Jawaun,See,Destiney,Cockrell,Dante
See,Maia,Cockrell,Caylin,See,Rashaun
Cockrell,Ivan,See,Destiney,Cockrell,Dante
See,Grecia,Cockrell,Caylin,See,Rashaun
Cockrell,Kelson,See,Destiney,Cockrell,Dante
See,Janna,Cockrell,Caylin,See,Rashaun
Cockrell,Dane,See,Destiney,Cockrell,Dante
See,Zahra,Cockrell,Caylin,See,Rashaun
Cockrell,Oneil,See,Destiney,Cockrell,Dante
See,Siarra,Cockrell,Caylin,See,Rashaun
Cockrell,Kory,See,Destiney,Cockrell,Dante
See,Passion,Cockrell,Caylin,See,Rashaun
Cockrell,Moises,See,Destiney,Cockrell,Dante
See,Christian,Cockrell,Caylin,See,Rashaun
Cockrell,Bruce,See,Cecelia,Cockrell,Mohammed
See,Keila,Cockrell,Caylin,See,Rashaun
Cockrell,Sedrick,See,Cecelia,Cockrell,Mohammed
See,Tiona,Cockrell,Caylin,See,Rashaun
Cockrell,Steve,See,Cecelia,Cockrell,Mohammed
See,Julia,Cockrell,Caylin,See,Rashaun
Cockrell,Elliott,See,Cecelia,Cockrell,Mohammed
See,Tayler,Cockrell,Caylin,See,Rashaun
Cockrell,Jaime,See,Cecelia,Cockrell,Mohammed
See,Yvette,Cockrell,Mari,See,Colbey
Cockrell,Jashua,See,Cecelia,Cockrell,Mohammed
See,Sonya,Cockrell,Mari,See,Colbey
Cockrell,Fredy,See,Cecelia,Cockrell,Mohammed
See,Jori,Cockrell,Mari,See,Colbey
Cockrell,Bo,See,Cecelia,Cockrell,Mohammed
See,Kansas,Cockrell,Mari,See,Colbey
Cockrell,Deon,See,Cecelia,Cockrell,Mohammed
See,Dandrea,Cockrell,Mari,See,Colbey
See,Jarod,Cockrell,Nancy,See,Dequan
See,Caitlan,Cockrell,Mari,See,Colbey
See,Kelson,Cockrell,Nancy,See,Dequan
See,Montana,Cockrell,Mari,See,Colbey
See,Carson,Cockrell,Nancy,See,Dequan
See,Natalie,Cockrell,Mari,See,Colbey
See,Jashua,Cockrell,Nancy,See,Dequan
See,Rianna,Walker,Sandy,See,Luke
See,Emerson,Cockrell,Simone,See,Jamar
See,Haylee,Walker,Sandy,See,Luke
See,Sean,Cockrell,Simone,See,Jamar
See,Camille,Walker,Sandy,See,Luke
See,Jacob,Cockrell,Simone,See,Jamar
See,Kady,Walker,Sandy,See,Luke
