Thuot,Nico,Reilly,Ashlyn,Thuot,Cruz
Weitz,Karina,Truman,Jaqueline,Weitz,Seth
Freeman,Noe,Morin,Kaci,Freeman,Jai
Parker,Libby,Ivins,Jaylynn,Parker,Norman
Zophar,Felix,Conrad,Zoe,Zophar,Darren
Grinch,Maisie,Taft,Caylin,Grinch,Andres
Parazynski,Jamison,Hayes,Kiesha,Parazynski,Javion
Grunsfeld,Siobhan,Poindexter,Danica,Grunsfeld,Agustin
Irwin,Donald,Cameron,Jennie,Irwin,Angel
Melroy,Lizbeth,Bobko,Malika,Melroy,Willis
Shaw,Dwayne,Camarda,Janay,Shaw,Brent
Chaffee,Ixchel,Thornton,Ramona,Chaffee,Kaden
Creighton,Branden,Hobaugh,Jacklyn,Creighton,Richard
Torvalds,Katherine,Low,Isadora,Torvalds,Fred
Tanner,Jon,Givens,Kaytlyn,Tanner,Bradlee
Ross,Sherridan,Barry,Caitlin,Ross,Willis
Adams,Landen,Valheim,Tamera,Adams,Abel
Hart,Ida,Poindexter,Cassie,Hart,Erin
Adamson,Orion,Clifford,Tamera,Adamson,Justice
Eisele,Nicolle,Carter,Courtney,Eisele,Rashaun
Henricks,Jessie,Herrington,Esther,Henricks,Dorian
Poindexter,Rachael,Olivas,Monique,Poindexter,Langston
Archambault,Jabari,Schwartz,Carmen,Archambault,Johan
Davis,Rowan,Jett,Alyson,Davis,Ronald
Gruber,Ariel,Nelson,Anahi,Gruber,Dennis
Thuot,India,Weitz,Karina,Thuot,Nico
Reightler,Tom,Moore,Kristie,Reightler,Shane
Thuot,Sidney,Weitz,Karina,Thuot,Nico
Parker,Brett,Bassett,Kaitlin,Parker,Oliver
Thuot,Meagan,Weitz,Karina,Thuot,Nico
Henricks,Andrew,Graveline,Jameisha,Henricks,Ashton
Thuot,Shawna,Weitz,Karina,Thuot,Nico
Creighton,Jan,Harrison,Latosha,Creighton,Markus
Thuot,Shekinah,Weitz,Karina,Thuot,Nico
Gruber,Javonte,Bloomfield,Maire,Gruber,Dantae
Thuot,Aria,Weitz,Karina,Thuot,Nico
Thuot,Kaden,Weitz,Karina,Thuot,Nico
Thuot,Laura,Weitz,Karina,Thuot,Nico
Thuot,Brian,Weitz,Karina,Thuot,Nico
Freeman,Zoee,Parker,Libby,Freeman,Noe
Thuot,Dwayne,Weitz,Karina,Thuot,Nico
Freeman,Aireona,Parker,Libby,Freeman,Noe
Thuot,Jackson,Weitz,Karina,Thuot,Nico
Freeman,Selena,Parker,Libby,Freeman,Noe
Thuot,Cade,Weitz,Karina,Thuot,Nico
Freeman,Jhane,Parker,Libby,Freeman,Noe
Thuot,Ian,Weitz,Karina,Thuot,Nico
Freeman,Leticia,Parker,Libby,Freeman,Noe
Thuot,Tyler,Weitz,Karina,Thuot,Nico
Freeman,Marissa,Parker,Libby,Freeman,Noe
Thuot,Maximilian,Weitz,Karina,Thuot,Nico
Freeman,Katherine,Parker,Libby,Freeman,Noe
Thuot,Bryce,Weitz,Karina,Thuot,Nico
Freeman,Estefany,Parker,Libby,Freeman,Noe
Thuot,Camden,Weitz,Karina,Thuot,Nico
Freeman,Cara,Parker,Libby,Freeman,Noe
Thuot,Alonzo,Weitz,Karina,Thuot,Nico
Zophar,Chardonnay,Grinch,Maisie,Zophar,Felix
Freeman,Reece,Parker,Libby,Freeman,Noe
Zophar,Georgina,Grinch,Maisie,Zophar,Felix
Freeman,Brad,Parker,Libby,Freeman,Noe
Zophar,Dayana,Grinch,Maisie,Zophar,Felix
Freeman,Yovani,Parker,Libby,Freeman,Noe
Zophar,Sandy,Grinch,Maisie,Zophar,Felix
Zophar,Christian,Grinch,Maisie,Zophar,Felix
Parazynski,Alexandra,Grunsfeld,Siobhan,Parazynski,Jamison
Zophar,Frankie,Grinch,Maisie,Zophar,Felix
Parazynski,Giuliana,Grunsfeld,Siobhan,Parazynski,Jamison
Parazynski,Tyler,Grunsfeld,Siobhan,Parazynski,Jamison
Parazynski,Elaine,Grunsfeld,Siobhan,Parazynski,Jamison
Parazynski,Marquise,Grunsfeld,Siobhan,Parazynski,Jamison
Parazynski,Shakira,Grunsfeld,Siobhan,Parazynski,Jamison
Parazynski,Lucas,Grunsfeld,Siobhan,Parazynski,Jamison
Parazynski,Shelly,Grunsfeld,Siobhan,Parazynski,Jamison
Parazynski,Bill,Grunsfeld,Siobhan,Parazynski,Jamison
Parazynski,Sophia,Grunsfeld,Siobhan,Parazynski,Jamison
Irwin,Rodolfo,Melroy,Lizbeth,Irwin,Donald
Parazynski,Liana,Grunsfeld,Siobhan,Parazynski,Jamison
Irwin,Mariano,Melroy,Lizbeth,Irwin,Donald
Parazynski,Aidan,Grunsfeld,Siobhan,Parazynski,Jamison
Irwin,Daequan,Melroy,Lizbeth,Irwin,Donald
Parazynski,Brittany,Grunsfeld,Siobhan,Parazynski,Jamison
Irwin,Marshall,Melroy,Lizbeth,Irwin,Donald
Parazynski,Brandy,Grunsfeld,Siobhan,Parazynski,Jamison
Irwin,Jonah,Melroy,Lizbeth,Irwin,Donald
Irwin,Crystal,Melroy,Lizbeth,Irwin,Donald
Irwin,Neil,Melroy,Lizbeth,Irwin,Donald
Irwin,Teresa,Melroy,Lizbeth,Irwin,Donald
Irwin,Mitchell,Melroy,Lizbeth,Irwin,Donald
Irwin,Lexy,Melroy,Lizbeth,Irwin,Donald
Irwin,Remington,Melroy,Lizbeth,Irwin,Donald
Irwin,Phoebe,Melroy,Lizbeth,Irwin,Donald
Irwin,Asa,Melroy,Lizbeth,Irwin,Donald
Irwin,Jalen,Melroy,Lizbeth,Irwin,Donald
Shaw,Skyler,Chaffee,Ixchel,Shaw,Dwayne
Irwin,Rachel,Melroy,Lizbeth,Irwin,Donald
Shaw,Micheal,Chaffee,Ixchel,Shaw,Dwayne
Irwin,Marcia,Melroy,Lizbeth,Irwin,Donald
Shaw,Nicholaus,Chaffee,Ixchel,Shaw,Dwayne
Shaw,Janet,Chaffee,Ixchel,Shaw,Dwayne
Shaw,Al,Chaffee,Ixchel,Shaw,Dwayne
Shaw,Hilda,Chaffee,Ixchel,Shaw,Dwayne
Shaw,Kalon,Chaffee,Ixchel,Shaw,Dwayne
Shaw,Ruby,Chaffee,Ixchel,Shaw,Dwayne
Shaw,Hassan,Chaffee,Ixchel,Shaw,Dwayne
Shaw,Tiona,Chaffee,Ixchel,Shaw,Dwayne
Shaw,Hakeem,Chaffee,Ixchel,Shaw,Dwayne
Shaw,Armani,Chaffee,Ixchel,Shaw,Dwayne
Creighton,Jermaine,Torvalds,Katherine,Creighton,Branden
Shaw,Callan,Chaffee,Ixchel,Shaw,Dwayne
Creighton,Maliki,Torvalds,Katherine,Creighton,Branden
Shaw,Joanne,Chaffee,Ixchel,Shaw,Dwayne
Creighton,Grayson,Torvalds,Katherine,Creighton,Branden
Shaw,Keara,Chaffee,Ixchel,Shaw,Dwayne
Creighton,Kelvin,Torvalds,Katherine,Creighton,Branden
Shaw,Alisa,Chaffee,Ixchel,Shaw,Dwayne
Creighton,Elliot,Torvalds,Katherine,Creighton,Branden
Shaw,Kelci,Chaffee,Ixchel,Shaw,Dwayne
Creighton,Nico,Torvalds,Katherine,Creighton,Branden
Shaw,Mckenzie,Chaffee,Ixchel,Shaw,Dwayne
Creighton,Myron,Torvalds,Katherine,Creighton,Branden
Shaw,Tasha,Chaffee,Ixchel,Shaw,Dwayne
Creighton,Russell,Torvalds,Katherine,Creighton,Branden
Creighton,Katharine,Torvalds,Katherine,Creighton,Branden
Creighton,Aron,Torvalds,Katherine,Creighton,Branden
Creighton,Lianna,Torvalds,Katherine,Creighton,Branden
Creighton,Ryan,Torvalds,Katherine,Creighton,Branden
Creighton,Aileen,Torvalds,Katherine,Creighton,Branden
Creighton,Gilbert,Torvalds,Katherine,Creighton,Branden
Creighton,Armani,Torvalds,Katherine,Creighton,Branden
Tanner,Wylie,Ross,Sherridan,Tanner,Jon
Creighton,Karissa,Torvalds,Katherine,Creighton,Branden
Tanner,Domonic,Ross,Sherridan,Tanner,Jon
Creighton,Larissa,Torvalds,Katherine,Creighton,Branden
Tanner,Lorenzo,Ross,Sherridan,Tanner,Jon
Tanner,Catalina,Ross,Sherridan,Tanner,Jon
Tanner,Junior,Ross,Sherridan,Tanner,Jon
Tanner,Kimberly,Ross,Sherridan,Tanner,Jon
Adams,Conner,Hart,Ida,Adams,Landen
Tanner,Kasey,Ross,Sherridan,Tanner,Jon
Adams,Matthew,Hart,Ida,Adams,Landen
Adams,Demi,Hart,Ida,Adams,Landen
Adams,Donovan,Hart,Ida,Adams,Landen
Adams,Nathalia,Hart,Ida,Adams,Landen
Adams,Rex,Hart,Ida,Adams,Landen
Adams,Colleen,Hart,Ida,Adams,Landen
Adams,Marcell,Hart,Ida,Adams,Landen
Adams,Cherokee,Hart,Ida,Adams,Landen
Adamson,Abdiel,Eisele,Nicolle,Adamson,Orion
Adams,Jadah,Hart,Ida,Adams,Landen
Adamson,Grayson,Eisele,Nicolle,Adamson,Orion
Adams,Glenda,Hart,Ida,Adams,Landen
Adamson,Lashawn,Eisele,Nicolle,Adamson,Orion
Adamson,Ariana,Eisele,Nicolle,Adamson,Orion
Adamson,Devaughn,Eisele,Nicolle,Adamson,Orion
Adamson,Carley,Eisele,Nicolle,Adamson,Orion
Adamson,Rafael,Eisele,Nicolle,Adamson,Orion
Adamson,Kiana,Eisele,Nicolle,Adamson,Orion
Adamson,Ever,Eisele,Nicolle,Adamson,Orion
Adamson,Sharon,Eisele,Nicolle,Adamson,Orion
Adamson,Wylie,Eisele,Nicolle,Adamson,Orion
Adamson,Tanna,Eisele,Nicolle,Adamson,Orion
Adamson,Tristian,Eisele,Nicolle,Adamson,Orion
Adamson,Lesley,Eisele,Nicolle,Adamson,Orion
Adamson,Darius,Eisele,Nicolle,Adamson,Orion
Adamson,Tory,Eisele,Nicolle,Adamson,Orion
Adamson,Darien,Eisele,Nicolle,Adamson,Orion
Henricks,Octavia,Poindexter,Rachael,Henricks,Jessie
Adamson,Eli,Eisele,Nicolle,Adamson,Orion
Henricks,Mariangeli,Poindexter,Rachael,Henricks,Jessie
Henricks,River,Poindexter,Rachael,Henricks,Jessie
Henricks,Magdalena,Poindexter,Rachael,Henricks,Jessie
Henricks,Keshaun,Poindexter,Rachael,Henricks,Jessie
Henricks,Regina,Poindexter,Rachael,Henricks,Jessie
Henricks,Keanu,Poindexter,Rachael,Henricks,Jessie
Henricks,Sandra,Poindexter,Rachael,Henricks,Jessie
Henricks,Grant,Poindexter,Rachael,Henricks,Jessie
Henricks,Elana,Poindexter,Rachael,Henricks,Jessie
Henricks,Jovon,Poindexter,Rachael,Henricks,Jessie
Henricks,Ida,Poindexter,Rachael,Henricks,Jessie
Archambault,Kade,Davis,Rowan,Archambault,Jabari
Archambault,Ashley,Davis,Rowan,Archambault,Jabari
Archambault,Daylon,Davis,Rowan,Archambault,Jabari
Archambault,Daija,Davis,Rowan,Archambault,Jabari
Archambault,Ty,Davis,Rowan,Archambault,Jabari
Archambault,Amari,Davis,Rowan,Archambault,Jabari
Archambault,Kolton,Davis,Rowan,Archambault,Jabari
Archambault,Shaniah,Davis,Rowan,Archambault,Jabari
Archambault,Forest,Davis,Rowan,Archambault,Jabari
Archambault,Ruby,Davis,Rowan,Archambault,Jabari
Archambault,Jayson,Davis,Rowan,Archambault,Jabari
Archambault,Dyamond,Davis,Rowan,Archambault,Jabari
Gruber,Nickolas,Thuot,India,Gruber,Ariel
Archambault,Marisa,Davis,Rowan,Archambault,Jabari
Gruber,Perry,Thuot,India,Gruber,Ariel
Archambault,Mariela,Davis,Rowan,Archambault,Jabari
Gruber,Abdul,Thuot,India,Gruber,Ariel
Archambault,Ladaysha,Davis,Rowan,Archambault,Jabari
Gruber,Ted,Thuot,India,Gruber,Ariel
Gruber,Jamiya,Thuot,India,Gruber,Ariel
Gruber,Gavin,Thuot,India,Gruber,Ariel
Gruber,Kali,Thuot,India,Gruber,Ariel
Gruber,Terron,Thuot,India,Gruber,Ariel
Gruber,Sally,Thuot,India,Gruber,Ariel
Reightler,Jaime,Thuot,Sidney,Reightler,Tom
Gruber,Anneliese,Thuot,India,Gruber,Ariel
Reightler,Ronald,Thuot,Sidney,Reightler,Tom
Gruber,Destiny,Thuot,India,Gruber,Ariel
Parker,Sergio,Thuot,Meagan,Parker,Brett
Gruber,Magdalena,Thuot,India,Gruber,Ariel
Parker,Adonis,Thuot,Meagan,Parker,Brett
Gruber,Lara,Thuot,India,Gruber,Ariel
Parker,Harrison,Thuot,Meagan,Parker,Brett
Reightler,Holli,Thuot,Sidney,Reightler,Tom
Henricks,Avery,Thuot,Shawna,Henricks,Andrew
Parker,Tiona,Thuot,Meagan,Parker,Brett
Henricks,Sunny,Thuot,Shawna,Henricks,Andrew
Parker,Sara,Thuot,Meagan,Parker,Brett
Henricks,Markell,Thuot,Shawna,Henricks,Andrew
Parker,Guadalupe,Thuot,Meagan,Parker,Brett
Creighton,Sterling,Thuot,Shekinah,Creighton,Jan
Parker,Luz,Thuot,Meagan,Parker,Brett
Creighton,Nestor,Thuot,Shekinah,Creighton,Jan
Parker,Kaylea,Thuot,Meagan,Parker,Brett
Creighton,Bobby,Thuot,Shekinah,Creighton,Jan
Parker,Kelsy,Thuot,Meagan,Parker,Brett
Creighton,Ricardo,Thuot,Shekinah,Creighton,Jan
Henricks,Celia,Thuot,Shawna,Henricks,Andrew
Creighton,Charles,Thuot,Shekinah,Creighton,Jan
Henricks,Katy,Thuot,Shawna,Henricks,Andrew
Creighton,Hector,Thuot,Shekinah,Creighton,Jan
Henricks,Chloe,Thuot,Shawna,Henricks,Andrew
Creighton,Don,Thuot,Shekinah,Creighton,Jan
Henricks,Minnie,Thuot,Shawna,Henricks,Andrew
Creighton,Grady,Thuot,Shekinah,Creighton,Jan
Creighton,Jazmyne,Thuot,Shekinah,Creighton,Jan
Creighton,Bradlee,Thuot,Shekinah,Creighton,Jan
Creighton,Natalie,Thuot,Shekinah,Creighton,Jan
Creighton,Peyton,Thuot,Shekinah,Creighton,Jan
Creighton,Xian,Thuot,Shekinah,Creighton,Jan
Creighton,Britt,Thuot,Shekinah,Creighton,Jan
Creighton,Krystal,Thuot,Shekinah,Creighton,Jan
Creighton,Nadav,Thuot,Shekinah,Creighton,Jan
Gruber,Isis,Thuot,Aria,Gruber,Javonte
Creighton,Aiden,Thuot,Shekinah,Creighton,Jan
Gruber,Daisy,Thuot,Aria,Gruber,Javonte
Gruber,Lloyd,Thuot,Aria,Gruber,Javonte
Gruber,Shanique,Thuot,Aria,Gruber,Javonte
Gruber,Trevon,Thuot,Aria,Gruber,Javonte
Thuot,Deanna,Freeman,Zoee,Thuot,Kaden
Gruber,Brock,Thuot,Aria,Gruber,Javonte
Thuot,Symphony,Freeman,Zoee,Thuot,Kaden
Thuot,Langston,Freeman,Zoee,Thuot,Kaden
Thuot,Britni,Freeman,Zoee,Thuot,Kaden
Thuot,Kenneth,Freeman,Zoee,Thuot,Kaden
Thuot,Mary,Freeman,Zoee,Thuot,Kaden
Thuot,Mateo,Freeman,Zoee,Thuot,Kaden
Thuot,Haylee,Freeman,Aireona,Thuot,Brian
Thuot,Benjamen,Freeman,Zoee,Thuot,Kaden
Thuot,Marian,Freeman,Aireona,Thuot,Brian
Thuot,Keaton,Freeman,Zoee,Thuot,Kaden
Thuot,Janae,Freeman,Aireona,Thuot,Brian
Thuot,Nicolas,Freeman,Zoee,Thuot,Kaden
Thuot,Naomi,Freeman,Aireona,Thuot,Brian
Thuot,Jaime,Freeman,Zoee,Thuot,Kaden
Thuot,Linnea,Freeman,Aireona,Thuot,Brian
Thuot,Deangelo,Freeman,Zoee,Thuot,Kaden
Thuot,Carol,Freeman,Aireona,Thuot,Brian
Thuot,Alberto,Freeman,Aireona,Thuot,Brian
Thuot,Cherie,Freeman,Aireona,Thuot,Brian
Thuot,Terry,Freeman,Aireona,Thuot,Brian
Thuot,Macey,Freeman,Aireona,Thuot,Brian
Thuot,Demetrius,Freeman,Aireona,Thuot,Brian
Thuot,Clair,Freeman,Aireona,Thuot,Brian
Thuot,Ezra,Freeman,Aireona,Thuot,Brian
Thuot,Promise,Freeman,Aireona,Thuot,Brian
Thuot,Addison,Freeman,Aireona,Thuot,Brian
Thuot,Eileen,Freeman,Aireona,Thuot,Brian
Thuot,Kristian,Freeman,Aireona,Thuot,Brian
Thuot,Astrid,Freeman,Selena,Thuot,Dwayne
Thuot,Emmitt,Freeman,Selena,Thuot,Dwayne
Thuot,Mayra,Freeman,Selena,Thuot,Dwayne
Thuot,Kalon,Freeman,Selena,Thuot,Dwayne
Thuot,Michal,Freeman,Selena,Thuot,Dwayne
Thuot,Marcell,Freeman,Selena,Thuot,Dwayne
Thuot,Karina,Freeman,Selena,Thuot,Dwayne
Thuot,Roland,Freeman,Selena,Thuot,Dwayne
Thuot,Viviana,Freeman,Selena,Thuot,Dwayne
Thuot,Dontae,Freeman,Selena,Thuot,Dwayne
Thuot,Mikyla,Freeman,Selena,Thuot,Dwayne
Thuot,Antonio,Freeman,Selena,Thuot,Dwayne
Thuot,Helena,Freeman,Selena,Thuot,Dwayne
Thuot,Ronny,Freeman,Selena,Thuot,Dwayne
Thuot,Patsy,Freeman,Jhane,Thuot,Jackson
Thuot,Tomas,Freeman,Selena,Thuot,Dwayne
Thuot,Lisette,Freeman,Jhane,Thuot,Jackson
Thuot,Ron,Freeman,Selena,Thuot,Dwayne
Thuot,Karly,Freeman,Jhane,Thuot,Jackson
Thuot,Fred,Freeman,Jhane,Thuot,Jackson
Thuot,Mckenna,Freeman,Leticia,Thuot,Cade
Thuot,Dale,Freeman,Jhane,Thuot,Jackson
Thuot,Cheryl,Freeman,Leticia,Thuot,Cade
Thuot,Kameron,Freeman,Leticia,Thuot,Cade
Thuot,Carmela,Freeman,Leticia,Thuot,Cade
Thuot,Kendrick,Freeman,Leticia,Thuot,Cade
Thuot,Tanisha,Freeman,Leticia,Thuot,Cade
Thuot,Humberto,Freeman,Marissa,Thuot,Ian
Thuot,Jonae,Freeman,Marissa,Thuot,Ian
Thuot,Agustin,Freeman,Marissa,Thuot,Ian
Thuot,Keara,Freeman,Marissa,Thuot,Ian
Thuot,Barrett,Freeman,Marissa,Thuot,Ian
Thuot,Anastasia,Freeman,Katherine,Thuot,Tyler
Thuot,Gerardo,Freeman,Marissa,Thuot,Ian
Thuot,Elizabet,Freeman,Estefany,Thuot,Maximilian
Thuot,Alvin,Freeman,Katherine,Thuot,Tyler
Thuot,Shaina,Freeman,Estefany,Thuot,Maximilian
Thuot,Eddie,Freeman,Katherine,Thuot,Tyler
Thuot,Luna,Freeman,Estefany,Thuot,Maximilian
Thuot,Dayton,Freeman,Katherine,Thuot,Tyler
Thuot,Lenora,Freeman,Estefany,Thuot,Maximilian
Thuot,Terrell,Freeman,Estefany,Thuot,Maximilian
Thuot,Cori,Freeman,Estefany,Thuot,Maximilian
Thuot,Graham,Freeman,Estefany,Thuot,Maximilian
Thuot,Jackie,Freeman,Estefany,Thuot,Maximilian
Thuot,Erich,Freeman,Estefany,Thuot,Maximilian
Thuot,Yamilex,Freeman,Estefany,Thuot,Maximilian
Thuot,Mitchel,Freeman,Estefany,Thuot,Maximilian
Thuot,Rosa,Freeman,Estefany,Thuot,Maximilian
Thuot,Alan,Freeman,Estefany,Thuot,Maximilian
Thuot,Rian,Freeman,Cara,Thuot,Bryce
Thuot,Jonah,Freeman,Estefany,Thuot,Maximilian
Thuot,Katarina,Freeman,Cara,Thuot,Bryce
Thuot,Santana,Freeman,Estefany,Thuot,Maximilian
Thuot,Kylie,Freeman,Cara,Thuot,Bryce
Thuot,Enoch,Zophar,Chardonnay,Thuot,Camden
Thuot,Mykelle,Freeman,Cara,Thuot,Bryce
Thuot,Kristofer,Zophar,Chardonnay,Thuot,Camden
Thuot,Imelda,Zophar,Chardonnay,Thuot,Camden
Thuot,Royce,Zophar,Chardonnay,Thuot,Camden
Thuot,Monika,Zophar,Chardonnay,Thuot,Camden
Thuot,Gilbert,Zophar,Chardonnay,Thuot,Camden
Thuot,Bianca,Zophar,Chardonnay,Thuot,Camden
Thuot,Reese,Zophar,Chardonnay,Thuot,Camden
Thuot,Josie,Zophar,Chardonnay,Thuot,Camden
Thuot,Jasper,Zophar,Chardonnay,Thuot,Camden
Thuot,Cecilia,Zophar,Chardonnay,Thuot,Camden
Thuot,Reuben,Zophar,Chardonnay,Thuot,Camden
Thuot,Jeanna,Zophar,Chardonnay,Thuot,Camden
Thuot,Johnathen,Zophar,Chardonnay,Thuot,Camden
Thuot,Octavia,Zophar,Georgina,Thuot,Alonzo
Thuot,Craig,Zophar,Georgina,Thuot,Alonzo
Thuot,Melinda,Zophar,Georgina,Thuot,Alonzo
Thuot,Malachi,Zophar,Georgina,Thuot,Alonzo
Thuot,Selina,Zophar,Georgina,Thuot,Alonzo
Thuot,Rogelio,Zophar,Georgina,Thuot,Alonzo
Thuot,Elsa,Zophar,Georgina,Thuot,Alonzo
Thuot,Armando,Zophar,Georgina,Thuot,Alonzo
Freeman,Eva,Thuot,Laura,Freeman,Reece
Thuot,Kade,Zophar,Georgina,Thuot,Alonzo
Freeman,Alicia,Thuot,Laura,Freeman,Reece
Thuot,Tylor,Zophar,Georgina,Thuot,Alonzo
Freeman,Katlyn,Thuot,Laura,Freeman,Reece
Thuot,Michel,Zophar,Georgina,Thuot,Alonzo
Freeman,Skylar,Thuot,Laura,Freeman,Reece
Thuot,Brock,Zophar,Georgina,Thuot,Alonzo
Freeman,Patricia,Thuot,Laura,Freeman,Reece
Thuot,Jerome,Zophar,Georgina,Thuot,Alonzo
Freeman,Ivory,Thuot,Laura,Freeman,Reece
Thuot,Logan,Zophar,Georgina,Thuot,Alonzo
Freeman,Susanna,Thuot,Laura,Freeman,Reece
Thuot,Anibal,Zophar,Georgina,Thuot,Alonzo
Freeman,Megan,Thuot,Laura,Freeman,Reece
Freeman,Terron,Thuot,Laura,Freeman,Reece
Freeman,Judy,Thuot,Laura,Freeman,Reece
Freeman,Arian,Thuot,Laura,Freeman,Reece
Freeman,Aundrea,Thuot,Laura,Freeman,Reece
Freeman,Domenic,Thuot,Laura,Freeman,Reece
Freeman,Shaye,Thuot,Laura,Freeman,Reece
Freeman,Leo,Thuot,Laura,Freeman,Reece
Freeman,Demi,Zophar,Dayana,Freeman,Brad
Freeman,Wesley,Thuot,Laura,Freeman,Reece
Freeman,Shelbi,Zophar,Sandy,Freeman,Yovani
Freeman,Kaden,Thuot,Laura,Freeman,Reece
Freeman,Bonnie,Zophar,Sandy,Freeman,Yovani
Freeman,Trent,Thuot,Laura,Freeman,Reece
Freeman,Rosa,Zophar,Sandy,Freeman,Yovani
Freeman,Diondre,Thuot,Laura,Freeman,Reece
Freeman,Samira,Zophar,Sandy,Freeman,Yovani
Freeman,Kamau,Thuot,Laura,Freeman,Reece
Freeman,Arlene,Zophar,Sandy,Freeman,Yovani
Freeman,Darren,Zophar,Dayana,Freeman,Brad
Freeman,Leann,Zophar,Sandy,Freeman,Yovani
Freeman,Malik,Zophar,Dayana,Freeman,Brad
Freeman,Loni,Zophar,Sandy,Freeman,Yovani
Freeman,Alonzo,Zophar,Dayana,Freeman,Brad
Freeman,Gerardo,Zophar,Sandy,Freeman,Yovani
Freeman,Torey,Zophar,Dayana,Freeman,Brad
Zophar,Hayley,Parazynski,Alexandra,Zophar,Christian
Freeman,Howard,Zophar,Dayana,Freeman,Brad
Zophar,Elisabeth,Parazynski,Giuliana,Zophar,Frankie
Freeman,Trentin,Zophar,Sandy,Freeman,Yovani
Zophar,Celia,Parazynski,Giuliana,Zophar,Frankie
Freeman,Ty,Zophar,Sandy,Freeman,Yovani
Zophar,Ixchel,Parazynski,Giuliana,Zophar,Frankie
Freeman,Damien,Zophar,Sandy,Freeman,Yovani
Zophar,Malinda,Parazynski,Giuliana,Zophar,Frankie
Freeman,Mario,Zophar,Sandy,Freeman,Yovani
Zophar,Skylar,Parazynski,Giuliana,Zophar,Frankie
Freeman,Danny,Zophar,Sandy,Freeman,Yovani
Zophar,Paloma,Parazynski,Giuliana,Zophar,Frankie
Freeman,Malachi,Zophar,Sandy,Freeman,Yovani
Zophar,Kendall,Parazynski,Giuliana,Zophar,Frankie
Freeman,Sedrick,Zophar,Sandy,Freeman,Yovani
Parazynski,Yahaira,Irwin,Crystal,Parazynski,Tyler
Zophar,Preston,Parazynski,Alexandra,Zophar,Christian
Parazynski,Alisa,Irwin,Crystal,Parazynski,Tyler
Zophar,Brad,Parazynski,Alexandra,Zophar,Christian
Parazynski,Colette,Irwin,Crystal,Parazynski,Tyler
Zophar,Maximilian,Parazynski,Giuliana,Zophar,Frankie
Parazynski,Bailey,Irwin,Crystal,Parazynski,Tyler
Zophar,Marcus,Parazynski,Giuliana,Zophar,Frankie
Parazynski,Georgia,Irwin,Crystal,Parazynski,Tyler
Zophar,Bernard,Parazynski,Giuliana,Zophar,Frankie
Parazynski,Claudia,Irwin,Crystal,Parazynski,Tyler
Zophar,Jackson,Parazynski,Giuliana,Zophar,Frankie
Parazynski,Elexus,Irwin,Crystal,Parazynski,Tyler
Zophar,Pedro,Parazynski,Giuliana,Zophar,Frankie
Parazynski,Delanie,Irwin,Crystal,Parazynski,Tyler
Zophar,Brody,Parazynski,Giuliana,Zophar,Frankie
Parazynski,Annmarie,Irwin,Teresa,Parazynski,Marquise
Zophar,Samson,Parazynski,Giuliana,Zophar,Frankie
Parazynski,Tamisha,Irwin,Teresa,Parazynski,Marquise
Parazynski,Brooks,Irwin,Crystal,Parazynski,Tyler
Parazynski,Mariah,Irwin,Teresa,Parazynski,Marquise
Parazynski,Yovani,Irwin,Crystal,Parazynski,Tyler
Parazynski,Mary,Irwin,Teresa,Parazynski,Marquise
Parazynski,Bronson,Irwin,Crystal,Parazynski,Tyler
Parazynski,Jaden,Irwin,Lexy,Parazynski,Lucas
Parazynski,Dequan,Irwin,Crystal,Parazynski,Tyler
Parazynski,Kitana,Irwin,Lexy,Parazynski,Lucas
Parazynski,Tad,Irwin,Crystal,Parazynski,Tyler
Parazynski,Minna,Irwin,Phoebe,Parazynski,Bill
Parazynski,Jesse,Irwin,Crystal,Parazynski,Tyler
Parazynski,Nia,Irwin,Phoebe,Parazynski,Bill
Parazynski,Brennan,Irwin,Crystal,Parazynski,Tyler
Parazynski,Armani,Irwin,Phoebe,Parazynski,Bill
Parazynski,Alberto,Irwin,Crystal,Parazynski,Tyler
Parazynski,Maryann,Irwin,Phoebe,Parazynski,Bill
Parazynski,Quincy,Irwin,Crystal,Parazynski,Tyler
Parazynski,Essence,Irwin,Phoebe,Parazynski,Bill
Parazynski,Terry,Irwin,Crystal,Parazynski,Tyler
Parazynski,Breeanna,Irwin,Phoebe,Parazynski,Bill
Parazynski,Rodney,Irwin,Crystal,Parazynski,Tyler
Parazynski,Aaliyah,Irwin,Phoebe,Parazynski,Bill
Parazynski,Lars,Irwin,Teresa,Parazynski,Marquise
Parazynski,Kassidy,Irwin,Phoebe,Parazynski,Bill
Parazynski,Killian,Irwin,Teresa,Parazynski,Marquise
Parazynski,Gabriela,Irwin,Phoebe,Parazynski,Bill
Parazynski,Callum,Irwin,Lexy,Parazynski,Lucas
Irwin,Natalya,Parazynski,Elaine,Irwin,Rodolfo
Parazynski,Donovan,Irwin,Lexy,Parazynski,Lucas
Irwin,Yajayra,Parazynski,Elaine,Irwin,Rodolfo
Parazynski,Kellen,Irwin,Phoebe,Parazynski,Bill
Irwin,Reyanna,Parazynski,Elaine,Irwin,Rodolfo
Parazynski,Billy,Irwin,Phoebe,Parazynski,Bill
Irwin,Jazmyne,Parazynski,Elaine,Irwin,Rodolfo
Parazynski,Coy,Irwin,Phoebe,Parazynski,Bill
Irwin,Nathalia,Parazynski,Shakira,Irwin,Mariano
Parazynski,Tony,Irwin,Phoebe,Parazynski,Bill
Irwin,Carley,Parazynski,Shakira,Irwin,Mariano
Parazynski,Zaire,Irwin,Phoebe,Parazynski,Bill
Irwin,Vivien,Parazynski,Shakira,Irwin,Mariano
Parazynski,Delonta,Irwin,Phoebe,Parazynski,Bill
Irwin,Joy,Parazynski,Shakira,Irwin,Mariano
Parazynski,Heriberto,Irwin,Phoebe,Parazynski,Bill
Irwin,Annalisa,Parazynski,Shakira,Irwin,Mariano
Parazynski,Randy,Irwin,Phoebe,Parazynski,Bill
Irwin,Zoi,Parazynski,Shelly,Irwin,Daequan
Parazynski,James,Irwin,Phoebe,Parazynski,Bill
Irwin,Jensen,Parazynski,Shelly,Irwin,Daequan
Irwin,Elliott,Parazynski,Elaine,Irwin,Rodolfo
Irwin,Jamee,Parazynski,Sophia,Irwin,Marshall
Irwin,Joseph,Parazynski,Elaine,Irwin,Rodolfo
Irwin,Alexandria,Parazynski,Sophia,Irwin,Marshall
Irwin,Jakob,Parazynski,Elaine,Irwin,Rodolfo
Irwin,Kaylea,Parazynski,Sophia,Irwin,Marshall
Irwin,Dedrick,Parazynski,Elaine,Irwin,Rodolfo
Irwin,Keana,Parazynski,Sophia,Irwin,Marshall
Irwin,Tucker,Parazynski,Elaine,Irwin,Rodolfo
Irwin,Rochelle,Parazynski,Sophia,Irwin,Marshall
Irwin,Seamus,Parazynski,Shakira,Irwin,Mariano
Irwin,Tiara,Parazynski,Sophia,Irwin,Marshall
Irwin,Romello,Parazynski,Shakira,Irwin,Mariano
Irwin,Maryanne,Parazynski,Liana,Irwin,Jonah
Irwin,Jamie,Parazynski,Shakira,Irwin,Mariano
Irwin,Milena,Parazynski,Liana,Irwin,Jonah
Irwin,Grady,Parazynski,Shakira,Irwin,Mariano
Irwin,Torrie,Parazynski,Aidan,Irwin,Neil
Irwin,Garret,Parazynski,Shakira,Irwin,Mariano
Irwin,Keyshla,Parazynski,Aidan,Irwin,Neil
Irwin,Adonis,Parazynski,Shakira,Irwin,Mariano
Irwin,Alessandra,Parazynski,Aidan,Irwin,Neil
Irwin,Jaquan,Parazynski,Shakira,Irwin,Mariano
Irwin,Gabriele,Parazynski,Aidan,Irwin,Neil
Irwin,Henry,Parazynski,Shelly,Irwin,Daequan
Irwin,Karishma,Parazynski,Aidan,Irwin,Neil
Irwin,Dallin,Parazynski,Shelly,Irwin,Daequan
Irwin,Delaney,Parazynski,Aidan,Irwin,Neil
Irwin,Levi,Parazynski,Shelly,Irwin,Daequan
Irwin,Lucia,Parazynski,Brittany,Irwin,Mitchell
Irwin,Bobby,Parazynski,Sophia,Irwin,Marshall
Irwin,Arianna,Parazynski,Brittany,Irwin,Mitchell
Irwin,Alvaro,Parazynski,Sophia,Irwin,Marshall
Irwin,Cherokee,Parazynski,Brittany,Irwin,Mitchell
Irwin,Mauricio,Parazynski,Sophia,Irwin,Marshall
Irwin,Yuki,Parazynski,Brittany,Irwin,Mitchell
Irwin,Luciano,Parazynski,Sophia,Irwin,Marshall
Irwin,Brigitte,Parazynski,Brittany,Irwin,Mitchell
Irwin,Zachary,Parazynski,Sophia,Irwin,Marshall
Irwin,Devin,Parazynski,Brittany,Irwin,Mitchell
Irwin,Shayne,Parazynski,Sophia,Irwin,Marshall
Irwin,Antoinette,Parazynski,Brittany,Irwin,Mitchell
Irwin,Michael,Parazynski,Sophia,Irwin,Marshall
Irwin,Darcy,Parazynski,Brittany,Irwin,Mitchell
Irwin,Ezra,Parazynski,Sophia,Irwin,Marshall
Irwin,Dina,Parazynski,Brandy,Irwin,Remington
Irwin,Harley,Parazynski,Liana,Irwin,Jonah
Irwin,Heavenly,Parazynski,Brandy,Irwin,Remington
Irwin,Braden,Parazynski,Liana,Irwin,Jonah
Irwin,Natalia,Parazynski,Brandy,Irwin,Remington
Irwin,Alfredo,Parazynski,Aidan,Irwin,Neil
Irwin,Kaina,Parazynski,Brandy,Irwin,Remington
Irwin,Davin,Parazynski,Aidan,Irwin,Neil
Irwin,Anabel,Parazynski,Brandy,Irwin,Remington
Irwin,Craig,Parazynski,Aidan,Irwin,Neil
Irwin,Kacie,Parazynski,Brandy,Irwin,Remington
Irwin,Frederic,Parazynski,Aidan,Irwin,Neil
Irwin,Nyla,Parazynski,Brandy,Irwin,Remington
Irwin,Benjamen,Parazynski,Aidan,Irwin,Neil
Irwin,Magdalena,Shaw,Janet,Irwin,Asa
Irwin,Bretton,Parazynski,Aidan,Irwin,Neil
Irwin,Ciarra,Shaw,Janet,Irwin,Asa
Irwin,Samson,Parazynski,Aidan,Irwin,Neil
Irwin,Hailey,Shaw,Janet,Irwin,Asa
Irwin,Brandon,Parazynski,Aidan,Irwin,Neil
Irwin,Shirley,Shaw,Janet,Irwin,Asa
Irwin,Dillon,Parazynski,Aidan,Irwin,Neil
Irwin,Nakia,Shaw,Janet,Irwin,Asa
Irwin,Keenan,Parazynski,Aidan,Irwin,Neil
Irwin,Vianey,Shaw,Janet,Irwin,Asa
Irwin,Malik,Parazynski,Aidan,Irwin,Neil
Irwin,Becca,Shaw,Janet,Irwin,Asa
Irwin,Armando,Parazynski,Aidan,Irwin,Neil
Irwin,Carolyn,Shaw,Janet,Irwin,Asa
Irwin,Braxton,Parazynski,Brittany,Irwin,Mitchell
Irwin,Domonique,Shaw,Janet,Irwin,Asa
Irwin,Sydney,Parazynski,Brittany,Irwin,Mitchell
Shaw,Xiomara,Irwin,Jalen,Shaw,Skyler
Irwin,Saxon,Parazynski,Brittany,Irwin,Mitchell
Shaw,Elyse,Irwin,Jalen,Shaw,Skyler
Irwin,Shamar,Parazynski,Brittany,Irwin,Mitchell
Shaw,Abbigail,Irwin,Jalen,Shaw,Skyler
Irwin,Peter,Parazynski,Brittany,Irwin,Mitchell
Shaw,Tatianna,Irwin,Jalen,Shaw,Skyler
Irwin,Christian,Parazynski,Brandy,Irwin,Remington
Shaw,Miranda,Irwin,Jalen,Shaw,Skyler
Irwin,Koby,Parazynski,Brandy,Irwin,Remington
Shaw,Jane,Irwin,Jalen,Shaw,Skyler
Irwin,Yvan,Parazynski,Brandy,Irwin,Remington
Shaw,Allyson,Irwin,Jalen,Shaw,Skyler
Irwin,Jamison,Parazynski,Brandy,Irwin,Remington
Shaw,Anahi,Irwin,Jalen,Shaw,Skyler
Irwin,Ricardo,Parazynski,Brandy,Irwin,Remington
Shaw,Chaya,Irwin,Jalen,Shaw,Skyler
Irwin,Mason,Parazynski,Brandy,Irwin,Remington
Shaw,Laurel,Irwin,Rachel,Shaw,Micheal
Irwin,Allen,Parazynski,Brandy,Irwin,Remington
Shaw,Nicole,Irwin,Rachel,Shaw,Micheal
Irwin,Roland,Parazynski,Brandy,Irwin,Remington
Shaw,Geneva,Irwin,Rachel,Shaw,Micheal
Irwin,Nathan,Parazynski,Brandy,Irwin,Remington
Shaw,Cheyenne,Irwin,Rachel,Shaw,Micheal
Irwin,Johnny,Parazynski,Brandy,Irwin,Remington
Shaw,Kendall,Irwin,Marcia,Shaw,Nicholaus
Irwin,Douglas,Parazynski,Brandy,Irwin,Remington
Shaw,Darian,Irwin,Marcia,Shaw,Nicholaus
Irwin,Micheal,Shaw,Janet,Irwin,Asa
Shaw,Chyanne,Irwin,Marcia,Shaw,Nicholaus
Irwin,Benny,Shaw,Janet,Irwin,Asa
Shaw,Julianna,Creighton,Katharine,Shaw,Al
Irwin,Brooks,Shaw,Janet,Irwin,Asa
Shaw,Regina,Creighton,Katharine,Shaw,Al
Shaw,Willie,Irwin,Jalen,Shaw,Skyler
Shaw,Kealani,Creighton,Aileen,Shaw,Hassan
Shaw,Devonta,Irwin,Jalen,Shaw,Skyler
Shaw,Destinee,Creighton,Aileen,Shaw,Hassan
Shaw,Yash,Irwin,Jalen,Shaw,Skyler
Shaw,Niyah,Creighton,Aileen,Shaw,Hassan
Shaw,Darryl,Irwin,Jalen,Shaw,Skyler
Shaw,Bertha,Creighton,Aileen,Shaw,Hassan
Shaw,Torey,Irwin,Jalen,Shaw,Skyler
Shaw,Shea,Creighton,Aileen,Shaw,Hassan
Shaw,Zakery,Irwin,Jalen,Shaw,Skyler
Shaw,Kimberly,Creighton,Aileen,Shaw,Hassan
Shaw,Russell,Irwin,Jalen,Shaw,Skyler
Shaw,Esther,Creighton,Aileen,Shaw,Hassan
Shaw,Andreas,Irwin,Rachel,Shaw,Micheal
Shaw,Dorian,Creighton,Armani,Shaw,Hakeem
Shaw,Lashawn,Irwin,Rachel,Shaw,Micheal
Shaw,Austin,Creighton,Armani,Shaw,Hakeem
Shaw,Myles,Irwin,Rachel,Shaw,Micheal
Shaw,Alaina,Creighton,Armani,Shaw,Hakeem
Shaw,Shaun,Irwin,Rachel,Shaw,Micheal
Shaw,Passion,Creighton,Armani,Shaw,Hakeem
Shaw,Fredrick,Irwin,Rachel,Shaw,Micheal
Shaw,Yesenia,Creighton,Armani,Shaw,Hakeem
Shaw,Houston,Irwin,Rachel,Shaw,Micheal
Shaw,Shelby,Creighton,Armani,Shaw,Hakeem
Shaw,Kolton,Irwin,Rachel,Shaw,Micheal
Shaw,Michelle,Creighton,Armani,Shaw,Hakeem
Shaw,Dean,Irwin,Rachel,Shaw,Micheal
Shaw,Kirsten,Creighton,Armani,Shaw,Hakeem
Shaw,Matthew,Irwin,Rachel,Shaw,Micheal
Creighton,Kirstin,Shaw,Hilda,Creighton,Jermaine
Shaw,Blaine,Irwin,Rachel,Shaw,Micheal
Creighton,Brigitte,Shaw,Hilda,Creighton,Jermaine
Shaw,Ross,Irwin,Rachel,Shaw,Micheal
Creighton,Haylee,Shaw,Hilda,Creighton,Jermaine
Shaw,Weston,Irwin,Rachel,Shaw,Micheal
Creighton,Doris,Shaw,Hilda,Creighton,Jermaine
Shaw,Javion,Irwin,Rachel,Shaw,Micheal
Creighton,Nancy,Shaw,Ruby,Creighton,Maliki
Shaw,Marcus,Irwin,Rachel,Shaw,Micheal
Creighton,Mykayla,Shaw,Ruby,Creighton,Maliki
Shaw,Josejuan,Irwin,Rachel,Shaw,Micheal
Creighton,Katelynn,Shaw,Ruby,Creighton,Maliki
Shaw,Keion,Irwin,Rachel,Shaw,Micheal
Creighton,Jamiya,Shaw,Ruby,Creighton,Maliki
Shaw,Jarrett,Irwin,Marcia,Shaw,Nicholaus
Creighton,Kelcee,Shaw,Ruby,Creighton,Maliki
Shaw,Darrell,Irwin,Marcia,Shaw,Nicholaus
Creighton,Alyson,Shaw,Ruby,Creighton,Maliki
Shaw,Hayes,Irwin,Marcia,Shaw,Nicholaus
Creighton,Haleigh,Shaw,Ruby,Creighton,Maliki
Shaw,Adonis,Creighton,Katharine,Shaw,Al
Creighton,Kimberlee,Shaw,Ruby,Creighton,Maliki
Shaw,Adrian,Creighton,Katharine,Shaw,Al
Creighton,Mandy,Shaw,Ruby,Creighton,Maliki
Shaw,Savion,Creighton,Katharine,Shaw,Al
Creighton,Bryn,Shaw,Tiona,Creighton,Grayson
Shaw,Cody,Creighton,Lianna,Shaw,Kalon
Creighton,Lyndsey,Shaw,Tiona,Creighton,Grayson
Shaw,Jose,Creighton,Lianna,Shaw,Kalon
Creighton,Joanna,Shaw,Tiona,Creighton,Grayson
Shaw,Keith,Creighton,Lianna,Shaw,Kalon
Creighton,Courteney,Shaw,Tiona,Creighton,Grayson
Shaw,Rakeem,Creighton,Aileen,Shaw,Hassan
Creighton,Bridgette,Shaw,Tiona,Creighton,Grayson
Shaw,Colton,Creighton,Aileen,Shaw,Hassan
Creighton,Rubi,Shaw,Tiona,Creighton,Grayson
Shaw,Sutton,Creighton,Aileen,Shaw,Hassan
Creighton,Zulema,Shaw,Tiona,Creighton,Grayson
Shaw,Sawyer,Creighton,Aileen,Shaw,Hassan
Creighton,Kady,Shaw,Tiona,Creighton,Grayson
Shaw,Jesus,Creighton,Armani,Shaw,Hakeem
Creighton,Ayla,Shaw,Tiona,Creighton,Grayson
Shaw,Mitchell,Creighton,Armani,Shaw,Hakeem
Creighton,Connie,Shaw,Tiona,Creighton,Grayson
Shaw,Jashua,Creighton,Armani,Shaw,Hakeem
Creighton,Linda,Shaw,Armani,Creighton,Kelvin
Shaw,Tracy,Creighton,Armani,Shaw,Hakeem
Creighton,Shaniah,Shaw,Armani,Creighton,Kelvin
Shaw,Brennan,Creighton,Armani,Shaw,Hakeem
Creighton,Carmen,Shaw,Armani,Creighton,Kelvin
Shaw,Ryen,Creighton,Armani,Shaw,Hakeem
Creighton,Estefania,Shaw,Armani,Creighton,Kelvin
Shaw,Nolan,Creighton,Armani,Shaw,Hakeem
Creighton,Leticia,Shaw,Armani,Creighton,Kelvin
Shaw,Pablo,Creighton,Armani,Shaw,Hakeem
Creighton,Casandra,Shaw,Armani,Creighton,Kelvin
Shaw,Noel,Creighton,Armani,Shaw,Hakeem
Creighton,Kaylee,Shaw,Armani,Creighton,Kelvin
Shaw,Brogan,Creighton,Armani,Shaw,Hakeem
Creighton,Joleen,Shaw,Armani,Creighton,Kelvin
Shaw,Jeffrey,Creighton,Armani,Shaw,Hakeem
Creighton,Malika,Shaw,Armani,Creighton,Kelvin
Shaw,Reuben,Creighton,Armani,Shaw,Hakeem
Creighton,Aleah,Shaw,Armani,Creighton,Kelvin
Creighton,Rory,Shaw,Hilda,Creighton,Jermaine
Creighton,Gabriella,Shaw,Callan,Creighton,Elliot
Creighton,Nathaniel,Shaw,Hilda,Creighton,Jermaine
Creighton,Aubree,Shaw,Callan,Creighton,Elliot
Creighton,Benny,Shaw,Hilda,Creighton,Jermaine
Creighton,Kimberly,Shaw,Callan,Creighton,Elliot
Creighton,Shlomo,Shaw,Hilda,Creighton,Jermaine
Creighton,Robyn,Shaw,Joanne,Creighton,Nico
Creighton,Richie,Shaw,Hilda,Creighton,Jermaine
Creighton,Rebekkah,Shaw,Joanne,Creighton,Nico
Creighton,Brian,Shaw,Hilda,Creighton,Jermaine
Creighton,Maison,Shaw,Keara,Creighton,Myron
Creighton,Vincent,Shaw,Hilda,Creighton,Jermaine
Creighton,Kristen,Shaw,Keara,Creighton,Myron
Creighton,Joel,Shaw,Hilda,Creighton,Jermaine
Creighton,Maryssa,Shaw,Alisa,Creighton,Russell
Creighton,Jean,Shaw,Hilda,Creighton,Jermaine
Creighton,Crystal,Shaw,Alisa,Creighton,Russell
Creighton,Destin,Shaw,Hilda,Creighton,Jermaine
Creighton,Camilla,Shaw,Kelci,Creighton,Aron
Creighton,Patric,Shaw,Hilda,Creighton,Jermaine
Creighton,Anna,Shaw,Kelci,Creighton,Aron
Creighton,Jessie,Shaw,Hilda,Creighton,Jermaine
Creighton,Shawna,Shaw,Mckenzie,Creighton,Ryan
Creighton,Perry,Shaw,Hilda,Creighton,Jermaine
Creighton,Virginia,Shaw,Mckenzie,Creighton,Ryan
Creighton,Marques,Shaw,Hilda,Creighton,Jermaine
Creighton,Daija,Shaw,Mckenzie,Creighton,Ryan
Creighton,Braydon,Shaw,Ruby,Creighton,Maliki
Creighton,Deserae,Shaw,Mckenzie,Creighton,Ryan
Creighton,Demetrius,Shaw,Ruby,Creighton,Maliki
Creighton,Jazmon,Shaw,Mckenzie,Creighton,Ryan
Creighton,Cristian,Shaw,Ruby,Creighton,Maliki
Creighton,Daphne,Shaw,Mckenzie,Creighton,Ryan
Creighton,Ramon,Shaw,Ruby,Creighton,Maliki
Creighton,Elaine,Shaw,Mckenzie,Creighton,Ryan
Creighton,Geoffrey,Shaw,Ruby,Creighton,Maliki
Creighton,Johana,Shaw,Mckenzie,Creighton,Ryan
Creighton,Jaron,Shaw,Ruby,Creighton,Maliki
Creighton,Elida,Shaw,Mckenzie,Creighton,Ryan
Creighton,Jed,Shaw,Tiona,Creighton,Grayson
Creighton,Julie,Shaw,Mckenzie,Creighton,Ryan
Creighton,Logan,Shaw,Tiona,Creighton,Grayson
Creighton,Grace,Shaw,Tasha,Creighton,Gilbert
Creighton,Jade,Shaw,Tiona,Creighton,Grayson
Creighton,Jaime,Shaw,Tasha,Creighton,Gilbert
Creighton,Ali,Shaw,Tiona,Creighton,Grayson
Creighton,Krupa,Shaw,Tasha,Creighton,Gilbert
Creighton,Jack,Shaw,Tiona,Creighton,Grayson
Creighton,Karina,Shaw,Tasha,Creighton,Gilbert
Creighton,Kayle,Shaw,Tiona,Creighton,Grayson
Creighton,Keri,Shaw,Tasha,Creighton,Gilbert
Creighton,Donovan,Shaw,Tiona,Creighton,Grayson
Creighton,Cassie,Shaw,Tasha,Creighton,Gilbert
Creighton,Reese,Shaw,Armani,Creighton,Kelvin
Creighton,Hana,Shaw,Tasha,Creighton,Gilbert
Creighton,Lawrence,Shaw,Armani,Creighton,Kelvin
Creighton,Kaina,Shaw,Tasha,Creighton,Gilbert
Creighton,Keanu,Shaw,Armani,Creighton,Kelvin
Creighton,Deanne,Shaw,Tasha,Creighton,Gilbert
Creighton,Ray,Shaw,Armani,Creighton,Kelvin
Tanner,Josey,Creighton,Karissa,Tanner,Wylie
Creighton,Deshaun,Shaw,Armani,Creighton,Kelvin
Tanner,Ramona,Creighton,Karissa,Tanner,Wylie
Creighton,Santana,Shaw,Armani,Creighton,Kelvin
Tanner,Krysta,Creighton,Karissa,Tanner,Wylie
Creighton,Kasey,Shaw,Armani,Creighton,Kelvin
Tanner,Isis,Creighton,Karissa,Tanner,Wylie
Creighton,Mauricio,Shaw,Armani,Creighton,Kelvin
Tanner,Crystal,Creighton,Karissa,Tanner,Wylie
Creighton,Cullen,Shaw,Armani,Creighton,Kelvin
Tanner,Nakia,Creighton,Karissa,Tanner,Wylie
Creighton,Hugh,Shaw,Callan,Creighton,Elliot
Tanner,Allison,Creighton,Larissa,Tanner,Domonic
Creighton,Jeffrey,Shaw,Callan,Creighton,Elliot
Tanner,Ruth,Creighton,Larissa,Tanner,Domonic
Creighton,Stephanie,Shaw,Joanne,Creighton,Nico
Tanner,Yoana,Creighton,Larissa,Tanner,Domonic
Creighton,Wilson,Shaw,Joanne,Creighton,Nico
Tanner,Makena,Creighton,Larissa,Tanner,Domonic
Creighton,Dantae,Shaw,Keara,Creighton,Myron
Tanner,Autumn,Creighton,Larissa,Tanner,Domonic
Creighton,Stewart,Shaw,Keara,Creighton,Myron
Tanner,Marlena,Adams,Demi,Tanner,Lorenzo
Creighton,Javion,Shaw,Keara,Creighton,Myron
Tanner,Edith,Adams,Demi,Tanner,Lorenzo
Creighton,Raheem,Shaw,Keara,Creighton,Myron
Tanner,Haley,Adams,Demi,Tanner,Lorenzo
Creighton,Randall,Shaw,Keara,Creighton,Myron
Tanner,Celia,Adams,Demi,Tanner,Lorenzo
Creighton,Morgan,Shaw,Keara,Creighton,Myron
Tanner,Kiara,Adams,Demi,Tanner,Lorenzo
Creighton,Alonzo,Shaw,Alisa,Creighton,Russell
Tanner,Mary,Adams,Demi,Tanner,Lorenzo
Creighton,Brenton,Shaw,Alisa,Creighton,Russell
Tanner,Dominique,Adams,Demi,Tanner,Lorenzo
Creighton,Diego,Shaw,Alisa,Creighton,Russell
Tanner,Eliana,Adams,Demi,Tanner,Lorenzo
Creighton,Sebastien,Shaw,Alisa,Creighton,Russell
Tanner,Valencia,Adams,Nathalia,Tanner,Junior
Creighton,Kamau,Shaw,Kelci,Creighton,Aron
Tanner,Silvia,Adams,Nathalia,Tanner,Junior
Creighton,Carl,Shaw,Kelci,Creighton,Aron
Tanner,Divya,Adams,Nathalia,Tanner,Junior
Creighton,Shaquille,Shaw,Mckenzie,Creighton,Ryan
Tanner,Kaelyn,Adams,Nathalia,Tanner,Junior
Creighton,Nicolas,Shaw,Mckenzie,Creighton,Ryan
Tanner,Graciela,Adams,Nathalia,Tanner,Junior
Creighton,Cyrus,Shaw,Mckenzie,Creighton,Ryan
Tanner,Myranda,Adams,Nathalia,Tanner,Junior
Creighton,Marcanthon,Shaw,Mckenzie,Creighton,Ryan
Tanner,Kitana,Adams,Nathalia,Tanner,Junior
Creighton,Shea,Shaw,Mckenzie,Creighton,Ryan
Tanner,Estefany,Adams,Nathalia,Tanner,Junior
Creighton,Bronson,Shaw,Mckenzie,Creighton,Ryan
Tanner,Kallee,Adams,Nathalia,Tanner,Junior
Creighton,Markell,Shaw,Mckenzie,Creighton,Ryan
Tanner,Helen,Adams,Nathalia,Tanner,Junior
Creighton,Alexis,Shaw,Tasha,Creighton,Gilbert
Adams,Brieanna,Tanner,Catalina,Adams,Conner
Creighton,Tyrell,Shaw,Tasha,Creighton,Gilbert
Adams,Coral,Tanner,Catalina,Adams,Conner
Creighton,Nickalus,Shaw,Tasha,Creighton,Gilbert
Adams,Charity,Tanner,Catalina,Adams,Conner
Creighton,Ramiro,Shaw,Tasha,Creighton,Gilbert
Adams,Jocelyne,Tanner,Kimberly,Adams,Matthew
Creighton,Gunnar,Shaw,Tasha,Creighton,Gilbert
Adams,Dandrea,Tanner,Kimberly,Adams,Matthew
Thuot,Cruz,Reilly,Ashlyn,Freeman,Jai,Boilermaker
Tanner,Anthony,Creighton,Karissa,Tanner,Wylie
Adams,Claire,Tanner,Kasey,Adams,Donovan
Tanner,Saul,Creighton,Karissa,Tanner,Wylie
Adams,Patience,Tanner,Kasey,Adams,Donovan
Tanner,Timothy,Creighton,Larissa,Tanner,Domonic
Adams,Sheridan,Tanner,Kasey,Adams,Donovan
Tanner,Dreshaun,Creighton,Larissa,Tanner,Domonic
Adams,Juliana,Tanner,Kasey,Adams,Donovan
Tanner,Hayden,Creighton,Larissa,Tanner,Domonic
Adams,Kristine,Tanner,Kasey,Adams,Donovan
Tanner,Kayvon,Creighton,Larissa,Tanner,Domonic
Adams,Courtney,Adamson,Ariana,Adams,Rex
Tanner,Freeman,Creighton,Larissa,Tanner,Domonic
Adams,Marianna,Adamson,Ariana,Adams,Rex
Tanner,Trae,Creighton,Larissa,Tanner,Domonic
Adams,Alessandra,Adamson,Ariana,Adams,Rex
Tanner,Ronald,Creighton,Larissa,Tanner,Domonic
Adams,Emmily,Adamson,Ariana,Adams,Rex
Tanner,Alvaro,Creighton,Larissa,Tanner,Domonic
Adams,Brynn,Adamson,Ariana,Adams,Rex
Tanner,Quentin,Creighton,Larissa,Tanner,Domonic
Adams,Cecelia,Adamson,Ariana,Adams,Rex
Tanner,Samual,Adams,Demi,Tanner,Lorenzo
Adams,Jordyn,Adamson,Ariana,Adams,Rex
Tanner,Thaddeus,Adams,Demi,Tanner,Lorenzo
Adams,Katerina,Adamson,Carley,Adams,Marcell
Tanner,Everett,Adams,Demi,Tanner,Lorenzo
Adams,Keanna,Adamson,Carley,Adams,Marcell
Tanner,Levi,Adams,Demi,Tanner,Lorenzo
Adams,Kayleen,Adamson,Carley,Adams,Marcell
Tanner,Don,Adams,Demi,Tanner,Lorenzo
Adams,Elizabet,Adamson,Carley,Adams,Marcell
Tanner,Gilbert,Adams,Demi,Tanner,Lorenzo
Adamson,Victoria,Adams,Colleen,Adamson,Abdiel
Tanner,Josie,Adams,Demi,Tanner,Lorenzo
Adamson,Caroline,Adams,Colleen,Adamson,Abdiel
Tanner,Neal,Adams,Nathalia,Tanner,Junior
Adamson,Celeste,Adams,Colleen,Adamson,Abdiel
Tanner,Rowan,Adams,Nathalia,Tanner,Junior
Adamson,Jazmyne,Adams,Colleen,Adamson,Abdiel
Tanner,Javonte,Adams,Nathalia,Tanner,Junior
Adamson,Kaylynn,Adams,Cherokee,Adamson,Grayson
Tanner,Byron,Adams,Nathalia,Tanner,Junior
Adamson,Toni,Adams,Cherokee,Adamson,Grayson
Tanner,Pierce,Adams,Nathalia,Tanner,Junior
Adamson,Allysa,Adams,Cherokee,Adamson,Grayson
Tanner,Shemar,Adams,Nathalia,Tanner,Junior
Adamson,Elaina,Adams,Cherokee,Adamson,Grayson
Adams,Karl,Tanner,Catalina,Adams,Conner
Adamson,Kristina,Adams,Cherokee,Adamson,Grayson
Adams,Zachariah,Tanner,Catalina,Adams,Conner
Adamson,Chantel,Adams,Cherokee,Adamson,Grayson
Adams,Jerryd,Tanner,Catalina,Adams,Conner
Adamson,Mayra,Adams,Cherokee,Adamson,Grayson
Adams,Jairus,Tanner,Catalina,Adams,Conner
Adamson,Rian,Adams,Cherokee,Adamson,Grayson
Adams,Alvaro,Tanner,Kimberly,Adams,Matthew
Adamson,Dania,Adams,Cherokee,Adamson,Grayson
Adams,Curtis,Tanner,Kimberly,Adams,Matthew
Adamson,Giuliana,Adams,Cherokee,Adamson,Grayson
Adams,Hayden,Tanner,Kimberly,Adams,Matthew
Adamson,Keyondra,Adams,Cherokee,Adamson,Grayson
Adams,Andreas,Tanner,Kimberly,Adams,Matthew
Adamson,Cailin,Adams,Cherokee,Adamson,Grayson
Adams,Liam,Tanner,Kimberly,Adams,Matthew
Adamson,Macey,Adams,Jadah,Adamson,Lashawn
Adams,Jasen,Tanner,Kasey,Adams,Donovan
Adamson,Robyn,Adams,Jadah,Adamson,Lashawn
Adams,Reid,Tanner,Kasey,Adams,Donovan
Adamson,Alesia,Adams,Jadah,Adamson,Lashawn
Adams,Conrad,Tanner,Kasey,Adams,Donovan
Adamson,Colette,Adams,Jadah,Adamson,Lashawn
Adams,Beau,Tanner,Kasey,Adams,Donovan
Adamson,Jaquana,Adams,Jadah,Adamson,Lashawn
Adams,Elliott,Tanner,Kasey,Adams,Donovan
Adamson,Khaliah,Adams,Jadah,Adamson,Lashawn
Adams,Norman,Tanner,Kasey,Adams,Donovan
Adamson,Mari,Adams,Jadah,Adamson,Lashawn
Adams,Tommy,Tanner,Kasey,Adams,Donovan
Adamson,Malia,Adams,Jadah,Adamson,Lashawn
Adams,Johnathon,Tanner,Kasey,Adams,Donovan
Adamson,Krista,Adams,Jadah,Adamson,Lashawn
Adams,Diamond,Adamson,Ariana,Adams,Rex
Adamson,Aileen,Adams,Jadah,Adamson,Lashawn
Adams,Ulysses,Adamson,Ariana,Adams,Rex
Adamson,Regina,Adams,Jadah,Adamson,Lashawn
Adams,Jon,Adamson,Ariana,Adams,Rex
Adamson,Carlie,Adams,Glenda,Adamson,Devaughn
Adams,Charlie,Adamson,Ariana,Adams,Rex
Adamson,Margo,Adams,Glenda,Adamson,Devaughn
Adams,Don,Adamson,Carley,Adams,Marcell
Adamson,Jordan,Adams,Glenda,Adamson,Devaughn
Adams,Coby,Adamson,Carley,Adams,Marcell
Adamson,Danica,Adams,Glenda,Adamson,Devaughn
Adams,Jamari,Adamson,Carley,Adams,Marcell
Adamson,Sydni,Adams,Glenda,Adamson,Devaughn
Adams,Kellen,Adamson,Carley,Adams,Marcell
Adamson,Siarra,Adams,Glenda,Adamson,Devaughn
Adams,Shemar,Adamson,Carley,Adams,Marcell
Adamson,Christine,Adams,Glenda,Adamson,Devaughn
Adams,Michal,Adamson,Carley,Adams,Marcell
Adamson,Makenzie,Adams,Glenda,Adamson,Devaughn
Adams,Rigoberto,Adamson,Carley,Adams,Marcell
Adamson,Kelsee,Adams,Glenda,Adamson,Devaughn
Adams,Hayes,Adamson,Carley,Adams,Marcell
Adamson,Karah,Adams,Glenda,Adamson,Devaughn
Adamson,Toby,Adams,Colleen,Adamson,Abdiel
Adamson,Maxine,Adams,Glenda,Adamson,Devaughn
Adamson,Diondre,Adams,Colleen,Adamson,Abdiel
Adamson,Chloe,Adams,Glenda,Adamson,Devaughn
Adamson,Nathan,Adams,Colleen,Adamson,Abdiel
Adamson,Kiersten,Henricks,Octavia,Adamson,Rafael
Adamson,Colt,Adams,Colleen,Adamson,Abdiel
Adamson,Jaylynn,Henricks,Octavia,Adamson,Rafael
Adamson,Peyton,Adams,Colleen,Adamson,Abdiel
Adamson,Daphne,Henricks,Octavia,Adamson,Rafael
Adamson,Rudy,Adams,Colleen,Adamson,Abdiel
Adamson,Lindsay,Henricks,Octavia,Adamson,Rafael
Adamson,Lukas,Adams,Colleen,Adamson,Abdiel
Adamson,Domonique,Henricks,Octavia,Adamson,Rafael
Adamson,Khalil,Adams,Colleen,Adamson,Abdiel
Adamson,Sean,Henricks,Mariangeli,Adamson,Ever
