Grant,Bernard,Hawley,Evelin,Grant,Gene
Cooper,Alannah,White,Brieanna,Cooper,Graham
Deckard,Josejuan,Washington,Elizabet,Deckard,Stewart
Tyler,Hattie,Fossum,Tayler,Tyler,Tristian
Cleveland,Landon,Gemar,Aisha,Cleveland,Vincent
Wilson,Christine,White,Laquisha,Wilson,Skyler
Cameron,Junior,Gorie,Isadora,Cameron,Tysheem
Schweickart,Alexus,Nowak,Bertha,Schweickart,Shaun
Lindsey,Billy,Pettit,Valerie,Lindsey,Marcus
Johnson,Dayna,Reisman,Sophia,Johnson,Langston
Ferguson,Tre,Coolidge,Analisa,Ferguson,Bretton
Taylor,Rian,Fullerton,Spencer,Taylor,Lionel
Nagel,Isaias,Conrad,Edith,Nagel,Robert
Duffy,Dulce,Brand,Casie,Duffy,Terence
Ewing,Ibrahim,Frick,Claire,Ewing,Chase
Swigert,Annalisa,Ride,Elizabeth,Swigert,Dan
Lenoir,Yair,Phillips,Michaela,Lenoir,Devonte
Garfield,Mary,Caldeiro,Darian,Garfield,Jordon
Polk,Royce,Anderson,Jacquelyn,Polk,Malik
Ewing,Aja,Casper,Rachel,Ewing,Maliki
Kerwin,Carson,Frick,Haylie,Kerwin,Roger
Veach,Carli,Casper,Sky,Veach,Treshaun
Grant,Terrence,Cooper,Alannah,Grant,Bernard
Cooper,Janelle,Readdy,Luz,Cooper,Pierce
Grant,Randy,Cooper,Alannah,Grant,Bernard
Archambault,Farrah,Nowak,Sommer,Archambault,Anthony
Grant,Wilmer,Cooper,Alannah,Grant,Bernard
Lenoir,Jazmon,Nixon,Asya,Lenoir,Alek
Deckard,Nickalus,Tyler,Hattie,Deckard,Josejuan
Gutierrez,Brynn,Cleave,Heather,Gutierrez,Jamel
Cleveland,Casey,Wilson,Christine,Cleveland,Landon
Wilson,Melody,Parazynski,Kylie,Wilson,Marcell
Graham,White,Brieanna,Grant,Gene
Cleveland,Dalton,Wilson,Christine,Cleveland,Landon
Camarda,Scarlett,Zophar,Deondra,Camarda,Rayquan
Cleveland,Khalid,Wilson,Christine,Cleveland,Landon
Graveline,Niki,Wisoff,Krystle,Graveline,Agustin
Cameron,Willis,Schweickart,Alexus,Cameron,Junior
Grant,Claire,Cooper,Alannah,Grant,Bernard
Cameron,Izaiah,Schweickart,Alexus,Cameron,Junior
Grant,Johanna,Cooper,Alannah,Grant,Bernard
Cameron,Camden,Schweickart,Alexus,Cameron,Junior
Grant,Reyanna,Cooper,Alannah,Grant,Bernard
Cameron,Clifford,Schweickart,Alexus,Cameron,Junior
Deckard,Maura,Tyler,Hattie,Deckard,Josejuan
Cameron,Clay,Schweickart,Alexus,Cameron,Junior
Deckard,Lindsay,Tyler,Hattie,Deckard,Josejuan
Cameron,Jameson,Schweickart,Alexus,Cameron,Junior
Deckard,Bryn,Tyler,Hattie,Deckard,Josejuan
Cameron,Evan,Schweickart,Alexus,Cameron,Junior
Cleveland,Aleisha,Wilson,Christine,Cleveland,Landon
Cameron,Jerry,Schweickart,Alexus,Cameron,Junior
Cleveland,Molly,Wilson,Christine,Cleveland,Landon
Cameron,Juan,Schweickart,Alexus,Cameron,Junior
Cleveland,Mia,Wilson,Christine,Cleveland,Landon
Lindsey,Mitchell,Johnson,Dayna,Lindsey,Billy
Cameron,Maritza,Schweickart,Alexus,Cameron,Junior
Lindsey,Jabari,Johnson,Dayna,Lindsey,Billy
Cameron,Maggie,Schweickart,Alexus,Cameron,Junior
Lindsey,Marco,Johnson,Dayna,Lindsey,Billy
Cameron,Patience,Schweickart,Alexus,Cameron,Junior
Lindsey,Erick,Johnson,Dayna,Lindsey,Billy
Cameron,Lora,Schweickart,Alexus,Cameron,Junior
Lindsey,Dylan,Johnson,Dayna,Lindsey,Billy
Cameron,Julianne,Schweickart,Alexus,Cameron,Junior
Lindsey,Babyboy,Johnson,Dayna,Lindsey,Billy
Cameron,Tatum,Schweickart,Alexus,Cameron,Junior
Lindsey,Antonio,Johnson,Dayna,Lindsey,Billy
Cameron,Destiny,Schweickart,Alexus,Cameron,Junior
Lindsey,Forrest,Johnson,Dayna,Lindsey,Billy
Cameron,Darby,Schweickart,Alexus,Cameron,Junior
Lindsey,Roland,Johnson,Dayna,Lindsey,Billy
Cameron,Hannah,Schweickart,Alexus,Cameron,Junior
Ferguson,Gregory,Taylor,Rian,Ferguson,Tre
Cameron,Gloria,Schweickart,Alexus,Cameron,Junior
Ferguson,Diondre,Taylor,Rian,Ferguson,Tre
Cameron,Jenae,Schweickart,Alexus,Cameron,Junior
Ferguson,Sterling,Taylor,Rian,Ferguson,Tre
Lindsey,Kenia,Johnson,Dayna,Lindsey,Billy
Ferguson,Darien,Taylor,Rian,Ferguson,Tre
Lindsey,Viviana,Johnson,Dayna,Lindsey,Billy
Ferguson,Travon,Taylor,Rian,Ferguson,Tre
Lindsey,Lesli,Johnson,Dayna,Lindsey,Billy
Ferguson,Errol,Taylor,Rian,Ferguson,Tre
Lindsey,Jordan,Johnson,Dayna,Lindsey,Billy
Ferguson,Weston,Taylor,Rian,Ferguson,Tre
Lindsey,Shekinah,Johnson,Dayna,Lindsey,Billy
Ferguson,Stewart,Taylor,Rian,Ferguson,Tre
Lindsey,Darcie,Johnson,Dayna,Lindsey,Billy
Ferguson,Brenton,Taylor,Rian,Ferguson,Tre
Lindsey,Tiyanna,Johnson,Dayna,Lindsey,Billy
Ferguson,Jackson,Taylor,Rian,Ferguson,Tre
Lindsey,Iridiana,Johnson,Dayna,Lindsey,Billy
Nagel,Tylor,Duffy,Dulce,Nagel,Isaias
Lindsey,Sheridan,Johnson,Dayna,Lindsey,Billy
Nagel,Rashaun,Duffy,Dulce,Nagel,Isaias
Lindsey,Adrianne,Johnson,Dayna,Lindsey,Billy
Nagel,Jalil,Duffy,Dulce,Nagel,Isaias
Ferguson,Tatyana,Taylor,Rian,Ferguson,Tre
Nagel,Hayes,Duffy,Dulce,Nagel,Isaias
Ferguson,Deondra,Taylor,Rian,Ferguson,Tre
Nagel,Raymond,Duffy,Dulce,Nagel,Isaias
Ferguson,Kristin,Taylor,Rian,Ferguson,Tre
Nagel,Jordon,Duffy,Dulce,Nagel,Isaias
Ferguson,Clare,Taylor,Rian,Ferguson,Tre
Ewing,Zakery,Swigert,Annalisa,Ewing,Ibrahim
Ferguson,Maria,Taylor,Rian,Ferguson,Tre
Ewing,Deon,Swigert,Annalisa,Ewing,Ibrahim
Ferguson,Myra,Taylor,Rian,Ferguson,Tre
Ewing,Ameer,Swigert,Annalisa,Ewing,Ibrahim
Ferguson,Shawna,Taylor,Rian,Ferguson,Tre
Ewing,Shaun,Swigert,Annalisa,Ewing,Ibrahim
Ferguson,Jordyn,Taylor,Rian,Ferguson,Tre
Ewing,Tarik,Swigert,Annalisa,Ewing,Ibrahim
Nagel,Paxton,Duffy,Dulce,Nagel,Isaias
Ewing,Kirk,Swigert,Annalisa,Ewing,Ibrahim
Nagel,Tyra,Duffy,Dulce,Nagel,Isaias
Ewing,Clint,Swigert,Annalisa,Ewing,Ibrahim
Nagel,Chana,Duffy,Dulce,Nagel,Isaias
Ewing,Blaine,Swigert,Annalisa,Ewing,Ibrahim
Nagel,Dixie,Duffy,Dulce,Nagel,Isaias
Ewing,Wesley,Swigert,Annalisa,Ewing,Ibrahim
Nagel,Leah,Duffy,Dulce,Nagel,Isaias
Ewing,Leonardo,Swigert,Annalisa,Ewing,Ibrahim
Nagel,Alicia,Duffy,Dulce,Nagel,Isaias
Lenoir,Maurice,Garfield,Mary,Lenoir,Yair
Nagel,Merissa,Duffy,Dulce,Nagel,Isaias
Lenoir,Max,Garfield,Mary,Lenoir,Yair
Ewing,Anika,Swigert,Annalisa,Ewing,Ibrahim
Lenoir,Emmett,Garfield,Mary,Lenoir,Yair
Ewing,Jenae,Swigert,Annalisa,Ewing,Ibrahim
Lenoir,Keifer,Garfield,Mary,Lenoir,Yair
Ewing,Madison,Swigert,Annalisa,Ewing,Ibrahim
Polk,Joshua,Ewing,Aja,Polk,Royce
Ewing,Lizette,Swigert,Annalisa,Ewing,Ibrahim
Polk,Rodolfo,Ewing,Aja,Polk,Royce
Ewing,Malinda,Swigert,Annalisa,Ewing,Ibrahim
Polk,Ismael,Ewing,Aja,Polk,Royce
Ewing,Shaniah,Swigert,Annalisa,Ewing,Ibrahim
Polk,Nicholas,Ewing,Aja,Polk,Royce
Ewing,Sherry,Swigert,Annalisa,Ewing,Ibrahim
Kerwin,Mario,Veach,Carli,Kerwin,Carson
Ewing,Margo,Swigert,Annalisa,Ewing,Ibrahim
Kerwin,Heriberto,Veach,Carli,Kerwin,Carson
Ewing,Sonya,Swigert,Annalisa,Ewing,Ibrahim
Kerwin,Leonardo,Veach,Carli,Kerwin,Carson
Ewing,Jodie,Swigert,Annalisa,Ewing,Ibrahim
Kerwin,Cristobal,Veach,Carli,Kerwin,Carson
Lenoir,Maia,Garfield,Mary,Lenoir,Yair
Kerwin,Evan,Veach,Carli,Kerwin,Carson
Lenoir,Calandra,Garfield,Mary,Lenoir,Yair
Kerwin,Barrett,Veach,Carli,Kerwin,Carson
Lenoir,Faith,Garfield,Mary,Lenoir,Yair
Grant,Johnathan,Cooper,Janelle,Grant,Terrence
Lenoir,Molly,Garfield,Mary,Lenoir,Yair
Grant,Jack,Cooper,Janelle,Grant,Terrence
Lenoir,Yessenia,Garfield,Mary,Lenoir,Yair
Grant,Fredrick,Cooper,Janelle,Grant,Terrence
Polk,Caylee,Ewing,Aja,Polk,Royce
Grant,Brady,Cooper,Janelle,Grant,Terrence
Kerwin,Christine,Veach,Carli,Kerwin,Carson
Grant,Joseph,Archambault,Farrah,Grant,Randy
Kerwin,Bertha,Veach,Carli,Kerwin,Carson
Grant,Jamal,Archambault,Farrah,Grant,Randy
Kerwin,Maritza,Veach,Carli,Kerwin,Carson
Grant,Jessie,Archambault,Farrah,Grant,Randy
Kerwin,Karissa,Veach,Carli,Kerwin,Carson
Grant,Ralph,Lenoir,Jazmon,Grant,Wilmer
Kerwin,Audra,Veach,Carli,Kerwin,Carson
Grant,Aleksandr,Lenoir,Jazmon,Grant,Wilmer
Kerwin,Jena,Veach,Carli,Kerwin,Carson
Grant,Wade,Lenoir,Jazmon,Grant,Wilmer
Kerwin,Macy,Veach,Carli,Kerwin,Carson
Grant,Erick,Lenoir,Jazmon,Grant,Wilmer
Kerwin,Ansley,Veach,Carli,Kerwin,Carson
Grant,Hiram,Lenoir,Jazmon,Grant,Wilmer
Kerwin,Alexandria,Veach,Carli,Kerwin,Carson
Grant,Garin,Lenoir,Jazmon,Grant,Wilmer
Grant,Jana,Archambault,Farrah,Grant,Randy
Grant,Francesco,Lenoir,Jazmon,Grant,Wilmer
Grant,Dania,Archambault,Farrah,Grant,Randy
Grant,Victor,Lenoir,Jazmon,Grant,Wilmer
Grant,Annabel,Archambault,Farrah,Grant,Randy
Grant,Jayden,Lenoir,Jazmon,Grant,Wilmer
Grant,Kaitlin,Archambault,Farrah,Grant,Randy
Deckard,Gunner,Gutierrez,Brynn,Deckard,Nickalus
Grant,Salina,Archambault,Farrah,Grant,Randy
Deckard,Guadalupe,Gutierrez,Brynn,Deckard,Nickalus
Grant,Tessa,Archambault,Farrah,Grant,Randy
Deckard,Bailey,Gutierrez,Brynn,Deckard,Nickalus
Grant,Cassie,Archambault,Farrah,Grant,Randy
Deckard,Sawyer,Gutierrez,Brynn,Deckard,Nickalus
Grant,Tess,Archambault,Farrah,Grant,Randy
Deckard,Bretton,Gutierrez,Brynn,Deckard,Nickalus
Grant,Macey,Archambault,Farrah,Grant,Randy
Deckard,Leland,Gutierrez,Brynn,Deckard,Nickalus
Grant,Perla,Archambault,Farrah,Grant,Randy
Deckard,Deangelo,Gutierrez,Brynn,Deckard,Nickalus
Grant,Isabelle,Archambault,Farrah,Grant,Randy
Cleveland,Mason,Wilson,Melody,Cleveland,Casey
Grant,Raven,Archambault,Farrah,Grant,Randy
Cleveland,Jessie,Wilson,Melody,Cleveland,Casey
Grant,Aylin,Lenoir,Jazmon,Grant,Wilmer
Cleveland,Troy,Wilson,Melody,Cleveland,Casey
Grant,Tamara,Lenoir,Jazmon,Grant,Wilmer
Cleveland,Jamal,Wilson,Melody,Cleveland,Casey
Grant,Georgia,Lenoir,Jazmon,Grant,Wilmer
Cleveland,Anton,Wilson,Melody,Cleveland,Casey
Grant,Tammy,Lenoir,Jazmon,Grant,Wilmer
Cleveland,Kareem,Stewart,Ashli,Cleveland,Adonis
Grant,Margarita,Lenoir,Jazmon,Grant,Wilmer
Cleveland,Kalon,Stewart,Ashli,Cleveland,Adonis
Deckard,Katia,Gutierrez,Brynn,Deckard,Nickalus
Cleveland,Tyson,Stewart,Ashli,Cleveland,Adonis
Deckard,Lindsey,Gutierrez,Brynn,Deckard,Nickalus
Cleveland,Jerryd,Stewart,Ashli,Cleveland,Adonis
Deckard,Niki,Gutierrez,Brynn,Deckard,Nickalus
Cleveland,Clint,Stewart,Ashli,Cleveland,Adonis
Deckard,Tehya,Gutierrez,Brynn,Deckard,Nickalus
Cleveland,Davis,Camarda,Scarlett,Cleveland,Dalton
Deckard,Chandler,Gutierrez,Brynn,Deckard,Nickalus
Cleveland,Kyler,Camarda,Scarlett,Cleveland,Dalton
Deckard,Marie,Gutierrez,Brynn,Deckard,Nickalus
Cleveland,Nour,Camarda,Scarlett,Cleveland,Dalton
Deckard,Joselin,Gutierrez,Brynn,Deckard,Nickalus
Cleveland,Roy,Camarda,Scarlett,Cleveland,Dalton
Deckard,Cambria,Gutierrez,Brynn,Deckard,Nickalus
Cleveland,Mauro,Camarda,Scarlett,Cleveland,Dalton
Deckard,Monet,Gutierrez,Brynn,Deckard,Nickalus
Cleveland,Damon,Camarda,Scarlett,Cleveland,Dalton
Deckard,Esperanza,Gutierrez,Brynn,Deckard,Nickalus
Cleveland,Roger,Camarda,Scarlett,Cleveland,Dalton
Deckard,Rani,Gutierrez,Brynn,Deckard,Nickalus
Cleveland,Steve,Camarda,Scarlett,Cleveland,Dalton
Deckard,Monika,Gutierrez,Brynn,Deckard,Nickalus
Cleveland,Alex,Camarda,Scarlett,Cleveland,Dalton
Deckard,Johnna,Gutierrez,Brynn,Deckard,Nickalus
Cleveland,Devonte,Graveline,Niki,Cleveland,Khalid
Cleveland,Lynda,Wilson,Melody,Cleveland,Casey
Cleveland,Clay,Graveline,Niki,Cleveland,Khalid
Cleveland,Shirley,Wilson,Melody,Cleveland,Casey
Cameron,Oliver,Grant,Claire,Cameron,Willis
Cleveland,Kaitlynn,Wilson,Melody,Cleveland,Casey
Cameron,Randy,Grant,Claire,Cameron,Willis
Cleveland,Alexi,Stewart,Ashli,Cleveland,Adonis
Cameron,Darryl,Grant,Claire,Cameron,Willis
Cleveland,Regan,Stewart,Ashli,Cleveland,Adonis
Cameron,Kerry,Grant,Claire,Cameron,Willis
Cleveland,Micah,Camarda,Scarlett,Cleveland,Dalton
Cameron,Ramiro,Grant,Claire,Cameron,Willis
Cleveland,Mikyla,Camarda,Scarlett,Cleveland,Dalton
Cameron,Agustin,Grant,Claire,Cameron,Willis
Cleveland,Malika,Camarda,Scarlett,Cleveland,Dalton
Cameron,Ward,Grant,Claire,Cameron,Willis
Cleveland,Keiarra,Camarda,Scarlett,Cleveland,Dalton
Cameron,Bill,Grant,Claire,Cameron,Willis
Cleveland,Shiloh,Camarda,Scarlett,Cleveland,Dalton
Cameron,Kevin,Grant,Claire,Cameron,Willis
Cleveland,Mary,Camarda,Scarlett,Cleveland,Dalton
Cameron,Elias,Grant,Claire,Cameron,Willis
Cleveland,Jasmine,Camarda,Scarlett,Cleveland,Dalton
Cameron,Bretton,Grant,Johanna,Cameron,Izaiah
Cleveland,Sheridan,Camarda,Scarlett,Cleveland,Dalton
Cameron,Aspen,Grant,Johanna,Cameron,Izaiah
Cleveland,Jesslyn,Camarda,Scarlett,Cleveland,Dalton
Cameron,Dreshaun,Grant,Johanna,Cameron,Izaiah
Cleveland,Elana,Camarda,Scarlett,Cleveland,Dalton
Cameron,Donte,Grant,Johanna,Cameron,Izaiah
Cleveland,Iridiana,Graveline,Niki,Cleveland,Khalid
Cameron,Quintin,Grant,Johanna,Cameron,Izaiah
Cameron,Grace,Grant,Claire,Cameron,Willis
Cameron,Miles,Grant,Reyanna,Cameron,Camden
Cameron,Kailee,Grant,Claire,Cameron,Willis
Cameron,Joseph,Deckard,Maura,Cameron,Clifford
Cameron,Lesley,Grant,Claire,Cameron,Willis
Cameron,Kamau,Deckard,Maura,Cameron,Clifford
Cameron,Anisha,Grant,Claire,Cameron,Willis
Cameron,Langston,Deckard,Lindsay,Cameron,Clay
Cameron,Daesha,Grant,Claire,Cameron,Willis
Cameron,Coleman,Deckard,Bryn,Cameron,Jameson
Cameron,Darrian,Grant,Claire,Cameron,Willis
Cameron,Shayne,Cleveland,Aleisha,Cameron,Evan
Cameron,Nallely,Grant,Claire,Cameron,Willis
Cameron,Harley,Cleveland,Aleisha,Cameron,Evan
Cameron,Kailey,Grant,Johanna,Cameron,Izaiah
Cameron,Bryant,Cleveland,Molly,Cameron,Jerry
Cameron,Alisa,Grant,Johanna,Cameron,Izaiah
Cameron,Clarence,Cleveland,Molly,Cameron,Jerry
Cameron,Diana,Grant,Johanna,Cameron,Izaiah
Cameron,Walter,Cleveland,Mia,Cameron,Juan
Cameron,Alysa,Grant,Reyanna,Cameron,Camden
Cameron,Leroy,Cleveland,Mia,Cameron,Juan
Cameron,Imani,Grant,Reyanna,Cameron,Camden
Cameron,Tavon,Cleveland,Mia,Cameron,Juan
Cameron,Kasey,Grant,Reyanna,Cameron,Camden
Cameron,Demonte,Cleveland,Mia,Cameron,Juan
Cameron,Juliette,Grant,Reyanna,Cameron,Camden
Cameron,Barrett,Cleveland,Mia,Cameron,Juan
Cameron,Caitriona,Grant,Reyanna,Cameron,Camden
Cameron,Israel,Cleveland,Mia,Cameron,Juan
Cameron,Quinn,Grant,Reyanna,Cameron,Camden
Cameron,Dustin,Cleveland,Mia,Cameron,Juan
Cameron,Adriane,Deckard,Maura,Cameron,Clifford
Lindsey,Trenton,Cameron,Maritza,Lindsey,Mitchell
Cameron,Judith,Deckard,Lindsay,Cameron,Clay
Lindsey,Keon,Cameron,Maritza,Lindsey,Mitchell
Cameron,Brianna,Deckard,Lindsay,Cameron,Clay
Lindsey,Sam,Cameron,Maritza,Lindsey,Mitchell
Cameron,Myra,Deckard,Lindsay,Cameron,Clay
Lindsey,Guillermo,Cameron,Maritza,Lindsey,Mitchell
Cameron,Kayland,Deckard,Bryn,Cameron,Jameson
Lindsey,Neftaly,Cameron,Maggie,Lindsey,Jabari
Cameron,Julissa,Deckard,Bryn,Cameron,Jameson
Lindsey,Nicholas,Cameron,Maggie,Lindsey,Jabari
Cameron,Ellie,Deckard,Bryn,Cameron,Jameson
Lindsey,Ali,Cameron,Patience,Lindsey,Marco
Cameron,Jeanna,Deckard,Bryn,Cameron,Jameson
Lindsey,Deric,Cameron,Patience,Lindsey,Marco
Cameron,Lakendra,Cleveland,Aleisha,Cameron,Evan
Lindsey,Francis,Cameron,Patience,Lindsey,Marco
Cameron,Nadia,Cleveland,Aleisha,Cameron,Evan
Lindsey,Darrius,Cameron,Lora,Lindsey,Erick
Cameron,Caylin,Cleveland,Aleisha,Cameron,Evan
Lindsey,Alexander,Cameron,Lora,Lindsey,Erick
Cameron,Vivian,Cleveland,Aleisha,Cameron,Evan
Lindsey,Isaias,Cameron,Lora,Lindsey,Erick
Cameron,Susan,Cleveland,Aleisha,Cameron,Evan
Lindsey,Barrett,Cameron,Lora,Lindsey,Erick
Cameron,Symphony,Cleveland,Molly,Cameron,Jerry
Lindsey,Hugh,Cameron,Lora,Lindsey,Erick
Cameron,Noemi,Cleveland,Molly,Cameron,Jerry
Lindsey,Dustin,Cameron,Lora,Lindsey,Erick
Cameron,Tasia,Cleveland,Molly,Cameron,Jerry
Lindsey,Johnny,Cameron,Lora,Lindsey,Erick
Lindsey,Kinsey,Cameron,Maritza,Lindsey,Mitchell
Lindsey,Aron,Cameron,Julianne,Lindsey,Dylan
Lindsey,Mahogany,Cameron,Maritza,Lindsey,Mitchell
Lindsey,Raequan,Cameron,Julianne,Lindsey,Dylan
Lindsey,Mikayla,Cameron,Maritza,Lindsey,Mitchell
Lindsey,Jeramie,Cameron,Julianne,Lindsey,Dylan
Lindsey,Carlye,Cameron,Maritza,Lindsey,Mitchell
Lindsey,Rakeem,Cameron,Julianne,Lindsey,Dylan
Lindsey,Allyssa,Cameron,Maritza,Lindsey,Mitchell
Lindsey,Barry,Cameron,Julianne,Lindsey,Dylan
Lindsey,Christie,Cameron,Maritza,Lindsey,Mitchell
Lindsey,Brody,Cameron,Julianne,Lindsey,Dylan
Lindsey,Idaly,Cameron,Maritza,Lindsey,Mitchell
Lindsey,Rhett,Cameron,Julianne,Lindsey,Dylan
Lindsey,Kitana,Cameron,Maritza,Lindsey,Mitchell
Lindsey,Tommy,Cameron,Julianne,Lindsey,Dylan
Lindsey,Marisol,Cameron,Maritza,Lindsey,Mitchell
Lindsey,James,Cameron,Tatum,Lindsey,Babyboy
Lindsey,Doris,Cameron,Maritza,Lindsey,Mitchell
Lindsey,Philip,Cameron,Tatum,Lindsey,Babyboy
Lindsey,Xochitl,Cameron,Maggie,Lindsey,Jabari
Lindsey,Kevin,Cameron,Tatum,Lindsey,Babyboy
Lindsey,Sapphire,Cameron,Maggie,Lindsey,Jabari
Lindsey,Devonte,Cameron,Tatum,Lindsey,Babyboy
Lindsey,Kayley,Cameron,Patience,Lindsey,Marco
Lindsey,Dana,Cameron,Tatum,Lindsey,Babyboy
Lindsey,Gladys,Cameron,Patience,Lindsey,Marco
Lindsey,Santos,Cameron,Tatum,Lindsey,Babyboy
Lindsey,Sherry,Cameron,Lora,Lindsey,Erick
Lindsey,Stephen,Cameron,Tatum,Lindsey,Babyboy
Lindsey,Jana,Cameron,Lora,Lindsey,Erick
Lindsey,Pedro,Cameron,Tatum,Lindsey,Babyboy
Lindsey,Grace,Cameron,Lora,Lindsey,Erick
Lindsey,Idris,Cameron,Tatum,Lindsey,Babyboy
Lindsey,Aerial,Cameron,Lora,Lindsey,Erick
Lindsey,Seth,Cameron,Tatum,Lindsey,Babyboy
Lindsey,Morgen,Cameron,Lora,Lindsey,Erick
Lindsey,Desmond,Cameron,Tatum,Lindsey,Babyboy
Lindsey,Tamra,Cameron,Lora,Lindsey,Erick
Lindsey,Jared,Cameron,Destiny,Lindsey,Antonio
Lindsey,Klarisa,Cameron,Lora,Lindsey,Erick
Lindsey,Forest,Cameron,Destiny,Lindsey,Antonio
Lindsey,Mckenna,Cameron,Lora,Lindsey,Erick
Lindsey,Don,Cameron,Destiny,Lindsey,Antonio
Lindsey,Tiffani,Cameron,Lora,Lindsey,Erick
Lindsey,Alvaro,Cameron,Destiny,Lindsey,Antonio
Lindsey,Elizabet,Cameron,Julianne,Lindsey,Dylan
Lindsey,Andreas,Cameron,Destiny,Lindsey,Antonio
Lindsey,Ayla,Cameron,Julianne,Lindsey,Dylan
Lindsey,Jamal,Cameron,Destiny,Lindsey,Antonio
Lindsey,Shiloh,Cameron,Julianne,Lindsey,Dylan
Lindsey,Denzell,Cameron,Destiny,Lindsey,Antonio
Lindsey,Savannah,Cameron,Julianne,Lindsey,Dylan
Lindsey,Ladarius,Cameron,Destiny,Lindsey,Antonio
Lindsey,Randi,Cameron,Julianne,Lindsey,Dylan
Lindsey,Trent,Cameron,Darby,Lindsey,Forrest
Lindsey,Regina,Cameron,Julianne,Lindsey,Dylan
Lindsey,Deangelo,Cameron,Darby,Lindsey,Forrest
Lindsey,Isamar,Cameron,Julianne,Lindsey,Dylan
Lindsey,Frederic,Cameron,Darby,Lindsey,Forrest
Lindsey,Yamilex,Cameron,Tatum,Lindsey,Babyboy
Lindsey,Terrence,Cameron,Darby,Lindsey,Forrest
Lindsey,Elijah,Cameron,Tatum,Lindsey,Babyboy
Lindsey,Tylar,Cameron,Darby,Lindsey,Forrest
Lindsey,Nadine,Cameron,Tatum,Lindsey,Babyboy
Lindsey,Roberto,Cameron,Darby,Lindsey,Forrest
Lindsey,Zenia,Cameron,Tatum,Lindsey,Babyboy
Lindsey,Stephon,Cameron,Hannah,Lindsey,Roland
Lindsey,Mckayla,Cameron,Tatum,Lindsey,Babyboy
Lindsey,Nathan,Cameron,Hannah,Lindsey,Roland
Lindsey,Jaymie,Cameron,Tatum,Lindsey,Babyboy
Lindsey,Deon,Cameron,Hannah,Lindsey,Roland
Lindsey,Kelsey,Cameron,Tatum,Lindsey,Babyboy
Lindsey,Buford,Cameron,Hannah,Lindsey,Roland
Lindsey,Shakia,Cameron,Destiny,Lindsey,Antonio
Lindsey,Marcos,Cameron,Hannah,Lindsey,Roland
Lindsey,Tristan,Cameron,Destiny,Lindsey,Antonio
Lindsey,Kyle,Cameron,Hannah,Lindsey,Roland
Lindsey,Priscilla,Cameron,Destiny,Lindsey,Antonio
Lindsey,Juan,Cameron,Hannah,Lindsey,Roland
Lindsey,Kelsi,Cameron,Destiny,Lindsey,Antonio
Lindsey,Esau,Cameron,Hannah,Lindsey,Roland
Lindsey,Kaycee,Cameron,Destiny,Lindsey,Antonio
Lindsey,Tyren,Cameron,Hannah,Lindsey,Roland
Lindsey,Allyson,Cameron,Destiny,Lindsey,Antonio
Lindsey,Rey,Cameron,Hannah,Lindsey,Roland
Lindsey,Sariah,Cameron,Destiny,Lindsey,Antonio
Lindsey,Mason,Cameron,Hannah,Lindsey,Roland
Lindsey,Daesha,Cameron,Darby,Lindsey,Forrest
Lindsey,Melvin,Cameron,Hannah,Lindsey,Roland
Lindsey,Yvonne,Cameron,Darby,Lindsey,Forrest
Ferguson,Abdiel,Cameron,Gloria,Ferguson,Gregory
Lindsey,Jazmon,Cameron,Darby,Lindsey,Forrest
Ferguson,Ignacio,Cameron,Jenae,Ferguson,Diondre
Lindsey,Alana,Cameron,Darby,Lindsey,Forrest
Ferguson,Phillip,Cameron,Jenae,Ferguson,Diondre
Lindsey,Gwendolyn,Cameron,Darby,Lindsey,Forrest
Ferguson,Mathieu,Cameron,Jenae,Ferguson,Diondre
Lindsey,Aisha,Cameron,Darby,Lindsey,Forrest
Ferguson,Jarrett,Cameron,Jenae,Ferguson,Diondre
Lindsey,Janice,Cameron,Darby,Lindsey,Forrest
Ferguson,Amari,Cameron,Jenae,Ferguson,Diondre
Lindsey,Madeline,Cameron,Darby,Lindsey,Forrest
Ferguson,Garrick,Cameron,Jenae,Ferguson,Diondre
Lindsey,Brionna,Cameron,Darby,Lindsey,Forrest
Ferguson,Rahim,Cameron,Jenae,Ferguson,Diondre
Lindsey,Chelsie,Cameron,Hannah,Lindsey,Roland
Ferguson,Allan,Lindsey,Kenia,Ferguson,Sterling
Lindsey,Siobhan,Cameron,Hannah,Lindsey,Roland
Ferguson,Luke,Lindsey,Kenia,Ferguson,Sterling
Lindsey,Aleasha,Cameron,Hannah,Lindsey,Roland
Ferguson,Sunny,Lindsey,Kenia,Ferguson,Sterling
Lindsey,Krystle,Cameron,Hannah,Lindsey,Roland
Ferguson,Cristopher,Lindsey,Kenia,Ferguson,Sterling
Lindsey,Breann,Cameron,Hannah,Lindsey,Roland
Ferguson,Moses,Lindsey,Kenia,Ferguson,Sterling
Lindsey,Chardonnay,Cameron,Hannah,Lindsey,Roland
Ferguson,Forrest,Lindsey,Kenia,Ferguson,Sterling
Ferguson,Rebecca,Cameron,Gloria,Ferguson,Gregory
Ferguson,Barrett,Lindsey,Kenia,Ferguson,Sterling
Ferguson,Jaymie,Cameron,Gloria,Ferguson,Gregory
Ferguson,Deanthony,Lindsey,Viviana,Ferguson,Darien
Ferguson,Viviana,Cameron,Jenae,Ferguson,Diondre
Ferguson,Chris,Lindsey,Viviana,Ferguson,Darien
Ferguson,Gerardo,Cameron,Jenae,Ferguson,Diondre
Ferguson,Esau,Lindsey,Viviana,Ferguson,Darien
Ferguson,Abigayle,Cameron,Jenae,Ferguson,Diondre
Ferguson,Rolando,Lindsey,Viviana,Ferguson,Darien
Ferguson,Dayana,Cameron,Jenae,Ferguson,Diondre
Ferguson,Adan,Lindsey,Viviana,Ferguson,Darien
Ferguson,Blaze,Cameron,Jenae,Ferguson,Diondre
Ferguson,Saxon,Lindsey,Viviana,Ferguson,Darien
Ferguson,Rayna,Cameron,Jenae,Ferguson,Diondre
Ferguson,Nicolas,Lindsey,Viviana,Ferguson,Darien
Ferguson,Tia,Lindsey,Kenia,Ferguson,Sterling
Ferguson,Jade,Lindsey,Lesli,Ferguson,Travon
Ferguson,Charlotte,Lindsey,Kenia,Ferguson,Sterling
Ferguson,Stephon,Lindsey,Lesli,Ferguson,Travon
Ferguson,Rachelle,Lindsey,Kenia,Ferguson,Sterling
Ferguson,Alvaro,Lindsey,Lesli,Ferguson,Travon
Ferguson,Lila,Lindsey,Kenia,Ferguson,Sterling
Ferguson,Miguel,Lindsey,Lesli,Ferguson,Travon
Ferguson,Annmarie,Lindsey,Kenia,Ferguson,Sterling
Ferguson,Alberto,Lindsey,Lesli,Ferguson,Travon
Ferguson,Halee,Lindsey,Kenia,Ferguson,Sterling
Ferguson,Josie,Lindsey,Lesli,Ferguson,Travon
Ferguson,Khaliah,Lindsey,Kenia,Ferguson,Sterling
Ferguson,Kristofer,Lindsey,Lesli,Ferguson,Travon
Ferguson,Siera,Lindsey,Kenia,Ferguson,Sterling
Ferguson,Bryson,Lindsey,Lesli,Ferguson,Travon
Ferguson,Justice,Lindsey,Kenia,Ferguson,Sterling
Ferguson,Bryant,Lindsey,Lesli,Ferguson,Travon
Ferguson,Nathalia,Lindsey,Viviana,Ferguson,Darien
Ferguson,Deion,Lindsey,Jordan,Ferguson,Errol
Ferguson,Janae,Lindsey,Viviana,Ferguson,Darien
Ferguson,Arjun,Lindsey,Jordan,Ferguson,Errol
Ferguson,Nicole,Lindsey,Viviana,Ferguson,Darien
Ferguson,Cameron,Lindsey,Jordan,Ferguson,Errol
Ferguson,Cheyanne,Lindsey,Viviana,Ferguson,Darien
Ferguson,Jovan,Lindsey,Jordan,Ferguson,Errol
Ferguson,Odalys,Lindsey,Viviana,Ferguson,Darien
Ferguson,Tallon,Lindsey,Jordan,Ferguson,Errol
Ferguson,Chynna,Lindsey,Viviana,Ferguson,Darien
Ferguson,Deandre,Lindsey,Jordan,Ferguson,Errol
Ferguson,Gilda,Lindsey,Viviana,Ferguson,Darien
Ferguson,Jessee,Lindsey,Shekinah,Ferguson,Weston
Ferguson,Moesha,Lindsey,Lesli,Ferguson,Travon
Ferguson,Billy,Lindsey,Darcie,Ferguson,Stewart
Ferguson,Laurel,Lindsey,Lesli,Ferguson,Travon
Ferguson,Kenneth,Lindsey,Darcie,Ferguson,Stewart
Ferguson,Joy,Lindsey,Lesli,Ferguson,Travon
Ferguson,Randy,Lindsey,Darcie,Ferguson,Stewart
Ferguson,Susan,Lindsey,Lesli,Ferguson,Travon
Ferguson,Moshe,Lindsey,Darcie,Ferguson,Stewart
Ferguson,Allegra,Lindsey,Jordan,Ferguson,Errol
Ferguson,Lazaro,Lindsey,Darcie,Ferguson,Stewart
Ferguson,Nikki,Lindsey,Jordan,Ferguson,Errol
Ferguson,Kyle,Lindsey,Darcie,Ferguson,Stewart
Ferguson,Shakira,Lindsey,Jordan,Ferguson,Errol
Ferguson,Zackary,Lindsey,Darcie,Ferguson,Stewart
Ferguson,Eileen,Lindsey,Jordan,Ferguson,Errol
Ferguson,Lloyd,Lindsey,Darcie,Ferguson,Stewart
Ferguson,Beverly,Lindsey,Jordan,Ferguson,Errol
Ferguson,Glenn,Lindsey,Darcie,Ferguson,Stewart
Ferguson,Delilah,Lindsey,Jordan,Ferguson,Errol
Ferguson,Ian,Lindsey,Tiyanna,Ferguson,Brenton
Ferguson,Molly,Lindsey,Jordan,Ferguson,Errol
Ferguson,Reginald,Lindsey,Tiyanna,Ferguson,Brenton
Ferguson,Whitney,Lindsey,Jordan,Ferguson,Errol
Ferguson,Mauro,Lindsey,Tiyanna,Ferguson,Brenton
Ferguson,Arielle,Lindsey,Jordan,Ferguson,Errol
Ferguson,Landin,Lindsey,Tiyanna,Ferguson,Brenton
Ferguson,Kaitlin,Lindsey,Shekinah,Ferguson,Weston
Ferguson,Ezra,Lindsey,Tiyanna,Ferguson,Brenton
Ferguson,Taylor,Lindsey,Shekinah,Ferguson,Weston
Ferguson,Mohamed,Lindsey,Tiyanna,Ferguson,Brenton
Ferguson,Mary,Lindsey,Shekinah,Ferguson,Weston
Ferguson,Gilbert,Lindsey,Tiyanna,Ferguson,Brenton
Ferguson,Shaina,Lindsey,Darcie,Ferguson,Stewart
Ferguson,Darnell,Lindsey,Tiyanna,Ferguson,Brenton
Ferguson,Beatriz,Lindsey,Darcie,Ferguson,Stewart
Ferguson,Jovon,Lindsey,Tiyanna,Ferguson,Brenton
Ferguson,Kasey,Lindsey,Darcie,Ferguson,Stewart
Ferguson,Ishmael,Lindsey,Tiyanna,Ferguson,Brenton
Ferguson,Kealani,Lindsey,Darcie,Ferguson,Stewart
Ferguson,Garrison,Lindsey,Tiyanna,Ferguson,Brenton
Ferguson,Becca,Lindsey,Darcie,Ferguson,Stewart
Ferguson,Jason,Lindsey,Tiyanna,Ferguson,Brenton
Ferguson,Mariangeli,Lindsey,Tiyanna,Ferguson,Brenton
Ferguson,Tyreek,Lindsey,Tiyanna,Ferguson,Brenton
Ferguson,Jana,Lindsey,Tiyanna,Ferguson,Brenton
Ferguson,Trevon,Lindsey,Iridiana,Ferguson,Jackson
Ferguson,Reina,Lindsey,Tiyanna,Ferguson,Brenton
Ferguson,Korey,Lindsey,Iridiana,Ferguson,Jackson
Ferguson,Willow,Lindsey,Tiyanna,Ferguson,Brenton
Nagel,Maximillia,Lindsey,Sheridan,Nagel,Tylor
Ferguson,Anita,Lindsey,Iridiana,Ferguson,Jackson
Nagel,Aidan,Lindsey,Sheridan,Nagel,Tylor
Ferguson,Janelle,Lindsey,Iridiana,Ferguson,Jackson
Nagel,Aron,Lindsey,Adrianne,Nagel,Rashaun
Ferguson,Lacey,Lindsey,Iridiana,Ferguson,Jackson
Nagel,Reed,Lindsey,Adrianne,Nagel,Rashaun
Ferguson,Maren,Lindsey,Iridiana,Ferguson,Jackson
Nagel,Erich,Lindsey,Adrianne,Nagel,Rashaun
Nagel,Katharine,Lindsey,Sheridan,Nagel,Tylor
Nagel,Jameson,Lindsey,Adrianne,Nagel,Rashaun
Nagel,Siearra,Lindsey,Sheridan,Nagel,Tylor
Nagel,Shane,Lindsey,Adrianne,Nagel,Rashaun
Nagel,Shaina,Lindsey,Sheridan,Nagel,Tylor
Nagel,Mathew,Lindsey,Adrianne,Nagel,Rashaun
Nagel,Gabrielle,Lindsey,Adrianne,Nagel,Rashaun
Nagel,Marcell,Lindsey,Adrianne,Nagel,Rashaun
Nagel,Cailin,Lindsey,Adrianne,Nagel,Rashaun
Nagel,Miguel,Lindsey,Adrianne,Nagel,Rashaun
Nagel,Jesslyn,Lindsey,Adrianne,Nagel,Rashaun
Nagel,Carter,Lindsey,Adrianne,Nagel,Rashaun
Nagel,Darian,Lindsey,Adrianne,Nagel,Rashaun
Nagel,Cristian,Lindsey,Adrianne,Nagel,Rashaun
Nagel,Isabelle,Lindsey,Adrianne,Nagel,Rashaun
Nagel,Dorian,Lindsey,Adrianne,Nagel,Rashaun
Nagel,Chelsea,Ferguson,Tatyana,Nagel,Jalil
Nagel,Wilmer,Lindsey,Adrianne,Nagel,Rashaun
Nagel,Klarisa,Ferguson,Tatyana,Nagel,Jalil
Nagel,Cade,Ferguson,Tatyana,Nagel,Jalil
Nagel,Stacie,Ferguson,Tatyana,Nagel,Jalil
Nagel,Gilberto,Ferguson,Tatyana,Nagel,Jalil
Nagel,Donisha,Ferguson,Deondra,Nagel,Hayes
Nagel,Pablo,Ferguson,Tatyana,Nagel,Jalil
Nagel,Imani,Ferguson,Deondra,Nagel,Hayes
Nagel,Ty,Ferguson,Tatyana,Nagel,Jalil
Nagel,Sheniqua,Ferguson,Deondra,Nagel,Hayes
Nagel,Javion,Ferguson,Tatyana,Nagel,Jalil
Nagel,Heavenly,Ferguson,Deondra,Nagel,Hayes
Nagel,Dwayne,Ferguson,Tatyana,Nagel,Jalil
Nagel,Tammy,Ferguson,Deondra,Nagel,Hayes
Nagel,Tristin,Ferguson,Tatyana,Nagel,Jalil
Nagel,Minna,Ferguson,Deondra,Nagel,Hayes
Nagel,Sheldon,Ferguson,Deondra,Nagel,Hayes
Nagel,Sherridan,Ferguson,Deondra,Nagel,Hayes
Nagel,Mitchell,Ferguson,Deondra,Nagel,Hayes
Nagel,Angle,Ferguson,Kristin,Nagel,Raymond
Nagel,Forest,Ferguson,Deondra,Nagel,Hayes
Nagel,Sadia,Ferguson,Kristin,Nagel,Raymond
Nagel,Joseph,Ferguson,Kristin,Nagel,Raymond
Nagel,Jaquana,Ferguson,Kristin,Nagel,Raymond
Nagel,Sunny,Ferguson,Kristin,Nagel,Raymond
Nagel,Chelsie,Ferguson,Kristin,Nagel,Raymond
Nagel,Dominic,Ferguson,Kristin,Nagel,Raymond
Nagel,Reyanna,Ferguson,Kristin,Nagel,Raymond
Nagel,Ryland,Ferguson,Kristin,Nagel,Raymond
Nagel,Camisha,Ferguson,Kristin,Nagel,Raymond
Nagel,Shayne,Ferguson,Kristin,Nagel,Raymond
Nagel,Talia,Ferguson,Kristin,Nagel,Raymond
Nagel,Andreas,Ferguson,Kristin,Nagel,Raymond
Nagel,Teresa,Ferguson,Kristin,Nagel,Raymond
Nagel,Donald,Ferguson,Kristin,Nagel,Raymond
Nagel,Joceline,Ferguson,Clare,Nagel,Jordon
Nagel,Daryl,Ferguson,Clare,Nagel,Jordon
Nagel,Emmily,Ferguson,Clare,Nagel,Jordon
Nagel,Romeo,Ferguson,Clare,Nagel,Jordon
Ewing,Sky,Ferguson,Maria,Ewing,Zakery
Nagel,Ronnie,Ferguson,Clare,Nagel,Jordon
Ewing,Analisa,Ferguson,Maria,Ewing,Zakery
Ewing,Jaylen,Ferguson,Maria,Ewing,Zakery
Ewing,Kelley,Ferguson,Maria,Ewing,Zakery
Ewing,Mohammad,Ferguson,Maria,Ewing,Zakery
Ewing,Alesha,Ferguson,Maria,Ewing,Zakery
Ewing,Esteban,Ferguson,Maria,Ewing,Zakery
Ewing,Natasha,Ferguson,Maria,Ewing,Zakery
Ewing,Blake,Ferguson,Maria,Ewing,Zakery
Ewing,Holly,Ferguson,Maria,Ewing,Zakery
Ewing,Chaz,Ferguson,Maria,Ewing,Zakery
Ewing,Abbigail,Ferguson,Maria,Ewing,Zakery
Ewing,Kaden,Ferguson,Maria,Ewing,Zakery
Ewing,Tiyanna,Ferguson,Maria,Ewing,Zakery
Ewing,Demarcus,Ferguson,Maria,Ewing,Zakery
Ewing,Aerial,Ferguson,Maria,Ewing,Zakery
Ewing,Jajuan,Ferguson,Myra,Ewing,Deon
Ewing,Cassidy,Ferguson,Myra,Ewing,Deon
Ewing,Francis,Ferguson,Myra,Ewing,Deon
Ewing,Daniela,Ferguson,Myra,Ewing,Deon
Ewing,Tyree,Ferguson,Shawna,Ewing,Ameer
Ewing,Mileena,Ferguson,Myra,Ewing,Deon
Ewing,Cory,Ferguson,Shawna,Ewing,Ameer
Ewing,Jaycie,Ferguson,Myra,Ewing,Deon
Ewing,Tallon,Ferguson,Shawna,Ewing,Ameer
Ewing,Brianne,Ferguson,Shawna,Ewing,Ameer
Ewing,Callahan,Ferguson,Jordyn,Ewing,Shaun
Ewing,Shyann,Ferguson,Shawna,Ewing,Ameer
Ewing,Jordan,Ferguson,Jordyn,Ewing,Shaun
Ewing,Aubree,Ferguson,Shawna,Ewing,Ameer
Ewing,Devontae,Ferguson,Jordyn,Ewing,Shaun
Ewing,Alexi,Ferguson,Shawna,Ewing,Ameer
Ewing,Bobby,Ferguson,Jordyn,Ewing,Shaun
Ewing,Mikala,Ferguson,Jordyn,Ewing,Shaun
Ewing,Taylor,Ferguson,Jordyn,Ewing,Shaun
Ewing,Yvette,Ferguson,Jordyn,Ewing,Shaun
Ewing,Dean,Ferguson,Jordyn,Ewing,Shaun
Ewing,Jania,Ferguson,Jordyn,Ewing,Shaun
Ewing,Kai,Ferguson,Jordyn,Ewing,Shaun
Ewing,Bianca,Ferguson,Jordyn,Ewing,Shaun
Ewing,Seamus,Ferguson,Jordyn,Ewing,Shaun
Ewing,Katherine,Ferguson,Jordyn,Ewing,Shaun
Ewing,Harrison,Ferguson,Jordyn,Ewing,Shaun
Ewing,Breann,Nagel,Paxton,Ewing,Tarik
Ewing,Alan,Ferguson,Jordyn,Ewing,Shaun
Ewing,Rian,Nagel,Paxton,Ewing,Tarik
Ewing,Gabriel,Ferguson,Jordyn,Ewing,Shaun
Ewing,Shae,Nagel,Paxton,Ewing,Tarik
Ewing,Arnold,Ferguson,Jordyn,Ewing,Shaun
Ewing,Kacey,Nagel,Paxton,Ewing,Tarik
Ewing,Cecil,Ferguson,Jordyn,Ewing,Shaun
Ewing,Suzette,Nagel,Paxton,Ewing,Tarik
Ewing,Colt,Nagel,Paxton,Ewing,Tarik
Ewing,Brittney,Nagel,Paxton,Ewing,Tarik
Ewing,Clayton,Nagel,Paxton,Ewing,Tarik
Ewing,Haley,Nagel,Tyra,Ewing,Kirk
Ewing,Houston,Nagel,Paxton,Ewing,Tarik
Ewing,Stephany,Nagel,Tyra,Ewing,Kirk
Ewing,Jon,Nagel,Paxton,Ewing,Tarik
Ewing,Jane,Nagel,Tyra,Ewing,Kirk
Ewing,Levi,Nagel,Tyra,Ewing,Kirk
Ewing,Tanya,Nagel,Tyra,Ewing,Kirk
Ewing,Neftaly,Nagel,Tyra,Ewing,Kirk
Ewing,Bertha,Nagel,Chana,Ewing,Clint
Ewing,Samuel,Nagel,Tyra,Ewing,Kirk
Ewing,Casey,Nagel,Chana,Ewing,Clint
Ewing,Tristian,Nagel,Tyra,Ewing,Kirk
Ewing,Jaimie,Nagel,Chana,Ewing,Clint
Ewing,Douglas,Nagel,Tyra,Ewing,Kirk
Ewing,Keisha,Nagel,Chana,Ewing,Clint
Ewing,Jade,Nagel,Chana,Ewing,Clint
Ewing,Alisa,Nagel,Chana,Ewing,Clint
Ewing,Erik,Nagel,Chana,Ewing,Clint
Ewing,Rosemary,Nagel,Chana,Ewing,Clint
Ewing,Mitchel,Nagel,Chana,Ewing,Clint
Ewing,Jacquelyn,Nagel,Chana,Ewing,Clint
Ewing,Terance,Nagel,Chana,Ewing,Clint
Ewing,Taylorann,Nagel,Chana,Ewing,Clint
Ewing,Parker,Nagel,Chana,Ewing,Clint
Ewing,Kamri,Nagel,Chana,Ewing,Clint
Ewing,Isaac,Nagel,Chana,Ewing,Clint
Ewing,Brigitte,Nagel,Dixie,Ewing,Blaine
Ewing,Habram,Nagel,Chana,Ewing,Clint
Ewing,Vera,Nagel,Dixie,Ewing,Blaine
Ewing,Elliott,Nagel,Chana,Ewing,Clint
Ewing,Allyson,Nagel,Dixie,Ewing,Blaine
Ewing,Guadalupe,Nagel,Dixie,Ewing,Blaine
Ewing,Bree,Nagel,Dixie,Ewing,Blaine
Ewing,Joshua,Nagel,Dixie,Ewing,Blaine
Ewing,Tamera,Nagel,Dixie,Ewing,Blaine
Ewing,Evan,Nagel,Dixie,Ewing,Blaine
Ewing,Joi,Nagel,Dixie,Ewing,Blaine
Ewing,Ashton,Nagel,Dixie,Ewing,Blaine
Ewing,Rani,Nagel,Dixie,Ewing,Blaine
Ewing,Tony,Nagel,Dixie,Ewing,Blaine
Ewing,Evelin,Nagel,Dixie,Ewing,Blaine
Ewing,Amir,Nagel,Dixie,Ewing,Blaine
Ewing,Celena,Nagel,Dixie,Ewing,Blaine
Ewing,Tom,Nagel,Dixie,Ewing,Blaine
Ewing,Lori,Nagel,Dixie,Ewing,Blaine
Ewing,Forrest,Nagel,Dixie,Ewing,Blaine
Ewing,Celina,Nagel,Dixie,Ewing,Blaine
Ewing,Leon,Nagel,Leah,Ewing,Wesley
Ewing,Lesley,Nagel,Dixie,Ewing,Blaine
Ewing,Zev,Nagel,Leah,Ewing,Wesley
Ewing,Autumn,Nagel,Leah,Ewing,Wesley
Ewing,Layne,Nagel,Leah,Ewing,Wesley
Ewing,Lily,Nagel,Leah,Ewing,Wesley
Ewing,Jalil,Nagel,Leah,Ewing,Wesley
Ewing,Shanyce,Nagel,Leah,Ewing,Wesley
Ewing,Dakota,Nagel,Leah,Ewing,Wesley
Ewing,Nicolle,Nagel,Leah,Ewing,Wesley
Ewing,Justyn,Nagel,Leah,Ewing,Wesley
Ewing,Nicole,Nagel,Leah,Ewing,Wesley
Ewing,Neal,Nagel,Alicia,Ewing,Leonardo
Ewing,Arlene,Nagel,Alicia,Ewing,Leonardo
Ewing,Denver,Nagel,Alicia,Ewing,Leonardo
Ewing,Hattie,Nagel,Alicia,Ewing,Leonardo
Lenoir,George,Nagel,Merissa,Lenoir,Maurice
Ewing,Shelly,Nagel,Alicia,Ewing,Leonardo
Lenoir,Alfred,Nagel,Merissa,Lenoir,Maurice
Lenoir,Lena,Nagel,Merissa,Lenoir,Maurice
Lenoir,Johnathon,Nagel,Merissa,Lenoir,Maurice
Lenoir,Nell,Nagel,Merissa,Lenoir,Maurice
Lenoir,Jayden,Ewing,Anika,Lenoir,Max
Lenoir,Kyana,Nagel,Merissa,Lenoir,Maurice
Lenoir,Leroy,Ewing,Anika,Lenoir,Max
Lenoir,Claudia,Ewing,Anika,Lenoir,Max
Lenoir,Tysheem,Ewing,Anika,Lenoir,Max
Lenoir,Grecia,Ewing,Anika,Lenoir,Max
Lenoir,Daequan,Ewing,Anika,Lenoir,Max
Lenoir,Victoria,Ewing,Anika,Lenoir,Max
Lenoir,Shareef,Ewing,Anika,Lenoir,Max
Lenoir,Synthia,Ewing,Anika,Lenoir,Max
Lenoir,Asher,Ewing,Anika,Lenoir,Max
Lenoir,Kendall,Ewing,Anika,Lenoir,Max
Lenoir,Tylor,Ewing,Anika,Lenoir,Max
Lenoir,Cody,Ewing,Anika,Lenoir,Max
Lenoir,Silas,Ewing,Anika,Lenoir,Max
Lenoir,Kaitlin,Ewing,Anika,Lenoir,Max
Lenoir,Terance,Ewing,Jenae,Lenoir,Emmett
Lenoir,Corina,Ewing,Anika,Lenoir,Max
Lenoir,Justin,Ewing,Jenae,Lenoir,Emmett
Lenoir,Blair,Ewing,Jenae,Lenoir,Emmett
Lenoir,Dale,Ewing,Jenae,Lenoir,Emmett
Lenoir,Milena,Ewing,Jenae,Lenoir,Emmett
Lenoir,Elliot,Ewing,Jenae,Lenoir,Emmett
Lenoir,Melisa,Ewing,Jenae,Lenoir,Emmett
Lenoir,Calvin,Ewing,Jenae,Lenoir,Emmett
Lenoir,Madeleine,Ewing,Jenae,Lenoir,Emmett
Lenoir,Garrett,Ewing,Jenae,Lenoir,Emmett
Lenoir,Zulema,Ewing,Jenae,Lenoir,Emmett
Lenoir,Patrick,Ewing,Jenae,Lenoir,Emmett
Lenoir,Nichole,Ewing,Jenae,Lenoir,Emmett
Lenoir,Yuri,Ewing,Jenae,Lenoir,Emmett
Lenoir,Brittany,Ewing,Jenae,Lenoir,Emmett
Lenoir,Noe,Ewing,Jenae,Lenoir,Emmett
Lenoir,Monica,Ewing,Jenae,Lenoir,Emmett
Lenoir,Forest,Ewing,Jenae,Lenoir,Emmett
Lenoir,Maricela,Ewing,Jenae,Lenoir,Emmett
Lenoir,Steven,Ewing,Madison,Lenoir,Keifer
Lenoir,Joleen,Ewing,Madison,Lenoir,Keifer
Lenoir,Desmond,Ewing,Madison,Lenoir,Keifer
Lenoir,Teresa,Ewing,Madison,Lenoir,Keifer
Lenoir,Marco,Ewing,Madison,Lenoir,Keifer
Lenoir,Anastasia,Ewing,Madison,Lenoir,Keifer
Lenoir,Sebastien,Ewing,Madison,Lenoir,Keifer
Polk,Lena,Ewing,Lizette,Polk,Joshua
Lenoir,Emanuel,Ewing,Madison,Lenoir,Keifer
Polk,Whitney,Ewing,Lizette,Polk,Joshua
Polk,Roger,Ewing,Lizette,Polk,Joshua
Polk,Brynn,Ewing,Lizette,Polk,Joshua
Polk,Mckay,Ewing,Lizette,Polk,Joshua
Polk,Kenia,Ewing,Malinda,Polk,Rodolfo
Polk,Tysheem,Ewing,Malinda,Polk,Rodolfo
Polk,Saige,Ewing,Malinda,Polk,Rodolfo
Polk,Carlos,Ewing,Malinda,Polk,Rodolfo
Polk,Tabitha,Ewing,Malinda,Polk,Rodolfo
Polk,Alvin,Ewing,Malinda,Polk,Rodolfo
Polk,Lucia,Ewing,Malinda,Polk,Rodolfo
Polk,Cameron,Ewing,Malinda,Polk,Rodolfo
Polk,Yasmeen,Ewing,Malinda,Polk,Rodolfo
Polk,Drake,Ewing,Shaniah,Polk,Ismael
Polk,Elisabeth,Ewing,Shaniah,Polk,Ismael
Polk,Jacques,Ewing,Shaniah,Polk,Ismael
Polk,Chyanne,Ewing,Sherry,Polk,Nicholas
Polk,Trenton,Ewing,Shaniah,Polk,Ismael
Polk,Lisette,Ewing,Sherry,Polk,Nicholas
Polk,Vincent,Ewing,Shaniah,Polk,Ismael
Polk,Kady,Ewing,Sherry,Polk,Nicholas
Polk,Bryant,Ewing,Shaniah,Polk,Ismael
Kerwin,Alani,Ewing,Margo,Kerwin,Mario
Polk,Anfernee,Ewing,Shaniah,Polk,Ismael
Kerwin,Lucy,Ewing,Margo,Kerwin,Mario
Kerwin,Irfan,Ewing,Margo,Kerwin,Mario
Kerwin,Rian,Ewing,Margo,Kerwin,Mario
Kerwin,Kirk,Ewing,Margo,Kerwin,Mario
Kerwin,Aubrey,Ewing,Margo,Kerwin,Mario
Kerwin,Anthoni,Ewing,Margo,Kerwin,Mario
Kerwin,Chasity,Ewing,Margo,Kerwin,Mario
Kerwin,Hayden,Ewing,Margo,Kerwin,Mario
Kerwin,Baylee,Ewing,Margo,Kerwin,Mario
Kerwin,Kaden,Ewing,Sonya,Kerwin,Heriberto
Kerwin,Jamee,Ewing,Margo,Kerwin,Mario
Kerwin,Cole,Ewing,Sonya,Kerwin,Heriberto
Kerwin,Faith,Ewing,Margo,Kerwin,Mario
Kerwin,Stephanie,Ewing,Jodie,Kerwin,Leonardo
Kerwin,Maya,Ewing,Margo,Kerwin,Mario
Kerwin,Jamel,Ewing,Jodie,Kerwin,Leonardo
Kerwin,Kiana,Ewing,Sonya,Kerwin,Heriberto
Kerwin,Trevor,Ewing,Jodie,Kerwin,Leonardo
Kerwin,Joselyn,Ewing,Jodie,Kerwin,Leonardo
Kerwin,Cameron,Lenoir,Maia,Kerwin,Cristobal
Kerwin,Natalia,Lenoir,Maia,Kerwin,Cristobal
Kerwin,Kerrick,Lenoir,Maia,Kerwin,Cristobal
Kerwin,Iridian,Lenoir,Maia,Kerwin,Cristobal
Kerwin,Bruce,Lenoir,Maia,Kerwin,Cristobal
Kerwin,Cecilia,Lenoir,Maia,Kerwin,Cristobal
Kerwin,Cyrus,Lenoir,Calandra,Kerwin,Evan
Kerwin,Asya,Lenoir,Maia,Kerwin,Cristobal
Kerwin,Gavin,Lenoir,Calandra,Kerwin,Evan
Kerwin,Kianna,Lenoir,Maia,Kerwin,Cristobal
Kerwin,Winston,Lenoir,Calandra,Kerwin,Evan
Kerwin,Tatyana,Lenoir,Maia,Kerwin,Cristobal
Kerwin,Gerald,Lenoir,Calandra,Kerwin,Evan
Kerwin,Emerald,Lenoir,Maia,Kerwin,Cristobal
Kerwin,Gregory,Lenoir,Calandra,Kerwin,Evan
Kerwin,Yvonne,Lenoir,Maia,Kerwin,Cristobal
Kerwin,Brody,Lenoir,Calandra,Kerwin,Evan
Kerwin,Willow,Lenoir,Maia,Kerwin,Cristobal
Kerwin,Keegan,Lenoir,Faith,Kerwin,Barrett
Kerwin,Blaze,Lenoir,Maia,Kerwin,Cristobal
Kerwin,Bradlee,Lenoir,Faith,Kerwin,Barrett
Kerwin,Cheyanna,Lenoir,Maia,Kerwin,Cristobal
Kerwin,Russell,Lenoir,Faith,Kerwin,Barrett
Kerwin,Ellie,Lenoir,Maia,Kerwin,Cristobal
Kerwin,Trent,Lenoir,Faith,Kerwin,Barrett
Kerwin,Dianne,Lenoir,Maia,Kerwin,Cristobal
Kerwin,Dandre,Lenoir,Faith,Kerwin,Barrett
Kerwin,Aylssa,Lenoir,Maia,Kerwin,Cristobal
Kerwin,Marquis,Lenoir,Faith,Kerwin,Barrett
Kerwin,Roslyn,Lenoir,Calandra,Kerwin,Evan
Grant,Marquise,Lenoir,Molly,Grant,Johnathan
Kerwin,Blair,Lenoir,Calandra,Kerwin,Evan
Grant,Barry,Lenoir,Molly,Grant,Johnathan
Kerwin,Erin,Lenoir,Calandra,Kerwin,Evan
Grant,Orion,Lenoir,Molly,Grant,Johnathan
Kerwin,Karlee,Lenoir,Calandra,Kerwin,Evan
Grant,Micheal,Lenoir,Molly,Grant,Johnathan
Kerwin,Eleni,Lenoir,Calandra,Kerwin,Evan
Grant,Santana,Lenoir,Molly,Grant,Johnathan
Kerwin,Carina,Lenoir,Calandra,Kerwin,Evan
Grant,Liam,Lenoir,Molly,Grant,Johnathan
Kerwin,Maison,Lenoir,Faith,Kerwin,Barrett
Grant,Jacob,Lenoir,Molly,Grant,Johnathan
Kerwin,Mckayla,Lenoir,Faith,Kerwin,Barrett
Grant,Ted,Lenoir,Molly,Grant,Johnathan
Kerwin,London,Lenoir,Faith,Kerwin,Barrett
Grant,Tyreek,Lenoir,Yessenia,Grant,Jack
Kerwin,Casandra,Lenoir,Faith,Kerwin,Barrett
Grant,Dale,Lenoir,Yessenia,Grant,Jack
Kerwin,Dayana,Lenoir,Faith,Kerwin,Barrett
Grant,Rakeem,Lenoir,Yessenia,Grant,Jack
Grant,Joi,Lenoir,Molly,Grant,Johnathan
Grant,Darrion,Polk,Caylee,Grant,Fredrick
Grant,Raquel,Lenoir,Molly,Grant,Johnathan
Grant,Shaquille,Polk,Caylee,Grant,Fredrick
Grant,Suzanne,Lenoir,Molly,Grant,Johnathan
Grant,Hunter,Polk,Caylee,Grant,Fredrick
Grant,Kerri,Lenoir,Yessenia,Grant,Jack
Grant,Dallin,Polk,Caylee,Grant,Fredrick
Grant,Breana,Lenoir,Yessenia,Grant,Jack
Grant,Jarod,Polk,Caylee,Grant,Fredrick
Grant,Makala,Lenoir,Yessenia,Grant,Jack
Grant,Devonta,Polk,Caylee,Grant,Fredrick
Grant,Imelda,Lenoir,Yessenia,Grant,Jack
Grant,David,Polk,Caylee,Grant,Fredrick
Grant,Tristin,Polk,Caylee,Grant,Fredrick
Grant,Connor,Kerwin,Christine,Grant,Brady
Grant,Carli,Polk,Caylee,Grant,Fredrick
Grant,Eli,Kerwin,Christine,Grant,Brady
Grant,Darrian,Polk,Caylee,Grant,Fredrick
Grant,Daron,Kerwin,Christine,Grant,Brady
Grant,Jennie,Polk,Caylee,Grant,Fredrick
Grant,Skyler,Kerwin,Christine,Grant,Brady
Grant,Myesha,Polk,Caylee,Grant,Fredrick
Grant,Josiah,Kerwin,Bertha,Grant,Joseph
Grant,Colette,Polk,Caylee,Grant,Fredrick
Grant,Gerard,Kerwin,Bertha,Grant,Joseph
Grant,Mykelle,Polk,Caylee,Grant,Fredrick
Grant,Tre,Kerwin,Bertha,Grant,Joseph
Grant,Michelle,Polk,Caylee,Grant,Fredrick
Grant,Elijah,Kerwin,Bertha,Grant,Joseph
Grant,Kimberlee,Polk,Caylee,Grant,Fredrick
Grant,Francis,Kerwin,Maritza,Grant,Jamal
Grant,Nichole,Polk,Caylee,Grant,Fredrick
Grant,Kahlil,Kerwin,Maritza,Grant,Jamal
Grant,Shanise,Polk,Caylee,Grant,Fredrick
Grant,Kaleb,Kerwin,Maritza,Grant,Jamal
Grant,Alayna,Polk,Caylee,Grant,Fredrick
Grant,Zackary,Kerwin,Karissa,Grant,Jessie
Grant,Daija,Kerwin,Bertha,Grant,Joseph
Grant,Brennen,Kerwin,Karissa,Grant,Jessie
Grant,Audra,Kerwin,Maritza,Grant,Jamal
Grant,Maximillia,Kerwin,Karissa,Grant,Jessie
Grant,Sarahi,Kerwin,Maritza,Grant,Jamal
Grant,Deante,Kerwin,Karissa,Grant,Jessie
Grant,Shiann,Kerwin,Maritza,Grant,Jamal
Grant,Harry,Kerwin,Karissa,Grant,Jessie
Grant,Cynthia,Kerwin,Maritza,Grant,Jamal
Grant,Neftaly,Kerwin,Karissa,Grant,Jessie
Grant,Paris,Kerwin,Karissa,Grant,Jessie
Grant,Darrell,Kerwin,Karissa,Grant,Jessie
Grant,Lily,Kerwin,Karissa,Grant,Jessie
Grant,Bryson,Kerwin,Karissa,Grant,Jessie
Grant,Gianna,Kerwin,Karissa,Grant,Jessie
Grant,Jeremy,Kerwin,Karissa,Grant,Jessie
Grant,Tierra,Kerwin,Karissa,Grant,Jessie
Grant,Leo,Kerwin,Karissa,Grant,Jessie
Grant,Juliet,Kerwin,Karissa,Grant,Jessie
Grant,Bret,Kerwin,Audra,Grant,Ralph
Grant,Georgina,Kerwin,Karissa,Grant,Jessie
Grant,Deion,Kerwin,Audra,Grant,Ralph
Grant,Anamaria,Kerwin,Karissa,Grant,Jessie
