Baker,Rory,Parazynski,Georgina,Baker,Alonzo
Meade,Emilee,Higginbotham,Kourtney,Meade,Valentine
Bolden,Luke,Foreman,Reagan,Bolden,Cristian
Bull,Carrie,Kilrain,Shiloh,Bull,Andrew
Engle,Leonardo,Dunbar,Kaylin,Engle,Houston
Sullivan,Salena,Armstrong,Jamie,Sullivan,Draven
Wetherbee,Andy,Grissom,Odalys,Wetherbee,Ivan
Edwards,Ashanti,Fullerton,Tatyana,Edwards,Kerrick
Meade,Valentine,Higginbotham,Kourtney,Baker,Alonzo,Boilermaker
Leestma,Reed,Reagan,Camisha,Leestma,Roberto
Beering,Esther,Cleave,Benita,Beering,Quanterriu
Edwards,Emilio,Covey,Tanna,Edwards,Darrion
Carter,Samira,Schweickart,Sherridan,Carter,Douglas
Cleveland,Cecil,Creamer,Ivelisse,Cleveland,Bo
Newman,Julianne,Wisoff,Paxton,Newman,Elliott
Bean,Wilmer,Buchli,Kamri,Bean,Ty
Gibson,Marlee,McNair,Tasha,Gibson,Levi
Evans,Jamie,Bolden,Tamara,Evans,Brian
Jemison,Adriana,Kregel,Lilly,Jemison,Maximilian
Bean,Soren,Melnick,Courtney,Bean,Quanterriu
Bursch,Roxana,Shriver,Shamaria,Bursch,Salvador
Grabe,Isaac,Carr,Ivory,Grabe,Jamal
Cunningham,Monica,Clifford,Angel,Cunningham,Jamir
Grant,Ali,Whitson,Kaylin,Grant,Christophe
Reilly,Janice,Lincoln,Destinee,Reilly,Kyle
Fullerton,Cruz,Ewing,Kaylah,Fullerton,Keith
Harris,Marysol,Casper,Jacquelyn,Harris,Jared
Mitchell,Darien,Ford,Jane,Mitchell,Steven
Baker,Zahra,Meade,Emilee,Baker,Rory
Engle,Anton,Musgrave,Kimberly,Engle,Jean
Baker,Krystan,Meade,Emilee,Baker,Rory
Baker,Ty,Meade,Emilee,Baker,Rory
Baker,Kaitlyn,Meade,Emilee,Baker,Rory
Baker,Heriberto,Meade,Emilee,Baker,Rory
Bolden,Stacy,Bull,Carrie,Bolden,Luke
Baker,Raequan,Meade,Emilee,Baker,Rory
Bolden,Joyce,Bull,Carrie,Bolden,Luke
Baker,Lucas,Meade,Emilee,Baker,Rory
Engle,Leandra,Sullivan,Salena,Engle,Leonardo
Baker,Chris,Meade,Emilee,Baker,Rory
Engle,Maryann,Sullivan,Salena,Engle,Leonardo
Baker,Jabari,Meade,Emilee,Baker,Rory
Engle,Teagan,Sullivan,Salena,Engle,Leonardo
Baker,Adrian,Meade,Emilee,Baker,Rory
Engle,Isis,Sullivan,Salena,Engle,Leonardo
Baker,Pedro,Meade,Emilee,Baker,Rory
Engle,Cali,Sullivan,Salena,Engle,Leonardo
Baker,Leonel,Meade,Emilee,Baker,Rory
Engle,Christine,Sullivan,Salena,Engle,Leonardo
Baker,Dandre,Meade,Emilee,Baker,Rory
Engle,Spencer,Sullivan,Salena,Engle,Leonardo
Baker,Freddy,Meade,Emilee,Baker,Rory
Engle,Kenyatta,Sullivan,Salena,Engle,Leonardo
Baker,Cedric,Meade,Emilee,Baker,Rory
Engle,Keanna,Sullivan,Salena,Engle,Leonardo
Baker,Nadav,Meade,Emilee,Baker,Rory
Engle,Meagan,Sullivan,Salena,Engle,Leonardo
Baker,Morgan,Meade,Emilee,Baker,Rory
Wetherbee,Selena,Edwards,Ashanti,Wetherbee,Andy
Bolden,Joe,Bull,Carrie,Bolden,Luke
Wetherbee,Johnna,Edwards,Ashanti,Wetherbee,Andy
Bolden,Braydon,Bull,Carrie,Bolden,Luke
Wetherbee,Eleni,Edwards,Ashanti,Wetherbee,Andy
Engle,Demarcus,Sullivan,Salena,Engle,Leonardo
Wetherbee,Riley,Edwards,Ashanti,Wetherbee,Andy
Engle,Dyllon,Sullivan,Salena,Engle,Leonardo
Wetherbee,Georgina,Edwards,Ashanti,Wetherbee,Andy
Engle,Theodore,Sullivan,Salena,Engle,Leonardo
Wetherbee,Emerald,Edwards,Ashanti,Wetherbee,Andy
Engle,Britton,Sullivan,Salena,Engle,Leonardo
Wetherbee,Juliana,Edwards,Ashanti,Wetherbee,Andy
Engle,Seamus,Sullivan,Salena,Engle,Leonardo
Wetherbee,Lisette,Edwards,Ashanti,Wetherbee,Andy
Engle,Salvatore,Sullivan,Salena,Engle,Leonardo
Parker,Doris,Piper,Alice,Parker,Cedric
Engle,Deion,Sullivan,Salena,Engle,Leonardo
Parker,Krystle,Piper,Alice,Parker,Cedric
Engle,Amir,Sullivan,Salena,Engle,Leonardo
Parker,Kiersten,Piper,Alice,Parker,Cedric
Engle,Garrett,Sullivan,Salena,Engle,Leonardo
Parker,Carmen,Piper,Alice,Parker,Cedric
Engle,Byron,Sullivan,Salena,Engle,Leonardo
Parker,Kristian,Piper,Alice,Parker,Cedric
Wetherbee,Quanterriu,Edwards,Ashanti,Wetherbee,Andy
Parker,Susana,Piper,Alice,Parker,Cedric
Wetherbee,Xzavier,Edwards,Ashanti,Wetherbee,Andy
Parker,Janette,Piper,Alice,Parker,Cedric
Wetherbee,Issac,Edwards,Ashanti,Wetherbee,Andy
Leestma,Kayley,Beering,Esther,Leestma,Reed
Wetherbee,Ezekiel,Edwards,Ashanti,Wetherbee,Andy
Leestma,Geneva,Beering,Esther,Leestma,Reed
Wetherbee,Kalon,Edwards,Ashanti,Wetherbee,Andy
Leestma,Maureen,Beering,Esther,Leestma,Reed
Parker,Tallon,Piper,Alice,Parker,Cedric
Leestma,Chelsey,Beering,Esther,Leestma,Reed
Parker,Nickalus,Piper,Alice,Parker,Cedric
Leestma,Siera,Beering,Esther,Leestma,Reed
Parker,Sean,Piper,Alice,Parker,Cedric
Leestma,Chase,Beering,Esther,Leestma,Reed
Parker,Tanner,Piper,Alice,Parker,Cedric
Leestma,Krista,Beering,Esther,Leestma,Reed
Parker,Mauro,Piper,Alice,Parker,Cedric
Leestma,Brooke,Beering,Esther,Leestma,Reed
Parker,Adan,Piper,Alice,Parker,Cedric
Leestma,Ivana,Beering,Esther,Leestma,Reed
Parker,Abdul,Piper,Alice,Parker,Cedric
Leestma,Aishah,Beering,Esther,Leestma,Reed
Leestma,Amir,Beering,Esther,Leestma,Reed
Edwards,Divya,Carter,Samira,Edwards,Emilio
Leestma,Deontae,Beering,Esther,Leestma,Reed
Edwards,Jaquana,Carter,Samira,Edwards,Emilio
Leestma,Darrius,Beering,Esther,Leestma,Reed
Edwards,Mattea,Carter,Samira,Edwards,Emilio
Leestma,Harrison,Beering,Esther,Leestma,Reed
Edwards,Kerri,Carter,Samira,Edwards,Emilio
Edwards,Jesus,Carter,Samira,Edwards,Emilio
Edwards,Andrea,Carter,Samira,Edwards,Emilio
Edwards,Leland,Carter,Samira,Edwards,Emilio
Edwards,Klee,Carter,Samira,Edwards,Emilio
Edwards,Austin,Carter,Samira,Edwards,Emilio
Edwards,Xochitl,Carter,Samira,Edwards,Emilio
Edwards,Michal,Carter,Samira,Edwards,Emilio
Edwards,Olivia,Carter,Samira,Edwards,Emilio
Edwards,Bryce,Carter,Samira,Edwards,Emilio
Edwards,Minna,Carter,Samira,Edwards,Emilio
Edwards,Stephen,Carter,Samira,Edwards,Emilio
Edwards,Elena,Carter,Samira,Edwards,Emilio
Edwards,Mariano,Carter,Samira,Edwards,Emilio
Edwards,Colette,Carter,Samira,Edwards,Emilio
Edwards,Domonic,Carter,Samira,Edwards,Emilio
Cleveland,Libby,Newman,Julianne,Cleveland,Cecil
Cleveland,Ezekiel,Newman,Julianne,Cleveland,Cecil
Cleveland,Camelia,Newman,Julianne,Cleveland,Cecil
Cleveland,Stevan,Newman,Julianne,Cleveland,Cecil
Cleveland,Kaela,Newman,Julianne,Cleveland,Cecil
Cleveland,Romeo,Newman,Julianne,Cleveland,Cecil
Cleveland,India,Newman,Julianne,Cleveland,Cecil
Cleveland,Conrad,Newman,Julianne,Cleveland,Cecil
Cleveland,Gwendolyn,Newman,Julianne,Cleveland,Cecil
Cleveland,Jacoby,Newman,Julianne,Cleveland,Cecil
Cleveland,Jayme,Newman,Julianne,Cleveland,Cecil
Cleveland,Chris,Newman,Julianne,Cleveland,Cecil
Bean,Marisol,Gibson,Marlee,Bean,Wilmer
Bean,Ryland,Gibson,Marlee,Bean,Wilmer
Bean,Dana,Gibson,Marlee,Bean,Wilmer
Bean,Enrique,Gibson,Marlee,Bean,Wilmer
Bean,Kasandra,Gibson,Marlee,Bean,Wilmer
Bean,Cullen,Gibson,Marlee,Bean,Wilmer
Bean,Maegan,Gibson,Marlee,Bean,Wilmer
Bean,Julio,Gibson,Marlee,Bean,Wilmer
Bean,Yajayra,Gibson,Marlee,Bean,Wilmer
Bean,Gonzalo,Gibson,Marlee,Bean,Wilmer
Bean,Rayna,Gibson,Marlee,Bean,Wilmer
Bean,Christian,Gibson,Marlee,Bean,Wilmer
Bean,Camisha,Gibson,Marlee,Bean,Wilmer
Bean,Andy,Gibson,Marlee,Bean,Wilmer
Bean,Carolyn,Gibson,Marlee,Bean,Wilmer
Bean,Seamus,Gibson,Marlee,Bean,Wilmer
Bean,Aleasha,Gibson,Marlee,Bean,Wilmer
Bean,Rex,Gibson,Marlee,Bean,Wilmer
Evans,Nancy,Jemison,Adriana,Evans,Jamie
Bean,Rodrigo,Bursch,Roxana,Bean,Soren
Evans,Anthony,Jemison,Adriana,Evans,Jamie
Bean,Jan,Bursch,Roxana,Bean,Soren
Evans,Desiree,Jemison,Adriana,Evans,Jamie
Bean,Francesco,Bursch,Roxana,Bean,Soren
Bean,Janelle,Bursch,Roxana,Bean,Soren
Bean,Babyboy,Bursch,Roxana,Bean,Soren
Bean,Audra,Bursch,Roxana,Bean,Soren
Bean,Tylor,Bursch,Roxana,Bean,Soren
Bean,Nathalie,Bursch,Roxana,Bean,Soren
Bean,Marc,Bursch,Roxana,Bean,Soren
Bean,Jackie,Bursch,Roxana,Bean,Soren
Bean,Jeramie,Bursch,Roxana,Bean,Soren
Bean,Dajah,Bursch,Roxana,Bean,Soren
Bean,Denzell,Bursch,Roxana,Bean,Soren
Bean,Synthia,Bursch,Roxana,Bean,Soren
Bean,Edward,Bursch,Roxana,Bean,Soren
Bean,Tara,Bursch,Roxana,Bean,Soren
Bean,Marcus,Bursch,Roxana,Bean,Soren
Bean,Talia,Bursch,Roxana,Bean,Soren
Bean,Nathan,Bursch,Roxana,Bean,Soren
Grabe,Helen,Cunningham,Monica,Grabe,Isaac
Grabe,Dimitri,Cunningham,Monica,Grabe,Isaac
Grabe,Alondra,Cunningham,Monica,Grabe,Isaac
Grabe,Roberto,Cunningham,Monica,Grabe,Isaac
Grabe,Kimberly,Cunningham,Monica,Grabe,Isaac
Grant,Mckay,Reilly,Janice,Grant,Ali
Grabe,Armani,Cunningham,Monica,Grabe,Isaac
Grant,Ramiro,Reilly,Janice,Grant,Ali
Grant,Yasmine,Reilly,Janice,Grant,Ali
Grant,Daylon,Reilly,Janice,Grant,Ali
Grant,Alessandra,Reilly,Janice,Grant,Ali
Grant,Ted,Reilly,Janice,Grant,Ali
Grant,Anisha,Reilly,Janice,Grant,Ali
Grant,Coleman,Reilly,Janice,Grant,Ali
Grant,Kyndra,Reilly,Janice,Grant,Ali
Fullerton,Malachi,Harris,Marysol,Fullerton,Cruz
Grant,Paloma,Reilly,Janice,Grant,Ali
Fullerton,Keenan,Harris,Marysol,Fullerton,Cruz
Grant,Sydni,Reilly,Janice,Grant,Ali
Fullerton,Caden,Harris,Marysol,Fullerton,Cruz
Grant,Dallas,Reilly,Janice,Grant,Ali
Fullerton,Ali,Harris,Marysol,Fullerton,Cruz
Grant,Maryanna,Reilly,Janice,Grant,Ali
Fullerton,Efren,Harris,Marysol,Fullerton,Cruz
Grant,Courtney,Reilly,Janice,Grant,Ali
Fullerton,Cameron,Harris,Marysol,Fullerton,Cruz
Fullerton,Aidan,Harris,Marysol,Fullerton,Cruz
Fullerton,Gustavo,Harris,Marysol,Fullerton,Cruz
Fullerton,Skylar,Harris,Marysol,Fullerton,Cruz
Fullerton,Thaddeus,Harris,Marysol,Fullerton,Cruz
Fullerton,Niki,Harris,Marysol,Fullerton,Cruz
Fullerton,Ever,Harris,Marysol,Fullerton,Cruz
Fullerton,Mckinzie,Harris,Marysol,Fullerton,Cruz
Fullerton,Barry,Harris,Marysol,Fullerton,Cruz
Fullerton,Jenny,Harris,Marysol,Fullerton,Cruz
Fullerton,Brennan,Harris,Marysol,Fullerton,Cruz
Fullerton,Chandler,Harris,Marysol,Fullerton,Cruz
Mitchell,Jonathan,Baker,Zahra,Mitchell,Darien
Mitchell,Bridgett,Baker,Zahra,Mitchell,Darien
Engle,Jevon,Baker,Krystan,Engle,Anton
Mitchell,Cody,Baker,Zahra,Mitchell,Darien
Engle,Campbell,Baker,Krystan,Engle,Anton
Engle,Bridgette,Baker,Krystan,Engle,Anton
Engle,Ty,Baker,Krystan,Engle,Anton
Engle,Mikayla,Baker,Krystan,Engle,Anton
Engle,Roberto,Baker,Krystan,Engle,Anton
Engle,Synthia,Baker,Krystan,Engle,Anton
Engle,Travis,Baker,Krystan,Engle,Anton
Engle,Jacklyn,Baker,Krystan,Engle,Anton
Engle,Kayvon,Baker,Krystan,Engle,Anton
Baker,Tess,Bolden,Stacy,Baker,Ty
Engle,Russell,Baker,Krystan,Engle,Anton
Baker,Kaylynn,Bolden,Stacy,Baker,Ty
Baker,Bruce,Bolden,Stacy,Baker,Ty
Baker,Sarahmarie,Bolden,Stacy,Baker,Ty
Baker,Abel,Bolden,Stacy,Baker,Ty
Baker,Maureen,Bolden,Stacy,Baker,Ty
Baker,Nicholas,Bolden,Stacy,Baker,Ty
Baker,Lilly,Bolden,Stacy,Baker,Ty
Baker,Jayce,Bolden,Stacy,Baker,Ty
Baker,Holland,Bolden,Joyce,Baker,Heriberto
Baker,Lawrence,Bolden,Stacy,Baker,Ty
Baker,Kate,Bolden,Joyce,Baker,Heriberto
Baker,Marc,Bolden,Stacy,Baker,Ty
Baker,Emely,Bolden,Joyce,Baker,Heriberto
Baker,Dimitri,Bolden,Joyce,Baker,Heriberto
Baker,Kirstie,Bolden,Joyce,Baker,Heriberto
Baker,Wilfredo,Bolden,Joyce,Baker,Heriberto
Baker,Jamie,Bolden,Joyce,Baker,Heriberto
Baker,Keifer,Bolden,Joyce,Baker,Heriberto
Baker,Kitana,Bolden,Joyce,Baker,Heriberto
Baker,Leland,Bolden,Joyce,Baker,Heriberto
Baker,Karli,Bolden,Joyce,Baker,Heriberto
Baker,Angel,Bolden,Joyce,Baker,Heriberto
Baker,Gwendolyn,Bolden,Joyce,Baker,Heriberto
Baker,Korey,Bolden,Joyce,Baker,Heriberto
Baker,Latasha,Engle,Leandra,Baker,Raequan
Baker,Hector,Bolden,Joyce,Baker,Heriberto
Baker,Danae,Engle,Leandra,Baker,Raequan
Baker,Moses,Engle,Leandra,Baker,Raequan
Baker,Joceline,Engle,Maryann,Baker,Lucas
Baker,Andreas,Engle,Leandra,Baker,Raequan
Baker,Brooklyn,Engle,Maryann,Baker,Lucas
Baker,Mathew,Engle,Maryann,Baker,Lucas
Baker,Ravin,Engle,Maryann,Baker,Lucas
Baker,Kody,Engle,Maryann,Baker,Lucas
Baker,Jennah,Engle,Maryann,Baker,Lucas
Baker,Devonte,Engle,Maryann,Baker,Lucas
Baker,Kelly,Engle,Teagan,Baker,Chris
Baker,Bradley,Engle,Maryann,Baker,Lucas
Baker,Bobbie,Engle,Teagan,Baker,Chris
Baker,Jovonte,Engle,Maryann,Baker,Lucas
Baker,Michaela,Engle,Teagan,Baker,Chris
Baker,Jerome,Engle,Maryann,Baker,Lucas
Baker,Christian,Engle,Isis,Baker,Jabari
Baker,Santos,Engle,Maryann,Baker,Lucas
Baker,Linda,Engle,Isis,Baker,Jabari
Baker,Willis,Engle,Maryann,Baker,Lucas
Baker,Talia,Engle,Isis,Baker,Jabari
Baker,Antavius,Engle,Maryann,Baker,Lucas
Baker,Dasia,Engle,Isis,Baker,Jabari
Baker,Jordin,Engle,Teagan,Baker,Chris
Baker,Teresa,Engle,Cali,Baker,Adrian
Baker,Clay,Engle,Teagan,Baker,Chris
Baker,Sommer,Engle,Cali,Baker,Adrian
Baker,Kendall,Engle,Isis,Baker,Jabari
Baker,Symphony,Engle,Cali,Baker,Adrian
Baker,Kaden,Engle,Isis,Baker,Jabari
Baker,Gianna,Engle,Christine,Baker,Pedro
Baker,Brock,Engle,Isis,Baker,Jabari
Baker,Yolanda,Engle,Spencer,Baker,Leonel
Baker,Marques,Engle,Isis,Baker,Jabari
Baker,Nadia,Engle,Spencer,Baker,Leonel
Baker,Miles,Engle,Isis,Baker,Jabari
Baker,Margo,Engle,Spencer,Baker,Leonel
Baker,Brenton,Engle,Isis,Baker,Jabari
Baker,Raquel,Engle,Spencer,Baker,Leonel
Baker,Geordan,Engle,Cali,Baker,Adrian
Baker,Yesenia,Engle,Spencer,Baker,Leonel
Baker,Sahil,Engle,Cali,Baker,Adrian
Baker,Paloma,Engle,Spencer,Baker,Leonel
Baker,Jorge,Engle,Cali,Baker,Adrian
Baker,Irma,Engle,Spencer,Baker,Leonel
Baker,Adalberto,Engle,Christine,Baker,Pedro
Baker,Lizette,Engle,Spencer,Baker,Leonel
Baker,Ishmael,Engle,Christine,Baker,Pedro
Baker,Mikyla,Engle,Kenyatta,Baker,Dandre
Baker,Jamison,Engle,Spencer,Baker,Leonel
Baker,Mari,Engle,Kenyatta,Baker,Dandre
Baker,Kurt,Engle,Spencer,Baker,Leonel
Baker,Madison,Engle,Kenyatta,Baker,Dandre
Baker,Jasen,Engle,Kenyatta,Baker,Dandre
Baker,Angelika,Engle,Kenyatta,Baker,Dandre
Baker,Tevin,Engle,Kenyatta,Baker,Dandre
Baker,Kassidy,Engle,Kenyatta,Baker,Dandre
Baker,Desmond,Engle,Keanna,Baker,Freddy
Baker,Milena,Engle,Kenyatta,Baker,Dandre
Baker,Kahlil,Engle,Keanna,Baker,Freddy
Baker,Ebone,Engle,Kenyatta,Baker,Dandre
Baker,Dennis,Engle,Keanna,Baker,Freddy
Baker,Jewel,Engle,Kenyatta,Baker,Dandre
Baker,Salvador,Engle,Keanna,Baker,Freddy
Baker,Sharon,Engle,Keanna,Baker,Freddy
Baker,Irfan,Engle,Keanna,Baker,Freddy
Baker,Shane,Engle,Keanna,Baker,Freddy
Baker,Ahmad,Engle,Keanna,Baker,Freddy
Baker,Maren,Engle,Keanna,Baker,Freddy
Baker,Keegan,Engle,Meagan,Baker,Cedric
Baker,Bryana,Engle,Keanna,Baker,Freddy
Baker,Ronny,Engle,Meagan,Baker,Cedric
Baker,Jazmin,Engle,Meagan,Baker,Cedric
Baker,Darrell,Engle,Meagan,Baker,Cedric
Baker,Emilie,Engle,Meagan,Baker,Cedric
Baker,Migel,Engle,Meagan,Baker,Cedric
Baker,Jazmon,Engle,Meagan,Baker,Cedric
Baker,Brogan,Engle,Meagan,Baker,Cedric
Baker,Annika,Engle,Meagan,Baker,Cedric
Baker,Barry,Engle,Meagan,Baker,Cedric
Baker,Miah,Engle,Meagan,Baker,Cedric
Baker,Dreshaun,Engle,Meagan,Baker,Cedric
Baker,Lyric,Engle,Meagan,Baker,Cedric
Baker,Omar,Wetherbee,Selena,Baker,Nadav
Baker,Siarra,Engle,Meagan,Baker,Cedric
Baker,Oliver,Wetherbee,Selena,Baker,Nadav
Baker,Jensen,Wetherbee,Selena,Baker,Nadav
Baker,Franklin,Wetherbee,Selena,Baker,Nadav
Baker,Jennie,Wetherbee,Selena,Baker,Nadav
Baker,Garret,Wetherbee,Selena,Baker,Nadav
Baker,Rita,Wetherbee,Selena,Baker,Nadav
Baker,Vernon,Wetherbee,Selena,Baker,Nadav
Baker,Sabrina,Wetherbee,Selena,Baker,Nadav
Baker,Stephen,Wetherbee,Johnna,Baker,Morgan
Baker,Katarina,Wetherbee,Selena,Baker,Nadav
Baker,Seamus,Wetherbee,Johnna,Baker,Morgan
Baker,Blanca,Wetherbee,Selena,Baker,Nadav
Baker,Ulysses,Wetherbee,Johnna,Baker,Morgan
Baker,Divya,Wetherbee,Selena,Baker,Nadav
Baker,San,Wetherbee,Johnna,Baker,Morgan
Baker,Devin,Wetherbee,Selena,Baker,Nadav
Baker,Evan,Wetherbee,Johnna,Baker,Morgan
Baker,Sofia,Wetherbee,Johnna,Baker,Morgan
Baker,Kristopher,Wetherbee,Johnna,Baker,Morgan
Baker,Sophia,Wetherbee,Johnna,Baker,Morgan
Baker,Bo,Wetherbee,Johnna,Baker,Morgan
Baker,Kayleen,Wetherbee,Johnna,Baker,Morgan
Baker,Camron,Wetherbee,Johnna,Baker,Morgan
Baker,Brittany,Wetherbee,Johnna,Baker,Morgan
Baker,Norman,Wetherbee,Johnna,Baker,Morgan
Baker,Angela,Wetherbee,Johnna,Baker,Morgan
Baker,Kelson,Wetherbee,Johnna,Baker,Morgan
Baker,Yazmin,Wetherbee,Johnna,Baker,Morgan
Bolden,Aiden,Baker,Kaitlyn,Bolden,Joe
Baker,Desaree,Wetherbee,Johnna,Baker,Morgan
Bolden,Ralph,Baker,Kaitlyn,Bolden,Joe
Baker,Maison,Wetherbee,Johnna,Baker,Morgan
Bolden,Gannon,Wetherbee,Eleni,Bolden,Braydon
Baker,Kelley,Wetherbee,Johnna,Baker,Morgan
Bolden,Marlon,Wetherbee,Eleni,Bolden,Braydon
Bolden,Aja,Baker,Kaitlyn,Bolden,Joe
Engle,Jacob,Wetherbee,Riley,Engle,Demarcus
Bolden,Stella,Baker,Kaitlyn,Bolden,Joe
Engle,Keegan,Wetherbee,Riley,Engle,Demarcus
Bolden,Kelli,Wetherbee,Eleni,Bolden,Braydon
Engle,Nelson,Wetherbee,Riley,Engle,Demarcus
Bolden,Sienna,Wetherbee,Eleni,Bolden,Braydon
Engle,Terrell,Wetherbee,Riley,Engle,Demarcus
Engle,Violet,Wetherbee,Riley,Engle,Demarcus
Engle,Misael,Wetherbee,Riley,Engle,Demarcus
Engle,Jasmine,Wetherbee,Riley,Engle,Demarcus
Engle,Carlos,Wetherbee,Riley,Engle,Demarcus
Engle,Kelsee,Wetherbee,Riley,Engle,Demarcus
Engle,Alfonso,Wetherbee,Riley,Engle,Demarcus
Engle,Kayleigh,Wetherbee,Riley,Engle,Demarcus
Engle,Alonzo,Wetherbee,Riley,Engle,Demarcus
Engle,Abbey,Wetherbee,Riley,Engle,Demarcus
Engle,Angel,Wetherbee,Riley,Engle,Demarcus
Engle,Tamisha,Wetherbee,Georgina,Engle,Dyllon
Engle,Humberto,Wetherbee,Riley,Engle,Demarcus
Engle,Anissa,Wetherbee,Georgina,Engle,Dyllon
Engle,Terence,Wetherbee,Riley,Engle,Demarcus
Engle,Markia,Wetherbee,Georgina,Engle,Dyllon
Engle,Arian,Wetherbee,Georgina,Engle,Dyllon
Engle,Ladaysha,Wetherbee,Georgina,Engle,Dyllon
Engle,Quincy,Wetherbee,Georgina,Engle,Dyllon
Engle,Rosalinda,Wetherbee,Georgina,Engle,Dyllon
Engle,Leonard,Wetherbee,Georgina,Engle,Dyllon
Engle,Nakia,Wetherbee,Georgina,Engle,Dyllon
Engle,Irfan,Wetherbee,Georgina,Engle,Dyllon
Engle,Leslie,Wetherbee,Emerald,Engle,Theodore
Engle,Tucker,Wetherbee,Georgina,Engle,Dyllon
Engle,Constance,Wetherbee,Emerald,Engle,Theodore
Engle,William,Wetherbee,Georgina,Engle,Dyllon
Engle,Blanca,Wetherbee,Emerald,Engle,Theodore
Engle,Kirk,Wetherbee,Georgina,Engle,Dyllon
Engle,Jaclyn,Wetherbee,Emerald,Engle,Theodore
Engle,Cooper,Wetherbee,Georgina,Engle,Dyllon
Engle,Kaycee,Wetherbee,Emerald,Engle,Theodore
Engle,Menachem,Wetherbee,Georgina,Engle,Dyllon
Engle,Jazmin,Wetherbee,Emerald,Engle,Theodore
Engle,Gerardo,Wetherbee,Georgina,Engle,Dyllon
Engle,Ann,Wetherbee,Emerald,Engle,Theodore
Engle,Keenan,Wetherbee,Georgina,Engle,Dyllon
Engle,Micayla,Wetherbee,Emerald,Engle,Theodore
Engle,Colbey,Wetherbee,Georgina,Engle,Dyllon
Engle,Yasmine,Wetherbee,Juliana,Engle,Britton
Engle,Devan,Wetherbee,Georgina,Engle,Dyllon
Engle,Kaylin,Wetherbee,Juliana,Engle,Britton
Engle,Raphael,Wetherbee,Emerald,Engle,Theodore
Engle,Estrella,Wetherbee,Juliana,Engle,Britton
Engle,Rolando,Wetherbee,Emerald,Engle,Theodore
Engle,Casandra,Wetherbee,Juliana,Engle,Britton
Engle,Lucas,Wetherbee,Emerald,Engle,Theodore
Engle,Leann,Wetherbee,Juliana,Engle,Britton
Engle,Delonta,Wetherbee,Emerald,Engle,Theodore
Engle,Emilia,Wetherbee,Juliana,Engle,Britton
Engle,Reid,Wetherbee,Emerald,Engle,Theodore
Engle,Nadia,Wetherbee,Juliana,Engle,Britton
Engle,Kody,Wetherbee,Emerald,Engle,Theodore
Engle,Chloe,Wetherbee,Juliana,Engle,Britton
Engle,Dimitri,Wetherbee,Emerald,Engle,Theodore
Engle,Saige,Wetherbee,Juliana,Engle,Britton
Engle,Dangelo,Wetherbee,Emerald,Engle,Theodore
Engle,Allison,Wetherbee,Juliana,Engle,Britton
Engle,Harley,Wetherbee,Juliana,Engle,Britton
Engle,Cambria,Wetherbee,Lisette,Engle,Seamus
Engle,Isaac,Wetherbee,Juliana,Engle,Britton
Engle,Bridget,Wetherbee,Lisette,Engle,Seamus
Engle,Maxwell,Wetherbee,Juliana,Engle,Britton
Engle,Nathaly,Wetherbee,Lisette,Engle,Seamus
Engle,Slaten,Wetherbee,Juliana,Engle,Britton
Engle,Juliette,Wetherbee,Lisette,Engle,Seamus
Engle,Gunner,Wetherbee,Juliana,Engle,Britton
Engle,Mercedes,Wetherbee,Lisette,Engle,Seamus
Engle,Rowan,Wetherbee,Juliana,Engle,Britton
Engle,Esther,Wetherbee,Lisette,Engle,Seamus
Engle,Isidro,Wetherbee,Juliana,Engle,Britton
Engle,Alannah,Wetherbee,Lisette,Engle,Seamus
Engle,Marcell,Wetherbee,Juliana,Engle,Britton
Engle,Avery,Wetherbee,Lisette,Engle,Seamus
Engle,Bill,Wetherbee,Lisette,Engle,Seamus
Engle,Nereida,Wetherbee,Lisette,Engle,Seamus
Engle,Reese,Wetherbee,Lisette,Engle,Seamus
Engle,Elijah,Wetherbee,Lisette,Engle,Seamus
Engle,Gunnar,Wetherbee,Lisette,Engle,Seamus
Engle,Maricela,Wetherbee,Lisette,Engle,Seamus
Engle,Buford,Wetherbee,Lisette,Engle,Seamus
Engle,Shanise,Parker,Doris,Engle,Salvatore
Engle,Bobby,Wetherbee,Lisette,Engle,Seamus
Engle,Lauryn,Parker,Doris,Engle,Salvatore
Engle,Brodie,Wetherbee,Lisette,Engle,Seamus
Engle,Trevor,Parker,Doris,Engle,Salvatore
Engle,Brayden,Wetherbee,Lisette,Engle,Seamus
Engle,Hadley,Parker,Doris,Engle,Salvatore
Engle,Amari,Parker,Doris,Engle,Salvatore
Engle,Maranda,Parker,Doris,Engle,Salvatore
Engle,Chris,Parker,Doris,Engle,Salvatore
Engle,Jaycie,Parker,Doris,Engle,Salvatore
Engle,Ivan,Parker,Doris,Engle,Salvatore
Engle,Alison,Parker,Doris,Engle,Salvatore
Engle,Dan,Parker,Doris,Engle,Salvatore
Engle,Hailey,Parker,Krystle,Engle,Deion
Engle,Joe,Parker,Doris,Engle,Salvatore
Engle,Madeline,Parker,Krystle,Engle,Deion
Engle,Mohammad,Parker,Krystle,Engle,Deion
Engle,Kaina,Parker,Krystle,Engle,Deion
Engle,Augustus,Parker,Krystle,Engle,Deion
Engle,Marelyn,Parker,Krystle,Engle,Deion
Engle,Babyboy,Parker,Krystle,Engle,Deion
Engle,Alysha,Parker,Kiersten,Engle,Amir
Engle,Sutton,Parker,Krystle,Engle,Deion
Engle,Heidy,Parker,Kiersten,Engle,Amir
Engle,Donovan,Parker,Krystle,Engle,Deion
Engle,Anthony,Parker,Kiersten,Engle,Amir
Engle,Forrest,Parker,Carmen,Engle,Garrett
Engle,Tessa,Parker,Kiersten,Engle,Amir
Engle,Noah,Parker,Carmen,Engle,Garrett
Engle,Sabreen,Parker,Carmen,Engle,Garrett
Engle,Trevon,Parker,Carmen,Engle,Garrett
Engle,Eva,Parker,Kristian,Engle,Byron
Engle,Milton,Parker,Carmen,Engle,Garrett
Engle,Shanice,Parker,Kristian,Engle,Byron
Engle,Markell,Parker,Kristian,Engle,Byron
Engle,Rayven,Parker,Kristian,Engle,Byron
Engle,Cameron,Parker,Kristian,Engle,Byron
Engle,Giovanna,Parker,Kristian,Engle,Byron
Engle,Gilbert,Parker,Kristian,Engle,Byron
Engle,Veda,Parker,Kristian,Engle,Byron
Engle,Clint,Parker,Kristian,Engle,Byron
Engle,Shea,Parker,Kristian,Engle,Byron
Engle,Deonte,Parker,Kristian,Engle,Byron
Engle,Marina,Parker,Kristian,Engle,Byron
Engle,Javon,Parker,Kristian,Engle,Byron
Wetherbee,Siera,Parker,Susana,Wetherbee,Quanterriu
Engle,Kyle,Parker,Kristian,Engle,Byron
Wetherbee,Paola,Parker,Susana,Wetherbee,Quanterriu
Engle,Quayshawn,Parker,Kristian,Engle,Byron
Wetherbee,Tiara,Parker,Susana,Wetherbee,Quanterriu
Engle,Calvin,Parker,Kristian,Engle,Byron
Wetherbee,Lauryn,Parker,Janette,Wetherbee,Xzavier
Wetherbee,Russell,Parker,Janette,Wetherbee,Xzavier
Wetherbee,Summer,Parker,Janette,Wetherbee,Xzavier
Wetherbee,Keegan,Leestma,Kayley,Wetherbee,Issac
Wetherbee,Keanna,Parker,Janette,Wetherbee,Xzavier
Wetherbee,Tyrell,Leestma,Kayley,Wetherbee,Issac
Wetherbee,Judy,Parker,Janette,Wetherbee,Xzavier
Wetherbee,Ronald,Leestma,Kayley,Wetherbee,Issac
Wetherbee,Kristy,Parker,Janette,Wetherbee,Xzavier
Wetherbee,Cullen,Leestma,Kayley,Wetherbee,Issac
Wetherbee,Shiloh,Leestma,Kayley,Wetherbee,Issac
Wetherbee,Kristian,Leestma,Kayley,Wetherbee,Issac
Wetherbee,Kelsey,Leestma,Kayley,Wetherbee,Issac
Wetherbee,Arjun,Leestma,Geneva,Wetherbee,Ezekiel
Wetherbee,Vera,Leestma,Kayley,Wetherbee,Issac
Wetherbee,Terry,Leestma,Maureen,Wetherbee,Kalon
Wetherbee,Hattie,Leestma,Kayley,Wetherbee,Issac
Wetherbee,Keion,Leestma,Maureen,Wetherbee,Kalon
Wetherbee,Loren,Leestma,Kayley,Wetherbee,Issac
Wetherbee,Jonah,Leestma,Maureen,Wetherbee,Kalon
Wetherbee,Suleyma,Leestma,Kayley,Wetherbee,Issac
Parker,Grayson,Leestma,Chelsey,Parker,Tallon
Wetherbee,Chaya,Leestma,Kayley,Wetherbee,Issac
Parker,Bennie,Leestma,Chelsey,Parker,Tallon
Wetherbee,Patrice,Leestma,Kayley,Wetherbee,Issac
Parker,Talon,Leestma,Chelsey,Parker,Tallon
Wetherbee,Daisy,Leestma,Geneva,Wetherbee,Ezekiel
Parker,Anibal,Leestma,Chelsey,Parker,Tallon
Wetherbee,Myranda,Leestma,Geneva,Wetherbee,Ezekiel
Parker,Omar,Leestma,Chelsey,Parker,Tallon
Wetherbee,Emilee,Leestma,Geneva,Wetherbee,Ezekiel
Parker,Travis,Leestma,Chelsey,Parker,Tallon
Wetherbee,Maegen,Leestma,Geneva,Wetherbee,Ezekiel
Parker,Dan,Leestma,Chelsey,Parker,Tallon
Wetherbee,Alexi,Leestma,Geneva,Wetherbee,Ezekiel
Parker,Amir,Leestma,Siera,Parker,Nickalus
Wetherbee,Mollie,Leestma,Geneva,Wetherbee,Ezekiel
Parker,Anthony,Leestma,Siera,Parker,Nickalus
Wetherbee,Misty,Leestma,Maureen,Wetherbee,Kalon
Parker,Yair,Leestma,Siera,Parker,Nickalus
Wetherbee,Rebekkah,Leestma,Maureen,Wetherbee,Kalon
Parker,Peter,Leestma,Chase,Parker,Sean
Wetherbee,Halee,Leestma,Maureen,Wetherbee,Kalon
Parker,Jack,Leestma,Chase,Parker,Sean
Parker,Abbey,Leestma,Chelsey,Parker,Tallon
Parker,Shane,Leestma,Chase,Parker,Sean
Parker,Allison,Leestma,Chelsey,Parker,Tallon
Parker,William,Leestma,Krista,Parker,Tanner
Parker,Mindy,Leestma,Chelsey,Parker,Tallon
Parker,Andres,Leestma,Krista,Parker,Tanner
Parker,Ashtin,Leestma,Chelsey,Parker,Tallon
Parker,Daquan,Leestma,Krista,Parker,Tanner
Parker,Noelle,Leestma,Chelsey,Parker,Tallon
Parker,Howard,Leestma,Brooke,Parker,Mauro
Parker,Juanita,Leestma,Chelsey,Parker,Tallon
Parker,Ameer,Leestma,Brooke,Parker,Mauro
Parker,Heidi,Leestma,Chelsey,Parker,Tallon
Parker,Henry,Leestma,Brooke,Parker,Mauro
Parker,Allysa,Leestma,Chelsey,Parker,Tallon
Parker,Marcus,Leestma,Brooke,Parker,Mauro
Parker,Calli,Leestma,Chelsey,Parker,Tallon
Parker,Shamar,Leestma,Brooke,Parker,Mauro
Parker,Reilly,Leestma,Siera,Parker,Nickalus
Parker,Sutton,Leestma,Brooke,Parker,Mauro
Parker,Marianna,Leestma,Siera,Parker,Nickalus
Parker,Enrique,Leestma,Brooke,Parker,Mauro
Parker,Candy,Leestma,Siera,Parker,Nickalus
Parker,Alonso,Leestma,Brooke,Parker,Mauro
Parker,Rani,Leestma,Chase,Parker,Sean
Parker,Jace,Leestma,Ivana,Parker,Adan
Parker,Luz,Leestma,Chase,Parker,Sean
Parker,Johnathen,Leestma,Ivana,Parker,Adan
Parker,Alexa,Leestma,Chase,Parker,Sean
Parker,Adonis,Leestma,Ivana,Parker,Adan
Parker,Kenya,Leestma,Chase,Parker,Sean
Parker,Heriberto,Leestma,Aishah,Parker,Abdul
Parker,Yvonne,Leestma,Chase,Parker,Sean
Parker,Bill,Leestma,Aishah,Parker,Abdul
Parker,Sage,Leestma,Chase,Parker,Sean
Parker,Bradlee,Leestma,Aishah,Parker,Abdul
Parker,Austin,Leestma,Chase,Parker,Sean
Parker,Braydon,Leestma,Aishah,Parker,Abdul
Parker,Georgia,Leestma,Chase,Parker,Sean
Parker,Reid,Leestma,Aishah,Parker,Abdul
Parker,Lexi,Leestma,Chase,Parker,Sean
Parker,Jessee,Leestma,Aishah,Parker,Abdul
Parker,Marycather,Leestma,Chase,Parker,Sean
Parker,Daequan,Leestma,Aishah,Parker,Abdul
Parker,Zahra,Leestma,Chase,Parker,Sean
Parker,Luis,Leestma,Aishah,Parker,Abdul
Parker,Kelci,Leestma,Chase,Parker,Sean
Leestma,Stephanie,Edwards,Divya,Leestma,Amir
Parker,Kelsie,Leestma,Krista,Parker,Tanner
Leestma,Rey,Edwards,Divya,Leestma,Amir
Parker,Jeanette,Leestma,Krista,Parker,Tanner
Leestma,Arjun,Edwards,Divya,Leestma,Amir
Parker,Skyler,Leestma,Krista,Parker,Tanner
Leestma,Jamal,Edwards,Divya,Leestma,Amir
Parker,Barbara,Leestma,Brooke,Parker,Mauro
Leestma,Eric,Edwards,Divya,Leestma,Amir
Parker,Lydia,Leestma,Brooke,Parker,Mauro
Leestma,Fernando,Edwards,Divya,Leestma,Amir
Parker,Farrah,Leestma,Brooke,Parker,Mauro
Leestma,Ryen,Edwards,Divya,Leestma,Amir
Parker,Danika,Leestma,Brooke,Parker,Mauro
Leestma,Thomas,Edwards,Divya,Leestma,Amir
Parker,Jonae,Leestma,Brooke,Parker,Mauro
Leestma,Tysen,Edwards,Divya,Leestma,Amir
Parker,Devin,Leestma,Brooke,Parker,Mauro
Leestma,Lamonte,Edwards,Divya,Leestma,Amir
Parker,Hattie,Leestma,Ivana,Parker,Adan
Leestma,Kirkland,Edwards,Divya,Leestma,Amir
Parker,Chanelle,Leestma,Ivana,Parker,Adan
Leestma,Adrian,Edwards,Jaquana,Leestma,Deontae
Parker,Elizabeth,Leestma,Ivana,Parker,Adan
Leestma,Ernest,Edwards,Jaquana,Leestma,Deontae
Parker,Sabreen,Leestma,Ivana,Parker,Adan
Leestma,Talon,Edwards,Jaquana,Leestma,Deontae
Parker,Yamilex,Leestma,Aishah,Parker,Abdul
Leestma,Zakery,Edwards,Jaquana,Leestma,Deontae
Parker,Fatima,Leestma,Aishah,Parker,Abdul
Leestma,Geordan,Edwards,Jaquana,Leestma,Deontae
Leestma,Fabiola,Edwards,Divya,Leestma,Amir
Leestma,Seamus,Edwards,Jaquana,Leestma,Deontae
Leestma,Eleni,Edwards,Divya,Leestma,Amir
Leestma,Martin,Edwards,Jaquana,Leestma,Deontae
Leestma,Bryn,Edwards,Divya,Leestma,Amir
Leestma,Dontae,Edwards,Jaquana,Leestma,Deontae
Leestma,Harlie,Edwards,Divya,Leestma,Amir
Leestma,Dakota,Edwards,Jaquana,Leestma,Deontae
Leestma,Elise,Edwards,Divya,Leestma,Amir
Leestma,Frederic,Edwards,Jaquana,Leestma,Deontae
Leestma,Shawna,Edwards,Divya,Leestma,Amir
Leestma,Derick,Edwards,Jaquana,Leestma,Deontae
Leestma,Mykelle,Edwards,Divya,Leestma,Amir
Leestma,Gerald,Edwards,Mattea,Leestma,Darrius
Leestma,Yadira,Edwards,Divya,Leestma,Amir
Leestma,Tyree,Edwards,Mattea,Leestma,Darrius
Leestma,Latasha,Edwards,Jaquana,Leestma,Deontae
Leestma,Parker,Edwards,Mattea,Leestma,Darrius
Leestma,Neda,Edwards,Jaquana,Leestma,Deontae
Leestma,Dan,Edwards,Mattea,Leestma,Darrius
Leestma,Abbie,Edwards,Jaquana,Leestma,Deontae
Leestma,Stephon,Edwards,Mattea,Leestma,Darrius
Leestma,Tara,Edwards,Jaquana,Leestma,Deontae
Leestma,Niko,Edwards,Mattea,Leestma,Darrius
Leestma,Mackenna,Edwards,Jaquana,Leestma,Deontae
Leestma,Zackary,Edwards,Mattea,Leestma,Darrius
Leestma,Shuntara,Edwards,Jaquana,Leestma,Deontae
Leestma,Cory,Edwards,Mattea,Leestma,Darrius
Leestma,Ashlynn,Edwards,Jaquana,Leestma,Deontae
Leestma,Orlando,Edwards,Mattea,Leestma,Darrius
Leestma,Tierney,Edwards,Jaquana,Leestma,Deontae
Leestma,Ernesto,Edwards,Kerri,Leestma,Harrison
Leestma,Bethany,Edwards,Mattea,Leestma,Darrius
Leestma,Karl,Edwards,Kerri,Leestma,Harrison
Leestma,Jaimie,Edwards,Mattea,Leestma,Darrius
Leestma,Fabian,Edwards,Kerri,Leestma,Harrison
Leestma,Claire,Edwards,Mattea,Leestma,Darrius
Leestma,Montel,Edwards,Kerri,Leestma,Harrison
Leestma,Ruby,Edwards,Mattea,Leestma,Darrius
Edwards,Tyson,Cleveland,Libby,Edwards,Jesus
Leestma,Jordyn,Edwards,Mattea,Leestma,Darrius
Edwards,Justus,Cleveland,Libby,Edwards,Jesus
Leestma,Shyann,Edwards,Mattea,Leestma,Darrius
Edwards,Alejandro,Cleveland,Libby,Edwards,Jesus
Leestma,Destiana,Edwards,Mattea,Leestma,Darrius
Edwards,Theodore,Cleveland,Libby,Edwards,Jesus
Leestma,Micah,Edwards,Mattea,Leestma,Darrius
Edwards,Marquis,Cleveland,Libby,Edwards,Jesus
Leestma,Keanna,Edwards,Mattea,Leestma,Darrius
Edwards,Ariel,Cleveland,Libby,Edwards,Jesus
Leestma,Isis,Edwards,Kerri,Leestma,Harrison
Edwards,Emanuel,Cleveland,Libby,Edwards,Jesus
Leestma,Maison,Edwards,Kerri,Leestma,Harrison
Edwards,Raphael,Cleveland,Libby,Edwards,Jesus
Leestma,Astrid,Edwards,Kerri,Leestma,Harrison
Edwards,German,Cleveland,Libby,Edwards,Jesus
Leestma,Makenna,Edwards,Kerri,Leestma,Harrison
Edwards,Kristofer,Cleveland,Libby,Edwards,Jesus
Leestma,Viviana,Edwards,Kerri,Leestma,Harrison
Edwards,Parker,Cleveland,Camelia,Edwards,Leland
Leestma,Tatum,Edwards,Kerri,Leestma,Harrison
Edwards,Ayub,Cleveland,Camelia,Edwards,Leland
Leestma,Candy,Edwards,Kerri,Leestma,Harrison
Edwards,Seamus,Cleveland,Camelia,Edwards,Leland
Leestma,Reyanna,Edwards,Kerri,Leestma,Harrison
Edwards,Justyn,Cleveland,Camelia,Edwards,Leland
Leestma,Marisela,Edwards,Kerri,Leestma,Harrison
Edwards,Jeremey,Cleveland,Kaela,Edwards,Austin
Leestma,Kendal,Edwards,Kerri,Leestma,Harrison
Edwards,Reid,Cleveland,Kaela,Edwards,Austin
Edwards,Alexandra,Cleveland,Libby,Edwards,Jesus
Edwards,Trae,Cleveland,Kaela,Edwards,Austin
Edwards,Abby,Cleveland,Libby,Edwards,Jesus
Edwards,Tristin,Cleveland,India,Edwards,Michal
Edwards,Felisha,Cleveland,Libby,Edwards,Jesus
Edwards,Irfan,Cleveland,India,Edwards,Michal
Edwards,Gina,Cleveland,Libby,Edwards,Jesus
Edwards,Jaron,Cleveland,India,Edwards,Michal
Edwards,Kenya,Cleveland,Libby,Edwards,Jesus
Edwards,Sawyer,Cleveland,India,Edwards,Michal
Edwards,Destany,Cleveland,Camelia,Edwards,Leland
Edwards,Taylor,Cleveland,India,Edwards,Michal
Edwards,Janeth,Cleveland,Camelia,Edwards,Leland
Edwards,Tyree,Cleveland,India,Edwards,Michal
Edwards,Darcy,Cleveland,Camelia,Edwards,Leland
Edwards,Xzavier,Cleveland,India,Edwards,Michal
Edwards,Teresa,Cleveland,Camelia,Edwards,Leland
Edwards,Jeremy,Cleveland,India,Edwards,Michal
Edwards,Jalen,Cleveland,Camelia,Edwards,Leland
Edwards,Kalon,Cleveland,India,Edwards,Michal
Edwards,Cambria,Cleveland,Camelia,Edwards,Leland
Edwards,Damian,Cleveland,India,Edwards,Michal
Edwards,Shanice,Cleveland,Camelia,Edwards,Leland
Edwards,Kurtis,Cleveland,India,Edwards,Michal
Edwards,Julianna,Cleveland,Camelia,Edwards,Leland
Edwards,Shelby,Cleveland,India,Edwards,Michal
Edwards,Sharon,Cleveland,Camelia,Edwards,Leland
Edwards,Collin,Cleveland,India,Edwards,Michal
Edwards,Kellie,Cleveland,Kaela,Edwards,Austin
Edwards,Ryen,Cleveland,Gwendolyn,Edwards,Bryce
Edwards,Kendyl,Cleveland,Kaela,Edwards,Austin
Edwards,Omar,Cleveland,Gwendolyn,Edwards,Bryce
Edwards,Shania,Cleveland,Kaela,Edwards,Austin
Edwards,Avery,Cleveland,Gwendolyn,Edwards,Bryce
Edwards,Melanie,Cleveland,India,Edwards,Michal
Edwards,Alvin,Cleveland,Gwendolyn,Edwards,Bryce
Edwards,Emilia,Cleveland,India,Edwards,Michal
Edwards,Callahan,Cleveland,Gwendolyn,Edwards,Bryce
Edwards,Kristy,Cleveland,India,Edwards,Michal
Edwards,Brooks,Cleveland,Gwendolyn,Edwards,Bryce
Edwards,Sydney,Cleveland,India,Edwards,Michal
Edwards,Ismael,Cleveland,Gwendolyn,Edwards,Bryce
Edwards,Miranda,Cleveland,India,Edwards,Michal
Edwards,Armando,Cleveland,Gwendolyn,Edwards,Bryce
Edwards,Nereida,Cleveland,Gwendolyn,Edwards,Bryce
Edwards,Samuel,Cleveland,Gwendolyn,Edwards,Bryce
Edwards,Danielle,Cleveland,Gwendolyn,Edwards,Bryce
Edwards,Landon,Cleveland,Jayme,Edwards,Stephen
Edwards,Anthony,Cleveland,Gwendolyn,Edwards,Bryce
Edwards,Layne,Cleveland,Jayme,Edwards,Stephen
Edwards,Tessa,Cleveland,Gwendolyn,Edwards,Bryce
Edwards,Tristen,Cleveland,Jayme,Edwards,Stephen
Edwards,Vivien,Cleveland,Gwendolyn,Edwards,Bryce
Edwards,Dylan,Cleveland,Jayme,Edwards,Stephen
Edwards,Maryanne,Cleveland,Gwendolyn,Edwards,Bryce
Edwards,Colin,Cleveland,Jayme,Edwards,Stephen
Edwards,Ayanna,Cleveland,Gwendolyn,Edwards,Bryce
Edwards,Shemar,Cleveland,Jayme,Edwards,Stephen
Edwards,Lexy,Cleveland,Jayme,Edwards,Stephen
Edwards,Easton,Bean,Marisol,Edwards,Mariano
Edwards,Ceaira,Cleveland,Jayme,Edwards,Stephen
Edwards,Armani,Bean,Marisol,Edwards,Mariano
Edwards,Courteney,Cleveland,Jayme,Edwards,Stephen
Edwards,Keion,Bean,Marisol,Edwards,Mariano
Edwards,Perla,Cleveland,Jayme,Edwards,Stephen
Edwards,Darien,Bean,Marisol,Edwards,Mariano
Edwards,Karena,Cleveland,Jayme,Edwards,Stephen
Edwards,Griffin,Bean,Marisol,Edwards,Mariano
Edwards,Karina,Cleveland,Jayme,Edwards,Stephen
Edwards,Corbin,Bean,Marisol,Edwards,Mariano
Edwards,Lianna,Bean,Marisol,Edwards,Mariano
Edwards,Coy,Bean,Marisol,Edwards,Mariano
Edwards,Malinda,Bean,Marisol,Edwards,Mariano
Edwards,Freeman,Bean,Marisol,Edwards,Mariano
Edwards,Christa,Bean,Marisol,Edwards,Mariano
Edwards,Vinh,Bean,Dana,Edwards,Domonic
Edwards,Tynia,Bean,Marisol,Edwards,Mariano
Edwards,Randall,Bean,Dana,Edwards,Domonic
Edwards,Rosemary,Bean,Marisol,Edwards,Mariano
Edwards,Kendall,Bean,Dana,Edwards,Domonic
Edwards,Rylee,Bean,Marisol,Edwards,Mariano
Edwards,Valentine,Bean,Dana,Edwards,Domonic
Edwards,Monica,Bean,Marisol,Edwards,Mariano
Edwards,Deanthony,Bean,Dana,Edwards,Domonic
Edwards,Nancy,Bean,Marisol,Edwards,Mariano
Edwards,Dorian,Bean,Dana,Edwards,Domonic
Edwards,Elida,Bean,Marisol,Edwards,Mariano
Edwards,Ever,Bean,Dana,Edwards,Domonic
Edwards,Logan,Bean,Dana,Edwards,Domonic
Cleveland,Demonte,Edwards,Andrea,Cleveland,Ezekiel
Edwards,Kathleen,Bean,Dana,Edwards,Domonic
Cleveland,Emiliano,Edwards,Andrea,Cleveland,Ezekiel
Edwards,Cheyenne,Bean,Dana,Edwards,Domonic
Cleveland,Barry,Edwards,Klee,Cleveland,Stevan
Cleveland,Eva,Edwards,Andrea,Cleveland,Ezekiel
Cleveland,Ray,Edwards,Klee,Cleveland,Stevan
Cleveland,Dayana,Edwards,Andrea,Cleveland,Ezekiel
Cleveland,Tyran,Edwards,Klee,Cleveland,Stevan
Cleveland,Chanelle,Edwards,Andrea,Cleveland,Ezekiel
Cleveland,Oren,Edwards,Klee,Cleveland,Stevan
Cleveland,Robyn,Edwards,Andrea,Cleveland,Ezekiel
Cleveland,Jashua,Edwards,Klee,Cleveland,Stevan
Cleveland,Cindy,Edwards,Andrea,Cleveland,Ezekiel
Cleveland,Elias,Edwards,Klee,Cleveland,Stevan
Cleveland,Arlene,Edwards,Klee,Cleveland,Stevan
Cleveland,Devontae,Edwards,Klee,Cleveland,Stevan
Cleveland,Lillian,Edwards,Klee,Cleveland,Stevan
Cleveland,Dean,Edwards,Xochitl,Cleveland,Romeo
Cleveland,Megan,Edwards,Klee,Cleveland,Stevan
Cleveland,Salvador,Edwards,Xochitl,Cleveland,Romeo
Cleveland,Carrie,Edwards,Klee,Cleveland,Stevan
Cleveland,Jace,Edwards,Xochitl,Cleveland,Romeo
Cleveland,Maxine,Edwards,Klee,Cleveland,Stevan
Cleveland,Dion,Edwards,Xochitl,Cleveland,Romeo
Cleveland,Mariah,Edwards,Klee,Cleveland,Stevan
Cleveland,Tristen,Edwards,Xochitl,Cleveland,Romeo
Cleveland,Anabel,Edwards,Klee,Cleveland,Stevan
Cleveland,Hugo,Edwards,Xochitl,Cleveland,Romeo
Cleveland,Gabriela,Edwards,Xochitl,Cleveland,Romeo
Cleveland,Nigel,Edwards,Xochitl,Cleveland,Romeo
Cleveland,Marina,Edwards,Xochitl,Cleveland,Romeo
Cleveland,Kerrick,Edwards,Olivia,Cleveland,Conrad
Cleveland,Karen,Edwards,Xochitl,Cleveland,Romeo
Cleveland,Logan,Edwards,Olivia,Cleveland,Conrad
Cleveland,Eryn,Edwards,Xochitl,Cleveland,Romeo
Cleveland,Tavon,Edwards,Olivia,Cleveland,Conrad
Cleveland,Shayla,Edwards,Xochitl,Cleveland,Romeo
Cleveland,Cristopher,Edwards,Olivia,Cleveland,Conrad
Cleveland,Jessa,Edwards,Xochitl,Cleveland,Romeo
Cleveland,Aaron,Edwards,Olivia,Cleveland,Conrad
Cleveland,Alysa,Edwards,Olivia,Cleveland,Conrad
Cleveland,Ali,Edwards,Minna,Cleveland,Jacoby
Cleveland,Renee,Edwards,Olivia,Cleveland,Conrad
Cleveland,Jair,Edwards,Minna,Cleveland,Jacoby
Cleveland,Marelyn,Edwards,Olivia,Cleveland,Conrad
Cleveland,Deleon,Edwards,Minna,Cleveland,Jacoby
Cleveland,Laurel,Edwards,Olivia,Cleveland,Conrad
Cleveland,Nikolas,Edwards,Minna,Cleveland,Jacoby
Cleveland,Sierra,Edwards,Olivia,Cleveland,Conrad
Cleveland,Deonta,Edwards,Elena,Cleveland,Chris
Cleveland,Maribel,Edwards,Olivia,Cleveland,Conrad
Cleveland,Esteban,Edwards,Elena,Cleveland,Chris
Cleveland,Sandy,Edwards,Olivia,Cleveland,Conrad
Cleveland,Angelo,Edwards,Elena,Cleveland,Chris
Cleveland,Kassidy,Edwards,Minna,Cleveland,Jacoby
Bean,Albert,Edwards,Colette,Bean,Ryland
Cleveland,Allysa,Edwards,Minna,Cleveland,Jacoby
Bean,Israel,Edwards,Colette,Bean,Ryland
Cleveland,Itati,Edwards,Minna,Cleveland,Jacoby
Bean,Lashawn,Edwards,Colette,Bean,Ryland
Cleveland,Bailee,Edwards,Minna,Cleveland,Jacoby
Bean,Spenser,Evans,Nancy,Bean,Enrique
Cleveland,Damaris,Edwards,Minna,Cleveland,Jacoby
Bean,Alan,Evans,Nancy,Bean,Enrique
Cleveland,Micah,Edwards,Minna,Cleveland,Jacoby
Bean,Deric,Evans,Nancy,Bean,Enrique
Cleveland,Dylan,Edwards,Minna,Cleveland,Jacoby
Bean,Shaun,Evans,Anthony,Bean,Cullen
Cleveland,Nia,Edwards,Elena,Cleveland,Chris
Bean,Mitchell,Evans,Anthony,Bean,Cullen
Cleveland,Merissa,Edwards,Elena,Cleveland,Chris
Bean,Erich,Evans,Anthony,Bean,Cullen
Cleveland,Erica,Edwards,Elena,Cleveland,Chris
Bean,Freddy,Evans,Anthony,Bean,Cullen
Cleveland,Phoebe,Edwards,Elena,Cleveland,Chris
Bean,Jeff,Evans,Anthony,Bean,Cullen
Cleveland,Shiloh,Edwards,Elena,Cleveland,Chris
Bean,Santos,Evans,Anthony,Bean,Cullen
Cleveland,Adriana,Edwards,Elena,Cleveland,Chris
Bean,Bjorn,Evans,Anthony,Bean,Cullen
Cleveland,Karissa,Edwards,Elena,Cleveland,Chris
Bean,Pedro,Evans,Desiree,Bean,Julio
Cleveland,Brandy,Edwards,Elena,Cleveland,Chris
Bean,Gunnar,Evans,Desiree,Bean,Julio
Cleveland,Toni,Edwards,Elena,Cleveland,Chris
Bean,Wanya,Evans,Desiree,Bean,Julio
Cleveland,Paulina,Edwards,Elena,Cleveland,Chris
Bean,Adonis,Evans,Desiree,Bean,Julio
Bean,Minnie,Edwards,Colette,Bean,Ryland
Bean,Talon,Evans,Desiree,Bean,Julio
Bean,Kelcee,Edwards,Colette,Bean,Ryland
Bean,Bryson,Bean,Janelle,Bean,Gonzalo
Bean,Kailey,Edwards,Colette,Bean,Ryland
Bean,Benjamen,Bean,Janelle,Bean,Gonzalo
Bean,Maryann,Edwards,Colette,Bean,Ryland
Bean,Maliki,Bean,Janelle,Bean,Gonzalo
Bean,Skyler,Edwards,Colette,Bean,Ryland
Bean,Sahil,Bean,Janelle,Bean,Gonzalo
Bean,Zoee,Edwards,Colette,Bean,Ryland
Bean,Ladarius,Bean,Janelle,Bean,Gonzalo
Bean,Joi,Edwards,Colette,Bean,Ryland
Bean,Dylan,Bean,Audra,Bean,Christian
Bean,Rian,Edwards,Colette,Bean,Ryland
Bean,Francis,Bean,Audra,Bean,Christian
Bean,Willow,Evans,Nancy,Bean,Enrique
Bean,Ezra,Bean,Audra,Bean,Christian
Bean,Mckinzie,Evans,Nancy,Bean,Enrique
Bean,Ever,Bean,Audra,Bean,Christian
Bean,Anahi,Evans,Nancy,Bean,Enrique
Bean,Alek,Bean,Audra,Bean,Christian
Bean,Jenny,Evans,Anthony,Bean,Cullen
Bean,Reece,Bean,Audra,Bean,Christian
Bean,Lianna,Evans,Anthony,Bean,Cullen
Bean,River,Bean,Audra,Bean,Christian
Bean,Tamra,Evans,Anthony,Bean,Cullen
Bean,Franklin,Bean,Audra,Bean,Christian
Bean,Marianna,Evans,Anthony,Bean,Cullen
Bean,Wilson,Bean,Audra,Bean,Christian
Bean,Anneliese,Evans,Anthony,Bean,Cullen
Bean,Conner,Bean,Audra,Bean,Christian
Bean,Janell,Evans,Anthony,Bean,Cullen
Bean,Frankie,Bean,Audra,Bean,Christian
Bean,Karli,Evans,Anthony,Bean,Cullen
Bean,Fredy,Bean,Audra,Bean,Christian
Bean,Evelyn,Evans,Anthony,Bean,Cullen
Bean,Eugene,Bean,Audra,Bean,Christian
Bean,Destiny,Evans,Anthony,Bean,Cullen
Bean,Dequan,Bean,Audra,Bean,Christian
Bean,Carla,Evans,Desiree,Bean,Julio
Bean,Taylor,Bean,Audra,Bean,Christian
Bean,Deanna,Evans,Desiree,Bean,Julio
Bean,Barry,Bean,Audra,Bean,Christian
Bean,Aishah,Evans,Desiree,Bean,Julio
Bean,Jameson,Bean,Audra,Bean,Christian
Bean,Riley,Evans,Desiree,Bean,Julio
Bean,Dimitri,Bean,Nathalie,Bean,Andy
Bean,Aimee,Evans,Desiree,Bean,Julio
