Lawrence,Maleek,Pffaff,Elijah,Lawrence,Bradlee
Lucid,Michal,Loria,Cindy,Lucid,Armando
Halsell,Jalen,Swanson,Lucy,Halsell,Drake
Polk,Myra,Lu,Katharine,Polk,Freddy
Frump,Junior,Wetherbee,Lesley,Frump,Felipe
Precour,Chasity,McMonagle,Daphne,Precour,Armando
Eisenhower,Gerardo,Oefelein,Taelor,Eisenhower,Keith
Garfield,Anja,Borman,Katelin,Garfield,Freeman
White,Dale,Shepherd,Nia,White,Deonte
Bassett,Halie,Runco,Rosa,Bassett,Jakob
Precour,Quinton,Lucid,Tamia,Precour,Mario
Meade,Carina,Ross,Estela,Meade,Ted
Loria,Ahmad,Cleveland,Deyaneira,Loria,Osvaldo
Musgrave,Nichelle,Cernan,Amberly,Musgrave,Al
Reisman,Van,Carey,Lynn,Reisman,Terron
Altman,Sade,Vanderhooven,Cara,Altman,Ronny
Engle,Coy,Bursch,Tiyanna,Engle,Chaim
McNair,Alannah,Lopez,Rikki,McNair,Terrence
Weitz,Dayton,Bloomfield,Alysa,Weitz,Adrian
Jones,Tasia,Gibson,Kirstin,Jones,George
Wolf,Simeon,Wilson,Yasmeen,Wolf,Marshall
Phillips,Marcela,Stafford,Patrice,Phillips,Mohammed
Clark,Conrad,Melnick,Sarahi,Clark,Greyson
Lawrence,Miriam,Lucid,Michal,Lawrence,Maleek
England,Ryen,Lenoir,Shiane,England,Rolando
Lawrence,Jordan,Lucid,Michal,Lawrence,Maleek
McDivitt,Alonzo,Pierce,Karishma,McDivitt,Wanya
Lawrence,Anjelica,Lucid,Michal,Lawrence,Maleek
Garriott,Abdul,Precour,Mayra,Garriott,Kerrick
Halsell,Tracy,Polk,Myra,Halsell,Jalen
Henize,Myron,Harrison,Annalie,Henize,Devan
Halsell,Cori,Polk,Myra,Halsell,Jalen
Thomas,Spenser,Gregory,Annette,Thomas,Niko
Halsell,Lacey,Polk,Myra,Halsell,Jalen
Davis,Dreshaun,Walz,Jonae,Davis,Barry
Halsell,Cassidy,Polk,Myra,Halsell,Jalen
Taylor,Joseph,Lind,Ann,Taylor,Sheldon
Halsell,Cherie,Polk,Myra,Halsell,Jalen
Lawrence,Jarod,Lucid,Michal,Lawrence,Maleek
Halsell,Elyse,Polk,Myra,Halsell,Jalen
Halsell,Beau,Polk,Myra,Halsell,Jalen
Halsell,Francesca,Polk,Myra,Halsell,Jalen
Halsell,Mateo,Polk,Myra,Halsell,Jalen
Frump,Paulina,Precour,Chasity,Frump,Junior
Halsell,Troy,Polk,Myra,Halsell,Jalen
Eisenhower,Lara,Garfield,Anja,Eisenhower,Gerardo
Halsell,Terrence,Polk,Myra,Halsell,Jalen
Eisenhower,Elena,Garfield,Anja,Eisenhower,Gerardo
Halsell,Geordan,Polk,Myra,Halsell,Jalen
Eisenhower,Sasha,Garfield,Anja,Eisenhower,Gerardo
Halsell,Tate,Polk,Myra,Halsell,Jalen
Eisenhower,Kayleigh,Garfield,Anja,Eisenhower,Gerardo
Halsell,Alberto,Polk,Myra,Halsell,Jalen
Eisenhower,Tamara,Garfield,Anja,Eisenhower,Gerardo
Halsell,Kerry,Polk,Myra,Halsell,Jalen
Eisenhower,Sarahmarie,Garfield,Anja,Eisenhower,Gerardo
Halsell,Larry,Polk,Myra,Halsell,Jalen
Eisenhower,Monique,Garfield,Anja,Eisenhower,Gerardo
Halsell,Skyler,Polk,Myra,Halsell,Jalen
Eisenhower,Nancy,Garfield,Anja,Eisenhower,Gerardo
Frump,Davis,Precour,Chasity,Frump,Junior
White,Rosa,Bassett,Halie,White,Dale
Frump,Riley,Precour,Chasity,Frump,Junior
White,Aja,Bassett,Halie,White,Dale
Eisenhower,Darryl,Garfield,Anja,Eisenhower,Gerardo
Precour,Kendyl,Meade,Carina,Precour,Quinton
Eisenhower,Kapil,Garfield,Anja,Eisenhower,Gerardo
Precour,Kristi,Meade,Carina,Precour,Quinton
Eisenhower,Damion,Garfield,Anja,Eisenhower,Gerardo
Precour,Macie,Meade,Carina,Precour,Quinton
Eisenhower,Gage,Garfield,Anja,Eisenhower,Gerardo
Loria,Astrid,Musgrave,Nichelle,Loria,Ahmad
Eisenhower,Daryl,Garfield,Anja,Eisenhower,Gerardo
Loria,Corina,Musgrave,Nichelle,Loria,Ahmad
White,Taquan,Bassett,Halie,White,Dale
Loria,Lucia,Musgrave,Nichelle,Loria,Ahmad
White,Joe,Bassett,Halie,White,Dale
Loria,Shea,Musgrave,Nichelle,Loria,Ahmad
White,Trevon,Bassett,Halie,White,Dale
Loria,Shelbi,Musgrave,Nichelle,Loria,Ahmad
White,Ignacio,Bassett,Halie,White,Dale
Loria,Jaycie,Musgrave,Nichelle,Loria,Ahmad
White,Darrin,Bassett,Halie,White,Dale
Reisman,Keirra,Altman,Sade,Reisman,Van
Precour,Patric,Meade,Carina,Precour,Quinton
Reisman,Savana,Altman,Sade,Reisman,Van
Precour,Trent,Meade,Carina,Precour,Quinton
Reisman,Lilly,Altman,Sade,Reisman,Van
Precour,Edward,Meade,Carina,Precour,Quinton
Engle,Haylee,McNair,Alannah,Engle,Coy
Precour,Trentin,Meade,Carina,Precour,Quinton
Engle,Cameron,McNair,Alannah,Engle,Coy
Precour,Bo,Meade,Carina,Precour,Quinton
Engle,Dania,McNair,Alannah,Engle,Coy
Loria,Beau,Musgrave,Nichelle,Loria,Ahmad
Weitz,Wendy,Jones,Tasia,Weitz,Dayton
Loria,Jovonte,Musgrave,Nichelle,Loria,Ahmad
Weitz,Danica,Jones,Tasia,Weitz,Dayton
Loria,Kelvin,Musgrave,Nichelle,Loria,Ahmad
Weitz,Misty,Jones,Tasia,Weitz,Dayton
Loria,Earl,Musgrave,Nichelle,Loria,Ahmad
Weitz,Nathalie,Jones,Tasia,Weitz,Dayton
Loria,Coy,Musgrave,Nichelle,Loria,Ahmad
Wolf,Vivien,Phillips,Marcela,Wolf,Simeon
Loria,Marshall,Musgrave,Nichelle,Loria,Ahmad
Wolf,Jean,Phillips,Marcela,Wolf,Simeon
Loria,Kelton,Musgrave,Nichelle,Loria,Ahmad
Wolf,Margarita,Phillips,Marcela,Wolf,Simeon
Reisman,Sebastien,Altman,Sade,Reisman,Van
Clark,Joan,Lawrence,Miriam,Clark,Conrad
Reisman,Callahan,Altman,Sade,Reisman,Van
Clark,Dina,Lawrence,Miriam,Clark,Conrad
Engle,Kelsey,McNair,Alannah,Engle,Coy
Clark,Deborah,Lawrence,Miriam,Clark,Conrad
Engle,Mohammad,McNair,Alannah,Engle,Coy
Clark,Maricela,Lawrence,Miriam,Clark,Conrad
Weitz,Todd,Jones,Tasia,Weitz,Dayton
Clark,Savannah,Lawrence,Miriam,Clark,Conrad
Weitz,Kylan,Jones,Tasia,Weitz,Dayton
Clark,Kaila,Lawrence,Miriam,Clark,Conrad
Wolf,Eugene,Phillips,Marcela,Wolf,Simeon
Clark,Breanne,Lawrence,Miriam,Clark,Conrad
Wolf,Garret,Phillips,Marcela,Wolf,Simeon
Clark,Anne,Lawrence,Miriam,Clark,Conrad
Wolf,Avery,Phillips,Marcela,Wolf,Simeon
Clark,Kyra,Lawrence,Miriam,Clark,Conrad
Wolf,Martin,Phillips,Marcela,Wolf,Simeon
Clark,Debbie,Lawrence,Miriam,Clark,Conrad
Wolf,Arthur,Phillips,Marcela,Wolf,Simeon
England,Mykayla,Lawrence,Jordan,England,Ryen
Clark,Dakotah,Lawrence,Miriam,Clark,Conrad
England,Judith,Lawrence,Jordan,England,Ryen
Clark,Tommy,Lawrence,Miriam,Clark,Conrad
England,Linda,Lawrence,Jordan,England,Ryen
Clark,Angelo,Lawrence,Miriam,Clark,Conrad
England,Katrina,Lawrence,Jordan,England,Ryen
Clark,Landin,Lawrence,Miriam,Clark,Conrad
England,Mia,Lawrence,Jordan,England,Ryen
Clark,Joe,Lawrence,Miriam,Clark,Conrad
England,Natalya,Lawrence,Jordan,England,Ryen
Clark,Abdiel,Lawrence,Miriam,Clark,Conrad
England,Shawn,Lawrence,Jordan,England,Ryen
Clark,Harold,Lawrence,Miriam,Clark,Conrad
England,Laken,Lawrence,Jordan,England,Ryen
Clark,Clarence,Lawrence,Miriam,Clark,Conrad
England,Cristal,Lawrence,Jordan,England,Ryen
England,Roberto,Lawrence,Jordan,England,Ryen
McDivitt,Marelyn,Lawrence,Anjelica,McDivitt,Alonzo
England,Yuri,Lawrence,Jordan,England,Ryen
McDivitt,Madison,Lawrence,Anjelica,McDivitt,Alonzo
England,Gordon,Lawrence,Jordan,England,Ryen
McDivitt,Aileen,Lawrence,Anjelica,McDivitt,Alonzo
England,Harold,Lawrence,Jordan,England,Ryen
McDivitt,Brynn,Lawrence,Anjelica,McDivitt,Alonzo
England,Ahmad,Lawrence,Jordan,England,Ryen
McDivitt,Krupa,Lawrence,Anjelica,McDivitt,Alonzo
McDivitt,Destin,Lawrence,Anjelica,McDivitt,Alonzo
McDivitt,Kierra,Lawrence,Anjelica,McDivitt,Alonzo
McDivitt,Blaine,Lawrence,Anjelica,McDivitt,Alonzo
McDivitt,Shiane,Lawrence,Anjelica,McDivitt,Alonzo
McDivitt,Ernesto,Lawrence,Anjelica,McDivitt,Alonzo
McDivitt,Ryann,Lawrence,Anjelica,McDivitt,Alonzo
Garriott,Peter,Halsell,Tracy,Garriott,Abdul
McDivitt,Anitra,Lawrence,Anjelica,McDivitt,Alonzo
Garriott,Russell,Halsell,Tracy,Garriott,Abdul
McDivitt,Toni,Lawrence,Anjelica,McDivitt,Alonzo
Henize,Hayden,Halsell,Cori,Henize,Myron
Garriott,Liz,Halsell,Tracy,Garriott,Abdul
Armando,Loria,Cindy,Polk,Freddy
Henize,Gerald,Halsell,Cori,Henize,Myron
Henize,Nakia,Halsell,Cori,Henize,Myron
Henize,Craig,Halsell,Cori,Henize,Myron
Henize,Laken,Halsell,Cori,Henize,Myron
Henize,Rasheed,Halsell,Cori,Henize,Myron
Henize,Camelia,Halsell,Cori,Henize,Myron
Henize,Paul,Halsell,Cori,Henize,Myron
Henize,Amna,Halsell,Cori,Henize,Myron
Thomas,Bradley,Halsell,Lacey,Thomas,Spenser
Henize,Jenae,Halsell,Cori,Henize,Myron
Thomas,Kalon,Halsell,Lacey,Thomas,Spenser
Henize,Cristal,Halsell,Cori,Henize,Myron
Thomas,Devin,Halsell,Lacey,Thomas,Spenser
Henize,Ashlee,Halsell,Cori,Henize,Myron
Thomas,Dimitri,Halsell,Lacey,Thomas,Spenser
Thomas,Skylar,Halsell,Lacey,Thomas,Spenser
Thomas,Andrew,Halsell,Lacey,Thomas,Spenser
Thomas,Haley,Halsell,Lacey,Thomas,Spenser
Davis,Callahan,Halsell,Cassidy,Davis,Dreshaun
Thomas,Sania,Halsell,Lacey,Thomas,Spenser
Davis,Javen,Halsell,Cassidy,Davis,Dreshaun
Thomas,Joy,Halsell,Lacey,Thomas,Spenser
Taylor,Kellen,Halsell,Cherie,Taylor,Joseph
Thomas,Milena,Halsell,Lacey,Thomas,Spenser
Taylor,Devon,Halsell,Cherie,Taylor,Joseph
Thomas,Makena,Halsell,Lacey,Thomas,Spenser
Taylor,Dwayne,Halsell,Cherie,Taylor,Joseph
Davis,Delanie,Halsell,Cassidy,Davis,Dreshaun
Taylor,Lamar,Halsell,Cherie,Taylor,Joseph
Davis,Marion,Halsell,Cassidy,Davis,Dreshaun
Taylor,Justyn,Halsell,Cherie,Taylor,Joseph
Taylor,Caitlan,Halsell,Cherie,Taylor,Joseph
Taylor,Rolando,Halsell,Cherie,Taylor,Joseph
Taylor,Lauren,Halsell,Cherie,Taylor,Joseph
Taylor,Richie,Halsell,Cherie,Taylor,Joseph
Taylor,Maggie,Halsell,Cherie,Taylor,Joseph
Taylor,Javion,Halsell,Cherie,Taylor,Joseph
Taylor,Shuntara,Halsell,Cherie,Taylor,Joseph
Taylor,Darrion,Halsell,Cherie,Taylor,Joseph
Taylor,Alaina,Halsell,Cherie,Taylor,Joseph
Taylor,Brett,Halsell,Cherie,Taylor,Joseph
Taylor,Georgina,Halsell,Cherie,Taylor,Joseph
Taylor,Ron,Halsell,Cherie,Taylor,Joseph
Lawrence,Julissa,Halsell,Elyse,Lawrence,Jarod
Lawrence,Elias,Halsell,Elyse,Lawrence,Jarod
Lawrence,Naomi,Halsell,Elyse,Lawrence,Jarod
Lawrence,Douglas,Halsell,Elyse,Lawrence,Jarod
Lawrence,Amber,Halsell,Elyse,Lawrence,Jarod
Lawrence,Brayden,Halsell,Elyse,Lawrence,Jarod
Lawrence,Adriana,Halsell,Elyse,Lawrence,Jarod
Lawrence,Hayes,Halsell,Elyse,Lawrence,Jarod
Lawrence,Deanna,Halsell,Elyse,Lawrence,Jarod
Halsell,Antonio,Frump,Paulina,Halsell,Beau
Halsell,Kenyatta,Frump,Paulina,Halsell,Beau
Halsell,Victor,Frump,Paulina,Halsell,Beau
Halsell,Kaycee,Frump,Paulina,Halsell,Beau
Halsell,Devyn,Frump,Paulina,Halsell,Beau
Halsell,Marycather,Eisenhower,Lara,Halsell,Mateo
Halsell,Benny,Eisenhower,Lara,Halsell,Mateo
Halsell,Janna,Eisenhower,Lara,Halsell,Mateo
Halsell,Ben,Eisenhower,Lara,Halsell,Mateo
Halsell,Barbara,Eisenhower,Lara,Halsell,Mateo
Halsell,Nicholas,Eisenhower,Lara,Halsell,Mateo
Halsell,Carissa,Eisenhower,Lara,Halsell,Mateo
Halsell,Melvin,Eisenhower,Lara,Halsell,Mateo
Halsell,Noah,Eisenhower,Lara,Halsell,Mateo
Halsell,Rowan,Eisenhower,Lara,Halsell,Mateo
Halsell,Maranda,Eisenhower,Lara,Halsell,Mateo
Halsell,Arthur,Eisenhower,Lara,Halsell,Mateo
Halsell,Ariel,Eisenhower,Lara,Halsell,Mateo
Halsell,Leroy,Eisenhower,Lara,Halsell,Mateo
Halsell,Xochitl,Eisenhower,Lara,Halsell,Mateo
Halsell,Brannon,Eisenhower,Lara,Halsell,Mateo
Halsell,Dandrea,Eisenhower,Lara,Halsell,Mateo
Halsell,Cyrus,Eisenhower,Lara,Halsell,Mateo
Halsell,Estrella,Eisenhower,Lara,Halsell,Mateo
Halsell,Olivier,Eisenhower,Elena,Halsell,Troy
Halsell,Colette,Eisenhower,Lara,Halsell,Mateo
Halsell,Jevon,Eisenhower,Elena,Halsell,Troy
Halsell,Promise,Eisenhower,Elena,Halsell,Troy
Halsell,Billy,Eisenhower,Elena,Halsell,Troy
Halsell,Leslie,Eisenhower,Elena,Halsell,Troy
Halsell,Luke,Eisenhower,Elena,Halsell,Troy
Halsell,Margaret,Eisenhower,Elena,Halsell,Troy
Halsell,Efrain,Eisenhower,Elena,Halsell,Troy
Halsell,Sage,Eisenhower,Elena,Halsell,Troy
Halsell,Dale,Eisenhower,Elena,Halsell,Troy
Halsell,Marlene,Eisenhower,Elena,Halsell,Troy
Halsell,Rex,Eisenhower,Elena,Halsell,Troy
Halsell,Kristin,Eisenhower,Elena,Halsell,Troy
Halsell,Jeb,Eisenhower,Elena,Halsell,Troy
Halsell,Esmeralda,Eisenhower,Elena,Halsell,Troy
Halsell,Norman,Eisenhower,Elena,Halsell,Troy
Halsell,Coralys,Eisenhower,Elena,Halsell,Troy
Halsell,Luciano,Eisenhower,Sasha,Halsell,Terrence
Halsell,Demi,Eisenhower,Sasha,Halsell,Terrence
Halsell,Khalil,Eisenhower,Sasha,Halsell,Terrence
Halsell,Dina,Eisenhower,Sasha,Halsell,Terrence
Halsell,Terance,Eisenhower,Sasha,Halsell,Terrence
Halsell,Siobhan,Eisenhower,Sasha,Halsell,Terrence
Halsell,Corey,Eisenhower,Sasha,Halsell,Terrence
Halsell,Keosha,Eisenhower,Sasha,Halsell,Terrence
Halsell,Weston,Eisenhower,Sasha,Halsell,Terrence
Halsell,Toni,Eisenhower,Sasha,Halsell,Terrence
Halsell,Nick,Eisenhower,Sasha,Halsell,Terrence
Halsell,Myesha,Eisenhower,Sasha,Halsell,Terrence
Halsell,Cecil,Eisenhower,Sasha,Halsell,Terrence
Halsell,Melinda,Eisenhower,Sasha,Halsell,Terrence
Halsell,Brennon,Eisenhower,Sasha,Halsell,Terrence
Halsell,Kristine,Eisenhower,Sasha,Halsell,Terrence
Halsell,Darien,Eisenhower,Sasha,Halsell,Terrence
Halsell,Shelbi,Eisenhower,Sasha,Halsell,Terrence
Halsell,Aiden,Eisenhower,Kayleigh,Halsell,Geordan
Halsell,Lena,Eisenhower,Sasha,Halsell,Terrence
Halsell,Dwayne,Eisenhower,Kayleigh,Halsell,Geordan
Halsell,Lesly,Eisenhower,Tamara,Halsell,Tate
Halsell,Micheal,Eisenhower,Kayleigh,Halsell,Geordan
Halsell,Shauna,Eisenhower,Tamara,Halsell,Tate
Halsell,Al,Eisenhower,Kayleigh,Halsell,Geordan
Halsell,Damaris,Eisenhower,Tamara,Halsell,Tate
Halsell,Cedric,Eisenhower,Kayleigh,Halsell,Geordan
Halsell,Felicia,Eisenhower,Tamara,Halsell,Tate
Halsell,Shlomo,Eisenhower,Tamara,Halsell,Tate
Halsell,Crystal,Eisenhower,Tamara,Halsell,Tate
Halsell,Leonard,Eisenhower,Tamara,Halsell,Tate
Halsell,Kalee,Eisenhower,Tamara,Halsell,Tate
Halsell,Braxton,Eisenhower,Tamara,Halsell,Tate
Halsell,Maryanna,Eisenhower,Tamara,Halsell,Tate
Halsell,Brenden,Eisenhower,Tamara,Halsell,Tate
Halsell,Rose,Eisenhower,Tamara,Halsell,Tate
Halsell,Bill,Eisenhower,Tamara,Halsell,Tate
Halsell,Wendy,Eisenhower,Tamara,Halsell,Tate
Halsell,Erik,Eisenhower,Tamara,Halsell,Tate
Halsell,Chardonnay,Eisenhower,Sarahmarie,Halsell,Alberto
Halsell,Maxwell,Eisenhower,Tamara,Halsell,Tate
Halsell,Valeria,Eisenhower,Sarahmarie,Halsell,Alberto
Halsell,Ezra,Eisenhower,Tamara,Halsell,Tate
Halsell,Hailey,Eisenhower,Sarahmarie,Halsell,Alberto
Halsell,Kevin,Eisenhower,Sarahmarie,Halsell,Alberto
Halsell,Johanna,Eisenhower,Sarahmarie,Halsell,Alberto
Halsell,Rudy,Eisenhower,Sarahmarie,Halsell,Alberto
Halsell,Marlee,Eisenhower,Monique,Halsell,Kerry
Halsell,Darrin,Eisenhower,Monique,Halsell,Kerry
Halsell,Yazmin,Eisenhower,Monique,Halsell,Kerry
Halsell,Zachary,Eisenhower,Monique,Halsell,Kerry
Halsell,Christine,Eisenhower,Monique,Halsell,Kerry
Halsell,Trace,Eisenhower,Monique,Halsell,Kerry
Halsell,Haiden,Eisenhower,Monique,Halsell,Kerry
Halsell,Oneil,Eisenhower,Monique,Halsell,Kerry
Halsell,Jacklyn,Eisenhower,Nancy,Halsell,Larry
Halsell,Kristofer,Eisenhower,Nancy,Halsell,Larry
Halsell,Torrie,Eisenhower,Nancy,Halsell,Larry
Halsell,Devontae,Eisenhower,Nancy,Halsell,Larry
Halsell,Becca,Eisenhower,Nancy,Halsell,Larry
Halsell,Allan,Eisenhower,Nancy,Halsell,Larry
Halsell,Beverly,Eisenhower,Nancy,Halsell,Larry
Halsell,Allen,Eisenhower,Nancy,Halsell,Larry
Halsell,Stacey,Eisenhower,Nancy,Halsell,Larry
Halsell,Tommy,Eisenhower,Nancy,Halsell,Larry
Halsell,Kyndra,Eisenhower,Nancy,Halsell,Larry
Halsell,Alek,Eisenhower,Nancy,Halsell,Larry
Halsell,Jaden,Eisenhower,Nancy,Halsell,Larry
Halsell,Vernon,Eisenhower,Nancy,Halsell,Larry
Halsell,Jaqueline,Eisenhower,Nancy,Halsell,Larry
Halsell,Craig,Eisenhower,Nancy,Halsell,Larry
Halsell,Susana,Eisenhower,Nancy,Halsell,Larry
Halsell,Keanu,Eisenhower,Nancy,Halsell,Larry
Halsell,Yaritza,White,Rosa,Halsell,Skyler
Halsell,Byron,Eisenhower,Nancy,Halsell,Larry
Halsell,Karina,White,Rosa,Halsell,Skyler
Halsell,Rashad,White,Rosa,Halsell,Skyler
Halsell,Jessenia,White,Rosa,Halsell,Skyler
Halsell,Ezequiel,White,Rosa,Halsell,Skyler
Halsell,Kristie,White,Rosa,Halsell,Skyler
Halsell,Amari,White,Rosa,Halsell,Skyler
Halsell,Annalisa,White,Rosa,Halsell,Skyler
Halsell,Javion,White,Rosa,Halsell,Skyler
Frump,Aishah,Halsell,Francesca,Frump,Davis
Halsell,Jamie,White,Rosa,Halsell,Skyler
Frump,Kristen,Halsell,Francesca,Frump,Davis
Halsell,Kenny,White,Rosa,Halsell,Skyler
Frump,Chanel,Halsell,Francesca,Frump,Davis
Halsell,Caleb,White,Rosa,Halsell,Skyler
Frump,Elena,Halsell,Francesca,Frump,Davis
Frump,Tomas,Halsell,Francesca,Frump,Davis
Frump,Aleisha,Halsell,Francesca,Frump,Davis
Frump,Alexandro,Halsell,Francesca,Frump,Davis
Frump,Chasity,Halsell,Francesca,Frump,Davis
Frump,Marshall,White,Aja,Frump,Riley
Frump,Carli,Halsell,Francesca,Frump,Davis
Frump,Jerome,White,Aja,Frump,Riley
Frump,Paola,Halsell,Francesca,Frump,Davis
Frump,Colt,White,Aja,Frump,Riley
Frump,Katelynn,White,Aja,Frump,Riley
Frump,Mariano,White,Aja,Frump,Riley
Frump,Symone,White,Aja,Frump,Riley
Frump,Frankie,White,Aja,Frump,Riley
Frump,Kaydee,White,Aja,Frump,Riley
Eisenhower,Alvaro,Precour,Kendyl,Eisenhower,Darryl
Frump,Blaine,White,Aja,Frump,Riley
Eisenhower,Damian,Precour,Kendyl,Eisenhower,Darryl
Eisenhower,Amari,Precour,Kendyl,Eisenhower,Darryl
Eisenhower,Lionel,Precour,Kendyl,Eisenhower,Darryl
Eisenhower,Ansley,Precour,Kendyl,Eisenhower,Darryl
Eisenhower,Lamar,Precour,Kendyl,Eisenhower,Darryl
Eisenhower,Moriah,Precour,Kendyl,Eisenhower,Darryl
Eisenhower,Gilbert,Precour,Kendyl,Eisenhower,Darryl
Eisenhower,Lilly,Precour,Kendyl,Eisenhower,Darryl
Eisenhower,Daquan,Precour,Kendyl,Eisenhower,Darryl
Eisenhower,Sandy,Precour,Kendyl,Eisenhower,Darryl
Eisenhower,Patric,Precour,Kendyl,Eisenhower,Darryl
Eisenhower,Delanie,Precour,Kendyl,Eisenhower,Darryl
Eisenhower,Efrain,Precour,Kendyl,Eisenhower,Darryl
Eisenhower,Courtney,Precour,Kendyl,Eisenhower,Darryl
Eisenhower,Mauro,Precour,Kendyl,Eisenhower,Darryl
Eisenhower,Stephanie,Precour,Kendyl,Eisenhower,Darryl
Eisenhower,Nestor,Precour,Kristi,Eisenhower,Kapil
Eisenhower,Breanne,Precour,Kristi,Eisenhower,Kapil
Eisenhower,Ben,Precour,Kristi,Eisenhower,Kapil
Eisenhower,Shamaria,Precour,Kristi,Eisenhower,Kapil
Eisenhower,Romello,Precour,Kristi,Eisenhower,Kapil
Eisenhower,Riley,Precour,Kristi,Eisenhower,Kapil
Eisenhower,Reginald,Precour,Kristi,Eisenhower,Kapil
Eisenhower,Yazmin,Precour,Kristi,Eisenhower,Kapil
Eisenhower,Marlon,Precour,Kristi,Eisenhower,Kapil
Eisenhower,Karla,Precour,Kristi,Eisenhower,Kapil
Eisenhower,Colt,Precour,Macie,Eisenhower,Damion
Eisenhower,Rian,Precour,Macie,Eisenhower,Damion
Eisenhower,Mauricio,Precour,Macie,Eisenhower,Damion
Eisenhower,Christa,Precour,Macie,Eisenhower,Damion
Eisenhower,Donovan,Precour,Macie,Eisenhower,Damion
Eisenhower,Allysa,Precour,Macie,Eisenhower,Damion
Eisenhower,Toby,Precour,Macie,Eisenhower,Damion
Eisenhower,Alani,Precour,Macie,Eisenhower,Damion
Eisenhower,Cody,Precour,Macie,Eisenhower,Damion
Eisenhower,Cailin,Precour,Macie,Eisenhower,Damion
Eisenhower,Jacky,Precour,Macie,Eisenhower,Damion
Eisenhower,Maggie,Precour,Macie,Eisenhower,Damion
Eisenhower,Erik,Loria,Astrid,Eisenhower,Gage
Eisenhower,Bethany,Loria,Astrid,Eisenhower,Gage
Eisenhower,Rand,Loria,Astrid,Eisenhower,Gage
Eisenhower,Lourdes,Loria,Astrid,Eisenhower,Gage
Eisenhower,Elliot,Loria,Astrid,Eisenhower,Gage
Eisenhower,Esmeralda,Loria,Astrid,Eisenhower,Gage
Eisenhower,Ishmael,Loria,Astrid,Eisenhower,Gage
Eisenhower,Lisette,Loria,Corina,Eisenhower,Daryl
Eisenhower,Demarco,Loria,Astrid,Eisenhower,Gage
Eisenhower,Cheyann,Loria,Corina,Eisenhower,Daryl
Eisenhower,Jordan,Loria,Astrid,Eisenhower,Gage
White,Jameisha,Loria,Lucia,White,Taquan
Eisenhower,Luke,Loria,Astrid,Eisenhower,Gage
White,Lourdes,Loria,Lucia,White,Taquan
Eisenhower,Jeb,Loria,Corina,Eisenhower,Daryl
White,Chloie,Loria,Lucia,White,Taquan
White,Earl,Loria,Lucia,White,Taquan
White,Adriane,Loria,Lucia,White,Taquan
White,Jeff,Loria,Lucia,White,Taquan
White,Mckayla,Loria,Lucia,White,Taquan
White,Andreas,Loria,Lucia,White,Taquan
White,Liana,Loria,Lucia,White,Taquan
White,Theodore,Loria,Lucia,White,Taquan
White,Brynn,Loria,Lucia,White,Taquan
White,Mason,Loria,Lucia,White,Taquan
White,Shayna,Loria,Lucia,White,Taquan
White,Zane,Loria,Lucia,White,Taquan
White,Sheila,Loria,Lucia,White,Taquan
White,Brad,Loria,Lucia,White,Taquan
White,Kallee,Loria,Lucia,White,Taquan
White,Lashawn,Loria,Lucia,White,Taquan
White,Jazmyn,Loria,Shea,White,Joe
White,Jevon,Loria,Shea,White,Joe
White,Esperanza,Loria,Shea,White,Joe
White,Casey,Loria,Shea,White,Joe
White,Colette,Loria,Shea,White,Joe
White,Zachariah,Loria,Shea,White,Joe
White,Mireya,Loria,Shea,White,Joe
White,Irfan,Loria,Shelbi,White,Trevon
White,Cheyenne,Loria,Shea,White,Joe
White,Ervin,Loria,Shelbi,White,Trevon
White,Dena,Loria,Shea,White,Joe
White,Trent,Loria,Shelbi,White,Trevon
White,Abbigail,Loria,Shea,White,Joe
White,Taylor,Loria,Shelbi,White,Trevon
White,Robin,Loria,Shelbi,White,Trevon
White,Jovon,Loria,Shelbi,White,Trevon
White,Deandrea,Loria,Shelbi,White,Trevon
White,Yovani,Loria,Jaycie,White,Ignacio
White,Charlotte,Loria,Shelbi,White,Trevon
White,Kerrick,Loria,Jaycie,White,Ignacio
White,Cortney,Loria,Shelbi,White,Trevon
White,Rodrigo,Loria,Jaycie,White,Ignacio
White,Adrienne,Loria,Shelbi,White,Trevon
White,Russell,Loria,Jaycie,White,Ignacio
White,Crystal,Loria,Shelbi,White,Trevon
White,Efren,Loria,Jaycie,White,Ignacio
White,Kori,Loria,Jaycie,White,Ignacio
White,Stefan,Loria,Jaycie,White,Ignacio
White,Bailey,Loria,Jaycie,White,Ignacio
White,Dangelo,Loria,Jaycie,White,Ignacio
White,Marlena,Loria,Jaycie,White,Ignacio
Precour,Cody,Reisman,Savana,Precour,Patric
White,Audra,Loria,Jaycie,White,Ignacio
Precour,Conrad,Reisman,Savana,Precour,Patric
White,Allana,Loria,Jaycie,White,Ignacio
Precour,Moshe,Reisman,Savana,Precour,Patric
White,Jada,Loria,Jaycie,White,Ignacio
Precour,Ariel,Reisman,Savana,Precour,Patric
White,Avery,Reisman,Keirra,White,Darrin
Precour,Jeremiah,Reisman,Savana,Precour,Patric
White,Heavenly,Reisman,Keirra,White,Darrin
Precour,Clarence,Reisman,Savana,Precour,Patric
White,Fiona,Reisman,Keirra,White,Darrin
Precour,Dennis,Reisman,Savana,Precour,Patric
White,Jazmine,Reisman,Keirra,White,Darrin
Precour,Kelson,Reisman,Lilly,Precour,Trent
White,Cheryl,Reisman,Keirra,White,Darrin
Precour,Ricardo,Reisman,Lilly,Precour,Trent
White,Julianne,Reisman,Keirra,White,Darrin
Precour,Vicente,Reisman,Lilly,Precour,Trent
White,Cheyanna,Reisman,Keirra,White,Darrin
Precour,Carson,Reisman,Lilly,Precour,Trent
Precour,Nyasia,Reisman,Savana,Precour,Patric
Precour,Erick,Reisman,Lilly,Precour,Trent
Precour,Siearra,Reisman,Savana,Precour,Patric
Precour,Orion,Reisman,Lilly,Precour,Trent
Precour,Lexus,Reisman,Savana,Precour,Patric
Precour,Shamar,Reisman,Lilly,Precour,Trent
Precour,Caitlyn,Reisman,Savana,Precour,Patric
Precour,Billy,Reisman,Lilly,Precour,Trent
Precour,Shelby,Reisman,Savana,Precour,Patric
Precour,Richard,Reisman,Lilly,Precour,Trent
Precour,Donisha,Reisman,Savana,Precour,Patric
Precour,Salvatore,Reisman,Lilly,Precour,Trent
Precour,Alyson,Reisman,Savana,Precour,Patric
Precour,Christen,Reisman,Lilly,Precour,Trent
Precour,Karla,Reisman,Lilly,Precour,Trent
Precour,Dominique,Engle,Haylee,Precour,Edward
Precour,Adele,Reisman,Lilly,Precour,Trent
Precour,Zachery,Engle,Haylee,Precour,Edward
Precour,Daphne,Reisman,Lilly,Precour,Trent
Precour,Dorian,Engle,Haylee,Precour,Edward
Precour,Carmen,Reisman,Lilly,Precour,Trent
Precour,Miles,Engle,Haylee,Precour,Edward
Precour,Brianne,Reisman,Lilly,Precour,Trent
Precour,Dylan,Engle,Haylee,Precour,Edward
Precour,Callie,Reisman,Lilly,Precour,Trent
Precour,German,Engle,Haylee,Precour,Edward
Precour,Camelia,Reisman,Lilly,Precour,Trent
Precour,Dangelo,Engle,Haylee,Precour,Edward
Precour,Adrianne,Reisman,Lilly,Precour,Trent
Precour,Rashaun,Engle,Haylee,Precour,Edward
Precour,Isabella,Engle,Haylee,Precour,Edward
Precour,Ulysses,Engle,Haylee,Precour,Edward
Precour,Yasmeen,Engle,Haylee,Precour,Edward
Precour,Ishmael,Engle,Haylee,Precour,Edward
Precour,Cherokee,Engle,Haylee,Precour,Edward
Precour,Irvin,Engle,Haylee,Precour,Edward
Precour,Marilyn,Engle,Haylee,Precour,Edward
Precour,Mohammad,Engle,Cameron,Precour,Trentin
Precour,Kelcee,Engle,Haylee,Precour,Edward
Precour,Josiah,Engle,Cameron,Precour,Trentin
Precour,Ciarra,Engle,Haylee,Precour,Edward
Precour,Dakotah,Engle,Cameron,Precour,Trentin
Precour,Emilee,Engle,Haylee,Precour,Edward
Precour,Maximillia,Engle,Cameron,Precour,Trentin
Precour,Shirley,Engle,Haylee,Precour,Edward
Precour,Ward,Engle,Cameron,Precour,Trentin
Precour,Shiloh,Engle,Haylee,Precour,Edward
Precour,Sebastien,Engle,Dania,Precour,Bo
Precour,Daisy,Engle,Cameron,Precour,Trentin
Precour,Benjamin,Engle,Dania,Precour,Bo
Precour,Abagail,Engle,Cameron,Precour,Trentin
Precour,Jovon,Engle,Dania,Precour,Bo
Precour,Rose,Engle,Cameron,Precour,Trentin
Precour,Carter,Engle,Dania,Precour,Bo
Precour,Jada,Engle,Cameron,Precour,Trentin
Precour,Kyler,Engle,Dania,Precour,Bo
Precour,Sariah,Engle,Cameron,Precour,Trentin
Precour,Wilfredo,Engle,Dania,Precour,Bo
Precour,Marli,Engle,Dania,Precour,Bo
Loria,Milton,Weitz,Wendy,Loria,Beau
Precour,Joselyn,Engle,Dania,Precour,Bo
Loria,Diamond,Weitz,Wendy,Loria,Beau
Precour,Evelyn,Engle,Dania,Precour,Bo
Loria,Gavin,Weitz,Wendy,Loria,Beau
Precour,Joelle,Engle,Dania,Precour,Bo
Loria,Keagan,Weitz,Wendy,Loria,Beau
Precour,Kamri,Engle,Dania,Precour,Bo
Loria,Noel,Weitz,Wendy,Loria,Beau
Precour,Makenzie,Engle,Dania,Precour,Bo
Loria,Adan,Weitz,Wendy,Loria,Beau
Precour,Lila,Engle,Dania,Precour,Bo
Loria,Chance,Weitz,Wendy,Loria,Beau
Precour,Stephania,Engle,Dania,Precour,Bo
Loria,Hakeem,Weitz,Wendy,Loria,Beau
Precour,Diamond,Engle,Dania,Precour,Bo
Loria,Kelson,Weitz,Wendy,Loria,Beau
Precour,Alesha,Engle,Dania,Precour,Bo
Loria,Malcolm,Weitz,Wendy,Loria,Beau
Loria,Deanne,Weitz,Wendy,Loria,Beau
Loria,Dalton,Weitz,Danica,Loria,Jovonte
Loria,Kelsy,Weitz,Wendy,Loria,Beau
Loria,Kai,Weitz,Danica,Loria,Jovonte
Loria,Arielle,Weitz,Wendy,Loria,Beau
Loria,Barrett,Weitz,Danica,Loria,Jovonte
Loria,Caroline,Weitz,Wendy,Loria,Beau
Loria,Wade,Weitz,Misty,Loria,Kelvin
Loria,Karishma,Weitz,Wendy,Loria,Beau
Loria,Brayden,Weitz,Misty,Loria,Kelvin
Loria,Kylie,Weitz,Wendy,Loria,Beau
Loria,Deric,Weitz,Misty,Loria,Kelvin
Loria,Armani,Weitz,Wendy,Loria,Beau
Loria,Theodore,Weitz,Misty,Loria,Kelvin
Loria,Christa,Weitz,Wendy,Loria,Beau
Loria,Clarence,Weitz,Misty,Loria,Kelvin
Loria,Carmelita,Weitz,Danica,Loria,Jovonte
Loria,Rex,Weitz,Misty,Loria,Kelvin
Loria,Darby,Weitz,Danica,Loria,Jovonte
Loria,Quayshawn,Weitz,Misty,Loria,Kelvin
Loria,Montana,Weitz,Misty,Loria,Kelvin
Loria,Cody,Weitz,Misty,Loria,Kelvin
Loria,Robin,Weitz,Misty,Loria,Kelvin
Loria,Avery,Weitz,Misty,Loria,Kelvin
Loria,Precious,Weitz,Misty,Loria,Kelvin
Loria,Olivier,Weitz,Nathalie,Loria,Earl
Loria,Destini,Weitz,Misty,Loria,Kelvin
Loria,Truman,Weitz,Nathalie,Loria,Earl
Loria,Natalya,Weitz,Misty,Loria,Kelvin
Loria,Justus,Weitz,Nathalie,Loria,Earl
Loria,Amanda,Weitz,Misty,Loria,Kelvin
Loria,Reid,Weitz,Nathalie,Loria,Earl
Loria,Taylor,Weitz,Nathalie,Loria,Earl
Loria,Enoch,Weitz,Nathalie,Loria,Earl
Loria,Destiney,Weitz,Nathalie,Loria,Earl
Loria,Kolton,Weitz,Nathalie,Loria,Earl
Loria,Jaden,Weitz,Nathalie,Loria,Earl
Loria,Jamal,Weitz,Nathalie,Loria,Earl
Loria,Francis,Weitz,Nathalie,Loria,Earl
Loria,Paul,Weitz,Nathalie,Loria,Earl
Loria,Rosalinda,Weitz,Nathalie,Loria,Earl
Loria,Kayle,Weitz,Nathalie,Loria,Earl
Loria,Leandra,Weitz,Nathalie,Loria,Earl
Loria,Clifford,Weitz,Nathalie,Loria,Earl
Loria,Teresa,Wolf,Vivien,Loria,Coy
Loria,Kaden,Weitz,Nathalie,Loria,Earl
Loria,Yvette,Wolf,Vivien,Loria,Coy
Loria,Tylor,Weitz,Nathalie,Loria,Earl
Loria,Brecken,Wolf,Vivien,Loria,Coy
Loria,Ian,Weitz,Nathalie,Loria,Earl
Loria,Krystan,Wolf,Vivien,Loria,Coy
Loria,Tyquan,Wolf,Vivien,Loria,Coy
Loria,Courtney,Wolf,Jean,Loria,Marshall
Loria,Deondre,Wolf,Vivien,Loria,Coy
Loria,Natalee,Wolf,Jean,Loria,Marshall
Loria,Jonah,Wolf,Vivien,Loria,Coy
Loria,Ansley,Wolf,Jean,Loria,Marshall
Loria,Ryen,Wolf,Vivien,Loria,Coy
Loria,Mckinzie,Wolf,Jean,Loria,Marshall
Loria,Jaylan,Wolf,Vivien,Loria,Coy
Loria,Audra,Wolf,Jean,Loria,Marshall
Loria,Jake,Wolf,Vivien,Loria,Coy
Loria,Meghan,Wolf,Jean,Loria,Marshall
Loria,Keegan,Wolf,Vivien,Loria,Coy
Loria,Maryssa,Wolf,Jean,Loria,Marshall
Loria,Slaten,Wolf,Vivien,Loria,Coy
Loria,Maegan,Wolf,Jean,Loria,Marshall
Loria,Dion,Wolf,Jean,Loria,Marshall
Loria,Terri,Wolf,Jean,Loria,Marshall
Loria,Al,Wolf,Jean,Loria,Marshall
Loria,Stephany,Wolf,Jean,Loria,Marshall
Loria,Abraham,Wolf,Jean,Loria,Marshall
Loria,Brigitte,Wolf,Jean,Loria,Marshall
Loria,Raekwon,Wolf,Jean,Loria,Marshall
Loria,Shanna,Wolf,Margarita,Loria,Kelton
Loria,Tony,Wolf,Jean,Loria,Marshall
Loria,Kalsie,Wolf,Margarita,Loria,Kelton
Loria,Gerardo,Wolf,Jean,Loria,Marshall
Loria,Shawna,Wolf,Margarita,Loria,Kelton
Loria,Antoine,Wolf,Jean,Loria,Marshall
Loria,Simone,Wolf,Margarita,Loria,Kelton
Loria,Stephen,Wolf,Margarita,Loria,Kelton
Loria,Tyra,Wolf,Margarita,Loria,Kelton
Loria,Zachariah,Wolf,Margarita,Loria,Kelton
Reisman,Olivia,Clark,Joan,Reisman,Sebastien
Reisman,Mathew,Clark,Joan,Reisman,Sebastien
Reisman,Kathleen,Clark,Joan,Reisman,Sebastien
Reisman,Wayne,Clark,Joan,Reisman,Sebastien
Reisman,Chantal,Clark,Joan,Reisman,Sebastien
Reisman,Alejandro,Clark,Joan,Reisman,Sebastien
Reisman,Andrea,Clark,Joan,Reisman,Sebastien
Reisman,Bret,Clark,Joan,Reisman,Sebastien
Reisman,Tiffani,Clark,Joan,Reisman,Sebastien
Reisman,Evan,Clark,Dina,Reisman,Callahan
Reisman,Michal,Clark,Joan,Reisman,Sebastien
Reisman,Daryl,Clark,Dina,Reisman,Callahan
Reisman,Dorian,Clark,Dina,Reisman,Callahan
Reisman,Geordan,Clark,Dina,Reisman,Callahan
Reisman,Anthony,Clark,Dina,Reisman,Callahan
Reisman,Demarco,Clark,Dina,Reisman,Callahan
Reisman,Taylor,Clark,Dina,Reisman,Callahan
Reisman,Emmett,Clark,Dina,Reisman,Callahan
Reisman,Yasmine,Clark,Dina,Reisman,Callahan
Engle,Rahim,Clark,Deborah,Engle,Kelsey
Reisman,Anissa,Clark,Dina,Reisman,Callahan
Engle,Idris,Clark,Deborah,Engle,Kelsey
Reisman,Maritza,Clark,Dina,Reisman,Callahan
Engle,Addison,Clark,Deborah,Engle,Kelsey
Reisman,Evelyn,Clark,Dina,Reisman,Callahan
Engle,Jade,Clark,Deborah,Engle,Kelsey
Reisman,Destini,Clark,Dina,Reisman,Callahan
Engle,Albert,Clark,Deborah,Engle,Kelsey
Reisman,Miriam,Clark,Dina,Reisman,Callahan
Engle,Neftaly,Clark,Deborah,Engle,Kelsey
Engle,Brionna,Clark,Deborah,Engle,Kelsey
Engle,Tyler,Clark,Maricela,Engle,Mohammad
Engle,Chelsie,Clark,Deborah,Engle,Kelsey
Engle,Jair,Clark,Maricela,Engle,Mohammad
Engle,Shianne,Clark,Deborah,Engle,Kelsey
Engle,Diego,Clark,Maricela,Engle,Mohammad
Engle,Carissa,Clark,Deborah,Engle,Kelsey
Engle,Mark,Clark,Maricela,Engle,Mohammad
Engle,Gilda,Clark,Deborah,Engle,Kelsey
Engle,Ever,Clark,Maricela,Engle,Mohammad
Engle,Tynia,Clark,Deborah,Engle,Kelsey
Weitz,Joey,Clark,Savannah,Weitz,Todd
Engle,Jaqueline,Clark,Maricela,Engle,Mohammad
Weitz,Jean,Clark,Savannah,Weitz,Todd
Engle,Yamilex,Clark,Maricela,Engle,Mohammad
Weitz,Landin,Clark,Savannah,Weitz,Todd
Engle,Daniella,Clark,Maricela,Engle,Mohammad
Weitz,Rasheed,Clark,Savannah,Weitz,Todd
Engle,Carmen,Clark,Maricela,Engle,Mohammad
Weitz,Johnathon,Clark,Savannah,Weitz,Todd
Weitz,Nyasia,Clark,Savannah,Weitz,Todd
Weitz,Conrad,Clark,Savannah,Weitz,Todd
Weitz,Molly,Clark,Savannah,Weitz,Todd
Weitz,Colin,Clark,Savannah,Weitz,Todd
Weitz,Francis,Clark,Savannah,Weitz,Todd
Weitz,Jaron,Clark,Kaila,Weitz,Kylan
Weitz,Kendal,Clark,Kaila,Weitz,Kylan
Weitz,Rodrigo,Clark,Kaila,Weitz,Kylan
Weitz,Melinda,Clark,Kaila,Weitz,Kylan
Weitz,Lazaro,Clark,Kaila,Weitz,Kylan
Wolf,Karah,Clark,Breanne,Wolf,Eugene
Weitz,Barrett,Clark,Kaila,Weitz,Kylan
Wolf,Monica,Clark,Breanne,Wolf,Eugene
Weitz,Hugh,Clark,Kaila,Weitz,Kylan
Wolf,Minnie,Clark,Breanne,Wolf,Eugene
Wolf,Dreshaun,Clark,Breanne,Wolf,Eugene
Wolf,Evelin,Clark,Breanne,Wolf,Eugene
Wolf,Sheldon,Clark,Breanne,Wolf,Eugene
Wolf,Ayla,Clark,Breanne,Wolf,Eugene
Wolf,Wanya,Clark,Breanne,Wolf,Eugene
Wolf,Keyondra,Clark,Breanne,Wolf,Eugene
Wolf,Alvin,Clark,Breanne,Wolf,Eugene
Wolf,Linsey,Clark,Breanne,Wolf,Eugene
Wolf,Dyllon,Clark,Breanne,Wolf,Eugene
Wolf,Jenny,Clark,Breanne,Wolf,Eugene
Wolf,Alex,Clark,Breanne,Wolf,Eugene
Wolf,Raegan,Clark,Breanne,Wolf,Eugene
Wolf,Grady,Clark,Breanne,Wolf,Eugene
Wolf,Darby,Clark,Anne,Wolf,Garret
Wolf,Cecil,Clark,Anne,Wolf,Garret
Wolf,Carmelita,Clark,Anne,Wolf,Garret
Wolf,Tanner,Clark,Anne,Wolf,Garret
Wolf,Sarahmarie,Clark,Anne,Wolf,Garret
Wolf,Baby,Clark,Anne,Wolf,Garret
Wolf,Lilly,Clark,Kyra,Wolf,Avery
Wolf,Brody,Clark,Anne,Wolf,Garret
Wolf,Imelda,Clark,Kyra,Wolf,Avery
Wolf,Leonardo,Clark,Kyra,Wolf,Avery
Wolf,Casey,Clark,Kyra,Wolf,Avery
Wolf,Paris,Clark,Kyra,Wolf,Avery
Wolf,Brynn,Clark,Kyra,Wolf,Avery
Wolf,Samuel,Clark,Kyra,Wolf,Avery
Wolf,Cindy,Clark,Debbie,Wolf,Martin
Wolf,Alejandro,Clark,Kyra,Wolf,Avery
Wolf,Ciara,Clark,Debbie,Wolf,Martin
Wolf,Terrell,Clark,Kyra,Wolf,Avery
Wolf,Kendal,Clark,Debbie,Wolf,Martin
Wolf,Kellen,Clark,Kyra,Wolf,Avery
Wolf,Irma,Clark,Debbie,Wolf,Martin
Wolf,Cristobal,Clark,Debbie,Wolf,Martin
Wolf,Elizabeth,Clark,Debbie,Wolf,Martin
Wolf,Josejuan,Clark,Debbie,Wolf,Martin
Wolf,Rocio,England,Mykayla,Wolf,Arthur
Wolf,Abdiel,Clark,Debbie,Wolf,Martin
Clark,Heidy,Garriott,Liz,Clark,Dakotah
Wolf,Travon,Clark,Debbie,Wolf,Martin
Clark,Demi,Garriott,Liz,Clark,Dakotah
Wolf,Mickey,Clark,Debbie,Wolf,Martin
Clark,Rikki,Garriott,Liz,Clark,Dakotah
Wolf,Jakob,Clark,Debbie,Wolf,Martin
Clark,Diamond,Garriott,Liz,Clark,Dakotah
Wolf,Yovani,Clark,Debbie,Wolf,Martin
Clark,Yahaira,Garriott,Liz,Clark,Dakotah
Wolf,Michael,England,Mykayla,Wolf,Arthur
Clark,Morgan,Garriott,Liz,Clark,Dakotah
Wolf,Dwayne,England,Mykayla,Wolf,Arthur
Clark,Odalys,Garriott,Liz,Clark,Dakotah
Wolf,Kory,England,Mykayla,Wolf,Arthur
Clark,Dalila,Henize,Kerri,Clark,Tommy
Wolf,Juancarlos,England,Mykayla,Wolf,Arthur
Clark,Keana,Henize,Kerri,Clark,Tommy
Wolf,Corey,England,Mykayla,Wolf,Arthur
Clark,Rhiannon,Henize,Kerri,Clark,Tommy
Clark,Gideon,Garriott,Liz,Clark,Dakotah
Clark,Allison,Henize,Kerri,Clark,Tommy
Clark,Ezekiel,Garriott,Liz,Clark,Dakotah
Clark,Becca,Henize,Kerri,Clark,Tommy
Clark,Rakeem,Garriott,Liz,Clark,Dakotah
Clark,Devyn,Henize,Kerri,Clark,Tommy
Clark,Bennett,Garriott,Liz,Clark,Dakotah
Clark,Kelcee,Henize,Kerri,Clark,Tommy
Clark,Edgar,Garriott,Liz,Clark,Dakotah
Clark,Meredith,Henize,Nakia,Clark,Angelo
Clark,Simeon,Garriott,Liz,Clark,Dakotah
Clark,Liza,Henize,Nakia,Clark,Angelo
Clark,Norman,Garriott,Liz,Clark,Dakotah
Clark,Isis,Henize,Nakia,Clark,Angelo
Clark,Owen,Garriott,Liz,Clark,Dakotah
Clark,Casandra,Henize,Nakia,Clark,Angelo
Clark,Michel,Henize,Kerri,Clark,Tommy
Clark,Shea,Henize,Laken,Clark,Landin
Clark,Allen,Henize,Kerri,Clark,Tommy
Clark,Colby,Henize,Laken,Clark,Landin
Clark,Daxton,Henize,Kerri,Clark,Tommy
Clark,Kristi,Henize,Laken,Clark,Landin
Clark,Deion,Henize,Kerri,Clark,Tommy
Clark,Sonya,Henize,Laken,Clark,Landin
Clark,Kelson,Henize,Kerri,Clark,Tommy
Clark,Cindy,Henize,Laken,Clark,Landin
Clark,Kory,Henize,Kerri,Clark,Tommy
Clark,Rose,Henize,Laken,Clark,Landin
Clark,Brian,Henize,Kerri,Clark,Tommy
Clark,Jennie,Henize,Laken,Clark,Landin
Clark,Mohamad,Henize,Kerri,Clark,Tommy
Clark,Kelsie,Henize,Laken,Clark,Landin
Clark,Tristin,Henize,Kerri,Clark,Tommy
Clark,Tory,Henize,Laken,Clark,Landin
Clark,Abel,Henize,Nakia,Clark,Angelo
Clark,Haleigh,Henize,Camelia,Clark,Joe
Clark,Erik,Henize,Nakia,Clark,Angelo
Clark,Tyler,Henize,Camelia,Clark,Joe
Clark,Langston,Henize,Nakia,Clark,Angelo
Clark,Misty,Henize,Camelia,Clark,Joe
Clark,Kristofer,Henize,Nakia,Clark,Angelo
Clark,Yuki,Henize,Camelia,Clark,Joe
Clark,Mark,Henize,Nakia,Clark,Angelo
Clark,Brigitte,Henize,Camelia,Clark,Joe
Clark,Lane,Henize,Nakia,Clark,Angelo
Clark,Kirsten,Henize,Camelia,Clark,Joe
Clark,Garret,Henize,Laken,Clark,Landin
Clark,Katelyn,Henize,Amna,Clark,Abdiel
Clark,Rigoberto,Henize,Laken,Clark,Landin
Clark,Itzel,Henize,Amna,Clark,Abdiel
Clark,Mateo,Henize,Laken,Clark,Landin
Clark,Dajah,Henize,Amna,Clark,Abdiel
Clark,Dandre,Henize,Laken,Clark,Landin
Clark,Niki,Henize,Amna,Clark,Abdiel
Clark,Cole,Henize,Laken,Clark,Landin
Clark,Itati,Henize,Amna,Clark,Abdiel
Clark,Logan,Henize,Laken,Clark,Landin
Clark,Leana,Henize,Amna,Clark,Abdiel
Clark,Reece,Henize,Camelia,Clark,Joe
Clark,Jena,Henize,Amna,Clark,Abdiel
Clark,Shelby,Henize,Camelia,Clark,Joe
Clark,Alesia,Henize,Amna,Clark,Abdiel
Clark,Davon,Henize,Camelia,Clark,Joe
Clark,Kaylynn,Henize,Amna,Clark,Abdiel
Clark,Coy,Henize,Camelia,Clark,Joe
Clark,Valerie,Henize,Amna,Clark,Abdiel
Clark,Rashad,Henize,Camelia,Clark,Joe
Clark,Jaime,Henize,Jenae,Clark,Harold
Clark,Amir,Henize,Amna,Clark,Abdiel
Clark,Rachael,Henize,Jenae,Clark,Harold
Clark,San,Henize,Amna,Clark,Abdiel
Clark,Frances,Henize,Jenae,Clark,Harold
Clark,Jairus,Henize,Amna,Clark,Abdiel
Clark,Anabel,Henize,Jenae,Clark,Harold
Clark,Caden,Henize,Amna,Clark,Abdiel
Clark,Alysa,Henize,Jenae,Clark,Harold
Clark,Weston,Henize,Jenae,Clark,Harold
Clark,Kylee,Henize,Jenae,Clark,Harold
Clark,Oren,Henize,Jenae,Clark,Harold
Clark,Josephine,Henize,Jenae,Clark,Harold
Clark,Reynaldo,Henize,Jenae,Clark,Harold
Clark,Yazmin,Henize,Jenae,Clark,Harold
Clark,Connor,Henize,Jenae,Clark,Harold
Clark,Susana,Henize,Jenae,Clark,Harold
Clark,Forrest,Henize,Cristal,Clark,Clarence
Clark,Julianna,Henize,Jenae,Clark,Harold
Clark,Kareem,Henize,Cristal,Clark,Clarence
Clark,Eleni,Henize,Jenae,Clark,Harold
Clark,Nolan,Henize,Cristal,Clark,Clarence
Clark,Elyse,Henize,Jenae,Clark,Harold
England,Deonte,Henize,Ashlee,England,Roberto
Clark,Julissa,Henize,Jenae,Clark,Harold
England,Wilmer,Henize,Ashlee,England,Roberto
Clark,Silvia,Henize,Jenae,Clark,Harold
England,Brian,Thomas,Skylar,England,Yuri
Clark,Chantelle,Henize,Jenae,Clark,Harold
England,Vincent,Thomas,Skylar,England,Yuri
Clark,Yvonne,Henize,Cristal,Clark,Clarence
England,Cruz,Thomas,Skylar,England,Yuri
Clark,Marlee,Henize,Cristal,Clark,Clarence
England,Aleksandr,Thomas,Skylar,England,Yuri
Clark,Eileen,Henize,Cristal,Clark,Clarence
England,Kahlil,Thomas,Skylar,England,Yuri
Clark,Jabria,Henize,Cristal,Clark,Clarence
England,Marcello,Thomas,Skylar,England,Yuri
Clark,Yesenia,Henize,Cristal,Clark,Clarence
England,Gilbert,Thomas,Haley,England,Gordon
Clark,Tayler,Henize,Cristal,Clark,Clarence
England,Mathew,Thomas,Haley,England,Gordon
England,Candace,Henize,Ashlee,England,Roberto
England,Giovanni,Thomas,Sania,England,Harold
England,Elisa,Thomas,Skylar,England,Yuri
England,Issac,Thomas,Sania,England,Harold
England,Justine,Thomas,Skylar,England,Yuri
England,Martin,Thomas,Sania,England,Harold
England,Alina,Thomas,Skylar,England,Yuri
England,Keifer,Thomas,Sania,England,Harold
England,Alexus,Thomas,Skylar,England,Yuri
England,Brady,Thomas,Sania,England,Harold
England,Yessica,Thomas,Haley,England,Gordon
England,Patrick,Thomas,Sania,England,Harold
England,Luisa,Thomas,Haley,England,Gordon
England,Zackary,Thomas,Joy,England,Ahmad
England,Amina,Thomas,Haley,England,Gordon
England,Marielle,Thomas,Joy,England,Ahmad
England,Britney,Thomas,Haley,England,Gordon
England,Quinn,Thomas,Joy,England,Ahmad
England,Barbara,Thomas,Sania,England,Harold
McDivitt,Javonte,Thomas,Milena,McDivitt,Destin
England,Connie,Thomas,Sania,England,Harold
McDivitt,Dane,Thomas,Milena,McDivitt,Destin
England,Daniella,Thomas,Sania,England,Harold
McDivitt,Myles,Thomas,Milena,McDivitt,Destin
England,Brooke,Thomas,Sania,England,Harold
McDivitt,Greyson,Thomas,Milena,McDivitt,Destin
England,Elise,Thomas,Sania,England,Harold
McDivitt,Patrick,Thomas,Milena,McDivitt,Destin
England,Mattie,Thomas,Sania,England,Harold
McDivitt,Kelson,Thomas,Milena,McDivitt,Destin
England,Tyler,Thomas,Sania,England,Harold
McDivitt,Marcus,Thomas,Milena,McDivitt,Destin
England,Aria,Thomas,Sania,England,Harold
McDivitt,Sterling,Thomas,Milena,McDivitt,Destin
England,Viridiana,Thomas,Sania,England,Harold
McDivitt,Josue,Thomas,Milena,McDivitt,Destin
England,Mahogany,Thomas,Sania,England,Harold
McDivitt,Sedrick,Thomas,Milena,McDivitt,Destin
England,Ryann,Thomas,Joy,England,Ahmad
McDivitt,Bradly,Thomas,Milena,McDivitt,Destin
England,Hana,Thomas,Joy,England,Ahmad
McDivitt,Justus,Thomas,Milena,McDivitt,Destin
McDivitt,Margarita,Thomas,Milena,McDivitt,Destin
McDivitt,Martin,Thomas,Makena,McDivitt,Blaine
McDivitt,Alisia,Thomas,Milena,McDivitt,Destin
McDivitt,Jamal,Thomas,Makena,McDivitt,Blaine
McDivitt,Hanna,Thomas,Milena,McDivitt,Destin
McDivitt,Asher,Thomas,Makena,McDivitt,Blaine
McDivitt,Reilly,Thomas,Milena,McDivitt,Destin
McDivitt,Keifer,Thomas,Makena,McDivitt,Blaine
McDivitt,Arielle,Thomas,Milena,McDivitt,Destin
McDivitt,Baby,Thomas,Makena,McDivitt,Blaine
McDivitt,Jewel,Thomas,Milena,McDivitt,Destin
McDivitt,Keith,Thomas,Makena,McDivitt,Blaine
McDivitt,Heidi,Thomas,Milena,McDivitt,Destin
