Hieb,Dominic,Mitchell,Caitlin,Hieb,Deonta
Horowitz,Breeanna,Dunbar,Chynna,Horowitz,Tony
Buchanan,Sedrick,Wolf,Debora,Buchanan,Rafael
Walker,Mercedes,Greene,Tiani,Walker,Jaylan
Michel,Martin,Kerwin,Suzanne,Michel,Ali
Fabian,Addison,Taylor,Eileen,Fabian,Coy
Eisele,Kevin,Brown,Kiana,Eisele,Raymond
Ewing,Megan,Slayton,Sydni,Ewing,Frederick
Edwards,Brendon,McMonagle,Megan,Edwards,Howard
Thuot,Calandra,Eisele,Kassidy,Thuot,Lamont
Carey,Caleb,Henricks,Devon,Carey,Dennis
Hammond,Gabriel,Arthur,Daisy,Hammond,Dustin
Thornton,Rand,Swanson,Precious,Thornton,Keaton
Haise,Maeghan,Oswald,Isadora,Haise,Deion
Gregory,Ethan,Sullivan,Josephine,Gregory,Clint
Stewart,Jaymee,Readdy,Kasey,Stewart,Cyrus
Jemison,Quincy,Schirra,Maison,Jemison,Austin
Caldeiro,Blanca,Cernan,Miriam,Caldeiro,Wanya
Runco,Leroy,Adams,Zaria,Runco,Jameson
Gruber,Rita,Mastracchio,Passion,Gruber,Joey
Fullerton,Destin,Lu,Lakendra,Fullerton,Leland
Wilcutt,Meaghan,England,Gabriela,Wilcutt,Kalon
Kilrain,Zachary,Kennedy,Desaree,Kilrain,Dequan
McMonagle,Tayler,Gorie,Marisela,McMonagle,Ismael
Irwin,Hassan,Onizuka,Paige,Irwin,Harrison
Torvalds,Toni,Freeman,Breeanna,Torvalds,Jan
Stefanyshyn,Leon,Carr,Aliyah,Stefanyshyn,Terence
Reisman,Annette,Sullivan,Kaylie,Reisman,Nestor
Fillmore,Augustus,Cutter,Precious,Fillmore,Alexander
Hieb,Flor,Horowitz,Breeanna,Hieb,Dominic
Brandenstein,Dexter,Cox,Devin,Brandenstein,Ali
Hieb,Judith,Horowitz,Breeanna,Hieb,Dominic
Hieb,Josejuan,Horowitz,Breeanna,Hieb,Dominic
Hieb,Allysa,Horowitz,Breeanna,Hieb,Dominic
Hieb,Yobani,Horowitz,Breeanna,Hieb,Dominic
Hieb,Chloe,Horowitz,Breeanna,Hieb,Dominic
Hieb,Daylon,Horowitz,Breeanna,Hieb,Dominic
Hieb,Gladys,Horowitz,Breeanna,Hieb,Dominic
Hieb,Howard,Horowitz,Breeanna,Hieb,Dominic
Hieb,Glenda,Horowitz,Breeanna,Hieb,Dominic
Hieb,Lars,Horowitz,Breeanna,Hieb,Dominic
Hieb,Kellie,Horowitz,Breeanna,Hieb,Dominic
Buchanan,Cruz,Walker,Mercedes,Buchanan,Sedrick
Buchanan,Stella,Walker,Mercedes,Buchanan,Sedrick
Buchanan,Khalid,Walker,Mercedes,Buchanan,Sedrick
Buchanan,Alyssa,Walker,Mercedes,Buchanan,Sedrick
Buchanan,Tristen,Walker,Mercedes,Buchanan,Sedrick
Buchanan,Keirra,Walker,Mercedes,Buchanan,Sedrick
Buchanan,Zachariah,Walker,Mercedes,Buchanan,Sedrick
Buchanan,Caitlan,Walker,Mercedes,Buchanan,Sedrick
Michel,Reuben,Fabian,Addison,Michel,Martin
Buchanan,Kate,Walker,Mercedes,Buchanan,Sedrick
Michel,Reid,Fabian,Addison,Michel,Martin
Buchanan,Christa,Walker,Mercedes,Buchanan,Sedrick
Michel,Bryce,Fabian,Addison,Michel,Martin
Buchanan,Gladys,Walker,Mercedes,Buchanan,Sedrick
Michel,Osvaldo,Fabian,Addison,Michel,Martin
Buchanan,Rosalinda,Walker,Mercedes,Buchanan,Sedrick
Michel,Dontae,Fabian,Addison,Michel,Martin
Buchanan,Blair,Walker,Mercedes,Buchanan,Sedrick
Michel,Gavin,Fabian,Addison,Michel,Martin
Michel,Blanca,Fabian,Addison,Michel,Martin
Michel,Fernando,Fabian,Addison,Michel,Martin
Michel,Josey,Fabian,Addison,Michel,Martin
Michel,Jan,Fabian,Addison,Michel,Martin
Michel,Bridgette,Fabian,Addison,Michel,Martin
Michel,Drake,Fabian,Addison,Michel,Martin
Michel,Tayla,Fabian,Addison,Michel,Martin
Michel,Dan,Fabian,Addison,Michel,Martin
Michel,Breann,Fabian,Addison,Michel,Martin
Michel,Addison,Fabian,Addison,Michel,Martin
Michel,Yadira,Fabian,Addison,Michel,Martin
Eisele,Jakob,Ewing,Megan,Eisele,Kevin
Michel,Leanna,Fabian,Addison,Michel,Martin
Edwards,Gary,Thuot,Calandra,Edwards,Brendon
Eisele,Lillian,Ewing,Megan,Eisele,Kevin
Edwards,Lee,Thuot,Calandra,Edwards,Brendon
Eisele,Taylorann,Ewing,Megan,Eisele,Kevin
Edwards,Todd,Thuot,Calandra,Edwards,Brendon
Edwards,Unique,Thuot,Calandra,Edwards,Brendon
Edwards,Dyllon,Thuot,Calandra,Edwards,Brendon
Edwards,Jenae,Thuot,Calandra,Edwards,Brendon
Carey,Dominick,Hammond,Gabriel,Carey,Caleb
Edwards,Karlie,Thuot,Calandra,Edwards,Brendon
Carey,Aidan,Hammond,Gabriel,Carey,Caleb
Edwards,Maria,Thuot,Calandra,Edwards,Brendon
Carey,Jeb,Hammond,Gabriel,Carey,Caleb
Carey,Kasey,Hammond,Gabriel,Carey,Caleb
Carey,Trae,Hammond,Gabriel,Carey,Caleb
Carey,Armani,Hammond,Gabriel,Carey,Caleb
Carey,Jaylen,Hammond,Gabriel,Carey,Caleb
Carey,Rose,Hammond,Gabriel,Carey,Caleb
Thornton,Reid,Haise,Maeghan,Thornton,Rand
Carey,Sandy,Hammond,Gabriel,Carey,Caleb
Thornton,Kristian,Haise,Maeghan,Thornton,Rand
Carey,Genesis,Hammond,Gabriel,Carey,Caleb
Thornton,Jeffery,Haise,Maeghan,Thornton,Rand
Carey,Karly,Hammond,Gabriel,Carey,Caleb
Thornton,Santana,Haise,Maeghan,Thornton,Rand
Carey,Aileen,Hammond,Gabriel,Carey,Caleb
Gregory,Marcanthon,Stewart,Jaymee,Gregory,Ethan
Thornton,Kassandra,Haise,Maeghan,Thornton,Rand
Gregory,Rayvon,Stewart,Jaymee,Gregory,Ethan
Thornton,Bridgett,Haise,Maeghan,Thornton,Rand
Gregory,Jasper,Stewart,Jaymee,Gregory,Ethan
Thornton,Esther,Haise,Maeghan,Thornton,Rand
Gregory,Idris,Stewart,Jaymee,Gregory,Ethan
Thornton,Delilah,Haise,Maeghan,Thornton,Rand
Gregory,Diondre,Stewart,Jaymee,Gregory,Ethan
Thornton,Abbigail,Haise,Maeghan,Thornton,Rand
Gregory,Conor,Stewart,Jaymee,Gregory,Ethan
Thornton,Amanda,Haise,Maeghan,Thornton,Rand
Gregory,Morgan,Stewart,Jaymee,Gregory,Ethan
Gregory,Kenyatta,Stewart,Jaymee,Gregory,Ethan
Gregory,Ronnie,Stewart,Jaymee,Gregory,Ethan
Gregory,Jazmin,Stewart,Jaymee,Gregory,Ethan
Jemison,Noe,Caldeiro,Blanca,Jemison,Quincy
Jemison,Isabelle,Caldeiro,Blanca,Jemison,Quincy
Jemison,Jaleel,Caldeiro,Blanca,Jemison,Quincy
Jemison,Mckenzie,Caldeiro,Blanca,Jemison,Quincy
Jemison,Damon,Caldeiro,Blanca,Jemison,Quincy
Jemison,Abbie,Caldeiro,Blanca,Jemison,Quincy
Jemison,Harrison,Caldeiro,Blanca,Jemison,Quincy
Jemison,Salena,Caldeiro,Blanca,Jemison,Quincy
Jemison,Aleksandr,Caldeiro,Blanca,Jemison,Quincy
Jemison,Kristen,Caldeiro,Blanca,Jemison,Quincy
Runco,Jed,Gruber,Rita,Runco,Leroy
Runco,Maeghan,Gruber,Rita,Runco,Leroy
Runco,Jade,Gruber,Rita,Runco,Leroy
Runco,Brielle,Gruber,Rita,Runco,Leroy
Runco,Daryl,Gruber,Rita,Runco,Leroy
Runco,Paola,Gruber,Rita,Runco,Leroy
Runco,Shamar,Gruber,Rita,Runco,Leroy
Runco,Kaytlyn,Gruber,Rita,Runco,Leroy
Runco,Houston,Gruber,Rita,Runco,Leroy
Runco,Abagail,Gruber,Rita,Runco,Leroy
Fullerton,Tristin,Wilcutt,Meaghan,Fullerton,Destin
Runco,Ayesha,Gruber,Rita,Runco,Leroy
Fullerton,Arjun,Wilcutt,Meaghan,Fullerton,Destin
Runco,Kaya,Gruber,Rita,Runco,Leroy
Fullerton,Elijah,Wilcutt,Meaghan,Fullerton,Destin
Runco,Lena,Gruber,Rita,Runco,Leroy
Fullerton,Taquan,Wilcutt,Meaghan,Fullerton,Destin
Runco,Daisy,Gruber,Rita,Runco,Leroy
Fullerton,Abdiel,Wilcutt,Meaghan,Fullerton,Destin
Runco,Cierra,Gruber,Rita,Runco,Leroy
Fullerton,Yovani,Wilcutt,Meaghan,Fullerton,Destin
Fullerton,Estefania,Wilcutt,Meaghan,Fullerton,Destin
Fullerton,Jevon,Wilcutt,Meaghan,Fullerton,Destin
Fullerton,Hailee,Wilcutt,Meaghan,Fullerton,Destin
Fullerton,Lauren,Wilcutt,Meaghan,Fullerton,Destin
Fullerton,Annette,Wilcutt,Meaghan,Fullerton,Destin
Kilrain,Cristobal,McMonagle,Tayler,Kilrain,Zachary
Fullerton,Madelyn,Wilcutt,Meaghan,Fullerton,Destin
Kilrain,Terry,McMonagle,Tayler,Kilrain,Zachary
Fullerton,Elida,Wilcutt,Meaghan,Fullerton,Destin
Kilrain,Jeremy,McMonagle,Tayler,Kilrain,Zachary
Fullerton,Rani,Wilcutt,Meaghan,Fullerton,Destin
Kilrain,Hugo,McMonagle,Tayler,Kilrain,Zachary
Fullerton,Callan,Wilcutt,Meaghan,Fullerton,Destin
Kilrain,Colby,McMonagle,Tayler,Kilrain,Zachary
Fullerton,Ashtyn,Wilcutt,Meaghan,Fullerton,Destin
Kilrain,Ted,McMonagle,Tayler,Kilrain,Zachary
Fullerton,Monique,Wilcutt,Meaghan,Fullerton,Destin
Kilrain,Salvador,McMonagle,Tayler,Kilrain,Zachary
Kilrain,Kady,McMonagle,Tayler,Kilrain,Zachary
Kilrain,Jake,McMonagle,Tayler,Kilrain,Zachary
Kilrain,Allyson,McMonagle,Tayler,Kilrain,Zachary
Kilrain,Sydney,McMonagle,Tayler,Kilrain,Zachary
Kilrain,Bailee,McMonagle,Tayler,Kilrain,Zachary
Irwin,Tarik,Torvalds,Toni,Irwin,Hassan
Kilrain,Kitana,McMonagle,Tayler,Kilrain,Zachary
Irwin,Kristopher,Torvalds,Toni,Irwin,Hassan
Kilrain,Lacey,McMonagle,Tayler,Kilrain,Zachary
Irwin,Ernesto,Torvalds,Toni,Irwin,Hassan
Kilrain,Marjorie,McMonagle,Tayler,Kilrain,Zachary
Irwin,Zev,Torvalds,Toni,Irwin,Hassan
Kilrain,Sade,McMonagle,Tayler,Kilrain,Zachary
Stefanyshyn,Michal,Reisman,Annette,Stefanyshyn,Leon
Irwin,Jeanna,Torvalds,Toni,Irwin,Hassan
Stefanyshyn,Alonzo,Reisman,Annette,Stefanyshyn,Leon
Irwin,Ashlynn,Torvalds,Toni,Irwin,Hassan
Stefanyshyn,Anton,Reisman,Annette,Stefanyshyn,Leon
Irwin,Chandler,Torvalds,Toni,Irwin,Hassan
Fillmore,Alan,Hieb,Flor,Fillmore,Augustus
Irwin,Maritza,Torvalds,Toni,Irwin,Hassan
Fillmore,Kelton,Hieb,Flor,Fillmore,Augustus
Irwin,Alice,Torvalds,Toni,Irwin,Hassan
Fillmore,Byron,Hieb,Flor,Fillmore,Augustus
Stefanyshyn,Leandra,Reisman,Annette,Stefanyshyn,Leon
Brandenstein,Ryen,Hieb,Judith,Brandenstein,Dexter
Stefanyshyn,Marlee,Reisman,Annette,Stefanyshyn,Leon
Brandenstein,Quincy,Hieb,Judith,Brandenstein,Dexter
Stefanyshyn,Savannah,Reisman,Annette,Stefanyshyn,Leon
Brandenstein,Elvin,Hieb,Judith,Brandenstein,Dexter
Fillmore,Bernadette,Hieb,Flor,Fillmore,Augustus
Brandenstein,Dimitri,Hieb,Judith,Brandenstein,Dexter
Fillmore,Carissa,Hieb,Flor,Fillmore,Augustus
Hieb,Wilmer,Buchanan,Stella,Hieb,Josejuan
Fillmore,Julissa,Hieb,Flor,Fillmore,Augustus
Hieb,Gilbert,Buchanan,Stella,Hieb,Josejuan
Fillmore,Iesha,Hieb,Flor,Fillmore,Augustus
Hieb,Justin,Buchanan,Stella,Hieb,Josejuan
Fillmore,Leanna,Hieb,Flor,Fillmore,Augustus
Hieb,Anthony,Buchanan,Stella,Hieb,Josejuan
Fillmore,Holli,Hieb,Flor,Fillmore,Augustus
Hieb,Oren,Buchanan,Alyssa,Hieb,Yobani
Fillmore,Natalee,Hieb,Flor,Fillmore,Augustus
Hieb,Drew,Buchanan,Alyssa,Hieb,Yobani
Fillmore,Jacquelin,Hieb,Flor,Fillmore,Augustus
Hieb,Alfonso,Buchanan,Alyssa,Hieb,Yobani
Fillmore,Maya,Hieb,Flor,Fillmore,Augustus
Hieb,Gregory,Buchanan,Alyssa,Hieb,Yobani
Fillmore,Gianna,Hieb,Flor,Fillmore,Augustus
Hieb,Brennen,Buchanan,Keirra,Hieb,Daylon
Fillmore,Ashli,Hieb,Flor,Fillmore,Augustus
Hieb,Earl,Buchanan,Keirra,Hieb,Daylon
Brandenstein,Laurel,Hieb,Judith,Brandenstein,Dexter
Hieb,Sheldon,Buchanan,Keirra,Hieb,Daylon
Brandenstein,Angela,Hieb,Judith,Brandenstein,Dexter
Hieb,Edwin,Buchanan,Keirra,Hieb,Daylon
Brandenstein,Dixie,Hieb,Judith,Brandenstein,Dexter
Hieb,Kristian,Buchanan,Keirra,Hieb,Daylon
Brandenstein,Makenzie,Hieb,Judith,Brandenstein,Dexter
Hieb,Lawrence,Buchanan,Keirra,Hieb,Daylon
Brandenstein,Lourdes,Hieb,Judith,Brandenstein,Dexter
Hieb,Marquis,Buchanan,Keirra,Hieb,Daylon
Brandenstein,Ashlee,Hieb,Judith,Brandenstein,Dexter
Hieb,Peyton,Buchanan,Keirra,Hieb,Daylon
Brandenstein,Tory,Hieb,Judith,Brandenstein,Dexter
Hieb,Isidro,Buchanan,Caitlan,Hieb,Howard
Hieb,Raquel,Buchanan,Stella,Hieb,Josejuan
Hieb,Dalton,Buchanan,Caitlan,Hieb,Howard
Hieb,Elyse,Buchanan,Stella,Hieb,Josejuan
Hieb,Malik,Buchanan,Caitlan,Hieb,Howard
Hieb,Meagan,Buchanan,Stella,Hieb,Josejuan
Hieb,Adan,Buchanan,Caitlan,Hieb,Howard
Hieb,Claire,Buchanan,Alyssa,Hieb,Yobani
Hieb,Fred,Buchanan,Caitlan,Hieb,Howard
Hieb,Christa,Buchanan,Alyssa,Hieb,Yobani
Hieb,Hayden,Buchanan,Kate,Hieb,Lars
Hieb,Tabatha,Buchanan,Alyssa,Hieb,Yobani
Hieb,Byron,Buchanan,Kate,Hieb,Lars
Hieb,Sean,Buchanan,Alyssa,Hieb,Yobani
Hieb,Dangelo,Buchanan,Kate,Hieb,Lars
Hieb,Maia,Buchanan,Alyssa,Hieb,Yobani
Hieb,Maliki,Buchanan,Kate,Hieb,Lars
Hieb,Allyson,Buchanan,Alyssa,Hieb,Yobani
Hieb,Santana,Buchanan,Kate,Hieb,Lars
Hieb,Katheryn,Buchanan,Alyssa,Hieb,Yobani
Hieb,Kelsey,Buchanan,Kate,Hieb,Lars
Hieb,Moriah,Buchanan,Alyssa,Hieb,Yobani
Hieb,Mathieu,Buchanan,Kate,Hieb,Lars
Hieb,Yolanda,Buchanan,Keirra,Hieb,Daylon
Hieb,Chadwick,Buchanan,Kate,Hieb,Lars
Hieb,Lesly,Buchanan,Keirra,Hieb,Daylon
Hieb,Jamar,Buchanan,Kate,Hieb,Lars
Hieb,Julianne,Buchanan,Keirra,Hieb,Daylon
Hieb,Bryson,Buchanan,Kate,Hieb,Lars
Hieb,Nadia,Buchanan,Keirra,Hieb,Daylon
Buchanan,Gary,Hieb,Allysa,Buchanan,Cruz
Hieb,Lillian,Buchanan,Keirra,Hieb,Daylon
Buchanan,Beau,Hieb,Allysa,Buchanan,Cruz
Hieb,Martha,Buchanan,Keirra,Hieb,Daylon
Buchanan,Jed,Hieb,Allysa,Buchanan,Cruz
Hieb,Jane,Buchanan,Keirra,Hieb,Daylon
Buchanan,Brandon,Hieb,Allysa,Buchanan,Cruz
Hieb,Shenelly,Buchanan,Caitlan,Hieb,Howard
Buchanan,Rene,Hieb,Allysa,Buchanan,Cruz
Hieb,Noelle,Buchanan,Caitlan,Hieb,Howard
Buchanan,Dylon,Hieb,Allysa,Buchanan,Cruz
Hieb,Aria,Buchanan,Caitlan,Hieb,Howard
Buchanan,Ramon,Hieb,Allysa,Buchanan,Cruz
Hieb,Shanise,Buchanan,Caitlan,Hieb,Howard
Buchanan,Alex,Hieb,Allysa,Buchanan,Cruz
Hieb,Kiara,Buchanan,Caitlan,Hieb,Howard
Buchanan,Tom,Hieb,Allysa,Buchanan,Cruz
Hieb,Olivia,Buchanan,Caitlan,Hieb,Howard
Buchanan,Chase,Hieb,Allysa,Buchanan,Cruz
Hieb,Vivian,Buchanan,Caitlan,Hieb,Howard
Buchanan,Deanthony,Hieb,Allysa,Buchanan,Cruz
Hieb,Kamri,Buchanan,Caitlan,Hieb,Howard
Buchanan,Deshaun,Hieb,Chloe,Buchanan,Khalid
Hieb,Guadalupe,Buchanan,Kate,Hieb,Lars
Buchanan,Tyreek,Hieb,Chloe,Buchanan,Khalid
Hieb,Kelsie,Buchanan,Kate,Hieb,Lars
Buchanan,Nathanael,Hieb,Chloe,Buchanan,Khalid
Hieb,Cameron,Buchanan,Kate,Hieb,Lars
Buchanan,Dakotah,Hieb,Chloe,Buchanan,Khalid
Hieb,Isabel,Buchanan,Kate,Hieb,Lars
Buchanan,Isaiah,Hieb,Chloe,Buchanan,Khalid
Hieb,Leana,Buchanan,Kate,Hieb,Lars
Buchanan,Miles,Hieb,Chloe,Buchanan,Khalid
Hieb,Julissa,Buchanan,Kate,Hieb,Lars
Buchanan,Jaleel,Hieb,Chloe,Buchanan,Khalid
Hieb,Austin,Buchanan,Kate,Hieb,Lars
Buchanan,Mauricio,Hieb,Chloe,Buchanan,Khalid
Hieb,Maricela,Buchanan,Kate,Hieb,Lars
Buchanan,Kapil,Hieb,Chloe,Buchanan,Khalid
Hieb,Hailee,Buchanan,Kate,Hieb,Lars
Buchanan,Alden,Hieb,Chloe,Buchanan,Khalid
Buchanan,Suleyma,Hieb,Allysa,Buchanan,Cruz
Buchanan,Shea,Hieb,Chloe,Buchanan,Khalid
Buchanan,Nallely,Hieb,Allysa,Buchanan,Cruz
Buchanan,Pedro,Hieb,Chloe,Buchanan,Khalid
Buchanan,Yajayra,Hieb,Allysa,Buchanan,Cruz
Buchanan,Jeffery,Hieb,Gladys,Buchanan,Tristen
Buchanan,Aubrey,Hieb,Allysa,Buchanan,Cruz
Buchanan,Israel,Hieb,Gladys,Buchanan,Tristen
Buchanan,Caitriona,Hieb,Allysa,Buchanan,Cruz
Buchanan,Cedric,Hieb,Gladys,Buchanan,Tristen
Buchanan,Heidi,Hieb,Allysa,Buchanan,Cruz
Buchanan,Bobby,Hieb,Glenda,Buchanan,Zachariah
Buchanan,Adrian,Hieb,Chloe,Buchanan,Khalid
Buchanan,Gene,Hieb,Glenda,Buchanan,Zachariah
Buchanan,Melisa,Hieb,Chloe,Buchanan,Khalid
Buchanan,Salvatore,Hieb,Glenda,Buchanan,Zachariah
Buchanan,Montana,Hieb,Chloe,Buchanan,Khalid
Michel,Bernardo,Hieb,Kellie,Michel,Reuben
Buchanan,Dixie,Hieb,Chloe,Buchanan,Khalid
Michel,Drew,Hieb,Kellie,Michel,Reuben
Buchanan,Madeleine,Hieb,Chloe,Buchanan,Khalid
Michel,Esau,Hieb,Kellie,Michel,Reuben
Buchanan,Abigayle,Hieb,Chloe,Buchanan,Khalid
Michel,Forrest,Hieb,Kellie,Michel,Reuben
Buchanan,Delilah,Hieb,Chloe,Buchanan,Khalid
Michel,Dantae,Hieb,Kellie,Michel,Reuben
Buchanan,Kathryn,Hieb,Chloe,Buchanan,Khalid
Michel,Darian,Hieb,Kellie,Michel,Reuben
Buchanan,Willow,Hieb,Gladys,Buchanan,Tristen
Michel,Gonzalo,Hieb,Kellie,Michel,Reuben
Buchanan,Janelle,Hieb,Gladys,Buchanan,Tristen
Michel,Vincent,Hieb,Kellie,Michel,Reuben
Buchanan,Faith,Hieb,Gladys,Buchanan,Tristen
Michel,Angel,Hieb,Kellie,Michel,Reuben
Buchanan,Jodie,Hieb,Glenda,Buchanan,Zachariah
Michel,Richard,Hieb,Kellie,Michel,Reuben
Buchanan,Larissa,Hieb,Glenda,Buchanan,Zachariah
Michel,Oscar,Hieb,Kellie,Michel,Reuben
Buchanan,Lianna,Hieb,Glenda,Buchanan,Zachariah
Michel,Brody,Buchanan,Christa,Michel,Reid
Buchanan,Kelsee,Hieb,Glenda,Buchanan,Zachariah
Michel,Keion,Buchanan,Christa,Michel,Reid
Buchanan,Lynn,Hieb,Glenda,Buchanan,Zachariah
Michel,Reed,Buchanan,Christa,Michel,Reid
Buchanan,Silvia,Hieb,Glenda,Buchanan,Zachariah
Michel,Nigel,Buchanan,Christa,Michel,Reid
Buchanan,Ashleigh,Hieb,Glenda,Buchanan,Zachariah
Michel,Noel,Buchanan,Christa,Michel,Reid
Michel,Juliet,Hieb,Kellie,Michel,Reuben
Michel,Zane,Buchanan,Christa,Michel,Reid
Michel,Karli,Hieb,Kellie,Michel,Reuben
Michel,Erin,Buchanan,Christa,Michel,Reid
Michel,Martha,Hieb,Kellie,Michel,Reuben
Michel,Louis,Buchanan,Christa,Michel,Reid
Michel,Lexi,Hieb,Kellie,Michel,Reuben
Michel,Lance,Buchanan,Christa,Michel,Reid
Michel,Emilie,Hieb,Kellie,Michel,Reuben
Michel,Ron,Buchanan,Gladys,Michel,Bryce
Michel,Callie,Hieb,Kellie,Michel,Reuben
Michel,Elmer,Buchanan,Gladys,Michel,Bryce
Michel,Heidy,Hieb,Kellie,Michel,Reuben
Michel,Terence,Buchanan,Gladys,Michel,Bryce
Michel,Tessa,Hieb,Kellie,Michel,Reuben
Michel,Quayshawn,Buchanan,Gladys,Michel,Bryce
Michel,Faith,Hieb,Kellie,Michel,Reuben
Michel,Rey,Buchanan,Gladys,Michel,Bryce
Michel,Merissa,Buchanan,Christa,Michel,Reid
Michel,Kody,Buchanan,Gladys,Michel,Bryce
Michel,Kendal,Buchanan,Christa,Michel,Reid
Michel,Dwayne,Buchanan,Rosalinda,Michel,Osvaldo
Michel,Gilda,Buchanan,Christa,Michel,Reid
Michel,Garrett,Buchanan,Blair,Michel,Dontae
Michel,Rayven,Buchanan,Christa,Michel,Reid
Michel,Devin,Buchanan,Blair,Michel,Dontae
Michel,Chantal,Buchanan,Christa,Michel,Reid
Michel,Jovon,Buchanan,Blair,Michel,Dontae
Michel,Shirley,Buchanan,Christa,Michel,Reid
Michel,Chaz,Buchanan,Blair,Michel,Dontae
Michel,Celena,Buchanan,Christa,Michel,Reid
Michel,Mitchell,Buchanan,Blair,Michel,Dontae
Michel,Caroline,Buchanan,Christa,Michel,Reid
Michel,Mohammed,Eisele,Lillian,Michel,Gavin
Michel,Kylie,Buchanan,Gladys,Michel,Bryce
Michel,Marc,Eisele,Lillian,Michel,Gavin
Michel,Krupa,Buchanan,Gladys,Michel,Bryce
Michel,Coleman,Eisele,Lillian,Michel,Gavin
Michel,Harley,Buchanan,Gladys,Michel,Bryce
Michel,Darius,Eisele,Lillian,Michel,Gavin
Michel,Shawn,Buchanan,Gladys,Michel,Bryce
Michel,Mohamed,Eisele,Lillian,Michel,Gavin
Michel,Aubrie,Buchanan,Gladys,Michel,Bryce
Michel,Brennon,Eisele,Lillian,Michel,Gavin
Michel,Cecelia,Buchanan,Gladys,Michel,Bryce
Michel,Kayle,Eisele,Lillian,Michel,Gavin
Michel,Trisha,Buchanan,Gladys,Michel,Bryce
Michel,Denver,Eisele,Lillian,Michel,Gavin
Michel,Delanie,Buchanan,Gladys,Michel,Bryce
Michel,Julio,Eisele,Lillian,Michel,Gavin
Michel,Lesley,Buchanan,Rosalinda,Michel,Osvaldo
Michel,Brennen,Eisele,Taylorann,Michel,Fernando
Michel,Janelle,Buchanan,Rosalinda,Michel,Osvaldo
Michel,Bailey,Edwards,Unique,Michel,Jan
Michel,Lisette,Buchanan,Rosalinda,Michel,Osvaldo
Michel,Stephon,Edwards,Unique,Michel,Jan
Michel,Damaris,Buchanan,Rosalinda,Michel,Osvaldo
Michel,Daxton,Edwards,Unique,Michel,Jan
Michel,Ashanti,Buchanan,Rosalinda,Michel,Osvaldo
Michel,Deanthony,Edwards,Unique,Michel,Jan
Michel,Sky,Buchanan,Blair,Michel,Dontae
Michel,Lawrence,Edwards,Unique,Michel,Jan
Michel,Estefany,Buchanan,Blair,Michel,Dontae
Michel,Hunter,Edwards,Unique,Michel,Jan
Michel,Jessica,Buchanan,Blair,Michel,Dontae
Michel,Fred,Edwards,Unique,Michel,Jan
Michel,Melissa,Buchanan,Blair,Michel,Dontae
Michel,Adam,Edwards,Unique,Michel,Jan
Michel,Katrina,Buchanan,Blair,Michel,Dontae
Michel,Darrion,Edwards,Unique,Michel,Jan
Michel,Suleyma,Buchanan,Blair,Michel,Dontae
Michel,Carl,Edwards,Unique,Michel,Jan
Michel,Mindy,Buchanan,Blair,Michel,Dontae
Michel,Deion,Edwards,Jenae,Michel,Drake
Michel,Mayra,Eisele,Lillian,Michel,Gavin
Michel,Jace,Edwards,Jenae,Michel,Drake
Michel,Annabel,Eisele,Lillian,Michel,Gavin
Michel,Clayton,Edwards,Jenae,Michel,Drake
Michel,Jordan,Eisele,Lillian,Michel,Gavin
Michel,Bruce,Edwards,Jenae,Michel,Drake
Michel,Courteney,Eisele,Taylorann,Michel,Fernando
Michel,Charles,Edwards,Karlie,Michel,Dan
Michel,Darcy,Eisele,Taylorann,Michel,Fernando
Michel,Deante,Edwards,Karlie,Michel,Dan
Michel,Raegan,Eisele,Taylorann,Michel,Fernando
Michel,Torey,Edwards,Maria,Michel,Addison
Michel,Sonya,Eisele,Taylorann,Michel,Fernando
Michel,Alexandro,Edwards,Maria,Michel,Addison
Michel,Tess,Edwards,Unique,Michel,Jan
Michel,Dakota,Edwards,Maria,Michel,Addison
Michel,Johnna,Edwards,Unique,Michel,Jan
Michel,Augustus,Edwards,Maria,Michel,Addison
Michel,Jazmine,Edwards,Unique,Michel,Jan
Eisele,Josue,Michel,Blanca,Eisele,Jakob
Michel,Aleah,Edwards,Unique,Michel,Jan
Eisele,Zakery,Michel,Blanca,Eisele,Jakob
Michel,Ashton,Edwards,Unique,Michel,Jan
Eisele,Don,Michel,Blanca,Eisele,Jakob
Michel,Baby,Edwards,Unique,Michel,Jan
Eisele,Jaylin,Michel,Blanca,Eisele,Jakob
Michel,Sydney,Edwards,Unique,Michel,Jan
Eisele,Marielle,Michel,Blanca,Eisele,Jakob
Michel,Corina,Edwards,Unique,Michel,Jan
Edwards,Branden,Michel,Josey,Edwards,Gary
Michel,Denise,Edwards,Unique,Michel,Jan
Edwards,Tristen,Michel,Josey,Edwards,Gary
Michel,Liza,Edwards,Unique,Michel,Jan
Edwards,Dequan,Michel,Josey,Edwards,Gary
Michel,Jabria,Edwards,Jenae,Michel,Drake
Edwards,Ariel,Michel,Josey,Edwards,Gary
Michel,Anastasia,Edwards,Jenae,Michel,Drake
Edwards,Cristopher,Michel,Josey,Edwards,Gary
Michel,Isabel,Edwards,Jenae,Michel,Drake
Edwards,Deion,Michel,Josey,Edwards,Gary
Michel,Lakendra,Edwards,Jenae,Michel,Drake
Edwards,Alberto,Michel,Josey,Edwards,Gary
Michel,Gianna,Edwards,Karlie,Michel,Dan
Edwards,Addison,Michel,Josey,Edwards,Gary
Michel,Marie,Edwards,Karlie,Michel,Dan
Edwards,Alfonso,Michel,Josey,Edwards,Gary
Michel,Sandy,Edwards,Maria,Michel,Addison
Edwards,Marquise,Michel,Josey,Edwards,Gary
Michel,Sean,Edwards,Maria,Michel,Addison
Edwards,Steven,Michel,Josey,Edwards,Gary
Michel,Joy,Edwards,Maria,Michel,Addison
Edwards,Lionel,Michel,Bridgette,Edwards,Lee
Michel,Janessa,Edwards,Maria,Michel,Addison
Edwards,Fernando,Michel,Bridgette,Edwards,Lee
Michel,Tawny,Edwards,Maria,Michel,Addison
Edwards,Rhett,Michel,Bridgette,Edwards,Lee
Eisele,Caitlan,Michel,Blanca,Eisele,Jakob
Edwards,Gage,Michel,Bridgette,Edwards,Lee
Eisele,Heidy,Michel,Blanca,Eisele,Jakob
Edwards,Trentin,Michel,Bridgette,Edwards,Lee
Eisele,Khaliah,Michel,Blanca,Eisele,Jakob
Edwards,Bernardo,Michel,Bridgette,Edwards,Lee
Eisele,Yesenia,Michel,Blanca,Eisele,Jakob
Edwards,Gordon,Michel,Tayla,Edwards,Todd
Eisele,Annika,Michel,Blanca,Eisele,Jakob
Edwards,Jeramie,Michel,Tayla,Edwards,Todd
Eisele,Deisy,Michel,Blanca,Eisele,Jakob
Edwards,Michel,Michel,Tayla,Edwards,Todd
Edwards,Kianna,Michel,Josey,Edwards,Gary
Edwards,Shareef,Michel,Tayla,Edwards,Todd
Edwards,Tasia,Michel,Josey,Edwards,Gary
Edwards,Justin,Michel,Tayla,Edwards,Todd
Edwards,Diamond,Michel,Josey,Edwards,Gary
Edwards,Hunter,Michel,Tayla,Edwards,Todd
Edwards,Tamisha,Michel,Josey,Edwards,Gary
Edwards,Lazaro,Michel,Breann,Edwards,Dyllon
Edwards,Georgia,Michel,Josey,Edwards,Gary
Carey,Samson,Michel,Yadira,Carey,Dominick
Edwards,Raquel,Michel,Josey,Edwards,Gary
Carey,Joshua,Michel,Yadira,Carey,Dominick
Edwards,Mireya,Michel,Josey,Edwards,Gary
Carey,Mohammed,Michel,Yadira,Carey,Dominick
Edwards,Tracy,Michel,Bridgette,Edwards,Lee
Carey,Denver,Michel,Yadira,Carey,Dominick
Edwards,Evangelina,Michel,Bridgette,Edwards,Lee
Carey,Bennett,Michel,Yadira,Carey,Dominick
Edwards,Robyn,Michel,Bridgette,Edwards,Lee
Carey,Jalil,Michel,Yadira,Carey,Dominick
Edwards,Lilian,Michel,Bridgette,Edwards,Lee
Carey,Errol,Michel,Yadira,Carey,Dominick
Edwards,Amina,Michel,Bridgette,Edwards,Lee
Carey,Jacques,Michel,Yadira,Carey,Dominick
Edwards,Peyton,Michel,Tayla,Edwards,Todd
Carey,Eduardo,Michel,Yadira,Carey,Dominick
Edwards,Ashly,Michel,Tayla,Edwards,Todd
Carey,Brent,Michel,Yadira,Carey,Dominick
Edwards,Kristine,Michel,Tayla,Edwards,Todd
Carey,Menachem,Michel,Yadira,Carey,Dominick
Edwards,Marisela,Michel,Tayla,Edwards,Todd
Carey,Mario,Michel,Yadira,Carey,Dominick
Edwards,Sara,Michel,Tayla,Edwards,Todd
Carey,Jules,Michel,Yadira,Carey,Dominick
Edwards,Michal,Michel,Tayla,Edwards,Todd
Carey,Gary,Michel,Yadira,Carey,Dominick
Edwards,Daphne,Michel,Tayla,Edwards,Todd
Carey,Westley,Michel,Leanna,Carey,Aidan
Edwards,Chrystal,Michel,Breann,Edwards,Dyllon
Carey,Alonzo,Michel,Leanna,Carey,Aidan
Edwards,Caroline,Michel,Breann,Edwards,Dyllon
Carey,Cristian,Michel,Leanna,Carey,Aidan
Edwards,Crystal,Michel,Breann,Edwards,Dyllon
Carey,Jessie,Michel,Leanna,Carey,Aidan
Carey,Tristan,Michel,Yadira,Carey,Dominick
Carey,Julian,Thornton,Kassandra,Carey,Jeb
Carey,Anastasia,Michel,Yadira,Carey,Dominick
Carey,Cristopher,Thornton,Kassandra,Carey,Jeb
Carey,Devonna,Michel,Yadira,Carey,Dominick
Carey,Casey,Thornton,Kassandra,Carey,Jeb
Carey,Jonae,Michel,Yadira,Carey,Dominick
Carey,Devan,Thornton,Kassandra,Carey,Jeb
Carey,Wendy,Michel,Yadira,Carey,Dominick
Carey,Ramon,Thornton,Bridgett,Carey,Trae
Carey,Tierra,Michel,Leanna,Carey,Aidan
Carey,Camden,Thornton,Bridgett,Carey,Trae
Carey,Kendall,Michel,Leanna,Carey,Aidan
Carey,Damon,Thornton,Bridgett,Carey,Trae
Carey,Carley,Michel,Leanna,Carey,Aidan
Carey,Terrance,Thornton,Esther,Carey,Jaylen
Carey,Shaye,Thornton,Kassandra,Carey,Jeb
Carey,Lance,Thornton,Esther,Carey,Jaylen
Carey,Elida,Thornton,Kassandra,Carey,Jeb
Carey,Oneil,Thornton,Esther,Carey,Jaylen
Carey,Ashtyn,Thornton,Kassandra,Carey,Jeb
Thornton,Russell,Carey,Kasey,Thornton,Reid
Carey,Imelda,Thornton,Bridgett,Carey,Trae
Thornton,Wylie,Carey,Kasey,Thornton,Reid
Thornton,Kasandra,Carey,Kasey,Thornton,Reid
Thornton,Dimitri,Carey,Kasey,Thornton,Reid
Thornton,Alisha,Carey,Kasey,Thornton,Reid
Thornton,Brendon,Carey,Kasey,Thornton,Reid
Thornton,Joanne,Carey,Kasey,Thornton,Reid
Thornton,Terron,Carey,Kasey,Thornton,Reid
Thornton,Kansas,Carey,Kasey,Thornton,Reid
Thornton,Luke,Carey,Kasey,Thornton,Reid
Thornton,Shirley,Carey,Kasey,Thornton,Reid
Thornton,Tylar,Carey,Kasey,Thornton,Reid
Thornton,Sophia,Carey,Armani,Thornton,Kristian
Thornton,Frederick,Carey,Kasey,Thornton,Reid
Thornton,India,Carey,Armani,Thornton,Kristian
Thornton,John,Carey,Kasey,Thornton,Reid
Thornton,Fiona,Carey,Armani,Thornton,Kristian
Thornton,Tucker,Carey,Armani,Thornton,Kristian
Thornton,Kylee,Carey,Armani,Thornton,Kristian
Thornton,Dominic,Carey,Armani,Thornton,Kristian
Thornton,Daja,Carey,Rose,Thornton,Jeffery
Thornton,Maurice,Carey,Armani,Thornton,Kristian
Thornton,Tiyanna,Carey,Rose,Thornton,Jeffery
Thornton,Gabriel,Carey,Armani,Thornton,Kristian
Thornton,Yajaira,Carey,Rose,Thornton,Jeffery
Thornton,Chadwick,Carey,Rose,Thornton,Jeffery
Thornton,Demi,Carey,Rose,Thornton,Jeffery
Thornton,Bill,Carey,Rose,Thornton,Jeffery
Thornton,Kimberly,Carey,Rose,Thornton,Jeffery
Thornton,Ahmad,Carey,Rose,Thornton,Jeffery
Thornton,Anna,Carey,Rose,Thornton,Jeffery
Thornton,Mohammad,Carey,Rose,Thornton,Jeffery
Thornton,Toni,Carey,Sandy,Thornton,Santana
Thornton,Noah,Carey,Rose,Thornton,Jeffery
Thornton,Mikala,Carey,Sandy,Thornton,Santana
Thornton,Darrell,Carey,Rose,Thornton,Jeffery
Thornton,Nicole,Carey,Sandy,Thornton,Santana
Thornton,Devonta,Carey,Rose,Thornton,Jeffery
Thornton,Kaley,Carey,Sandy,Thornton,Santana
Thornton,Juancarlos,Carey,Rose,Thornton,Jeffery
Thornton,Britni,Carey,Sandy,Thornton,Santana
Thornton,Lionel,Carey,Rose,Thornton,Jeffery
Thornton,Taelor,Carey,Sandy,Thornton,Santana
Thornton,Kalon,Carey,Sandy,Thornton,Santana
Thornton,Callan,Carey,Sandy,Thornton,Santana
Thornton,Victor,Carey,Sandy,Thornton,Santana
Gregory,Sofia,Carey,Genesis,Gregory,Marcanthon
Thornton,Andy,Carey,Sandy,Thornton,Santana
Gregory,Khaila,Carey,Genesis,Gregory,Marcanthon
Thornton,Cooper,Carey,Sandy,Thornton,Santana
Gregory,Chana,Carey,Genesis,Gregory,Marcanthon
Thornton,Raphael,Carey,Sandy,Thornton,Santana
Gregory,Eden,Carey,Genesis,Gregory,Marcanthon
Thornton,Ramiro,Carey,Sandy,Thornton,Santana
Gregory,Madison,Carey,Karly,Gregory,Rayvon
Thornton,Randall,Carey,Sandy,Thornton,Santana
Gregory,Avery,Carey,Karly,Gregory,Rayvon
Thornton,Ladarius,Carey,Sandy,Thornton,Santana
Gregory,Corina,Carey,Karly,Gregory,Rayvon
Thornton,Gregory,Carey,Sandy,Thornton,Santana
Gregory,Loren,Carey,Karly,Gregory,Rayvon
Thornton,Micah,Carey,Sandy,Thornton,Santana
Gregory,Anjelica,Carey,Karly,Gregory,Rayvon
Thornton,Derick,Carey,Sandy,Thornton,Santana
Gregory,Shania,Carey,Karly,Gregory,Rayvon
Gregory,Johnny,Carey,Genesis,Gregory,Marcanthon
Gregory,Mckenzie,Carey,Aileen,Gregory,Jasper
Gregory,Brennon,Carey,Karly,Gregory,Rayvon
Gregory,Janessa,Carey,Aileen,Gregory,Jasper
Gregory,Ray,Carey,Karly,Gregory,Rayvon
Gregory,Noemi,Carey,Aileen,Gregory,Jasper
Gregory,Cruz,Carey,Karly,Gregory,Rayvon
Gregory,Teresa,Carey,Aileen,Gregory,Jasper
Gregory,Willie,Carey,Karly,Gregory,Rayvon
Gregory,Kenyetta,Carey,Aileen,Gregory,Jasper
Gregory,Ali,Carey,Aileen,Gregory,Jasper
Gregory,Kimberlee,Carey,Aileen,Gregory,Jasper
Gregory,Trevor,Carey,Aileen,Gregory,Jasper
Gregory,Maryanne,Thornton,Delilah,Gregory,Idris
Gregory,Reece,Carey,Aileen,Gregory,Jasper
Gregory,Shaina,Thornton,Delilah,Gregory,Idris
Gregory,Roberto,Carey,Aileen,Gregory,Jasper
Gregory,Evelin,Thornton,Delilah,Gregory,Idris
Gregory,Quinn,Carey,Aileen,Gregory,Jasper
Gregory,Elisabeth,Thornton,Delilah,Gregory,Idris
Gregory,Gerardo,Carey,Aileen,Gregory,Jasper
Gregory,Myranda,Thornton,Delilah,Gregory,Idris
Gregory,Orlando,Carey,Aileen,Gregory,Jasper
Gregory,Devyn,Thornton,Delilah,Gregory,Idris
Gregory,Cade,Carey,Aileen,Gregory,Jasper
Gregory,Myesha,Thornton,Delilah,Gregory,Idris
Gregory,Marvin,Carey,Aileen,Gregory,Jasper
Gregory,Devin,Thornton,Delilah,Gregory,Idris
Gregory,Gavin,Thornton,Delilah,Gregory,Idris
Gregory,Nicolle,Thornton,Delilah,Gregory,Idris
Gregory,Darrius,Thornton,Delilah,Gregory,Idris
Gregory,Margarita,Thornton,Delilah,Gregory,Idris
Gregory,Maximilian,Thornton,Delilah,Gregory,Idris
Gregory,Adrianna,Thornton,Delilah,Gregory,Idris
Hieb,Deonta,Mitchell,Caitlin,Horowitz,Tony,Boilermaker
Gregory,Alfredo,Thornton,Delilah,Gregory,Idris
Gregory,Destany,Thornton,Abbigail,Gregory,Diondre
Gregory,Colbey,Thornton,Delilah,Gregory,Idris
Gregory,Bria,Thornton,Abbigail,Gregory,Diondre
Gregory,Brett,Thornton,Delilah,Gregory,Idris
Gregory,Shanique,Thornton,Abbigail,Gregory,Diondre
Gregory,Kerrick,Thornton,Delilah,Gregory,Idris
Gregory,Mollie,Thornton,Amanda,Gregory,Conor
Gregory,Elvin,Thornton,Delilah,Gregory,Idris
Gregory,Raquel,Thornton,Amanda,Gregory,Conor
Gregory,Clay,Thornton,Abbigail,Gregory,Diondre
Gregory,Linsey,Thornton,Amanda,Gregory,Conor
Gregory,Jayson,Thornton,Abbigail,Gregory,Diondre
Gregory,Frances,Thornton,Amanda,Gregory,Conor
Gregory,Alfonso,Thornton,Abbigail,Gregory,Diondre
Gregory,Aerial,Thornton,Amanda,Gregory,Conor
Gregory,Justin,Thornton,Abbigail,Gregory,Diondre
Gregory,Evelyn,Jemison,Isabelle,Gregory,Morgan
Gregory,Joe,Thornton,Abbigail,Gregory,Diondre
Gregory,Marlee,Jemison,Mckenzie,Gregory,Ronnie
Gregory,Dwayne,Thornton,Abbigail,Gregory,Diondre
Gregory,Amina,Jemison,Mckenzie,Gregory,Ronnie
Gregory,Gannon,Thornton,Abbigail,Gregory,Diondre
Gregory,Aishah,Jemison,Mckenzie,Gregory,Ronnie
Gregory,Jalen,Thornton,Amanda,Gregory,Conor
Gregory,Joi,Jemison,Mckenzie,Gregory,Ronnie
Gregory,Rodolfo,Thornton,Amanda,Gregory,Conor
Jemison,Kristyn,Gregory,Kenyatta,Jemison,Noe
Gregory,Chase,Thornton,Amanda,Gregory,Conor
Jemison,Nyla,Gregory,Jazmin,Jemison,Jaleel
Gregory,Christen,Thornton,Amanda,Gregory,Conor
Jemison,Kristy,Gregory,Jazmin,Jemison,Jaleel
Gregory,Maxwell,Thornton,Amanda,Gregory,Conor
Jemison,Cristal,Gregory,Jazmin,Jemison,Jaleel
Gregory,Patric,Thornton,Amanda,Gregory,Conor
Jemison,Nancy,Gregory,Jazmin,Jemison,Jaleel
Gregory,Yuri,Jemison,Isabelle,Gregory,Morgan
Jemison,Karlie,Gregory,Jazmin,Jemison,Jaleel
Gregory,Kameron,Jemison,Isabelle,Gregory,Morgan
Jemison,Megan,Runco,Maeghan,Jemison,Damon
Gregory,Tyrell,Jemison,Mckenzie,Gregory,Ronnie
Jemison,Samantha,Runco,Maeghan,Jemison,Damon
Gregory,Ismael,Jemison,Mckenzie,Gregory,Ronnie
Jemison,Alex,Runco,Maeghan,Jemison,Damon
Gregory,Marielle,Jemison,Mckenzie,Gregory,Ronnie
Jemison,Antoinette,Runco,Maeghan,Jemison,Damon
Gregory,Jeremiah,Jemison,Mckenzie,Gregory,Ronnie
Jemison,Krupa,Runco,Maeghan,Jemison,Damon
Gregory,Tyrone,Jemison,Mckenzie,Gregory,Ronnie
Jemison,India,Runco,Maeghan,Jemison,Damon
Gregory,Rene,Jemison,Mckenzie,Gregory,Ronnie
Jemison,Yajaira,Runco,Maeghan,Jemison,Damon
Gregory,Gunnar,Jemison,Mckenzie,Gregory,Ronnie
Jemison,Sadie,Runco,Maeghan,Jemison,Damon
Gregory,Alexis,Jemison,Mckenzie,Gregory,Ronnie
Jemison,Kalsie,Runco,Maeghan,Jemison,Damon
Gregory,Juancarlos,Jemison,Mckenzie,Gregory,Ronnie
Jemison,Maryanna,Runco,Maeghan,Jemison,Damon
Jemison,Ishmael,Gregory,Kenyatta,Jemison,Noe
Jemison,Nereida,Runco,Brielle,Jemison,Harrison
Jemison,Shareef,Gregory,Kenyatta,Jemison,Noe
Jemison,Jean,Runco,Brielle,Jemison,Harrison
Jemison,Ethan,Gregory,Kenyatta,Jemison,Noe
Jemison,Iesha,Runco,Paola,Jemison,Aleksandr
Jemison,Justus,Gregory,Kenyatta,Jemison,Noe
Jemison,Xian,Runco,Paola,Jemison,Aleksandr
Jemison,Koby,Gregory,Jazmin,Jemison,Jaleel
Jemison,Jazmyn,Runco,Paola,Jemison,Aleksandr
Jemison,Dustin,Gregory,Jazmin,Jemison,Jaleel
Jemison,Jaquana,Runco,Paola,Jemison,Aleksandr
Jemison,Christian,Gregory,Jazmin,Jemison,Jaleel
Jemison,Tabatha,Runco,Paola,Jemison,Aleksandr
Jemison,Corbin,Gregory,Jazmin,Jemison,Jaleel
Jemison,Chelsey,Runco,Paola,Jemison,Aleksandr
Jemison,Javion,Gregory,Jazmin,Jemison,Jaleel
Runco,Roxana,Jemison,Salena,Runco,Jade
Jemison,Campbell,Gregory,Jazmin,Jemison,Jaleel
Runco,Chloie,Jemison,Salena,Runco,Jade
Jemison,Delonta,Runco,Maeghan,Jemison,Damon
Runco,Melanie,Jemison,Salena,Runco,Jade
Jemison,Romeo,Runco,Maeghan,Jemison,Damon
Runco,Kayle,Jemison,Salena,Runco,Jade
Jemison,Wade,Runco,Brielle,Jemison,Harrison
Runco,Shakia,Jemison,Salena,Runco,Jade
Jemison,Jade,Runco,Brielle,Jemison,Harrison
Runco,Breann,Jemison,Salena,Runco,Jade
Jemison,Allen,Runco,Brielle,Jemison,Harrison
Runco,Chanelle,Jemison,Salena,Runco,Jade
Jemison,Jimmy,Runco,Paola,Jemison,Aleksandr
Runco,Morgen,Jemison,Salena,Runco,Jade
Jemison,Trae,Runco,Paola,Jemison,Aleksandr
Runco,Sienna,Jemison,Salena,Runco,Jade
Jemison,Randy,Runco,Paola,Jemison,Aleksandr
Runco,Sarahmarie,Jemison,Kristen,Runco,Daryl
Jemison,Terrance,Runco,Paola,Jemison,Aleksandr
Runco,Kyana,Jemison,Kristen,Runco,Daryl
Jemison,Simeon,Runco,Paola,Jemison,Aleksandr
Runco,Brittney,Jemison,Kristen,Runco,Daryl
Jemison,Jai,Runco,Paola,Jemison,Aleksandr
Runco,Pamela,Jemison,Kristen,Runco,Daryl
Jemison,Pablo,Runco,Paola,Jemison,Aleksandr
Runco,Liliana,Jemison,Kristen,Runco,Daryl
Jemison,Jamar,Runco,Paola,Jemison,Aleksandr
Runco,Haylie,Jemison,Kristen,Runco,Daryl
Runco,Oren,Jemison,Abbie,Runco,Jed
Runco,Tehya,Jemison,Kristen,Runco,Daryl
Runco,Arian,Jemison,Abbie,Runco,Jed
Runco,Ronni,Jemison,Kristen,Runco,Daryl
Runco,Arthur,Jemison,Abbie,Runco,Jed
Runco,Shoshana,Jemison,Kristen,Runco,Daryl
Runco,Jayden,Jemison,Salena,Runco,Jade
Runco,Eden,Fullerton,Estefania,Runco,Shamar
Runco,Jawaun,Jemison,Salena,Runco,Jade
Runco,Norma,Fullerton,Estefania,Runco,Shamar
Runco,Roman,Jemison,Salena,Runco,Jade
Runco,Anastasia,Fullerton,Estefania,Runco,Shamar
Runco,Zaquan,Jemison,Salena,Runco,Jade
Runco,Justina,Fullerton,Estefania,Runco,Shamar
Runco,Quinn,Jemison,Salena,Runco,Jade
Runco,Nora,Fullerton,Estefania,Runco,Shamar
Runco,Beau,Jemison,Salena,Runco,Jade
Runco,Miranda,Fullerton,Hailee,Runco,Houston
Runco,Landon,Jemison,Salena,Runco,Jade
Fullerton,Heavenly,Runco,Kaytlyn,Fullerton,Tristin
Runco,Coy,Jemison,Salena,Runco,Jade
Fullerton,Taelor,Runco,Kaytlyn,Fullerton,Tristin
Runco,Lauren,Jemison,Salena,Runco,Jade
Fullerton,Noemi,Runco,Kaytlyn,Fullerton,Tristin
Runco,Myron,Jemison,Salena,Runco,Jade
Fullerton,Taylor,Runco,Kaytlyn,Fullerton,Tristin
Runco,Zaire,Jemison,Kristen,Runco,Daryl
Fullerton,Latosha,Runco,Kaytlyn,Fullerton,Tristin
Runco,Guillermo,Jemison,Kristen,Runco,Daryl
Fullerton,Klee,Runco,Kaytlyn,Fullerton,Tristin
Runco,Landin,Jemison,Kristen,Runco,Daryl
Fullerton,Trista,Runco,Kaytlyn,Fullerton,Tristin
Runco,Aleksandr,Jemison,Kristen,Runco,Daryl
Fullerton,Caitriona,Runco,Kaytlyn,Fullerton,Tristin
Runco,Harold,Jemison,Kristen,Runco,Daryl
Fullerton,Krista,Runco,Abagail,Fullerton,Arjun
Runco,Hunter,Jemison,Kristen,Runco,Daryl
Fullerton,Cameron,Runco,Abagail,Fullerton,Arjun
Runco,Dashane,Jemison,Kristen,Runco,Daryl
Fullerton,Ashli,Runco,Abagail,Fullerton,Arjun
Runco,Brogan,Jemison,Kristen,Runco,Daryl
Fullerton,Jori,Runco,Abagail,Fullerton,Arjun
Runco,Rayvon,Jemison,Kristen,Runco,Daryl
Fullerton,Rocio,Runco,Abagail,Fullerton,Arjun
Runco,Devon,Jemison,Kristen,Runco,Daryl
Fullerton,Latoya,Runco,Abagail,Fullerton,Arjun
Runco,Tyreek,Fullerton,Estefania,Runco,Shamar
Fullerton,Dyamond,Runco,Ayesha,Fullerton,Elijah
Runco,Melvin,Fullerton,Estefania,Runco,Shamar
Fullerton,Aubrey,Runco,Ayesha,Fullerton,Elijah
Runco,Francis,Fullerton,Estefania,Runco,Shamar
Fullerton,Keri,Runco,Ayesha,Fullerton,Elijah
Runco,Fredy,Fullerton,Estefania,Runco,Shamar
Fullerton,Dakota,Runco,Ayesha,Fullerton,Elijah
Runco,Rasheed,Fullerton,Estefania,Runco,Shamar
Fullerton,Khaila,Runco,Ayesha,Fullerton,Elijah
Runco,Deion,Fullerton,Estefania,Runco,Shamar
Fullerton,Giuliana,Runco,Ayesha,Fullerton,Elijah
Runco,Diamond,Fullerton,Estefania,Runco,Shamar
Fullerton,Candy,Runco,Ayesha,Fullerton,Elijah
Runco,Devaughn,Fullerton,Hailee,Runco,Houston
Fullerton,Claire,Runco,Ayesha,Fullerton,Elijah
Runco,Zachery,Fullerton,Hailee,Runco,Houston
Fullerton,Ashlie,Runco,Ayesha,Fullerton,Elijah
Fullerton,David,Runco,Kaytlyn,Fullerton,Tristin
Fullerton,Shanna,Runco,Kaya,Fullerton,Taquan
Fullerton,Raul,Runco,Kaytlyn,Fullerton,Tristin
Fullerton,Kristin,Runco,Kaya,Fullerton,Taquan
Fullerton,Savion,Runco,Kaytlyn,Fullerton,Tristin
Fullerton,Tracy,Runco,Kaya,Fullerton,Taquan
Fullerton,Luciano,Runco,Abagail,Fullerton,Arjun
Fullerton,Ivana,Runco,Kaya,Fullerton,Taquan
Fullerton,Freddy,Runco,Abagail,Fullerton,Arjun
Fullerton,Maryanne,Runco,Kaya,Fullerton,Taquan
Fullerton,Jamar,Runco,Abagail,Fullerton,Arjun
Fullerton,Gabriele,Runco,Kaya,Fullerton,Taquan
Fullerton,Keanu,Runco,Abagail,Fullerton,Arjun
Fullerton,Dalila,Runco,Lena,Fullerton,Abdiel
Fullerton,Hunter,Runco,Abagail,Fullerton,Arjun
Fullerton,Jacquelyn,Runco,Lena,Fullerton,Abdiel
Fullerton,Rasheed,Runco,Abagail,Fullerton,Arjun
Fullerton,Cheyanna,Runco,Lena,Fullerton,Abdiel
Fullerton,Amari,Runco,Ayesha,Fullerton,Elijah
Fullerton,Breanne,Runco,Lena,Fullerton,Abdiel
Fullerton,Reece,Runco,Ayesha,Fullerton,Elijah
Fullerton,Holland,Runco,Lena,Fullerton,Abdiel
Fullerton,Amir,Runco,Ayesha,Fullerton,Elijah
Fullerton,Viridiana,Runco,Lena,Fullerton,Abdiel
Fullerton,Salvador,Runco,Ayesha,Fullerton,Elijah
Fullerton,Mckayla,Runco,Lena,Fullerton,Abdiel
Fullerton,Kody,Runco,Ayesha,Fullerton,Elijah
Fullerton,Khaliah,Runco,Daisy,Fullerton,Yovani
Fullerton,German,Runco,Ayesha,Fullerton,Elijah
Fullerton,Dylan,Runco,Daisy,Fullerton,Yovani
Fullerton,Zakery,Runco,Ayesha,Fullerton,Elijah
Fullerton,Sheniqua,Runco,Daisy,Fullerton,Yovani
Fullerton,Guadalupe,Runco,Kaya,Fullerton,Taquan
Fullerton,Samantha,Runco,Daisy,Fullerton,Yovani
Fullerton,Frankie,Runco,Kaya,Fullerton,Taquan
Fullerton,Ellen,Runco,Daisy,Fullerton,Yovani
Fullerton,Kyler,Runco,Kaya,Fullerton,Taquan
Fullerton,Zabrina,Runco,Cierra,Fullerton,Jevon
Fullerton,Maximilian,Runco,Kaya,Fullerton,Taquan
Fullerton,Vivian,Runco,Cierra,Fullerton,Jevon
Fullerton,Curtis,Runco,Kaya,Fullerton,Taquan
Fullerton,Jenny,Runco,Cierra,Fullerton,Jevon
Fullerton,Efren,Runco,Kaya,Fullerton,Taquan
Fullerton,Colby,Runco,Cierra,Fullerton,Jevon
Fullerton,Tyrell,Runco,Lena,Fullerton,Abdiel
Fullerton,Abbie,Runco,Cierra,Fullerton,Jevon
Fullerton,Jerome,Runco,Lena,Fullerton,Abdiel
Fullerton,Shania,Runco,Cierra,Fullerton,Jevon
Fullerton,Marielle,Runco,Lena,Fullerton,Abdiel
Fullerton,Dina,Kilrain,Kady,Fullerton,Lauren
Fullerton,Brock,Runco,Lena,Fullerton,Abdiel
Fullerton,Camille,Kilrain,Kady,Fullerton,Lauren
Fullerton,Gene,Runco,Lena,Fullerton,Abdiel
Kilrain,Elexus,Fullerton,Annette,Kilrain,Cristobal
Fullerton,Rene,Runco,Lena,Fullerton,Abdiel
Kilrain,Annmarie,Fullerton,Annette,Kilrain,Cristobal
Fullerton,Maleek,Runco,Lena,Fullerton,Abdiel
Kilrain,Sky,Fullerton,Annette,Kilrain,Cristobal
Fullerton,Nickalus,Runco,Lena,Fullerton,Abdiel
Kilrain,Nell,Fullerton,Annette,Kilrain,Cristobal
Fullerton,Howard,Runco,Lena,Fullerton,Abdiel
Kilrain,Isamar,Fullerton,Annette,Kilrain,Cristobal
Fullerton,San,Runco,Daisy,Fullerton,Yovani
Kilrain,Samantha,Fullerton,Madelyn,Kilrain,Terry
Fullerton,Bradly,Runco,Daisy,Fullerton,Yovani
Kilrain,Alessandra,Fullerton,Madelyn,Kilrain,Terry
Fullerton,Jarvis,Runco,Daisy,Fullerton,Yovani
Kilrain,Tristan,Fullerton,Madelyn,Kilrain,Terry
Fullerton,Bennett,Runco,Daisy,Fullerton,Yovani
Kilrain,Nallely,Fullerton,Madelyn,Kilrain,Terry
Fullerton,Sam,Runco,Daisy,Fullerton,Yovani
Kilrain,Elaina,Fullerton,Madelyn,Kilrain,Terry
Fullerton,Darryl,Runco,Daisy,Fullerton,Yovani
Kilrain,Jadah,Fullerton,Madelyn,Kilrain,Terry
Fullerton,Baby,Runco,Daisy,Fullerton,Yovani
Kilrain,Johanna,Fullerton,Madelyn,Kilrain,Terry
Fullerton,Abraham,Runco,Daisy,Fullerton,Yovani
Kilrain,Shelby,Fullerton,Madelyn,Kilrain,Terry
Fullerton,Carter,Runco,Daisy,Fullerton,Yovani
Kilrain,Eileen,Fullerton,Madelyn,Kilrain,Terry
Fullerton,Augustus,Runco,Daisy,Fullerton,Yovani
Kilrain,Yvonne,Fullerton,Madelyn,Kilrain,Terry
Fullerton,Soren,Runco,Daisy,Fullerton,Yovani
Kilrain,Christy,Fullerton,Madelyn,Kilrain,Terry
Fullerton,Arnold,Runco,Daisy,Fullerton,Yovani
Kilrain,Maribel,Fullerton,Madelyn,Kilrain,Terry
Fullerton,Braden,Runco,Cierra,Fullerton,Jevon
Kilrain,Klee,Fullerton,Madelyn,Kilrain,Terry
Fullerton,Juancarlos,Runco,Cierra,Fullerton,Jevon
Kilrain,Malia,Fullerton,Madelyn,Kilrain,Terry
Fullerton,Harold,Runco,Cierra,Fullerton,Jevon
Kilrain,Elissa,Fullerton,Elida,Kilrain,Jeremy
Fullerton,Dillon,Runco,Cierra,Fullerton,Jevon
Kilrain,Violet,Fullerton,Elida,Kilrain,Jeremy
Fullerton,Mohamad,Runco,Cierra,Fullerton,Jevon
Kilrain,Whitney,Fullerton,Elida,Kilrain,Jeremy
Fullerton,Ameer,Runco,Cierra,Fullerton,Jevon
Kilrain,Stevie,Fullerton,Elida,Kilrain,Jeremy
Fullerton,Carson,Runco,Cierra,Fullerton,Jevon
Kilrain,Khaila,Fullerton,Elida,Kilrain,Jeremy
Fullerton,Jovonte,Runco,Cierra,Fullerton,Jevon
Kilrain,Denise,Fullerton,Elida,Kilrain,Jeremy
Fullerton,Anthony,Runco,Cierra,Fullerton,Jevon
Kilrain,Annette,Fullerton,Elida,Kilrain,Jeremy
Fullerton,Wyatt,Runco,Cierra,Fullerton,Jevon
Kilrain,Dayna,Fullerton,Elida,Kilrain,Jeremy
Fullerton,Ruben,Runco,Cierra,Fullerton,Jevon
Kilrain,Annalie,Fullerton,Elida,Kilrain,Jeremy
Fullerton,Quintin,Kilrain,Kady,Fullerton,Lauren
Kilrain,Maddison,Fullerton,Elida,Kilrain,Jeremy
Fullerton,Adam,Kilrain,Kady,Fullerton,Lauren
Kilrain,Maegan,Fullerton,Elida,Kilrain,Jeremy
Fullerton,Conor,Kilrain,Kady,Fullerton,Lauren
Kilrain,Xian,Fullerton,Elida,Kilrain,Jeremy
