Henize,Titus,Adams,Riley,Henize,Zachery
Carr,Austin,Truly,Debora,Carr,Ahmad
Scott,Gregory,Llewellyn,Kaira,Scott,Ty
Brandenstein,Yesenia,Brady,Josie,Brandenstein,Emanuel
Gemar,Howard,Worden,Joan,Gemar,Aiden
Gutierrez,Lindsay,Altman,Jazmine,Gutierrez,Brendan
Higginbotham,Mathew,Garriott,Katelyn,Higginbotham,Jovan
Chaffee,Sadia,Whitson,Annalie,Chaffee,Quentin
Zophar,Darnell,Carpenter,Maryssa,Zophar,Alexander
Lee,Odalys,Curbeam,Claire,Lee,Diondre
Whitson,Isiah,Morgan,Dalila,Whitson,Gerald
Leestma,Kali,Hudson,Kaycee,Leestma,Ted
Worden,Tyree,Melvin,Mykelle,Worden,Geordan
Musgrave,Caitlyn,McDivitt,Erica,Musgrave,Lawrence
Cameron,Aiden,Lucid,Christian,Cameron,Harrison
Magnus,Blaine,Brand,Shoshana,Magnus,Cristopher
Nagel,Cesar,Noriega,Kellie,Nagel,Kaleb
Pogue,Carly,Creighton,Danielle,Pogue,Alexis
Henize,Esteban,Carr,Austin,Henize,Titus
Lincoln,Bridgett,McKinley,Keila,Lincoln,Emerson
Henize,Casey,Carr,Austin,Henize,Titus
Carter,Alma,Adams,Shea,Carter,Patric
Henize,Jayce,Carr,Austin,Henize,Titus
Oefelein,Alena,Anderson,Marelyn,Oefelein,Ignacio
Henize,Austin,Carr,Austin,Henize,Titus
Shaw,Allana,Searfoss,Maegan,Shaw,Conrad
Henize,Coby,Carr,Austin,Henize,Titus
Linenger,Sarai,Harris,Celeste,Linenger,Orion
Henize,Emmitt,Carr,Austin,Henize,Titus
Williams,Austin,Lockhart,Jaylynn,Williams,Julian
Henize,Terrell,Carr,Austin,Henize,Titus
Harding,Monique,Melnick,Casey,Harding,Yakov
Henize,Calvin,Carr,Austin,Henize,Titus
Musgrave,Mayra,Richards,Carrie,Musgrave,Kaden
Henize,Owen,Carr,Austin,Henize,Titus
Whitson,Mariah,Polk,Asia,Whitson,Efrain
Henize,Samson,Carr,Austin,Henize,Titus
Anders,Kenyatta,Horowitz,Keri,Anders,Bryson
Henize,Dominick,Carr,Austin,Henize,Titus
Apt,Shelby,Hauck,Alina,Apt,Raequan
Scott,Ben,Brandenstein,Yesenia,Scott,Gregory
Hayes,Isabella,Brand,Melinda,Hayes,Cooper
Scott,Kamau,Brandenstein,Yesenia,Scott,Gregory
Henize,Marysol,Carr,Austin,Henize,Titus
Scott,Aiden,Brandenstein,Yesenia,Scott,Gregory
Henize,Shanyce,Carr,Austin,Henize,Titus
Scott,Omar,Brandenstein,Yesenia,Scott,Gregory
Henize,Rosa,Carr,Austin,Henize,Titus
Scott,Devante,Brandenstein,Yesenia,Scott,Gregory
Henize,Karly,Carr,Austin,Henize,Titus
Scott,Nathan,Brandenstein,Yesenia,Scott,Gregory
Scott,Sally,Brandenstein,Yesenia,Scott,Gregory
Scott,Kory,Brandenstein,Yesenia,Scott,Gregory
Scott,Mindy,Brandenstein,Yesenia,Scott,Gregory
Higginbotham,Frederick,Chaffee,Sadia,Higginbotham,Mathew
Scott,Hana,Brandenstein,Yesenia,Scott,Gregory
Higginbotham,Raequan,Chaffee,Sadia,Higginbotham,Mathew
Scott,Sienna,Brandenstein,Yesenia,Scott,Gregory
Higginbotham,Johnathen,Chaffee,Sadia,Higginbotham,Mathew
Scott,Rebekah,Brandenstein,Yesenia,Scott,Gregory
Higginbotham,Kieran,Chaffee,Sadia,Higginbotham,Mathew
Scott,Jill,Brandenstein,Yesenia,Scott,Gregory
Higginbotham,Ishmael,Chaffee,Sadia,Higginbotham,Mathew
Gemar,Jodie,Gutierrez,Lindsay,Gemar,Howard
Higginbotham,Lloyd,Chaffee,Sadia,Higginbotham,Mathew
Gemar,Janet,Gutierrez,Lindsay,Gemar,Howard
Higginbotham,Douglas,Chaffee,Sadia,Higginbotham,Mathew
Gemar,Johanna,Gutierrez,Lindsay,Gemar,Howard
Zophar,Charlie,Lee,Odalys,Zophar,Darnell
Higginbotham,Deja,Chaffee,Sadia,Higginbotham,Mathew
Zophar,Kylan,Lee,Odalys,Zophar,Darnell
Higginbotham,Grace,Chaffee,Sadia,Higginbotham,Mathew
Zophar,Jashua,Lee,Odalys,Zophar,Darnell
Higginbotham,Nayeli,Chaffee,Sadia,Higginbotham,Mathew
Zophar,Chase,Lee,Odalys,Zophar,Darnell
Higginbotham,Madison,Chaffee,Sadia,Higginbotham,Mathew
Zophar,Victor,Lee,Odalys,Zophar,Darnell
Higginbotham,Janell,Chaffee,Sadia,Higginbotham,Mathew
Zophar,Ervin,Lee,Odalys,Zophar,Darnell
Higginbotham,Gloria,Chaffee,Sadia,Higginbotham,Mathew
Zophar,Jacoby,Lee,Odalys,Zophar,Darnell
Higginbotham,Suleyma,Chaffee,Sadia,Higginbotham,Mathew
Zophar,Roland,Lee,Odalys,Zophar,Darnell
Higginbotham,Jacquelin,Chaffee,Sadia,Higginbotham,Mathew
Whitson,Kenneth,Leestma,Kali,Whitson,Isiah
Zophar,Sheniqua,Lee,Odalys,Zophar,Darnell
Whitson,Heriberto,Leestma,Kali,Whitson,Isiah
Zophar,Alysa,Lee,Odalys,Zophar,Darnell
Whitson,Dontae,Leestma,Kali,Whitson,Isiah
Zophar,Susana,Lee,Odalys,Zophar,Darnell
Whitson,Koby,Leestma,Kali,Whitson,Isiah
Zophar,Carla,Lee,Odalys,Zophar,Darnell
Whitson,Maximilian,Leestma,Kali,Whitson,Isiah
Zophar,Cara,Lee,Odalys,Zophar,Darnell
Whitson,Freddy,Leestma,Kali,Whitson,Isiah
Zophar,Haven,Lee,Odalys,Zophar,Darnell
Whitson,Walker,Leestma,Kali,Whitson,Isiah
Zophar,Erin,Lee,Odalys,Zophar,Darnell
Whitson,Damion,Leestma,Kali,Whitson,Isiah
Zophar,Clara,Lee,Odalys,Zophar,Darnell
Whitson,Mario,Leestma,Kali,Whitson,Isiah
Whitson,Cali,Leestma,Kali,Whitson,Isiah
Worden,Darrion,Musgrave,Caitlyn,Worden,Tyree
Whitson,Raven,Leestma,Kali,Whitson,Isiah
Worden,Lionel,Musgrave,Caitlyn,Worden,Tyree
Whitson,Nichole,Leestma,Kali,Whitson,Isiah
Cameron,Ravon,Magnus,Blaine,Cameron,Aiden
Whitson,Kiesha,Leestma,Kali,Whitson,Isiah
Cameron,Anfernee,Magnus,Blaine,Cameron,Aiden
Worden,Nina,Musgrave,Caitlyn,Worden,Tyree
Cameron,Bradly,Magnus,Blaine,Cameron,Aiden
Worden,Jalen,Musgrave,Caitlyn,Worden,Tyree
Cameron,Diamond,Magnus,Blaine,Cameron,Aiden
Worden,Sierra,Musgrave,Caitlyn,Worden,Tyree
Cameron,Ramiro,Magnus,Blaine,Cameron,Aiden
Cameron,Ashton,Magnus,Blaine,Cameron,Aiden
Cameron,Frederic,Magnus,Blaine,Cameron,Aiden
Cameron,Evelyn,Magnus,Blaine,Cameron,Aiden
Nagel,Zachary,Pogue,Carly,Nagel,Cesar
Cameron,Ivelisse,Magnus,Blaine,Cameron,Aiden
Nagel,Addison,Pogue,Carly,Nagel,Cesar
Cameron,Amina,Magnus,Blaine,Cameron,Aiden
Nagel,Bill,Pogue,Carly,Nagel,Cesar
Nagel,Tiffanie,Pogue,Carly,Nagel,Cesar
Nagel,Deion,Pogue,Carly,Nagel,Cesar
Nagel,Allyson,Pogue,Carly,Nagel,Cesar
Nagel,Elliott,Pogue,Carly,Nagel,Cesar
Nagel,Maya,Pogue,Carly,Nagel,Cesar
Nagel,Rodney,Pogue,Carly,Nagel,Cesar
Nagel,Minna,Pogue,Carly,Nagel,Cesar
Nagel,Santos,Pogue,Carly,Nagel,Cesar
Nagel,Christy,Pogue,Carly,Nagel,Cesar
Nagel,Isiah,Pogue,Carly,Nagel,Cesar
Nagel,Marisol,Pogue,Carly,Nagel,Cesar
Nagel,Ever,Pogue,Carly,Nagel,Cesar
Nagel,Ashtin,Pogue,Carly,Nagel,Cesar
Nagel,Xzavier,Pogue,Carly,Nagel,Cesar
Nagel,Jayla,Pogue,Carly,Nagel,Cesar
Nagel,Kapil,Pogue,Carly,Nagel,Cesar
Henize,Kiana,Lincoln,Bridgett,Henize,Esteban
Henize,Ameer,Lincoln,Bridgett,Henize,Esteban
Henize,Krystal,Lincoln,Bridgett,Henize,Esteban
Henize,Aron,Lincoln,Bridgett,Henize,Esteban
Henize,Savana,Lincoln,Bridgett,Henize,Esteban
Henize,Michal,Lincoln,Bridgett,Henize,Esteban
Henize,Serenity,Lincoln,Bridgett,Henize,Esteban
Henize,Adam,Lincoln,Bridgett,Henize,Esteban
Henize,Isis,Carter,Alma,Henize,Casey
Henize,Torey,Lincoln,Bridgett,Henize,Esteban
Henize,Ivana,Carter,Alma,Henize,Casey
Henize,Jacky,Lincoln,Bridgett,Henize,Esteban
Henize,Cameron,Oefelein,Alena,Henize,Jayce
Henize,Sterling,Lincoln,Bridgett,Henize,Esteban
Henize,Saige,Oefelein,Alena,Henize,Jayce
Henize,Agustin,Carter,Alma,Henize,Casey
Henize,Maison,Oefelein,Alena,Henize,Jayce
Henize,Lars,Carter,Alma,Henize,Casey
Henize,Isadora,Oefelein,Alena,Henize,Jayce
Henize,Olivier,Carter,Alma,Henize,Casey
Henize,Lucia,Oefelein,Alena,Henize,Jayce
Henize,Dandre,Oefelein,Alena,Henize,Jayce
Henize,Valencia,Oefelein,Alena,Henize,Jayce
Henize,Trenton,Oefelein,Alena,Henize,Jayce
Henize,Kaili,Oefelein,Alena,Henize,Jayce
Henize,Sahil,Oefelein,Alena,Henize,Jayce
Henize,Lexi,Oefelein,Alena,Henize,Jayce
Henize,Jonathon,Oefelein,Alena,Henize,Jayce
Henize,Joanna,Oefelein,Alena,Henize,Jayce
Henize,Greyson,Oefelein,Alena,Henize,Jayce
Henize,Violet,Oefelein,Alena,Henize,Jayce
Henize,Guillermo,Oefelein,Alena,Henize,Jayce
Henize,India,Oefelein,Alena,Henize,Jayce
Henize,Johan,Shaw,Allana,Henize,Austin
Henize,Britney,Oefelein,Alena,Henize,Jayce
Henize,Dusty,Shaw,Allana,Henize,Austin
Henize,Madalyn,Oefelein,Alena,Henize,Jayce
Henize,Stephanie,Linenger,Sarai,Henize,Coby
Henize,Tamia,Oefelein,Alena,Henize,Jayce
Henize,Jared,Linenger,Sarai,Henize,Coby
Henize,Jaden,Shaw,Allana,Henize,Austin
Henize,Landin,Linenger,Sarai,Henize,Coby
Henize,Maranda,Shaw,Allana,Henize,Austin
Henize,Walker,Linenger,Sarai,Henize,Coby
Henize,Jasmin,Shaw,Allana,Henize,Austin
Henize,Mohammad,Linenger,Sarai,Henize,Coby
Henize,Fiona,Shaw,Allana,Henize,Austin
Henize,Jerome,Linenger,Sarai,Henize,Coby
Henize,Kayli,Linenger,Sarai,Henize,Coby
Henize,Zachary,Linenger,Sarai,Henize,Coby
Henize,Leeann,Linenger,Sarai,Henize,Coby
Henize,Graham,Linenger,Sarai,Henize,Coby
Henize,Kallee,Linenger,Sarai,Henize,Coby
Henize,Tre,Linenger,Sarai,Henize,Coby
Henize,Joyce,Linenger,Sarai,Henize,Coby
Henize,Jaron,Linenger,Sarai,Henize,Coby
Henize,Katrina,Linenger,Sarai,Henize,Coby
Henize,Forest,Linenger,Sarai,Henize,Coby
Henize,Maren,Linenger,Sarai,Henize,Coby
Henize,Miguel,Williams,Austin,Henize,Emmitt
Henize,Stevie,Linenger,Sarai,Henize,Coby
Henize,Raheem,Williams,Austin,Henize,Emmitt
Henize,Jadah,Linenger,Sarai,Henize,Coby
Henize,Mickey,Harding,Monique,Henize,Terrell
Henize,Diana,Linenger,Sarai,Henize,Coby
Henize,Jarrod,Harding,Monique,Henize,Terrell
Henize,Arlene,Williams,Austin,Henize,Emmitt
Henize,Kayle,Harding,Monique,Henize,Terrell
Henize,Leslie,Williams,Austin,Henize,Emmitt
Henize,Deanthony,Harding,Monique,Henize,Terrell
Henize,Katarina,Williams,Austin,Henize,Emmitt
Henize,John,Harding,Monique,Henize,Terrell
Henize,Halee,Harding,Monique,Henize,Terrell
Henize,Brennen,Harding,Monique,Henize,Terrell
Henize,Haylee,Harding,Monique,Henize,Terrell
Henize,Johnathon,Harding,Monique,Henize,Terrell
Henize,Cambria,Harding,Monique,Henize,Terrell
Henize,Ramon,Harding,Monique,Henize,Terrell
Henize,Chantel,Harding,Monique,Henize,Terrell
Henize,Angel,Musgrave,Mayra,Henize,Calvin
Henize,Marcia,Harding,Monique,Henize,Terrell
Henize,Tysen,Musgrave,Mayra,Henize,Calvin
Henize,Mckayla,Harding,Monique,Henize,Terrell
Henize,Rakeem,Musgrave,Mayra,Henize,Calvin
Henize,Avery,Harding,Monique,Henize,Terrell
Henize,Andres,Musgrave,Mayra,Henize,Calvin
Henize,Kendyl,Harding,Monique,Henize,Terrell
Henize,Derek,Musgrave,Mayra,Henize,Calvin
Henize,Marlena,Harding,Monique,Henize,Terrell
Henize,Davin,Musgrave,Mayra,Henize,Calvin
Henize,Anneliese,Harding,Monique,Henize,Terrell
Henize,Lamont,Whitson,Mariah,Henize,Owen
Henize,Alina,Harding,Monique,Henize,Terrell
Henize,Cade,Whitson,Mariah,Henize,Owen
Henize,Synthia,Harding,Monique,Henize,Terrell
Henize,Chadwick,Whitson,Mariah,Henize,Owen
Henize,Rosemary,Musgrave,Mayra,Henize,Calvin
Henize,Wylie,Whitson,Mariah,Henize,Owen
Henize,Alisha,Musgrave,Mayra,Henize,Calvin
Henize,Kirkland,Whitson,Mariah,Henize,Owen
Henize,Gretchen,Musgrave,Mayra,Henize,Calvin
Henize,Deangelo,Whitson,Mariah,Henize,Owen
Henize,Kiersten,Musgrave,Mayra,Henize,Calvin
Henize,Arjun,Whitson,Mariah,Henize,Owen
Henize,Lisa,Musgrave,Mayra,Henize,Calvin
Henize,Desmond,Whitson,Mariah,Henize,Owen
Henize,Libby,Musgrave,Mayra,Henize,Calvin
Henize,Justin,Anders,Kenyatta,Henize,Samson
Henize,Octavia,Musgrave,Mayra,Henize,Calvin
Henize,Demarcus,Anders,Kenyatta,Henize,Samson
Henize,Selina,Musgrave,Mayra,Henize,Calvin
Henize,Jamal,Apt,Shelby,Henize,Dominick
Henize,Rylee,Whitson,Mariah,Henize,Owen
Henize,Alvin,Apt,Shelby,Henize,Dominick
Henize,Alyson,Whitson,Mariah,Henize,Owen
Henize,Darrell,Apt,Shelby,Henize,Dominick
Henize,Lucy,Whitson,Mariah,Henize,Owen
Henize,Maliki,Apt,Shelby,Henize,Dominick
Henize,Cecelia,Whitson,Mariah,Henize,Owen
Henize,Clint,Apt,Shelby,Henize,Dominick
Henize,Taryn,Whitson,Mariah,Henize,Owen
Henize,Rafael,Apt,Shelby,Henize,Dominick
Henize,Ivelisse,Anders,Kenyatta,Henize,Samson
Henize,Garrison,Apt,Shelby,Henize,Dominick
Henize,Adele,Anders,Kenyatta,Henize,Samson
Henize,Elliot,Apt,Shelby,Henize,Dominick
Henize,Janie,Anders,Kenyatta,Henize,Samson
Scott,Kai,Hayes,Isabella,Scott,Ben
Henize,Yesenia,Anders,Kenyatta,Henize,Samson
Scott,Ashton,Henize,Marysol,Scott,Kamau
Henize,Khaliah,Anders,Kenyatta,Henize,Samson
Scott,Dallin,Henize,Marysol,Scott,Kamau
Henize,Cherie,Anders,Kenyatta,Henize,Samson
Scott,Britton,Henize,Marysol,Scott,Kamau
Henize,Trinity,Anders,Kenyatta,Henize,Samson
Scott,Donovan,Henize,Rosa,Scott,Omar
Henize,Shyla,Anders,Kenyatta,Henize,Samson
Scott,Jamir,Henize,Rosa,Scott,Omar
Henize,Kara,Anders,Kenyatta,Henize,Samson
Scott,Corey,Henize,Rosa,Scott,Omar
Henize,Tori,Anders,Kenyatta,Henize,Samson
Scott,Freddy,Henize,Rosa,Scott,Omar
Henize,Nathalie,Anders,Kenyatta,Henize,Samson
Scott,Clay,Henize,Rosa,Scott,Omar
Henize,Brandy,Anders,Kenyatta,Henize,Samson
Scott,Clifford,Henize,Rosa,Scott,Omar
Henize,Klee,Apt,Shelby,Henize,Dominick
Scott,Deandre,Henize,Rosa,Scott,Omar
Henize,Yasmine,Apt,Shelby,Henize,Dominick
Scott,Alan,Henize,Karly,Scott,Devante
Henize,Maxine,Apt,Shelby,Henize,Dominick
Scott,Sebastian,Henize,Karly,Scott,Devante
Henize,Elisabeth,Apt,Shelby,Henize,Dominick
Scott,Jairus,Henize,Karly,Scott,Devante
Henize,Leah,Apt,Shelby,Henize,Dominick
Scott,Mauro,Henize,Karly,Scott,Devante
Henize,Kristin,Apt,Shelby,Henize,Dominick
Scott,Levi,Gemar,Jodie,Scott,Nathan
Henize,Ariel,Apt,Shelby,Henize,Dominick
Scott,Roger,Gemar,Jodie,Scott,Nathan
Henize,Shanique,Apt,Shelby,Henize,Dominick
Scott,Sergio,Gemar,Jodie,Scott,Nathan
Henize,Greer,Apt,Shelby,Henize,Dominick
Scott,Elvin,Gemar,Jodie,Scott,Nathan
Henize,Carrie,Apt,Shelby,Henize,Dominick
Scott,Stevan,Gemar,Jodie,Scott,Nathan
Henize,Sarai,Apt,Shelby,Henize,Dominick
Scott,Marlon,Gemar,Janet,Scott,Kory
Scott,Stacie,Hayes,Isabella,Scott,Ben
Scott,Ronald,Gemar,Janet,Scott,Kory
Scott,Mikaela,Hayes,Isabella,Scott,Ben
Scott,Isaias,Gemar,Janet,Scott,Kory
Scott,Carmelita,Hayes,Isabella,Scott,Ben
Scott,Harley,Gemar,Janet,Scott,Kory
Scott,Emilee,Henize,Shanyce,Scott,Aiden
Scott,Javion,Gemar,Janet,Scott,Kory
Scott,Rocio,Henize,Shanyce,Scott,Aiden
Scott,Tylor,Gemar,Janet,Scott,Kory
Scott,Mindi,Henize,Shanyce,Scott,Aiden
Scott,Geoffrey,Gemar,Janet,Scott,Kory
Scott,Noah,Henize,Shanyce,Scott,Aiden
Scott,Agustin,Gemar,Janet,Scott,Kory
Scott,Casey,Henize,Shanyce,Scott,Aiden
Scott,Keenan,Gemar,Janet,Scott,Kory
Scott,Joyce,Henize,Shanyce,Scott,Aiden
Higginbotham,Daquan,Scott,Sally,Higginbotham,Frederick
Scott,Tiyanna,Henize,Rosa,Scott,Omar
Higginbotham,Koby,Scott,Sally,Higginbotham,Frederick
Scott,Kerry,Henize,Rosa,Scott,Omar
Higginbotham,Karl,Scott,Sally,Higginbotham,Frederick
Scott,Emilia,Henize,Rosa,Scott,Omar
Higginbotham,Francis,Scott,Sally,Higginbotham,Frederick
Scott,Kate,Henize,Rosa,Scott,Omar
Higginbotham,Austyn,Scott,Sally,Higginbotham,Frederick
Scott,Kalsie,Henize,Rosa,Scott,Omar
Higginbotham,Efren,Scott,Sally,Higginbotham,Frederick
Scott,Kristian,Henize,Rosa,Scott,Omar
Higginbotham,Kylan,Scott,Sally,Higginbotham,Frederick
Scott,Micayla,Henize,Rosa,Scott,Omar
Higginbotham,Aleksandr,Scott,Sally,Higginbotham,Frederick
Scott,Esther,Henize,Rosa,Scott,Omar
Higginbotham,Remington,Scott,Sally,Higginbotham,Frederick
Scott,Khaliah,Henize,Rosa,Scott,Omar
Higginbotham,Kameron,Scott,Sally,Higginbotham,Frederick
Scott,Devon,Henize,Rosa,Scott,Omar
Higginbotham,David,Scott,Mindy,Higginbotham,Raequan
Scott,Tory,Henize,Karly,Scott,Devante
Higginbotham,Tristen,Scott,Mindy,Higginbotham,Raequan
Scott,Sara,Henize,Karly,Scott,Devante
Higginbotham,Santos,Scott,Mindy,Higginbotham,Raequan
Scott,Allyssa,Henize,Karly,Scott,Devante
Higginbotham,Rayvon,Scott,Hana,Higginbotham,Johnathen
Scott,Neda,Henize,Karly,Scott,Devante
Higginbotham,Kevon,Scott,Hana,Higginbotham,Johnathen
Scott,Keanna,Henize,Karly,Scott,Devante
Higginbotham,Devonte,Scott,Hana,Higginbotham,Johnathen
Scott,Gretchen,Henize,Karly,Scott,Devante
Higginbotham,Reginald,Scott,Hana,Higginbotham,Johnathen
Scott,Alisia,Henize,Karly,Scott,Devante
Higginbotham,Juancarlos,Scott,Hana,Higginbotham,Johnathen
Scott,Carolyn,Henize,Karly,Scott,Devante
Higginbotham,Tavon,Scott,Sienna,Higginbotham,Kieran
Scott,Juliana,Henize,Karly,Scott,Devante
Higginbotham,Don,Scott,Rebekah,Higginbotham,Ishmael
Scott,Daja,Gemar,Jodie,Scott,Nathan
Higginbotham,Albert,Scott,Rebekah,Higginbotham,Ishmael
Scott,Marelyn,Gemar,Jodie,Scott,Nathan
Higginbotham,Billy,Scott,Rebekah,Higginbotham,Ishmael
Scott,Jennah,Gemar,Jodie,Scott,Nathan
Higginbotham,Adan,Scott,Rebekah,Higginbotham,Ishmael
Scott,Melody,Gemar,Jodie,Scott,Nathan
Higginbotham,Pablo,Scott,Rebekah,Higginbotham,Ishmael
Scott,Grecia,Gemar,Janet,Scott,Kory
Higginbotham,Skyler,Scott,Rebekah,Higginbotham,Ishmael
Scott,Mattie,Gemar,Janet,Scott,Kory
Higginbotham,Tony,Scott,Jill,Higginbotham,Lloyd
Scott,Lillian,Gemar,Janet,Scott,Kory
Higginbotham,Philip,Scott,Jill,Higginbotham,Lloyd
Scott,Kelli,Gemar,Janet,Scott,Kory
Higginbotham,Clayton,Scott,Jill,Higginbotham,Lloyd
Scott,Karah,Gemar,Janet,Scott,Kory
Higginbotham,Houston,Scott,Jill,Higginbotham,Lloyd
Higginbotham,Elyse,Scott,Sally,Higginbotham,Frederick
Higginbotham,Jeremey,Scott,Jill,Higginbotham,Lloyd
Higginbotham,Norma,Scott,Sally,Higginbotham,Frederick
Higginbotham,Daequan,Scott,Jill,Higginbotham,Lloyd
Higginbotham,Alana,Scott,Sally,Higginbotham,Frederick
Higginbotham,Cecil,Scott,Jill,Higginbotham,Lloyd
Higginbotham,Shania,Scott,Sally,Higginbotham,Frederick
Higginbotham,Antonio,Scott,Jill,Higginbotham,Lloyd
Higginbotham,Keisha,Scott,Mindy,Higginbotham,Raequan
Higginbotham,Abraham,Scott,Jill,Higginbotham,Lloyd
Higginbotham,Tayler,Scott,Mindy,Higginbotham,Raequan
Higginbotham,Draven,Gemar,Johanna,Higginbotham,Douglas
Higginbotham,Elizabet,Scott,Hana,Higginbotham,Johnathen
Higginbotham,Jackson,Gemar,Johanna,Higginbotham,Douglas
Higginbotham,Roxana,Scott,Hana,Higginbotham,Johnathen
Zophar,Kenyon,Higginbotham,Deja,Zophar,Charlie
Higginbotham,Jaida,Scott,Hana,Higginbotham,Johnathen
Zophar,Jeffrey,Higginbotham,Deja,Zophar,Charlie
Higginbotham,Stella,Scott,Hana,Higginbotham,Johnathen
Zophar,Avery,Higginbotham,Deja,Zophar,Charlie
Higginbotham,Salina,Scott,Sienna,Higginbotham,Kieran
Zophar,Garret,Higginbotham,Deja,Zophar,Charlie
Higginbotham,Odalys,Scott,Sienna,Higginbotham,Kieran
Zophar,Jeff,Higginbotham,Grace,Zophar,Kylan
Higginbotham,London,Scott,Rebekah,Higginbotham,Ishmael
Zophar,Dylon,Higginbotham,Grace,Zophar,Kylan
Higginbotham,Chanel,Scott,Rebekah,Higginbotham,Ishmael
Zophar,Carlos,Higginbotham,Grace,Zophar,Kylan
Higginbotham,Linsey,Scott,Rebekah,Higginbotham,Ishmael
Zophar,Addison,Higginbotham,Grace,Zophar,Kylan
Higginbotham,Katelynn,Scott,Rebekah,Higginbotham,Ishmael
Zophar,Tavon,Higginbotham,Grace,Zophar,Kylan
Higginbotham,Kaili,Scott,Rebekah,Higginbotham,Ishmael
Zophar,Gonzalo,Higginbotham,Grace,Zophar,Kylan
Higginbotham,Rayven,Scott,Rebekah,Higginbotham,Ishmael
Zophar,Ezra,Higginbotham,Grace,Zophar,Kylan
Higginbotham,Tanisha,Scott,Rebekah,Higginbotham,Ishmael
Zophar,Ethan,Higginbotham,Grace,Zophar,Kylan
Higginbotham,Sinai,Scott,Rebekah,Higginbotham,Ishmael
Zophar,Efren,Higginbotham,Grace,Zophar,Kylan
Higginbotham,Blair,Scott,Rebekah,Higginbotham,Ishmael
Zophar,Davon,Higginbotham,Grace,Zophar,Kylan
Higginbotham,Melisa,Scott,Rebekah,Higginbotham,Ishmael
Zophar,Ahmad,Higginbotham,Grace,Zophar,Kylan
Higginbotham,Kelsy,Scott,Rebekah,Higginbotham,Ishmael
Zophar,Nelson,Higginbotham,Grace,Zophar,Kylan
Higginbotham,Kayle,Scott,Jill,Higginbotham,Lloyd
Zophar,Damon,Higginbotham,Nayeli,Zophar,Jashua
Higginbotham,Kaci,Scott,Jill,Higginbotham,Lloyd
Zophar,Tallon,Higginbotham,Nayeli,Zophar,Jashua
Higginbotham,Ciera,Scott,Jill,Higginbotham,Lloyd
Zophar,Gene,Higginbotham,Nayeli,Zophar,Jashua
Higginbotham,Mandi,Scott,Jill,Higginbotham,Lloyd
Zophar,Cullen,Higginbotham,Nayeli,Zophar,Jashua
Higginbotham,Sonia,Scott,Jill,Higginbotham,Lloyd
Zophar,Conner,Higginbotham,Nayeli,Zophar,Jashua
Higginbotham,Leeann,Scott,Jill,Higginbotham,Lloyd
Zophar,Tyreek,Higginbotham,Nayeli,Zophar,Jashua
Higginbotham,Kassandra,Scott,Jill,Higginbotham,Lloyd
Zophar,Zev,Higginbotham,Nayeli,Zophar,Jashua
Higginbotham,Chloie,Gemar,Johanna,Higginbotham,Douglas
Zophar,Steven,Higginbotham,Nayeli,Zophar,Jashua
Higginbotham,Ashley,Gemar,Johanna,Higginbotham,Douglas
Zophar,Kelsey,Higginbotham,Madison,Zophar,Chase
Higginbotham,Genesis,Gemar,Johanna,Higginbotham,Douglas
Zophar,Jaleel,Higginbotham,Madison,Zophar,Chase
Zophar,Beverly,Higginbotham,Deja,Zophar,Charlie
Zophar,Deandre,Higginbotham,Madison,Zophar,Chase
Zophar,Molli,Higginbotham,Deja,Zophar,Charlie
Zophar,Ali,Higginbotham,Madison,Zophar,Chase
Zophar,Lyric,Higginbotham,Deja,Zophar,Charlie
Zophar,Rolando,Higginbotham,Madison,Zophar,Chase
Zophar,Sean,Higginbotham,Deja,Zophar,Charlie
Zophar,Derek,Higginbotham,Madison,Zophar,Chase
Zophar,Elijah,Higginbotham,Grace,Zophar,Kylan
Zophar,Ross,Higginbotham,Madison,Zophar,Chase
Zophar,Kyra,Higginbotham,Grace,Zophar,Kylan
Zophar,Cristian,Higginbotham,Madison,Zophar,Chase
Zophar,Destinee,Higginbotham,Grace,Zophar,Kylan
Zophar,Layne,Higginbotham,Madison,Zophar,Chase
Zophar,Morgan,Higginbotham,Grace,Zophar,Kylan
Zophar,Preston,Higginbotham,Janell,Zophar,Victor
Zophar,Nallely,Higginbotham,Grace,Zophar,Kylan
Zophar,Barrett,Higginbotham,Janell,Zophar,Victor
Zophar,Alyson,Higginbotham,Grace,Zophar,Kylan
Zophar,Benito,Higginbotham,Janell,Zophar,Victor
Zophar,Jazmyn,Higginbotham,Grace,Zophar,Kylan
Zophar,Sergio,Higginbotham,Janell,Zophar,Victor
Zophar,Rosemary,Higginbotham,Nayeli,Zophar,Jashua
Zophar,Quintyn,Higginbotham,Janell,Zophar,Victor
Zophar,Bryanna,Higginbotham,Nayeli,Zophar,Jashua
Zophar,Tyran,Higginbotham,Janell,Zophar,Victor
Zophar,Salena,Higginbotham,Nayeli,Zophar,Jashua
Zophar,Russell,Higginbotham,Gloria,Zophar,Ervin
Zophar,Ashton,Higginbotham,Nayeli,Zophar,Jashua
Zophar,Colt,Higginbotham,Gloria,Zophar,Ervin
Zophar,Darby,Higginbotham,Nayeli,Zophar,Jashua
Zophar,Hayden,Higginbotham,Gloria,Zophar,Ervin
Zophar,Nichelle,Higginbotham,Madison,Zophar,Chase
Zophar,Daxton,Higginbotham,Suleyma,Zophar,Jacoby
Zophar,Daniela,Higginbotham,Madison,Zophar,Chase
Zophar,Samson,Higginbotham,Suleyma,Zophar,Jacoby
Zophar,Lexy,Higginbotham,Madison,Zophar,Chase
Zophar,Drake,Higginbotham,Suleyma,Zophar,Jacoby
Zophar,Dandrea,Higginbotham,Madison,Zophar,Chase
Zophar,Reid,Higginbotham,Suleyma,Zophar,Jacoby
Zophar,Sheila,Higginbotham,Madison,Zophar,Chase
Zophar,Graham,Higginbotham,Suleyma,Zophar,Jacoby
Zophar,Nancy,Higginbotham,Madison,Zophar,Chase
Zophar,Bronson,Higginbotham,Jacquelin,Zophar,Roland
Zophar,Antoinette,Higginbotham,Madison,Zophar,Chase
Zophar,Rayquan,Higginbotham,Jacquelin,Zophar,Roland
Zophar,Natalia,Higginbotham,Janell,Zophar,Victor
Whitson,Cristian,Zophar,Sheniqua,Whitson,Kenneth
Zophar,Dorothy,Higginbotham,Janell,Zophar,Victor
Whitson,Bradlee,Zophar,Sheniqua,Whitson,Kenneth
Zophar,Mandy,Higginbotham,Janell,Zophar,Victor
Whitson,Babyboy,Zophar,Sheniqua,Whitson,Kenneth
Zophar,Karissa,Higginbotham,Janell,Zophar,Victor
Whitson,Connor,Zophar,Sheniqua,Whitson,Kenneth
Zophar,Farrah,Higginbotham,Janell,Zophar,Victor
Whitson,Diego,Zophar,Sheniqua,Whitson,Kenneth
Zophar,Rachael,Higginbotham,Janell,Zophar,Victor
Whitson,Gary,Zophar,Sheniqua,Whitson,Kenneth
Zophar,Jasmin,Higginbotham,Janell,Zophar,Victor
Whitson,Kory,Zophar,Alysa,Whitson,Heriberto
Zophar,Brandy,Higginbotham,Janell,Zophar,Victor
Whitson,Austen,Zophar,Alysa,Whitson,Heriberto
Zophar,Makayla,Higginbotham,Janell,Zophar,Victor
Whitson,Callum,Zophar,Alysa,Whitson,Heriberto
Zophar,Thalia,Higginbotham,Janell,Zophar,Victor
Whitson,Tysen,Zophar,Alysa,Whitson,Heriberto
Zophar,Tianna,Higginbotham,Janell,Zophar,Victor
Whitson,Grady,Zophar,Alysa,Whitson,Heriberto
Zophar,Kristyn,Higginbotham,Janell,Zophar,Victor
Whitson,Miguel,Zophar,Alysa,Whitson,Heriberto
Zophar,Elisa,Higginbotham,Gloria,Zophar,Ervin
Whitson,Quintin,Zophar,Alysa,Whitson,Heriberto
Zophar,Haylie,Higginbotham,Gloria,Zophar,Ervin
Whitson,Hunter,Zophar,Susana,Whitson,Dontae
Zophar,Mikaela,Higginbotham,Suleyma,Zophar,Jacoby
Whitson,Elijah,Zophar,Carla,Whitson,Koby
Zophar,Tanya,Higginbotham,Suleyma,Zophar,Jacoby
Whitson,Kai,Zophar,Carla,Whitson,Koby
Zophar,Tiffani,Higginbotham,Suleyma,Zophar,Jacoby
Whitson,Perry,Zophar,Carla,Whitson,Koby
Zophar,Jensen,Higginbotham,Suleyma,Zophar,Jacoby
Whitson,Justus,Zophar,Carla,Whitson,Koby
Zophar,Elana,Higginbotham,Suleyma,Zophar,Jacoby
Whitson,Joseph,Zophar,Carla,Whitson,Koby
Zophar,Katharine,Higginbotham,Jacquelin,Zophar,Roland
Whitson,Isidro,Zophar,Carla,Whitson,Koby
Whitson,Isabella,Zophar,Sheniqua,Whitson,Kenneth
Whitson,Jordan,Zophar,Carla,Whitson,Koby
Whitson,Alexis,Zophar,Sheniqua,Whitson,Kenneth
Whitson,Devyn,Zophar,Cara,Whitson,Maximilian
Whitson,Reilly,Zophar,Sheniqua,Whitson,Kenneth
Whitson,Jajuan,Zophar,Cara,Whitson,Maximilian
Whitson,Mary,Zophar,Sheniqua,Whitson,Kenneth
Whitson,Saul,Zophar,Cara,Whitson,Maximilian
Whitson,Daesha,Zophar,Sheniqua,Whitson,Kenneth
Whitson,Torey,Zophar,Cara,Whitson,Maximilian
Whitson,Patrice,Zophar,Sheniqua,Whitson,Kenneth
Whitson,James,Zophar,Cara,Whitson,Maximilian
Whitson,Khyla,Zophar,Sheniqua,Whitson,Kenneth
Whitson,Tate,Zophar,Cara,Whitson,Maximilian
Whitson,Brittani,Zophar,Sheniqua,Whitson,Kenneth
Whitson,Edwin,Zophar,Cara,Whitson,Maximilian
Whitson,Callie,Zophar,Sheniqua,Whitson,Kenneth
Whitson,Brett,Zophar,Cara,Whitson,Maximilian
Whitson,Lynette,Zophar,Alysa,Whitson,Heriberto
Whitson,Jacky,Zophar,Cara,Whitson,Maximilian
Whitson,Donisha,Zophar,Alysa,Whitson,Heriberto
Whitson,Dedrick,Zophar,Cara,Whitson,Maximilian
Whitson,Nadia,Zophar,Alysa,Whitson,Heriberto
Whitson,Devaughn,Zophar,Haven,Whitson,Freddy
Whitson,Skyler,Zophar,Alysa,Whitson,Heriberto
Whitson,Ahmed,Zophar,Haven,Whitson,Freddy
Whitson,Josephine,Zophar,Alysa,Whitson,Heriberto
Whitson,Royce,Zophar,Haven,Whitson,Freddy
Whitson,Priscilla,Zophar,Alysa,Whitson,Heriberto
Whitson,Anton,Zophar,Haven,Whitson,Freddy
Whitson,Naomi,Zophar,Alysa,Whitson,Heriberto
Whitson,Tevin,Zophar,Haven,Whitson,Freddy
Whitson,Madelyn,Zophar,Susana,Whitson,Dontae
Whitson,Leonard,Zophar,Haven,Whitson,Freddy
Whitson,Trisha,Zophar,Susana,Whitson,Dontae
Whitson,Yobani,Zophar,Erin,Whitson,Walker
Whitson,Lakeisha,Zophar,Carla,Whitson,Koby
Whitson,Damien,Zophar,Erin,Whitson,Walker
Whitson,Calli,Zophar,Carla,Whitson,Koby
Whitson,Jon,Zophar,Erin,Whitson,Walker
Whitson,Katarina,Zophar,Carla,Whitson,Koby
Whitson,Josue,Zophar,Erin,Whitson,Walker
Whitson,Maddison,Zophar,Carla,Whitson,Koby
Whitson,Felipe,Zophar,Erin,Whitson,Walker
Whitson,Allegra,Zophar,Carla,Whitson,Koby
Whitson,Jonah,Zophar,Clara,Whitson,Damion
Whitson,Khaliah,Zophar,Carla,Whitson,Koby
Whitson,Easton,Zophar,Clara,Whitson,Damion
Whitson,Alexandrea,Zophar,Cara,Whitson,Maximilian
Whitson,Angel,Worden,Nina,Whitson,Mario
Whitson,Kelsee,Zophar,Cara,Whitson,Maximilian
Worden,Nathan,Whitson,Cali,Worden,Darrion
Whitson,Mercedes,Zophar,Cara,Whitson,Maximilian
Worden,Franklin,Whitson,Cali,Worden,Darrion
Whitson,Aubree,Zophar,Haven,Whitson,Freddy
Worden,Alex,Whitson,Cali,Worden,Darrion
Whitson,Shiloh,Zophar,Haven,Whitson,Freddy
Worden,Neftaly,Whitson,Cali,Worden,Darrion
Whitson,Rosemary,Zophar,Haven,Whitson,Freddy
Worden,Antonio,Whitson,Cali,Worden,Darrion
Whitson,Destany,Zophar,Haven,Whitson,Freddy
Worden,Wesley,Whitson,Cali,Worden,Darrion
Whitson,Devon,Zophar,Haven,Whitson,Freddy
Worden,Colton,Whitson,Cali,Worden,Darrion
Whitson,Carli,Zophar,Haven,Whitson,Freddy
Worden,Raheem,Whitson,Raven,Worden,Lionel
Whitson,Kristy,Zophar,Haven,Whitson,Freddy
Worden,Keion,Whitson,Raven,Worden,Lionel
Whitson,Brecken,Zophar,Erin,Whitson,Walker
Worden,Arian,Whitson,Raven,Worden,Lionel
Whitson,Aisha,Zophar,Erin,Whitson,Walker
Worden,Keegan,Whitson,Raven,Worden,Lionel
Whitson,Tatianna,Zophar,Erin,Whitson,Walker
Worden,Marcell,Whitson,Raven,Worden,Lionel
Whitson,Katia,Zophar,Erin,Whitson,Walker
Worden,Triston,Whitson,Raven,Worden,Lionel
Whitson,Thalia,Zophar,Erin,Whitson,Walker
Worden,Leonard,Whitson,Raven,Worden,Lionel
Whitson,Francis,Zophar,Erin,Whitson,Walker
Cameron,Jeramie,Whitson,Nichole,Cameron,Ravon
Whitson,Cecilia,Zophar,Erin,Whitson,Walker
Cameron,Daquan,Whitson,Nichole,Cameron,Ravon
Whitson,Kelcee,Zophar,Erin,Whitson,Walker
Cameron,Saul,Whitson,Nichole,Cameron,Ravon
Whitson,Kelsey,Zophar,Erin,Whitson,Walker
Cameron,Keagan,Whitson,Nichole,Cameron,Ravon
Whitson,Margarita,Zophar,Erin,Whitson,Walker
Cameron,Dalton,Whitson,Kiesha,Cameron,Anfernee
Whitson,Veda,Zophar,Erin,Whitson,Walker
Cameron,Randy,Whitson,Kiesha,Cameron,Anfernee
Whitson,Kyana,Zophar,Erin,Whitson,Walker
Cameron,Davis,Whitson,Kiesha,Cameron,Anfernee
Whitson,Harlie,Zophar,Erin,Whitson,Walker
Cameron,Darius,Worden,Jalen,Cameron,Bradly
Whitson,Alexandria,Zophar,Clara,Whitson,Damion
Ahmad,Truly,Debora,Brandenstein,Emanuel
Cameron,Nadav,Worden,Jalen,Cameron,Bradly
Whitson,Diana,Zophar,Clara,Whitson,Damion
Cameron,Gustavo,Worden,Jalen,Cameron,Bradly
Whitson,Jill,Worden,Nina,Whitson,Mario
Cameron,Deleon,Worden,Jalen,Cameron,Bradly
Whitson,Cindy,Worden,Nina,Whitson,Mario
Cameron,Giovanni,Worden,Jalen,Cameron,Bradly
Whitson,Angela,Worden,Nina,Whitson,Mario
Cameron,Garrick,Worden,Jalen,Cameron,Bradly
Whitson,Dyamond,Worden,Nina,Whitson,Mario
Cameron,Al,Worden,Jalen,Cameron,Bradly
Whitson,Paloma,Worden,Nina,Whitson,Mario
Cameron,Armando,Worden,Sierra,Cameron,Diamond
Whitson,Tiara,Worden,Nina,Whitson,Mario
Cameron,Reid,Worden,Sierra,Cameron,Diamond
Whitson,Sunny,Worden,Nina,Whitson,Mario
Cameron,Trenton,Worden,Sierra,Cameron,Diamond
Worden,Victoria,Whitson,Cali,Worden,Darrion
Cameron,Terence,Worden,Sierra,Cameron,Diamond
Worden,Jaclyn,Whitson,Cali,Worden,Darrion
Cameron,Sebastien,Nagel,Tiffanie,Cameron,Ramiro
Worden,Isamar,Whitson,Cali,Worden,Darrion
Cameron,Dakota,Nagel,Tiffanie,Cameron,Ramiro
Worden,Morgan,Whitson,Cali,Worden,Darrion
Cameron,Kurtis,Nagel,Tiffanie,Cameron,Ramiro
Worden,Sarina,Whitson,Cali,Worden,Darrion
Nagel,Sebastian,Cameron,Ashton,Nagel,Zachary
Worden,Dominique,Whitson,Cali,Worden,Darrion
Nagel,Maleek,Cameron,Ashton,Nagel,Zachary
Worden,Jessie,Whitson,Cali,Worden,Darrion
Nagel,Sammie,Cameron,Ashton,Nagel,Zachary
Worden,Kourtney,Whitson,Cali,Worden,Darrion
Nagel,Chandler,Cameron,Ashton,Nagel,Zachary
Worden,Kailee,Whitson,Cali,Worden,Darrion
Nagel,Derek,Cameron,Ashton,Nagel,Zachary
Worden,Estela,Whitson,Cali,Worden,Darrion
Nagel,Alexander,Cameron,Ashton,Nagel,Zachary
Worden,Jazmyne,Whitson,Raven,Worden,Lionel
Nagel,Anton,Cameron,Ashton,Nagel,Zachary
Worden,Tasia,Whitson,Raven,Worden,Lionel
Nagel,Ronald,Cameron,Evelyn,Nagel,Addison
Worden,Dakota,Whitson,Raven,Worden,Lionel
Nagel,Quanterriu,Cameron,Evelyn,Nagel,Addison
Worden,Makenzie,Whitson,Raven,Worden,Lionel
Nagel,Alex,Cameron,Evelyn,Nagel,Addison
Worden,Kiara,Whitson,Raven,Worden,Lionel
Nagel,Bryan,Cameron,Evelyn,Nagel,Addison
Worden,Tamia,Whitson,Raven,Worden,Lionel
Nagel,Frank,Cameron,Ivelisse,Nagel,Bill
Worden,Esmeralda,Whitson,Raven,Worden,Lionel
Nagel,Alberto,Cameron,Ivelisse,Nagel,Bill
Worden,Carmela,Whitson,Raven,Worden,Lionel
Nagel,Quincy,Cameron,Ivelisse,Nagel,Bill
Worden,Darcie,Whitson,Raven,Worden,Lionel
Nagel,Dusty,Cameron,Ivelisse,Nagel,Bill
Worden,Joy,Whitson,Raven,Worden,Lionel
Nagel,Enoch,Cameron,Ivelisse,Nagel,Bill
Cameron,Harmony,Whitson,Nichole,Cameron,Ravon
Nagel,German,Cameron,Ivelisse,Nagel,Bill
Cameron,Rachelle,Whitson,Nichole,Cameron,Ravon
Nagel,Romello,Cameron,Ivelisse,Nagel,Bill
Cameron,Elise,Whitson,Nichole,Cameron,Ravon
Nagel,Abel,Cameron,Amina,Nagel,Deion
Cameron,Celeste,Whitson,Nichole,Cameron,Ravon
Nagel,Keion,Cameron,Amina,Nagel,Deion
Cameron,Lara,Whitson,Nichole,Cameron,Ravon
Nagel,Wesley,Cameron,Amina,Nagel,Deion
Cameron,Ceaira,Whitson,Nichole,Cameron,Ravon
Nagel,William,Cameron,Amina,Nagel,Deion
Cameron,Aria,Whitson,Nichole,Cameron,Ravon
Nagel,Roy,Cameron,Amina,Nagel,Deion
Cameron,Montana,Whitson,Nichole,Cameron,Ravon
Nagel,Khalil,Cameron,Amina,Nagel,Deion
Cameron,Yazmin,Whitson,Nichole,Cameron,Ravon
Nagel,Javonte,Henize,Kiana,Nagel,Elliott
Cameron,Caylee,Whitson,Nichole,Cameron,Ravon
Nagel,Oneil,Henize,Kiana,Nagel,Elliott
Cameron,Asha,Whitson,Kiesha,Cameron,Anfernee
Nagel,Tayler,Henize,Kiana,Nagel,Elliott
Cameron,Kylee,Whitson,Kiesha,Cameron,Anfernee
Nagel,Nolan,Henize,Kiana,Nagel,Elliott
Cameron,Kayle,Worden,Jalen,Cameron,Bradly
Nagel,Francis,Henize,Kiana,Nagel,Elliott
Cameron,Ashley,Worden,Jalen,Cameron,Bradly
Nagel,Armando,Henize,Kiana,Nagel,Elliott
Cameron,Tehya,Worden,Jalen,Cameron,Bradly
Nagel,Gilberto,Henize,Kiana,Nagel,Elliott
Cameron,Kaylyn,Worden,Jalen,Cameron,Bradly
Nagel,Britt,Henize,Krystal,Nagel,Rodney
Cameron,Monique,Worden,Sierra,Cameron,Diamond
Nagel,Kasey,Henize,Krystal,Nagel,Rodney
Cameron,Sania,Worden,Sierra,Cameron,Diamond
Nagel,Kevin,Henize,Krystal,Nagel,Rodney
Cameron,Yuki,Worden,Sierra,Cameron,Diamond
Nagel,Buford,Henize,Krystal,Nagel,Rodney
Cameron,Sadia,Worden,Sierra,Cameron,Diamond
Nagel,Louis,Henize,Krystal,Nagel,Rodney
Cameron,Tiffany,Nagel,Tiffanie,Cameron,Ramiro
Nagel,Rayquan,Henize,Krystal,Nagel,Rodney
Cameron,Yasmine,Nagel,Tiffanie,Cameron,Ramiro
Nagel,Wyatt,Henize,Krystal,Nagel,Rodney
Cameron,Sommer,Nagel,Allyson,Cameron,Frederic
Nagel,Ulysses,Henize,Krystal,Nagel,Rodney
Cameron,Connie,Nagel,Allyson,Cameron,Frederic
Nagel,Brandon,Henize,Krystal,Nagel,Rodney
Cameron,Camille,Nagel,Allyson,Cameron,Frederic
Nagel,Emiliano,Henize,Savana,Nagel,Santos
Nagel,Donisha,Cameron,Ashton,Nagel,Zachary
Nagel,Gregory,Henize,Savana,Nagel,Santos
Nagel,Blaze,Cameron,Ashton,Nagel,Zachary
Nagel,Reece,Henize,Savana,Nagel,Santos
Nagel,Tiffani,Cameron,Ashton,Nagel,Zachary
Nagel,Raheem,Henize,Savana,Nagel,Santos
Nagel,Samantha,Cameron,Ashton,Nagel,Zachary
Nagel,Tommy,Henize,Savana,Nagel,Santos
Nagel,Victoria,Cameron,Ashton,Nagel,Zachary
Nagel,Gordon,Henize,Savana,Nagel,Santos
Nagel,Jenae,Cameron,Evelyn,Nagel,Addison
Nagel,Dequan,Henize,Savana,Nagel,Santos
Nagel,Ashlynn,Cameron,Evelyn,Nagel,Addison
Nagel,Gunner,Henize,Savana,Nagel,Santos
Nagel,Tiyanna,Cameron,Evelyn,Nagel,Addison
Nagel,Gonzalo,Henize,Savana,Nagel,Santos
Nagel,Nancy,Cameron,Ivelisse,Nagel,Bill
Nagel,Kade,Henize,Serenity,Nagel,Isiah
Nagel,Kali,Cameron,Ivelisse,Nagel,Bill
Nagel,Jace,Henize,Serenity,Nagel,Isiah
Nagel,Shirley,Cameron,Ivelisse,Nagel,Bill
Nagel,Kahlil,Henize,Serenity,Nagel,Isiah
Nagel,Kaya,Cameron,Ivelisse,Nagel,Bill
Nagel,Mauro,Henize,Serenity,Nagel,Isiah
Nagel,Susan,Cameron,Ivelisse,Nagel,Bill
Nagel,Michal,Henize,Isis,Nagel,Ever
Nagel,Francesca,Cameron,Ivelisse,Nagel,Bill
Nagel,Craig,Henize,Isis,Nagel,Ever
Nagel,Allyssa,Cameron,Ivelisse,Nagel,Bill
Nagel,Nathaniel,Henize,Isis,Nagel,Ever
Nagel,Kaylah,Cameron,Ivelisse,Nagel,Bill
Nagel,Lamonte,Henize,Isis,Nagel,Ever
Nagel,Jaymee,Cameron,Amina,Nagel,Deion
Nagel,Dale,Henize,Isis,Nagel,Ever
Nagel,Becca,Cameron,Amina,Nagel,Deion
Nagel,Sergio,Henize,Isis,Nagel,Ever
Nagel,Kianna,Cameron,Amina,Nagel,Deion
Nagel,Emilio,Henize,Isis,Nagel,Ever
Nagel,Perla,Cameron,Amina,Nagel,Deion
Nagel,Ravon,Henize,Isis,Nagel,Ever
Nagel,Reyna,Cameron,Amina,Nagel,Deion
Nagel,Warren,Henize,Isis,Nagel,Ever
Nagel,Samara,Henize,Kiana,Nagel,Elliott
Nagel,Nicholas,Henize,Isis,Nagel,Ever
Nagel,Bailee,Henize,Kiana,Nagel,Elliott
Nagel,Ryen,Henize,Isis,Nagel,Ever
Nagel,Lesley,Henize,Kiana,Nagel,Elliott
Nagel,Donovan,Henize,Isis,Nagel,Ever
Nagel,Reagan,Henize,Kiana,Nagel,Elliott
Nagel,Nestor,Henize,Ivana,Nagel,Xzavier
Nagel,Camelia,Henize,Kiana,Nagel,Elliott
Nagel,Guillermo,Henize,Ivana,Nagel,Xzavier
Nagel,Demi,Henize,Kiana,Nagel,Elliott
Nagel,Aleksandr,Henize,Ivana,Nagel,Xzavier
Nagel,Stephany,Henize,Krystal,Nagel,Rodney
Nagel,Freddy,Henize,Ivana,Nagel,Xzavier
Nagel,Maisie,Henize,Krystal,Nagel,Rodney
Nagel,Deshaun,Henize,Ivana,Nagel,Xzavier
Nagel,Shiane,Henize,Krystal,Nagel,Rodney
Nagel,Lance,Henize,Cameron,Nagel,Kapil
Nagel,Dajanae,Henize,Krystal,Nagel,Rodney
Nagel,Niko,Henize,Cameron,Nagel,Kapil
Nagel,Jameisha,Henize,Krystal,Nagel,Rodney
Nagel,Jaquan,Henize,Cameron,Nagel,Kapil
Nagel,Maricarmen,Henize,Krystal,Nagel,Rodney
Nagel,Roberto,Henize,Cameron,Nagel,Kapil
Nagel,Lydia,Henize,Krystal,Nagel,Rodney
Nagel,Theodore,Henize,Cameron,Nagel,Kapil
Nagel,Lynn,Henize,Krystal,Nagel,Rodney
Nagel,Reynaldo,Henize,Cameron,Nagel,Kapil
Nagel,Jasmine,Henize,Krystal,Nagel,Rodney
Nagel,Maximillia,Henize,Cameron,Nagel,Kapil
Nagel,Rosemary,Henize,Krystal,Nagel,Rodney
Henize,Isiah,Nagel,Maya,Henize,Ameer
Nagel,Dayna,Henize,Savana,Nagel,Santos
Henize,Kelvin,Nagel,Maya,Henize,Ameer
Nagel,Chloie,Henize,Savana,Nagel,Santos
Henize,Fred,Nagel,Maya,Henize,Ameer
Nagel,Shayla,Henize,Savana,Nagel,Santos
Henize,Alexandro,Nagel,Maya,Henize,Ameer
Nagel,Amberly,Henize,Savana,Nagel,Santos
Henize,Ryan,Nagel,Maya,Henize,Ameer
Nagel,Jordyn,Henize,Savana,Nagel,Santos
Henize,Benjamen,Nagel,Maya,Henize,Ameer
Nagel,Norma,Henize,Savana,Nagel,Santos
Henize,Rayquan,Nagel,Maya,Henize,Ameer
Nagel,Onesha,Henize,Savana,Nagel,Santos
Henize,Zane,Nagel,Maya,Henize,Ameer
Nagel,Dixie,Henize,Savana,Nagel,Santos
Henize,Jaylan,Nagel,Minna,Henize,Aron
Nagel,Aisha,Henize,Savana,Nagel,Santos
Henize,Dylon,Nagel,Minna,Henize,Aron
Nagel,Merissa,Henize,Serenity,Nagel,Isiah
Henize,Cecil,Nagel,Minna,Henize,Aron
Nagel,Valerie,Henize,Serenity,Nagel,Isiah
Henize,Damon,Nagel,Minna,Henize,Aron
Nagel,Ashli,Henize,Serenity,Nagel,Isiah
Henize,Camron,Nagel,Christy,Henize,Michal
Nagel,Cecelia,Henize,Serenity,Nagel,Isiah
Henize,Zackary,Nagel,Christy,Henize,Michal
Nagel,Shania,Henize,Isis,Nagel,Ever
Henize,Jamie,Nagel,Christy,Henize,Michal
Nagel,Nell,Henize,Isis,Nagel,Ever
Henize,Rowan,Nagel,Christy,Henize,Michal
Nagel,Kaylin,Henize,Isis,Nagel,Ever
Henize,Lance,Nagel,Christy,Henize,Michal
Nagel,Colette,Henize,Isis,Nagel,Ever
Henize,Baby,Nagel,Christy,Henize,Michal
Nagel,Shaylee,Henize,Cameron,Nagel,Kapil
Henize,Justyn,Nagel,Christy,Henize,Michal
Nagel,Brittney,Henize,Cameron,Nagel,Kapil
Henize,Erin,Nagel,Christy,Henize,Michal
Nagel,Lindsay,Henize,Cameron,Nagel,Kapil
Henize,Pierce,Nagel,Christy,Henize,Michal
Nagel,Celeste,Henize,Cameron,Nagel,Kapil
Henize,Tyren,Nagel,Christy,Henize,Michal
Nagel,Ella,Henize,Cameron,Nagel,Kapil
Henize,Dallin,Nagel,Christy,Henize,Michal
Nagel,Kaila,Henize,Cameron,Nagel,Kapil
Henize,Curtis,Nagel,Marisol,Henize,Adam
Henize,Haleigh,Nagel,Maya,Henize,Ameer
Henize,Saxon,Nagel,Marisol,Henize,Adam
Henize,Jade,Nagel,Maya,Henize,Ameer
Henize,Mohamad,Nagel,Marisol,Henize,Adam
Henize,Abagail,Nagel,Maya,Henize,Ameer
Henize,Esau,Nagel,Marisol,Henize,Adam
Henize,Genesis,Nagel,Maya,Henize,Ameer
Henize,Sheldon,Nagel,Marisol,Henize,Adam
Henize,Janesha,Nagel,Maya,Henize,Ameer
Henize,Justus,Nagel,Ashtin,Henize,Torey
Henize,Joan,Nagel,Maya,Henize,Ameer
Henize,Morgan,Nagel,Ashtin,Henize,Torey
Henize,Ilana,Nagel,Maya,Henize,Ameer
Henize,Nelson,Nagel,Ashtin,Henize,Torey
Henize,Tayler,Nagel,Maya,Henize,Ameer
Henize,Jordon,Nagel,Ashtin,Henize,Torey
Henize,Carmen,Nagel,Maya,Henize,Ameer
Henize,Quentin,Nagel,Ashtin,Henize,Torey
Henize,Kiesha,Nagel,Maya,Henize,Ameer
Henize,Raphael,Nagel,Ashtin,Henize,Torey
Henize,Alicia,Nagel,Maya,Henize,Ameer
Henize,Romello,Nagel,Ashtin,Henize,Torey
Henize,Lenora,Nagel,Maya,Henize,Ameer
Henize,Leonel,Nagel,Jayla,Henize,Jacky
Henize,Gilda,Nagel,Minna,Henize,Aron
Henize,Fredrick,Nagel,Jayla,Henize,Jacky
Henize,London,Nagel,Minna,Henize,Aron
Henize,Carter,Scott,Stacie,Henize,Sterling
Henize,Shianne,Nagel,Minna,Henize,Aron
Henize,Edgar,Scott,Stacie,Henize,Sterling
Henize,Paola,Nagel,Christy,Henize,Michal
Henize,Gregory,Scott,Stacie,Henize,Sterling
Henize,Aerial,Nagel,Christy,Henize,Michal
Henize,Tristin,Scott,Stacie,Henize,Sterling
Henize,Abigail,Nagel,Christy,Henize,Michal
Henize,Marielle,Scott,Stacie,Henize,Sterling
Henize,Kimberly,Nagel,Christy,Henize,Michal
Henize,Kameron,Scott,Stacie,Henize,Sterling
Henize,Jaymi,Nagel,Christy,Henize,Michal
Henize,Damion,Scott,Stacie,Henize,Sterling
Henize,Janna,Nagel,Christy,Henize,Michal
Henize,Ernest,Scott,Stacie,Henize,Sterling
Henize,Salena,Nagel,Christy,Henize,Michal
Henize,Garret,Scott,Stacie,Henize,Sterling
Henize,Yaritza,Nagel,Christy,Henize,Michal
Henize,Nicholaus,Scott,Stacie,Henize,Sterling
Henize,Unique,Nagel,Marisol,Henize,Adam
Henize,Deondre,Scott,Stacie,Henize,Sterling
Henize,Tiara,Nagel,Marisol,Henize,Adam
Henize,Sydney,Scott,Stacie,Henize,Sterling
Henize,Natalee,Nagel,Marisol,Henize,Adam
Henize,Quintyn,Scott,Mikaela,Henize,Agustin
Henize,Alysia,Nagel,Marisol,Henize,Adam
Henize,Austyn,Scott,Mikaela,Henize,Agustin
Henize,Gerardo,Nagel,Marisol,Henize,Adam
Henize,Russell,Scott,Mikaela,Henize,Agustin
Henize,Shawn,Nagel,Ashtin,Henize,Torey
Henize,Danny,Scott,Mikaela,Henize,Agustin
Henize,Aubree,Nagel,Ashtin,Henize,Torey
Henize,Frederick,Scott,Mikaela,Henize,Agustin
Henize,Andrea,Nagel,Ashtin,Henize,Torey
Henize,Billy,Scott,Mikaela,Henize,Agustin
Henize,Stella,Nagel,Ashtin,Henize,Torey
Henize,Cedric,Scott,Mikaela,Henize,Agustin
Henize,Francisca,Nagel,Jayla,Henize,Jacky
Henize,Ronald,Scott,Mikaela,Henize,Agustin
Henize,Minna,Nagel,Jayla,Henize,Jacky
Henize,Gilberto,Scott,Mikaela,Henize,Agustin
Henize,Emily,Scott,Stacie,Henize,Sterling
Henize,Salvatore,Scott,Mikaela,Henize,Agustin
Henize,Denise,Scott,Stacie,Henize,Sterling
Henize,Migel,Scott,Mikaela,Henize,Agustin
Henize,Moriah,Scott,Stacie,Henize,Sterling
Henize,Deandre,Scott,Carmelita,Henize,Lars
Henize,Serena,Scott,Stacie,Henize,Sterling
Henize,Rodrigo,Scott,Carmelita,Henize,Lars
Henize,Ryann,Scott,Stacie,Henize,Sterling
Henize,Timothy,Scott,Carmelita,Henize,Lars
Henize,Micah,Scott,Stacie,Henize,Sterling
Henize,Latrell,Scott,Carmelita,Henize,Lars
Henize,Brittany,Scott,Stacie,Henize,Sterling
Henize,Abraham,Scott,Carmelita,Henize,Lars
Henize,Ciara,Scott,Stacie,Henize,Sterling
