Nowak,Zackary,Madison,Corinne,Nowak,Joe
Walker,Aesha,Daniels,Juliette,Walker,Timothy
Jemison,Sam,Davis,Genna,Jemison,Desmond
Mastracchio,Viridiana,Chilton,Kendall,Mastracchio,Brendan
Readdy,Nolan,Taylor,Kealani,Readdy,Hudson
Precour,Kiesha,Kerwin,Kiesha,Precour,Deante
Fossum,Santos,Weitz,Estela,Fossum,Sterling
Phillips,Tayler,Oswald,Kyana,Phillips,Malachi
Spring,Jeb,Walz,Rosemary,Spring,Dane
Archambault,Dallas,Swanson,Alma,Archambault,Lamont
Cameron,Francis,Pffaff,Kourtney,Cameron,Andres
Chiao,Evelin,Barry,Dallas,Chiao,Michel
Holmquest,Cedric,Cameron,Lakeisha,Holmquest,Mauro
Pffaff,Kaelyn,Fullerton,Siobhan,Pffaff,Norman
Hilmers,Myles,Musgrave,Carlie,Hilmers,Misael
O'Connor,Makaila,Coolidge,Chastity,O'Connor,Bronson
Zophar,Mathieu,Givens,Joceline,Zophar,Brian
Sellers,Paris,Wilcutt,Macy,Sellers,Hayes
Chamitoff,Darrell,Burbank,Kenya,Chamitoff,Terry
Gibson,Abigail,Piper,Courteney,Gibson,Daquan
Mattingly,Brenden,Johnson,Deborah,Mattingly,Habram
Kilrain,Dyamond,Weber,Katelynn,Kilrain,Skylar
Curbeam,Savion,McBride,Rosemarie,Curbeam,Jordan
Scott,Hunter,Frump,Nina,Scott,Cesar
Grabe,Brooks,Aldrin,Anamarie,Grabe,Hiram
Tanner,Dena,Harbaugh,Abigayle,Tanner,Gilbert
Onizuka,Lars,Grout,Alissa,Onizuka,Keifer
Morin,Irene,Richards,Zabrina,Morin,Karl
Melroy,Eduardo,Llewellyn,Iris,Melroy,Perry
Nowak,Christian,Walker,Aesha,Nowak,Zackary
Baker,Keshaun,Wheelock,Faith,Baker,Abraham
Nowak,Brandi,Walker,Aesha,Nowak,Zackary
Nowak,Donovan,Walker,Aesha,Nowak,Zackary
Nowak,Kristy,Walker,Aesha,Nowak,Zackary
Nowak,Conor,Walker,Aesha,Nowak,Zackary
Nowak,Kristyn,Walker,Aesha,Nowak,Zackary
Nowak,Rolando,Walker,Aesha,Nowak,Zackary
Nowak,Joselin,Walker,Aesha,Nowak,Zackary
Nowak,Steve,Walker,Aesha,Nowak,Zackary
Nowak,Giselle,Walker,Aesha,Nowak,Zackary
Nowak,Ben,Walker,Aesha,Nowak,Zackary
Nowak,Stacey,Walker,Aesha,Nowak,Zackary
Nowak,Joseph,Walker,Aesha,Nowak,Zackary
Nowak,Cayla,Walker,Aesha,Nowak,Zackary
Nowak,Andreas,Walker,Aesha,Nowak,Zackary
Nowak,Nina,Walker,Aesha,Nowak,Zackary
Nowak,Savion,Walker,Aesha,Nowak,Zackary
Nowak,Salena,Walker,Aesha,Nowak,Zackary
Nowak,Ever,Walker,Aesha,Nowak,Zackary
Jemison,Jamiya,Mastracchio,Viridiana,Jemison,Sam
Jemison,Tyson,Mastracchio,Viridiana,Jemison,Sam
Jemison,Merideth,Mastracchio,Viridiana,Jemison,Sam
Fossum,Ali,Phillips,Tayler,Fossum,Santos
Jemison,Tori,Mastracchio,Viridiana,Jemison,Sam
Fossum,Jerry,Phillips,Tayler,Fossum,Santos
Jemison,Kimberlee,Mastracchio,Viridiana,Jemison,Sam
Fossum,Torey,Phillips,Tayler,Fossum,Santos
Jemison,Amna,Mastracchio,Viridiana,Jemison,Sam
Fossum,Paris,Phillips,Tayler,Fossum,Santos
Readdy,Liza,Precour,Kiesha,Readdy,Nolan
Spring,Quentin,Archambault,Dallas,Spring,Jeb
Readdy,Audra,Precour,Kiesha,Readdy,Nolan
Spring,Erich,Archambault,Dallas,Spring,Jeb
Readdy,Ann,Precour,Kiesha,Readdy,Nolan
Cameron,Harry,Chiao,Evelin,Cameron,Francis
Readdy,Caitlin,Precour,Kiesha,Readdy,Nolan
Cameron,Wylie,Chiao,Evelin,Cameron,Francis
Readdy,Shanyce,Precour,Kiesha,Readdy,Nolan
Cameron,Antoine,Chiao,Evelin,Cameron,Francis
Spring,Sidney,Archambault,Dallas,Spring,Jeb
Cameron,Bernardo,Chiao,Evelin,Cameron,Francis
Cameron,Dasia,Chiao,Evelin,Cameron,Francis
Cameron,Sheldon,Chiao,Evelin,Cameron,Francis
Cameron,Noah,Chiao,Evelin,Cameron,Francis
Holmquest,Jamal,Pffaff,Kaelyn,Holmquest,Cedric
Cameron,Jayme,Chiao,Evelin,Cameron,Francis
Holmquest,Tavon,Pffaff,Kaelyn,Holmquest,Cedric
Cameron,Bryana,Chiao,Evelin,Cameron,Francis
Hilmers,Shmuel,O'Connor,Makaila,Hilmers,Myles
Cameron,Allie,Chiao,Evelin,Cameron,Francis
Hilmers,Jaime,O'Connor,Makaila,Hilmers,Myles
Cameron,Abby,Chiao,Evelin,Cameron,Francis
Hilmers,Raul,O'Connor,Makaila,Hilmers,Myles
Cameron,Callan,Chiao,Evelin,Cameron,Francis
Hilmers,Greyson,O'Connor,Makaila,Hilmers,Myles
Cameron,Jessika,Chiao,Evelin,Cameron,Francis
Hilmers,Jaylan,O'Connor,Makaila,Hilmers,Myles
Cameron,Maisie,Chiao,Evelin,Cameron,Francis
Hilmers,Jacky,O'Connor,Makaila,Hilmers,Myles
Cameron,Ladaysha,Chiao,Evelin,Cameron,Francis
Zophar,Landen,Sellers,Paris,Zophar,Mathieu
Cameron,Liliana,Chiao,Evelin,Cameron,Francis
Zophar,Shane,Sellers,Paris,Zophar,Mathieu
Cameron,Kierra,Chiao,Evelin,Cameron,Francis
Zophar,Trentin,Sellers,Paris,Zophar,Mathieu
Cameron,Aubree,Chiao,Evelin,Cameron,Francis
Zophar,Peter,Sellers,Paris,Zophar,Mathieu
Cameron,Isamar,Chiao,Evelin,Cameron,Francis
Zophar,Torey,Sellers,Paris,Zophar,Mathieu
Holmquest,Mariam,Pffaff,Kaelyn,Holmquest,Cedric
Zophar,Rhett,Sellers,Paris,Zophar,Mathieu
Holmquest,Shaina,Pffaff,Kaelyn,Holmquest,Cedric
Zophar,Rayquan,Sellers,Paris,Zophar,Mathieu
Holmquest,Siobhan,Pffaff,Kaelyn,Holmquest,Cedric
Zophar,Trae,Sellers,Paris,Zophar,Mathieu
Holmquest,Kassidy,Pffaff,Kaelyn,Holmquest,Cedric
Zophar,Moshe,Sellers,Paris,Zophar,Mathieu
Hilmers,Amna,O'Connor,Makaila,Hilmers,Myles
Zophar,Dexter,Sellers,Paris,Zophar,Mathieu
Hilmers,Kaydee,O'Connor,Makaila,Hilmers,Myles
Zophar,Roy,Sellers,Paris,Zophar,Mathieu
Hilmers,Mileena,O'Connor,Makaila,Hilmers,Myles
Zophar,Isaiah,Sellers,Paris,Zophar,Mathieu
Hilmers,Ravin,O'Connor,Makaila,Hilmers,Myles
Chamitoff,Frederic,Gibson,Abigail,Chamitoff,Darrell
Hilmers,Lea,O'Connor,Makaila,Hilmers,Myles
Chamitoff,Raphael,Gibson,Abigail,Chamitoff,Darrell
Hilmers,Keisha,O'Connor,Makaila,Hilmers,Myles
Chamitoff,Deandre,Gibson,Abigail,Chamitoff,Darrell
Zophar,Tamara,Sellers,Paris,Zophar,Mathieu
Chamitoff,Ricky,Gibson,Abigail,Chamitoff,Darrell
Zophar,Sunny,Sellers,Paris,Zophar,Mathieu
Chamitoff,Conor,Gibson,Abigail,Chamitoff,Darrell
Zophar,Hana,Sellers,Paris,Zophar,Mathieu
Chamitoff,Jai,Gibson,Abigail,Chamitoff,Darrell
Zophar,Devyn,Sellers,Paris,Zophar,Mathieu
Chamitoff,Shelby,Gibson,Abigail,Chamitoff,Darrell
Zophar,Cayla,Sellers,Paris,Zophar,Mathieu
Chamitoff,Deonte,Gibson,Abigail,Chamitoff,Darrell
Zophar,Loren,Sellers,Paris,Zophar,Mathieu
Chamitoff,Santos,Gibson,Abigail,Chamitoff,Darrell
Zophar,Deserae,Sellers,Paris,Zophar,Mathieu
Mattingly,Junior,Kilrain,Dyamond,Mattingly,Brenden
Zophar,Diana,Sellers,Paris,Zophar,Mathieu
Mattingly,Barry,Kilrain,Dyamond,Mattingly,Brenden
Chamitoff,Unique,Gibson,Abigail,Chamitoff,Darrell
Mattingly,Alejandro,Kilrain,Dyamond,Mattingly,Brenden
Chamitoff,Tierney,Gibson,Abigail,Chamitoff,Darrell
Mattingly,Jaylen,Kilrain,Dyamond,Mattingly,Brenden
Chamitoff,Micayla,Gibson,Abigail,Chamitoff,Darrell
Mattingly,Christian,Kilrain,Dyamond,Mattingly,Brenden
Chamitoff,Myra,Gibson,Abigail,Chamitoff,Darrell
Mattingly,Nicholaus,Kilrain,Dyamond,Mattingly,Brenden
Chamitoff,Micah,Gibson,Abigail,Chamitoff,Darrell
Mattingly,Jesus,Kilrain,Dyamond,Mattingly,Brenden
Chamitoff,Nia,Gibson,Abigail,Chamitoff,Darrell
Curbeam,Marcell,Scott,Hunter,Curbeam,Savion
Chamitoff,Juliet,Gibson,Abigail,Chamitoff,Darrell
Curbeam,Jordon,Scott,Hunter,Curbeam,Savion
Chamitoff,Chantal,Gibson,Abigail,Chamitoff,Darrell
Curbeam,Ward,Scott,Hunter,Curbeam,Savion
Chamitoff,Myranda,Gibson,Abigail,Chamitoff,Darrell
Curbeam,Griffin,Scott,Hunter,Curbeam,Savion
Mattingly,Carol,Kilrain,Dyamond,Mattingly,Brenden
Curbeam,Isaias,Scott,Hunter,Curbeam,Savion
Mattingly,Paula,Kilrain,Dyamond,Mattingly,Brenden
Grabe,Seamus,Tanner,Dena,Grabe,Brooks
Mattingly,Cody,Kilrain,Dyamond,Mattingly,Brenden
Grabe,Omar,Tanner,Dena,Grabe,Brooks
Mattingly,Cayla,Kilrain,Dyamond,Mattingly,Brenden
Grabe,Keenan,Tanner,Dena,Grabe,Brooks
Mattingly,Marjorie,Kilrain,Dyamond,Mattingly,Brenden
Grabe,Allan,Tanner,Dena,Grabe,Brooks
Mattingly,Elyse,Kilrain,Dyamond,Mattingly,Brenden
Grabe,Hassan,Tanner,Dena,Grabe,Brooks
Mattingly,Shyanne,Kilrain,Dyamond,Mattingly,Brenden
Grabe,Eli,Tanner,Dena,Grabe,Brooks
Mattingly,Mari,Kilrain,Dyamond,Mattingly,Brenden
Onizuka,Lawrence,Morin,Irene,Onizuka,Lars
Mattingly,Jacquelin,Kilrain,Dyamond,Mattingly,Brenden
Onizuka,Irfan,Morin,Irene,Onizuka,Lars
Curbeam,Hope,Scott,Hunter,Curbeam,Savion
Onizuka,Dakota,Morin,Irene,Onizuka,Lars
Curbeam,Abbey,Scott,Hunter,Curbeam,Savion
Onizuka,Cade,Morin,Irene,Onizuka,Lars
Curbeam,Rosalinda,Scott,Hunter,Curbeam,Savion
Onizuka,Garett,Morin,Irene,Onizuka,Lars
Curbeam,Marie,Scott,Hunter,Curbeam,Savion
Onizuka,Micheal,Morin,Irene,Onizuka,Lars
Curbeam,Estefania,Scott,Hunter,Curbeam,Savion
Onizuka,Corey,Morin,Irene,Onizuka,Lars
Curbeam,Candace,Scott,Hunter,Curbeam,Savion
Melroy,Alan,Nowak,Christian,Melroy,Eduardo
Curbeam,Abigail,Scott,Hunter,Curbeam,Savion
Melroy,Dusty,Nowak,Christian,Melroy,Eduardo
Curbeam,Mandi,Scott,Hunter,Curbeam,Savion
Melroy,Jaylan,Nowak,Christian,Melroy,Eduardo
Curbeam,Annika,Scott,Hunter,Curbeam,Savion
Melroy,Seamus,Nowak,Christian,Melroy,Eduardo
Curbeam,Ella,Scott,Hunter,Curbeam,Savion
Baker,Maxwell,Nowak,Brandi,Baker,Keshaun
Grabe,Leigh,Tanner,Dena,Grabe,Brooks
Baker,Kirk,Nowak,Brandi,Baker,Keshaun
Grabe,Dandrea,Tanner,Dena,Grabe,Brooks
Baker,Maximillia,Nowak,Brandi,Baker,Keshaun
Grabe,Nicolle,Tanner,Dena,Grabe,Brooks
Baker,Rafael,Nowak,Brandi,Baker,Keshaun
Grabe,Margarita,Tanner,Dena,Grabe,Brooks
Baker,Colbey,Nowak,Brandi,Baker,Keshaun
Grabe,Elissa,Tanner,Dena,Grabe,Brooks
Baker,Tony,Nowak,Brandi,Baker,Keshaun
Grabe,Margo,Tanner,Dena,Grabe,Brooks
Baker,Pedro,Nowak,Brandi,Baker,Keshaun
Grabe,Anthony,Tanner,Dena,Grabe,Brooks
Baker,Wilfredo,Nowak,Brandi,Baker,Keshaun
Grabe,Mikaela,Tanner,Dena,Grabe,Brooks
Nowak,Devaughn,Jemison,Jamiya,Nowak,Donovan
Grabe,Emely,Tanner,Dena,Grabe,Brooks
Nowak,Tommy,Jemison,Jamiya,Nowak,Donovan
Grabe,Clara,Tanner,Dena,Grabe,Brooks
Nowak,Rudy,Jemison,Merideth,Nowak,Conor
Grabe,Delaney,Tanner,Dena,Grabe,Brooks
Nowak,Daylon,Jemison,Merideth,Nowak,Conor
Grabe,Kerri,Tanner,Dena,Grabe,Brooks
Nowak,Anton,Jemison,Merideth,Nowak,Conor
Grabe,Alycia,Tanner,Dena,Grabe,Brooks
Nowak,Ashton,Jemison,Merideth,Nowak,Conor
Onizuka,Jacquelyn,Morin,Irene,Onizuka,Lars
Nowak,Orion,Jemison,Merideth,Nowak,Conor
Onizuka,Kellie,Morin,Irene,Onizuka,Lars
Nowak,Edgardo,Jemison,Merideth,Nowak,Conor
Onizuka,Sharon,Morin,Irene,Onizuka,Lars
Nowak,William,Jemison,Merideth,Nowak,Conor
Onizuka,Alejandra,Morin,Irene,Onizuka,Lars
Nowak,Talon,Jemison,Merideth,Nowak,Conor
Onizuka,Kenzie,Morin,Irene,Onizuka,Lars
Nowak,Misael,Jemison,Merideth,Nowak,Conor
Onizuka,Shania,Morin,Irene,Onizuka,Lars
Nowak,Rogelio,Jemison,Tori,Nowak,Rolando
Onizuka,Kathleen,Morin,Irene,Onizuka,Lars
Nowak,Beau,Jemison,Tori,Nowak,Rolando
Onizuka,Bridgette,Morin,Irene,Onizuka,Lars
Nowak,Allen,Jemison,Tori,Nowak,Rolando
Onizuka,Kyla,Morin,Irene,Onizuka,Lars
Nowak,Vincent,Jemison,Tori,Nowak,Rolando
Onizuka,Josephine,Morin,Irene,Onizuka,Lars
Nowak,Daquan,Jemison,Tori,Nowak,Rolando
Melroy,Shanique,Nowak,Christian,Melroy,Eduardo
Nowak,Miles,Jemison,Tori,Nowak,Rolando
Melroy,Esperanza,Nowak,Christian,Melroy,Eduardo
Nowak,Dane,Jemison,Tori,Nowak,Rolando
Melroy,Shauna,Nowak,Christian,Melroy,Eduardo
Nowak,Omar,Jemison,Tori,Nowak,Rolando
Melroy,Sade,Nowak,Christian,Melroy,Eduardo
Nowak,Emmitt,Jemison,Tori,Nowak,Rolando
Melroy,Arielle,Nowak,Christian,Melroy,Eduardo
Nowak,Freeman,Jemison,Tori,Nowak,Rolando
Melroy,Maegan,Nowak,Christian,Melroy,Eduardo
Nowak,August,Jemison,Tori,Nowak,Rolando
Baker,Callan,Nowak,Brandi,Baker,Keshaun
Nowak,Josie,Jemison,Tori,Nowak,Rolando
Baker,Destinee,Nowak,Brandi,Baker,Keshaun
Nowak,Jayce,Jemison,Kimberlee,Nowak,Steve
Baker,Alejandra,Nowak,Brandi,Baker,Keshaun
Nowak,Destin,Jemison,Kimberlee,Nowak,Steve
Baker,Mikyla,Nowak,Brandi,Baker,Keshaun
Nowak,Santos,Jemison,Kimberlee,Nowak,Steve
Baker,Kennedy,Nowak,Brandi,Baker,Keshaun
Nowak,Sean,Jemison,Kimberlee,Nowak,Steve
Baker,Edith,Nowak,Brandi,Baker,Keshaun
Nowak,Dallin,Jemison,Kimberlee,Nowak,Steve
Baker,Kristie,Nowak,Brandi,Baker,Keshaun
Nowak,Malcolm,Jemison,Kimberlee,Nowak,Steve
Nowak,Linsey,Jemison,Jamiya,Nowak,Donovan
Nowak,Simon,Jemison,Kimberlee,Nowak,Steve
Nowak,Banesa,Jemison,Jamiya,Nowak,Donovan
Nowak,Enrique,Jemison,Kimberlee,Nowak,Steve
Nowak,Cassidy,Jemison,Merideth,Nowak,Conor
Nowak,Isaiah,Jemison,Kimberlee,Nowak,Steve
Nowak,Yessica,Jemison,Merideth,Nowak,Conor
Nowak,Trevor,Jemison,Kimberlee,Nowak,Steve
Nowak,Mireya,Jemison,Merideth,Nowak,Conor
Nowak,Edgar,Jemison,Amna,Nowak,Ben
Nowak,Autumn,Jemison,Merideth,Nowak,Conor
Nowak,Kristopher,Jemison,Amna,Nowak,Ben
Nowak,Estela,Jemison,Merideth,Nowak,Conor
Nowak,Roland,Jemison,Amna,Nowak,Ben
Nowak,Aubrey,Jemison,Merideth,Nowak,Conor
Nowak,Braydon,Jemison,Amna,Nowak,Ben
Nowak,Susana,Jemison,Merideth,Nowak,Conor
Nowak,Drew,Jemison,Amna,Nowak,Ben
Nowak,Rebekah,Jemison,Merideth,Nowak,Conor
Nowak,Shelby,Jemison,Amna,Nowak,Ben
Nowak,Ashlee,Jemison,Merideth,Nowak,Conor
Nowak,Deante,Jemison,Amna,Nowak,Ben
Nowak,Regina,Jemison,Merideth,Nowak,Conor
Nowak,Ezra,Jemison,Amna,Nowak,Ben
Nowak,Kaila,Jemison,Merideth,Nowak,Conor
Nowak,Edward,Jemison,Amna,Nowak,Ben
Nowak,Ivory,Jemison,Tori,Nowak,Rolando
Nowak,Ronny,Jemison,Amna,Nowak,Ben
Nowak,Kristina,Jemison,Tori,Nowak,Rolando
Nowak,Kelson,Jemison,Amna,Nowak,Ben
Nowak,Trista,Jemison,Tori,Nowak,Rolando
Nowak,Bret,Jemison,Amna,Nowak,Ben
Nowak,Ariana,Jemison,Tori,Nowak,Rolando
Nowak,Alex,Readdy,Audra,Nowak,Andreas
Nowak,Breanna,Jemison,Tori,Nowak,Rolando
Nowak,Victor,Readdy,Audra,Nowak,Andreas
Nowak,Cassandra,Jemison,Tori,Nowak,Rolando
Nowak,Jevon,Readdy,Audra,Nowak,Andreas
Nowak,Monika,Jemison,Tori,Nowak,Rolando
Nowak,Kaden,Readdy,Audra,Nowak,Andreas
Nowak,Carrie,Jemison,Tori,Nowak,Rolando
Nowak,Keeton,Readdy,Audra,Nowak,Andreas
Nowak,Marlena,Jemison,Kimberlee,Nowak,Steve
Nowak,Eli,Readdy,Audra,Nowak,Andreas
Nowak,Athena,Jemison,Kimberlee,Nowak,Steve
Nowak,Chase,Readdy,Audra,Nowak,Andreas
Nowak,Lindsey,Jemison,Kimberlee,Nowak,Steve
Nowak,Bronson,Readdy,Audra,Nowak,Andreas
Nowak,Alexus,Jemison,Kimberlee,Nowak,Steve
Nowak,Israel,Readdy,Audra,Nowak,Andreas
Nowak,Haleigh,Jemison,Kimberlee,Nowak,Steve
Nowak,Rashad,Readdy,Ann,Nowak,Savion
Nowak,Alexis,Jemison,Kimberlee,Nowak,Steve
Nowak,Yash,Readdy,Ann,Nowak,Savion
Nowak,Marjorie,Jemison,Kimberlee,Nowak,Steve
Nowak,Dantae,Readdy,Ann,Nowak,Savion
Nowak,Nia,Jemison,Kimberlee,Nowak,Steve
Nowak,Francesco,Readdy,Ann,Nowak,Savion
Nowak,Jabria,Jemison,Kimberlee,Nowak,Steve
Nowak,Caleb,Readdy,Ann,Nowak,Savion
Nowak,Dalila,Jemison,Amna,Nowak,Ben
Nowak,Benjamin,Readdy,Ann,Nowak,Savion
Nowak,Ilana,Jemison,Amna,Nowak,Ben
Nowak,Reginald,Readdy,Ann,Nowak,Savion
Nowak,Tammy,Jemison,Amna,Nowak,Ben
Nowak,Austen,Readdy,Ann,Nowak,Savion
Nowak,Hallie,Jemison,Amna,Nowak,Ben
Nowak,Weston,Readdy,Caitlin,Nowak,Ever
Nowak,Chantelle,Jemison,Amna,Nowak,Ben
Nowak,Dalton,Readdy,Caitlin,Nowak,Ever
Nowak,Brynn,Jemison,Amna,Nowak,Ben
Nowak,Rayvon,Readdy,Caitlin,Nowak,Ever
Nowak,Meredith,Jemison,Amna,Nowak,Ben
Nowak,Coleman,Readdy,Caitlin,Nowak,Ever
Nowak,Queen,Jemison,Amna,Nowak,Ben
Nowak,Erick,Readdy,Caitlin,Nowak,Ever
Nowak,Kenyatta,Readdy,Liza,Nowak,Joseph
Nowak,Garret,Readdy,Caitlin,Nowak,Ever
Nowak,Savanah,Readdy,Liza,Nowak,Joseph
Nowak,Alec,Readdy,Caitlin,Nowak,Ever
Nowak,Amna,Readdy,Liza,Nowak,Joseph
Nowak,Marcello,Readdy,Caitlin,Nowak,Ever
Nowak,Sneha,Readdy,Audra,Nowak,Andreas
Jemison,Earl,Nowak,Kristy,Jemison,Tyson
Nowak,Dixie,Readdy,Audra,Nowak,Andreas
Jemison,Tyren,Nowak,Kristy,Jemison,Tyson
Nowak,Cherokee,Readdy,Audra,Nowak,Andreas
Jemison,Rodolfo,Nowak,Kristy,Jemison,Tyson
Nowak,Cali,Readdy,Audra,Nowak,Andreas
Jemison,Josue,Nowak,Kristy,Jemison,Tyson
Nowak,Leah,Readdy,Audra,Nowak,Andreas
Jemison,Alfonso,Nowak,Kristy,Jemison,Tyson
Nowak,Nicolette,Readdy,Audra,Nowak,Andreas
Jemison,Stephen,Nowak,Kristy,Jemison,Tyson
Nowak,Kourtney,Readdy,Audra,Nowak,Andreas
Jemison,Montana,Nowak,Kristy,Jemison,Tyson
Nowak,Sarahmarie,Readdy,Audra,Nowak,Andreas
Jemison,Javion,Nowak,Kristy,Jemison,Tyson
Nowak,Destiny,Readdy,Audra,Nowak,Andreas
Fossum,Marcanthon,Nowak,Kristyn,Fossum,Ali
Nowak,Alysha,Readdy,Audra,Nowak,Andreas
Fossum,Courtney,Nowak,Kristyn,Fossum,Ali
Nowak,Riley,Readdy,Ann,Nowak,Savion
Fossum,Gordon,Nowak,Kristyn,Fossum,Ali
Nowak,Maison,Readdy,Ann,Nowak,Savion
Fossum,Deonte,Nowak,Joselin,Fossum,Jerry
Nowak,Iesha,Readdy,Ann,Nowak,Savion
Fossum,Tyrone,Nowak,Joselin,Fossum,Jerry
Nowak,Arielle,Readdy,Ann,Nowak,Savion
Fossum,Colt,Nowak,Giselle,Fossum,Torey
Nowak,Misty,Readdy,Ann,Nowak,Savion
Fossum,Leonard,Nowak,Giselle,Fossum,Torey
Nowak,Shenelly,Readdy,Ann,Nowak,Savion
Fossum,Eugene,Nowak,Giselle,Fossum,Torey
Nowak,Minna,Readdy,Ann,Nowak,Savion
Fossum,Shea,Nowak,Stacey,Fossum,Paris
Nowak,Chastity,Readdy,Ann,Nowak,Savion
Fossum,Maverick,Nowak,Stacey,Fossum,Paris
Nowak,Jocelyn,Readdy,Ann,Nowak,Savion
Fossum,Frederick,Nowak,Stacey,Fossum,Paris
Nowak,Jaylynn,Readdy,Ann,Nowak,Savion
Spring,Everett,Nowak,Cayla,Spring,Quentin
Nowak,Talia,Readdy,Caitlin,Nowak,Ever
Spring,Dantae,Nowak,Cayla,Spring,Quentin
Nowak,Rikki,Readdy,Caitlin,Nowak,Ever
Spring,Marielle,Nowak,Cayla,Spring,Quentin
Nowak,Erica,Readdy,Caitlin,Nowak,Ever
Spring,Leland,Nowak,Cayla,Spring,Quentin
Nowak,Dasia,Readdy,Caitlin,Nowak,Ever
Spring,Trace,Nowak,Cayla,Spring,Quentin
Nowak,Odalys,Readdy,Caitlin,Nowak,Ever
Spring,Randy,Nowak,Cayla,Spring,Quentin
Nowak,Caitlan,Readdy,Caitlin,Nowak,Ever
Spring,Brandon,Nowak,Cayla,Spring,Quentin
Nowak,Marcela,Readdy,Caitlin,Nowak,Ever
Spring,Jacob,Nowak,Cayla,Spring,Quentin
Jemison,Cara,Nowak,Kristy,Jemison,Tyson
Spring,Jabari,Nowak,Nina,Spring,Erich
Jemison,Marianne,Nowak,Kristy,Jemison,Tyson
Spring,Shlomo,Nowak,Nina,Spring,Erich
Jemison,Quinn,Nowak,Kristy,Jemison,Tyson
Cameron,Gilbert,Nowak,Salena,Cameron,Harry
Jemison,Anika,Nowak,Kristy,Jemison,Tyson
Cameron,Hassan,Nowak,Salena,Cameron,Harry
Fossum,Anita,Nowak,Kristyn,Fossum,Ali
Cameron,Nolan,Nowak,Salena,Cameron,Harry
Fossum,Vanessa,Nowak,Kristyn,Fossum,Ali
Cameron,Corbin,Nowak,Salena,Cameron,Harry
Fossum,Claudia,Nowak,Kristyn,Fossum,Ali
Cameron,Jesse,Readdy,Shanyce,Cameron,Wylie
Fossum,Heather,Nowak,Joselin,Fossum,Jerry
Cameron,Steven,Spring,Sidney,Cameron,Antoine
Fossum,Rocio,Nowak,Joselin,Fossum,Jerry
Cameron,Barry,Spring,Sidney,Cameron,Antoine
Fossum,Heavenly,Nowak,Joselin,Fossum,Jerry
Cameron,Milton,Spring,Sidney,Cameron,Antoine
Fossum,Jesica,Nowak,Giselle,Fossum,Torey
Cameron,Garin,Spring,Sidney,Cameron,Antoine
Fossum,Breona,Nowak,Giselle,Fossum,Torey
Cameron,Jovonte,Holmquest,Mariam,Cameron,Bernardo
Fossum,Sally,Nowak,Stacey,Fossum,Paris
Cameron,Kevin,Holmquest,Mariam,Cameron,Bernardo
Fossum,Darcie,Nowak,Stacey,Fossum,Paris
Cameron,Javion,Holmquest,Mariam,Cameron,Bernardo
Fossum,Lynette,Nowak,Stacey,Fossum,Paris
Cameron,Jacoby,Holmquest,Shaina,Cameron,Sheldon
Spring,Athena,Nowak,Cayla,Spring,Quentin
Cameron,Shamar,Holmquest,Shaina,Cameron,Sheldon
Spring,Josie,Nowak,Cayla,Spring,Quentin
Cameron,Davis,Holmquest,Shaina,Cameron,Sheldon
Spring,Serena,Nowak,Cayla,Spring,Quentin
Cameron,Alvaro,Holmquest,Shaina,Cameron,Sheldon
Spring,Joanna,Nowak,Cayla,Spring,Quentin
Cameron,Tony,Holmquest,Shaina,Cameron,Sheldon
Spring,Carolyn,Nowak,Cayla,Spring,Quentin
Holmquest,Kegan,Cameron,Dasia,Holmquest,Jamal
Spring,Kaelyn,Nowak,Cayla,Spring,Quentin
Holmquest,Deon,Cameron,Dasia,Holmquest,Jamal
Spring,Aria,Nowak,Nina,Spring,Erich
Holmquest,Kevin,Cameron,Dasia,Holmquest,Jamal
Spring,Arlene,Nowak,Nina,Spring,Erich
Holmquest,Mathew,Cameron,Dasia,Holmquest,Jamal
Cameron,Adele,Nowak,Salena,Cameron,Harry
Holmquest,Hugo,Cameron,Dasia,Holmquest,Jamal
Cameron,Shannon,Nowak,Salena,Cameron,Harry
Holmquest,Colt,Cameron,Dasia,Holmquest,Jamal
Cameron,Jadah,Nowak,Salena,Cameron,Harry
Holmquest,Brenden,Cameron,Dasia,Holmquest,Jamal
Cameron,Lizette,Nowak,Salena,Cameron,Harry
Holmquest,Talon,Cameron,Noah,Holmquest,Tavon
Cameron,Daja,Nowak,Salena,Cameron,Harry
Holmquest,Samual,Cameron,Noah,Holmquest,Tavon
Cameron,Suzanna,Nowak,Salena,Cameron,Harry
Holmquest,Ray,Cameron,Noah,Holmquest,Tavon
Cameron,Jania,Nowak,Salena,Cameron,Harry
Holmquest,Abdul,Cameron,Noah,Holmquest,Tavon
Cameron,Desaree,Nowak,Salena,Cameron,Harry
Holmquest,Giovanni,Cameron,Noah,Holmquest,Tavon
Cameron,Faith,Nowak,Salena,Cameron,Harry
Holmquest,Jason,Cameron,Noah,Holmquest,Tavon
Cameron,Lynda,Nowak,Salena,Cameron,Harry
Holmquest,Harry,Cameron,Noah,Holmquest,Tavon
Cameron,Tiffani,Nowak,Salena,Cameron,Harry
Holmquest,Davon,Cameron,Noah,Holmquest,Tavon
Cameron,Makayla,Readdy,Shanyce,Cameron,Wylie
Holmquest,Demonte,Cameron,Noah,Holmquest,Tavon
Cameron,Analisa,Readdy,Shanyce,Cameron,Wylie
Holmquest,Ernesto,Cameron,Noah,Holmquest,Tavon
Cameron,Madison,Readdy,Shanyce,Cameron,Wylie
Hilmers,Brooks,Cameron,Jayme,Hilmers,Shmuel
Cameron,Cristina,Spring,Sidney,Cameron,Antoine
Hilmers,Brice,Cameron,Jayme,Hilmers,Shmuel
Cameron,Marina,Spring,Sidney,Cameron,Antoine
Hilmers,Shayne,Cameron,Jayme,Hilmers,Shmuel
Cameron,Destini,Spring,Sidney,Cameron,Antoine
Hilmers,Chandler,Cameron,Jayme,Hilmers,Shmuel
Cameron,Jonae,Spring,Sidney,Cameron,Antoine
Hilmers,Keshaun,Cameron,Jayme,Hilmers,Shmuel
Cameron,Callie,Spring,Sidney,Cameron,Antoine
Hilmers,Camron,Cameron,Jayme,Hilmers,Shmuel
Cameron,Kasey,Spring,Sidney,Cameron,Antoine
Hilmers,Guy,Cameron,Jayme,Hilmers,Shmuel
Cameron,Jana,Spring,Sidney,Cameron,Antoine
Hilmers,Ismael,Cameron,Jayme,Hilmers,Shmuel
Cameron,Rebeca,Spring,Sidney,Cameron,Antoine
Hilmers,Niko,Cameron,Bryana,Hilmers,Jaime
Cameron,Jaycee,Spring,Sidney,Cameron,Antoine
Hilmers,Zachery,Cameron,Bryana,Hilmers,Jaime
Cameron,Sarah,Holmquest,Mariam,Cameron,Bernardo
Hilmers,Jaquan,Cameron,Bryana,Hilmers,Jaime
Cameron,Kansas,Holmquest,Shaina,Cameron,Sheldon
Hilmers,Thomas,Cameron,Bryana,Hilmers,Jaime
Holmquest,Annette,Cameron,Dasia,Holmquest,Jamal
Hilmers,Devonte,Cameron,Bryana,Hilmers,Jaime
Holmquest,Kaylee,Cameron,Noah,Holmquest,Tavon
Hilmers,Cory,Cameron,Bryana,Hilmers,Jaime
Holmquest,Natalia,Cameron,Noah,Holmquest,Tavon
Hilmers,Maverick,Cameron,Bryana,Hilmers,Jaime
Holmquest,Toni,Cameron,Noah,Holmquest,Tavon
Hilmers,Noe,Cameron,Bryana,Hilmers,Jaime
Holmquest,Neda,Cameron,Noah,Holmquest,Tavon
Hilmers,Deontae,Cameron,Allie,Hilmers,Raul
Holmquest,Tania,Cameron,Noah,Holmquest,Tavon
Hilmers,Tayler,Cameron,Allie,Hilmers,Raul
Holmquest,Gloria,Cameron,Noah,Holmquest,Tavon
Hilmers,Zachary,Cameron,Allie,Hilmers,Raul
Holmquest,Flor,Cameron,Noah,Holmquest,Tavon
Hilmers,Titus,Cameron,Allie,Hilmers,Raul
Holmquest,Anja,Cameron,Noah,Holmquest,Tavon
Hilmers,Bronson,Cameron,Allie,Hilmers,Raul
Holmquest,Casie,Cameron,Noah,Holmquest,Tavon
Hilmers,Raphael,Cameron,Allie,Hilmers,Raul
Holmquest,Deanne,Cameron,Noah,Holmquest,Tavon
Hilmers,Domonic,Cameron,Allie,Hilmers,Raul
Hilmers,Cheyann,Cameron,Jayme,Hilmers,Shmuel
Hilmers,Alec,Cameron,Allie,Hilmers,Raul
Hilmers,Bryn,Cameron,Jayme,Hilmers,Shmuel
Hilmers,Talon,Cameron,Abby,Hilmers,Greyson
Hilmers,Eden,Cameron,Jayme,Hilmers,Shmuel
Hilmers,Damion,Cameron,Abby,Hilmers,Greyson
Hilmers,Spencer,Cameron,Jayme,Hilmers,Shmuel
Hilmers,Tyrell,Cameron,Abby,Hilmers,Greyson
Hilmers,Coral,Cameron,Jayme,Hilmers,Shmuel
Hilmers,Donte,Cameron,Abby,Hilmers,Greyson
Hilmers,Linsey,Cameron,Jayme,Hilmers,Shmuel
Hilmers,Frankie,Cameron,Abby,Hilmers,Greyson
Hilmers,Destiny,Cameron,Bryana,Hilmers,Jaime
Hilmers,Gunnar,Cameron,Abby,Hilmers,Greyson
Hilmers,Desaree,Cameron,Bryana,Hilmers,Jaime
Hilmers,Damian,Cameron,Callan,Hilmers,Jaylan
Hilmers,Jodie,Cameron,Bryana,Hilmers,Jaime
Hilmers,Rashad,Cameron,Callan,Hilmers,Jaylan
Hilmers,Bianca,Cameron,Bryana,Hilmers,Jaime
Hilmers,Brandon,Cameron,Callan,Hilmers,Jaylan
Hilmers,Shauna,Cameron,Bryana,Hilmers,Jaime
Hilmers,Grant,Cameron,Callan,Hilmers,Jaylan
Hilmers,Zoee,Cameron,Bryana,Hilmers,Jaime
Hilmers,Russell,Cameron,Callan,Hilmers,Jaylan
Hilmers,Kansas,Cameron,Bryana,Hilmers,Jaime
Hilmers,Moses,Cameron,Callan,Hilmers,Jaylan
Hilmers,Amy,Cameron,Bryana,Hilmers,Jaime
Hilmers,Israel,Cameron,Callan,Hilmers,Jaylan
Hilmers,Synthia,Cameron,Bryana,Hilmers,Jaime
Hilmers,Shea,Cameron,Callan,Hilmers,Jaylan
Hilmers,Salena,Cameron,Bryana,Hilmers,Jaime
Hilmers,Romello,Cameron,Jessika,Hilmers,Jacky
Hilmers,Estefani,Cameron,Bryana,Hilmers,Jaime
Hilmers,Karl,Cameron,Jessika,Hilmers,Jacky
Hilmers,Destinee,Cameron,Bryana,Hilmers,Jaime
Hilmers,Jair,Cameron,Jessika,Hilmers,Jacky
Hilmers,Kacey,Cameron,Allie,Hilmers,Raul
Hilmers,Conrad,Cameron,Jessika,Hilmers,Jacky
Hilmers,Saige,Cameron,Allie,Hilmers,Raul
Hilmers,Davis,Cameron,Jessika,Hilmers,Jacky
Hilmers,Kailee,Cameron,Allie,Hilmers,Raul
Hilmers,Ty,Cameron,Jessika,Hilmers,Jacky
Hilmers,Luna,Cameron,Allie,Hilmers,Raul
Hilmers,Philip,Cameron,Jessika,Hilmers,Jacky
Hilmers,Aubrey,Cameron,Allie,Hilmers,Raul
Hilmers,River,Cameron,Jessika,Hilmers,Jacky
Hilmers,Tracy,Cameron,Allie,Hilmers,Raul
Hilmers,Bryce,Cameron,Jessika,Hilmers,Jacky
Hilmers,Allie,Cameron,Allie,Hilmers,Raul
Hilmers,Alberto,Cameron,Jessika,Hilmers,Jacky
Hilmers,Yessenia,Cameron,Allie,Hilmers,Raul
Nowak,Joe,Madison,Corinne,Jemison,Desmond,Boilermaker
Zophar,Lamonte,Cameron,Maisie,Zophar,Landen
Hilmers,Deyaneira,Cameron,Abby,Hilmers,Greyson
Zophar,Earl,Cameron,Maisie,Zophar,Landen
Hilmers,Kourtney,Cameron,Abby,Hilmers,Greyson
Zophar,Forrest,Cameron,Maisie,Zophar,Landen
Hilmers,Gretchen,Cameron,Abby,Hilmers,Greyson
Zophar,Micheal,Cameron,Maisie,Zophar,Landen
Hilmers,Lakendra,Cameron,Abby,Hilmers,Greyson
Zophar,Olivier,Cameron,Maisie,Zophar,Landen
Hilmers,Sheila,Cameron,Abby,Hilmers,Greyson
Zophar,Roman,Cameron,Ladaysha,Zophar,Shane
Hilmers,Taelor,Cameron,Abby,Hilmers,Greyson
Zophar,River,Cameron,Liliana,Zophar,Trentin
Hilmers,Shelly,Cameron,Abby,Hilmers,Greyson
Zophar,Adrian,Cameron,Liliana,Zophar,Trentin
Hilmers,Astrid,Cameron,Abby,Hilmers,Greyson
Zophar,Andres,Cameron,Liliana,Zophar,Trentin
Hilmers,Shawna,Cameron,Abby,Hilmers,Greyson
Zophar,Theodore,Cameron,Kierra,Zophar,Peter
Hilmers,Marisa,Cameron,Callan,Hilmers,Jaylan
Zophar,Jerryd,Cameron,Kierra,Zophar,Peter
Hilmers,Miracle,Cameron,Callan,Hilmers,Jaylan
Zophar,Nicholas,Cameron,Kierra,Zophar,Peter
Hilmers,Kady,Cameron,Callan,Hilmers,Jaylan
Zophar,Keeton,Cameron,Kierra,Zophar,Peter
Hilmers,Mikhaila,Cameron,Callan,Hilmers,Jaylan
Zophar,Trent,Cameron,Kierra,Zophar,Peter
Hilmers,Asia,Cameron,Callan,Hilmers,Jaylan
Zophar,Dean,Cameron,Kierra,Zophar,Peter
Hilmers,Margo,Cameron,Callan,Hilmers,Jaylan
Zophar,Tanner,Cameron,Kierra,Zophar,Peter
Hilmers,Maggie,Cameron,Callan,Hilmers,Jaylan
Zophar,Taylor,Cameron,Aubree,Zophar,Torey
Hilmers,Loni,Cameron,Callan,Hilmers,Jaylan
Zophar,Darian,Cameron,Aubree,Zophar,Torey
Hilmers,Robin,Cameron,Callan,Hilmers,Jaylan
Zophar,Raekwon,Cameron,Aubree,Zophar,Torey
Hilmers,Alissa,Cameron,Callan,Hilmers,Jaylan
Zophar,Javion,Cameron,Aubree,Zophar,Torey
Hilmers,Nathaly,Cameron,Callan,Hilmers,Jaylan
Zophar,Migel,Cameron,Aubree,Zophar,Torey
Hilmers,Alicia,Cameron,Callan,Hilmers,Jaylan
Zophar,Jawaun,Cameron,Aubree,Zophar,Torey
Hilmers,Elaina,Cameron,Jessika,Hilmers,Jacky
Zophar,August,Cameron,Aubree,Zophar,Torey
Hilmers,Markia,Cameron,Jessika,Hilmers,Jacky
Zophar,Quanterriu,Cameron,Aubree,Zophar,Torey
Hilmers,Sheyla,Cameron,Jessika,Hilmers,Jacky
Zophar,Jai,Cameron,Aubree,Zophar,Torey
Hilmers,Skylar,Cameron,Jessika,Hilmers,Jacky
Zophar,Menachem,Cameron,Isamar,Zophar,Rhett
Hilmers,Eva,Cameron,Jessika,Hilmers,Jacky
Zophar,Micah,Cameron,Isamar,Zophar,Rhett
Hilmers,Amber,Cameron,Jessika,Hilmers,Jacky
Zophar,Dequan,Cameron,Isamar,Zophar,Rhett
Hilmers,Daesha,Cameron,Jessika,Hilmers,Jacky
Zophar,Fernando,Cameron,Isamar,Zophar,Rhett
Hilmers,Ladaysha,Cameron,Jessika,Hilmers,Jacky
Zophar,Landin,Cameron,Isamar,Zophar,Rhett
Hilmers,Sabrina,Cameron,Jessika,Hilmers,Jacky
Zophar,Tate,Cameron,Isamar,Zophar,Rhett
Zophar,Bailee,Cameron,Maisie,Zophar,Landen
Zophar,Draven,Cameron,Isamar,Zophar,Rhett
Zophar,Johana,Cameron,Maisie,Zophar,Landen
Zophar,Daylon,Holmquest,Siobhan,Zophar,Rayquan
Zophar,Karena,Cameron,Maisie,Zophar,Landen
Zophar,Lorenzo,Holmquest,Siobhan,Zophar,Rayquan
Zophar,Kara,Cameron,Maisie,Zophar,Landen
Zophar,Jayson,Holmquest,Siobhan,Zophar,Rayquan
Zophar,Bianca,Cameron,Maisie,Zophar,Landen
Zophar,Tucker,Holmquest,Siobhan,Zophar,Rayquan
Zophar,Chana,Cameron,Maisie,Zophar,Landen
Zophar,Dylan,Holmquest,Siobhan,Zophar,Rayquan
Zophar,Kristy,Cameron,Maisie,Zophar,Landen
Zophar,Ramiro,Holmquest,Siobhan,Zophar,Rayquan
Zophar,Jennifer,Cameron,Maisie,Zophar,Landen
Zophar,Keegan,Holmquest,Kassidy,Zophar,Trae
Zophar,Kayleen,Cameron,Maisie,Zophar,Landen
Zophar,Slaten,Holmquest,Kassidy,Zophar,Trae
Zophar,Cori,Cameron,Maisie,Zophar,Landen
Zophar,Avery,Holmquest,Kassidy,Zophar,Trae
Zophar,Vivian,Cameron,Maisie,Zophar,Landen
Zophar,Arnold,Holmquest,Kassidy,Zophar,Trae
Zophar,Marelyn,Cameron,Maisie,Zophar,Landen
Zophar,Jorge,Holmquest,Kassidy,Zophar,Trae
Zophar,Chelsy,Cameron,Ladaysha,Zophar,Shane
Zophar,Ricky,Holmquest,Kassidy,Zophar,Trae
Zophar,Celia,Cameron,Ladaysha,Zophar,Shane
Zophar,Frederic,Holmquest,Kassidy,Zophar,Trae
Zophar,Kristian,Cameron,Ladaysha,Zophar,Shane
Zophar,Mathew,Hilmers,Amna,Zophar,Moshe
Zophar,Sage,Cameron,Ladaysha,Zophar,Shane
Zophar,Kenneth,Hilmers,Amna,Zophar,Moshe
Zophar,Katherine,Cameron,Ladaysha,Zophar,Shane
Zophar,Noah,Hilmers,Amna,Zophar,Moshe
Zophar,Kalsie,Cameron,Ladaysha,Zophar,Shane
Zophar,Bradly,Hilmers,Amna,Zophar,Moshe
Zophar,Kimberlee,Cameron,Ladaysha,Zophar,Shane
Zophar,Neftaly,Hilmers,Kaydee,Zophar,Dexter
Zophar,Christy,Cameron,Ladaysha,Zophar,Shane
Zophar,Mohammad,Hilmers,Kaydee,Zophar,Dexter
Zophar,Jamee,Cameron,Ladaysha,Zophar,Shane
Zophar,Jeremiah,Hilmers,Mileena,Zophar,Roy
Zophar,Maddison,Cameron,Ladaysha,Zophar,Shane
Zophar,Reginald,Hilmers,Mileena,Zophar,Roy
Zophar,Marisa,Cameron,Liliana,Zophar,Trentin
Zophar,Samual,Hilmers,Mileena,Zophar,Roy
Zophar,Marjorie,Cameron,Liliana,Zophar,Trentin
Zophar,Dan,Hilmers,Mileena,Zophar,Roy
Zophar,Jasmin,Cameron,Liliana,Zophar,Trentin
Zophar,Sutton,Hilmers,Mileena,Zophar,Roy
Zophar,Gerardo,Cameron,Liliana,Zophar,Trentin
Zophar,Wilmer,Hilmers,Mileena,Zophar,Roy
Zophar,Mindi,Cameron,Kierra,Zophar,Peter
Zophar,Rodney,Hilmers,Mileena,Zophar,Roy
Zophar,Candace,Cameron,Kierra,Zophar,Peter
Zophar,Ahmad,Hilmers,Mileena,Zophar,Roy
Zophar,Cheyann,Cameron,Kierra,Zophar,Peter
Zophar,Moises,Hilmers,Ravin,Zophar,Isaiah
Zophar,Mackenna,Cameron,Kierra,Zophar,Peter
Zophar,Quintin,Hilmers,Ravin,Zophar,Isaiah
Zophar,Sara,Cameron,Kierra,Zophar,Peter
Zophar,Hassan,Hilmers,Ravin,Zophar,Isaiah
Zophar,Iridiana,Cameron,Kierra,Zophar,Peter
Zophar,Zackary,Hilmers,Ravin,Zophar,Isaiah
Zophar,Kaela,Cameron,Kierra,Zophar,Peter
Zophar,Norman,Hilmers,Ravin,Zophar,Isaiah
Zophar,Emilee,Cameron,Kierra,Zophar,Peter
Chamitoff,Weston,Hilmers,Lea,Chamitoff,Frederic
Zophar,Ciera,Cameron,Kierra,Zophar,Peter
Chamitoff,Brody,Hilmers,Lea,Chamitoff,Frederic
Zophar,Alisa,Cameron,Kierra,Zophar,Peter
Chamitoff,Nikolas,Hilmers,Keisha,Chamitoff,Raphael
Zophar,Alexa,Cameron,Kierra,Zophar,Peter
Chamitoff,Gordon,Hilmers,Keisha,Chamitoff,Raphael
Zophar,Rebecca,Cameron,Kierra,Zophar,Peter
Chamitoff,Felix,Hilmers,Keisha,Chamitoff,Raphael
Zophar,Esther,Cameron,Aubree,Zophar,Torey
Chamitoff,Remington,Hilmers,Keisha,Chamitoff,Raphael
Zophar,Leslie,Cameron,Aubree,Zophar,Torey
Chamitoff,Josiah,Hilmers,Keisha,Chamitoff,Raphael
Zophar,Laken,Cameron,Aubree,Zophar,Torey
Chamitoff,Ignacio,Zophar,Tamara,Chamitoff,Deandre
Zophar,Aimee,Cameron,Aubree,Zophar,Torey
Chamitoff,Kyle,Zophar,Tamara,Chamitoff,Deandre
Zophar,Myranda,Cameron,Aubree,Zophar,Torey
Chamitoff,Emerson,Zophar,Tamara,Chamitoff,Deandre
Zophar,Zoi,Cameron,Aubree,Zophar,Torey
Chamitoff,Coby,Zophar,Tamara,Chamitoff,Deandre
Zophar,Daphne,Cameron,Isamar,Zophar,Rhett
Chamitoff,Al,Zophar,Tamara,Chamitoff,Deandre
Zophar,Camilla,Cameron,Isamar,Zophar,Rhett
Chamitoff,Maverick,Zophar,Tamara,Chamitoff,Deandre
Zophar,Rosalinda,Cameron,Isamar,Zophar,Rhett
Chamitoff,Connor,Zophar,Tamara,Chamitoff,Deandre
Zophar,Mykayla,Cameron,Isamar,Zophar,Rhett
Chamitoff,Avery,Zophar,Sunny,Chamitoff,Ricky
Zophar,Keira,Cameron,Isamar,Zophar,Rhett
Chamitoff,Joe,Zophar,Sunny,Chamitoff,Ricky
Zophar,Dorothy,Cameron,Isamar,Zophar,Rhett
Chamitoff,Bennett,Zophar,Sunny,Chamitoff,Ricky
Zophar,Jacklyn,Cameron,Isamar,Zophar,Rhett
Chamitoff,Isiah,Zophar,Sunny,Chamitoff,Ricky
Zophar,Lila,Cameron,Isamar,Zophar,Rhett
Chamitoff,Conner,Zophar,Sunny,Chamitoff,Ricky
Zophar,Emmalee,Holmquest,Siobhan,Zophar,Rayquan
Chamitoff,Caleb,Zophar,Hana,Chamitoff,Conor
Zophar,Sean,Holmquest,Siobhan,Zophar,Rayquan
Chamitoff,Rowan,Zophar,Hana,Chamitoff,Conor
Zophar,Kierstin,Holmquest,Siobhan,Zophar,Rayquan
Chamitoff,Abdul,Zophar,Hana,Chamitoff,Conor
Zophar,Michelle,Holmquest,Siobhan,Zophar,Rayquan
Chamitoff,Jack,Zophar,Devyn,Chamitoff,Jai
Zophar,Gabriel,Holmquest,Siobhan,Zophar,Rayquan
Chamitoff,Jonathon,Zophar,Devyn,Chamitoff,Jai
Zophar,Gina,Holmquest,Siobhan,Zophar,Rayquan
Chamitoff,Casey,Zophar,Devyn,Chamitoff,Jai
Zophar,Lilly,Holmquest,Siobhan,Zophar,Rayquan
Chamitoff,Eduardo,Zophar,Devyn,Chamitoff,Jai
Zophar,Selena,Holmquest,Siobhan,Zophar,Rayquan
Chamitoff,Stevan,Zophar,Devyn,Chamitoff,Jai
Zophar,Ali,Holmquest,Siobhan,Zophar,Rayquan
Chamitoff,Stephan,Zophar,Devyn,Chamitoff,Jai
Zophar,Katia,Holmquest,Kassidy,Zophar,Trae
Chamitoff,Truman,Zophar,Cayla,Chamitoff,Shelby
Zophar,Aerial,Holmquest,Kassidy,Zophar,Trae
Chamitoff,Jerome,Zophar,Cayla,Chamitoff,Shelby
Zophar,Esmeralda,Holmquest,Kassidy,Zophar,Trae
Chamitoff,Estevan,Zophar,Cayla,Chamitoff,Shelby
Zophar,Sarahmarie,Holmquest,Kassidy,Zophar,Trae
Chamitoff,Aspen,Zophar,Cayla,Chamitoff,Shelby
Zophar,Rayven,Holmquest,Kassidy,Zophar,Trae
Chamitoff,Jashua,Zophar,Cayla,Chamitoff,Shelby
Zophar,Darcie,Holmquest,Kassidy,Zophar,Trae
Chamitoff,Clarence,Zophar,Cayla,Chamitoff,Shelby
Zophar,Measia,Holmquest,Kassidy,Zophar,Trae
Chamitoff,Miles,Zophar,Cayla,Chamitoff,Shelby
Zophar,Destany,Holmquest,Kassidy,Zophar,Trae
Chamitoff,Carson,Zophar,Loren,Chamitoff,Deonte
Zophar,Kathryn,Hilmers,Amna,Zophar,Moshe
Chamitoff,Jeremy,Zophar,Loren,Chamitoff,Deonte
Zophar,Alicia,Hilmers,Amna,Zophar,Moshe
Chamitoff,Adalberto,Zophar,Loren,Chamitoff,Deonte
Zophar,Gabriele,Hilmers,Amna,Zophar,Moshe
Chamitoff,Lamont,Zophar,Loren,Chamitoff,Deonte
Zophar,Patrice,Hilmers,Amna,Zophar,Moshe
Chamitoff,Gerardo,Zophar,Loren,Chamitoff,Deonte
Zophar,Fabiola,Hilmers,Amna,Zophar,Moshe
Chamitoff,Kaden,Zophar,Loren,Chamitoff,Deonte
Zophar,Tatiana,Hilmers,Amna,Zophar,Moshe
Chamitoff,Dashane,Zophar,Deserae,Chamitoff,Santos
Zophar,Faith,Hilmers,Amna,Zophar,Moshe
Chamitoff,Deonta,Zophar,Deserae,Chamitoff,Santos
Zophar,Savanna,Hilmers,Amna,Zophar,Moshe
Chamitoff,Tavon,Zophar,Deserae,Chamitoff,Santos
Zophar,Paula,Hilmers,Amna,Zophar,Moshe
Chamitoff,Austen,Zophar,Deserae,Chamitoff,Santos
Zophar,Aylssa,Hilmers,Amna,Zophar,Moshe
Chamitoff,Dorian,Zophar,Deserae,Chamitoff,Santos
Zophar,Desaree,Hilmers,Amna,Zophar,Moshe
Chamitoff,Saxon,Zophar,Deserae,Chamitoff,Santos
Zophar,Jacquelin,Hilmers,Kaydee,Zophar,Dexter
Chamitoff,Trey,Zophar,Deserae,Chamitoff,Santos
Zophar,Roxanne,Hilmers,Kaydee,Zophar,Dexter
Chamitoff,Samuel,Zophar,Deserae,Chamitoff,Santos
Zophar,Desiree,Hilmers,Kaydee,Zophar,Dexter
Chamitoff,Calvin,Zophar,Deserae,Chamitoff,Santos
Zophar,Baby,Hilmers,Kaydee,Zophar,Dexter
Mattingly,Mauricio,Zophar,Diana,Mattingly,Junior
Zophar,Raegan,Hilmers,Kaydee,Zophar,Dexter
Mattingly,Marquise,Zophar,Diana,Mattingly,Junior
Zophar,Elyse,Hilmers,Mileena,Zophar,Roy
Mattingly,Hudson,Zophar,Diana,Mattingly,Junior
Zophar,Katie,Hilmers,Mileena,Zophar,Roy
Mattingly,Roy,Zophar,Diana,Mattingly,Junior
Zophar,Christine,Hilmers,Mileena,Zophar,Roy
Mattingly,Conner,Zophar,Diana,Mattingly,Junior
Zophar,Janeth,Hilmers,Mileena,Zophar,Roy
Mattingly,Devonta,Zophar,Diana,Mattingly,Junior
Zophar,Kenya,Hilmers,Mileena,Zophar,Roy
Mattingly,Justyn,Zophar,Diana,Mattingly,Junior
Zophar,Jana,Hilmers,Mileena,Zophar,Roy
Mattingly,Emmett,Zophar,Diana,Mattingly,Junior
Zophar,Taelor,Hilmers,Mileena,Zophar,Roy
Mattingly,Davon,Zophar,Diana,Mattingly,Junior
Zophar,India,Hilmers,Ravin,Zophar,Isaiah
Mattingly,Gordon,Zophar,Diana,Mattingly,Junior
Zophar,Reagan,Hilmers,Ravin,Zophar,Isaiah
Mattingly,Kerry,Zophar,Diana,Mattingly,Junior
Zophar,Evelin,Hilmers,Ravin,Zophar,Isaiah
Mattingly,Gregory,Zophar,Diana,Mattingly,Junior
Zophar,Ebony,Hilmers,Ravin,Zophar,Isaiah
Mattingly,Bennie,Chamitoff,Unique,Mattingly,Barry
Zophar,Marilyn,Hilmers,Ravin,Zophar,Isaiah
Mattingly,Chaz,Chamitoff,Unique,Mattingly,Barry
Zophar,Cindy,Hilmers,Ravin,Zophar,Isaiah
Mattingly,Earl,Chamitoff,Unique,Mattingly,Barry
Zophar,Jada,Hilmers,Ravin,Zophar,Isaiah
Mattingly,Shan,Chamitoff,Unique,Mattingly,Barry
Zophar,Ariana,Hilmers,Ravin,Zophar,Isaiah
Mattingly,Jesse,Chamitoff,Unique,Mattingly,Barry
Zophar,Larissa,Hilmers,Ravin,Zophar,Isaiah
Mattingly,Zachary,Chamitoff,Unique,Mattingly,Barry
Zophar,Abigayle,Hilmers,Ravin,Zophar,Isaiah
Mattingly,Brogan,Chamitoff,Tierney,Mattingly,Alejandro
Zophar,Darby,Hilmers,Ravin,Zophar,Isaiah
Mattingly,Ethan,Chamitoff,Tierney,Mattingly,Alejandro
Chamitoff,Maegen,Hilmers,Lea,Chamitoff,Frederic
Mattingly,Cristopher,Chamitoff,Tierney,Mattingly,Alejandro
Chamitoff,Alesha,Hilmers,Lea,Chamitoff,Frederic
Mattingly,Sheldon,Chamitoff,Tierney,Mattingly,Alejandro
Chamitoff,Maia,Hilmers,Lea,Chamitoff,Frederic
Mattingly,Jed,Chamitoff,Tierney,Mattingly,Alejandro
Chamitoff,Shelley,Hilmers,Lea,Chamitoff,Frederic
Mattingly,Pierce,Chamitoff,Tierney,Mattingly,Alejandro
Chamitoff,Olivia,Hilmers,Keisha,Chamitoff,Raphael
Mattingly,Drew,Chamitoff,Tierney,Mattingly,Alejandro
Chamitoff,Clair,Hilmers,Keisha,Chamitoff,Raphael
Mattingly,Tyler,Chamitoff,Tierney,Mattingly,Alejandro
Chamitoff,Mariangeli,Hilmers,Keisha,Chamitoff,Raphael
Mattingly,Nathaniel,Chamitoff,Tierney,Mattingly,Alejandro
Chamitoff,Amy,Hilmers,Keisha,Chamitoff,Raphael
Mattingly,Justice,Chamitoff,Tierney,Mattingly,Alejandro
Chamitoff,Johana,Hilmers,Keisha,Chamitoff,Raphael
Mattingly,Errol,Chamitoff,Tierney,Mattingly,Alejandro
Chamitoff,Nereida,Zophar,Tamara,Chamitoff,Deandre
Mattingly,Franklin,Chamitoff,Micayla,Mattingly,Jaylen
Chamitoff,Yessica,Zophar,Tamara,Chamitoff,Deandre
Mattingly,Marvin,Chamitoff,Micayla,Mattingly,Jaylen
Chamitoff,Kaci,Zophar,Sunny,Chamitoff,Ricky
Mattingly,Hiram,Chamitoff,Micayla,Mattingly,Jaylen
Chamitoff,Jocelyn,Zophar,Sunny,Chamitoff,Ricky
Mattingly,Ivan,Chamitoff,Micayla,Mattingly,Jaylen
Chamitoff,Devonna,Zophar,Sunny,Chamitoff,Ricky
Mattingly,Devante,Chamitoff,Micayla,Mattingly,Jaylen
Chamitoff,Aireona,Zophar,Sunny,Chamitoff,Ricky
Mattingly,Giovanni,Chamitoff,Micayla,Mattingly,Jaylen
Chamitoff,Giselle,Zophar,Sunny,Chamitoff,Ricky
Mattingly,Desmond,Chamitoff,Micayla,Mattingly,Jaylen
Chamitoff,Anaya,Zophar,Sunny,Chamitoff,Ricky
Mattingly,Asher,Chamitoff,Micayla,Mattingly,Jaylen
Chamitoff,Chanelle,Zophar,Sunny,Chamitoff,Ricky
Mattingly,Robert,Chamitoff,Micayla,Mattingly,Jaylen
Chamitoff,Kassandra,Zophar,Hana,Chamitoff,Conor
Mattingly,Miles,Chamitoff,Micayla,Mattingly,Jaylen
Chamitoff,Chandler,Zophar,Devyn,Chamitoff,Jai
Mattingly,Aspen,Chamitoff,Micayla,Mattingly,Jaylen
Chamitoff,Kaycee,Zophar,Devyn,Chamitoff,Jai
Mattingly,Jeremiah,Chamitoff,Micayla,Mattingly,Jaylen
Chamitoff,Whitney,Zophar,Devyn,Chamitoff,Jai
Mattingly,Issac,Chamitoff,Micayla,Mattingly,Jaylen
Chamitoff,Adrianne,Zophar,Devyn,Chamitoff,Jai
Mattingly,Jermaine,Chamitoff,Micayla,Mattingly,Jaylen
Chamitoff,Karley,Zophar,Devyn,Chamitoff,Jai
Mattingly,Trace,Chamitoff,Micayla,Mattingly,Jaylen
Chamitoff,Cierra,Zophar,Devyn,Chamitoff,Jai
Mattingly,Yovani,Chamitoff,Micayla,Mattingly,Jaylen
Chamitoff,Lexi,Zophar,Devyn,Chamitoff,Jai
Mattingly,Irvin,Chamitoff,Micayla,Mattingly,Jaylen
Chamitoff,Arielle,Zophar,Cayla,Chamitoff,Shelby
Mattingly,Nickolas,Chamitoff,Micayla,Mattingly,Jaylen
Chamitoff,Yvette,Zophar,Cayla,Chamitoff,Shelby
Mattingly,Parker,Chamitoff,Myra,Mattingly,Christian
Chamitoff,Keara,Zophar,Cayla,Chamitoff,Shelby
Mattingly,Max,Chamitoff,Myra,Mattingly,Christian
Chamitoff,Esmeralda,Zophar,Cayla,Chamitoff,Shelby
Mattingly,Truman,Chamitoff,Myra,Mattingly,Christian
Chamitoff,Noah,Zophar,Cayla,Chamitoff,Shelby
Mattingly,Anders,Chamitoff,Myra,Mattingly,Christian
Chamitoff,Nathaly,Zophar,Cayla,Chamitoff,Shelby
Mattingly,Ron,Chamitoff,Myra,Mattingly,Christian
Chamitoff,Myesha,Zophar,Cayla,Chamitoff,Shelby
Mattingly,Alonzo,Chamitoff,Myra,Mattingly,Christian
Chamitoff,Kaitlyn,Zophar,Loren,Chamitoff,Deonte
Mattingly,Wesley,Chamitoff,Myra,Mattingly,Christian
Chamitoff,Payton,Zophar,Loren,Chamitoff,Deonte
Mattingly,Saul,Chamitoff,Myra,Mattingly,Christian
Chamitoff,Cheyann,Zophar,Loren,Chamitoff,Deonte
Mattingly,Larry,Chamitoff,Myra,Mattingly,Christian
Chamitoff,Callie,Zophar,Loren,Chamitoff,Deonte
Mattingly,Ahmed,Chamitoff,Myra,Mattingly,Christian
Chamitoff,Sommer,Zophar,Loren,Chamitoff,Deonte
Mattingly,Marcos,Chamitoff,Myra,Mattingly,Christian
Chamitoff,Maire,Zophar,Loren,Chamitoff,Deonte
Mattingly,Kamau,Chamitoff,Myra,Mattingly,Christian
Chamitoff,Kristen,Zophar,Deserae,Chamitoff,Santos
Mattingly,Jamir,Chamitoff,Myra,Mattingly,Christian
Chamitoff,Nichole,Zophar,Deserae,Chamitoff,Santos
Mattingly,Colbey,Chamitoff,Myra,Mattingly,Christian
Chamitoff,Onesha,Zophar,Deserae,Chamitoff,Santos
Mattingly,Charlie,Chamitoff,Myra,Mattingly,Christian
Chamitoff,Katelynn,Zophar,Deserae,Chamitoff,Santos
Mattingly,Diego,Chamitoff,Myra,Mattingly,Christian
Chamitoff,Leslie,Zophar,Deserae,Chamitoff,Santos
Mattingly,Carlos,Chamitoff,Myra,Mattingly,Christian
Chamitoff,Monique,Zophar,Deserae,Chamitoff,Santos
Mattingly,Oneil,Chamitoff,Micah,Mattingly,Nicholaus
Chamitoff,Tatum,Zophar,Deserae,Chamitoff,Santos
Mattingly,Perry,Chamitoff,Micah,Mattingly,Nicholaus
Chamitoff,Bryn,Zophar,Deserae,Chamitoff,Santos
Mattingly,Stewart,Chamitoff,Micah,Mattingly,Nicholaus
Chamitoff,Tamia,Zophar,Deserae,Chamitoff,Santos
Mattingly,Hector,Chamitoff,Micah,Mattingly,Nicholaus
Chamitoff,Angelika,Zophar,Deserae,Chamitoff,Santos
Mattingly,Alec,Chamitoff,Micah,Mattingly,Nicholaus
Chamitoff,Heidi,Zophar,Deserae,Chamitoff,Santos
Mattingly,Irfan,Chamitoff,Micah,Mattingly,Nicholaus
Mattingly,Odalys,Zophar,Diana,Mattingly,Junior
Mattingly,Sydney,Chamitoff,Micah,Mattingly,Nicholaus
Mattingly,Amari,Zophar,Diana,Mattingly,Junior
