Robinson,Jawaun,Bassett,Alexa,Robinson,River
Bassett,Terra,Allen,Aishah,Bassett,Avery
Truman,Vinh,Garfield,Kallee,Truman,Mohammad
Cernan,Chana,Williams,Marion,Cernan,Grady
Washington,Geordan,Harding,Kira,Washington,Ezequiel
Godwin,Jaquana,Harris,Chelsea,Godwin,Jashua
Kregel,Neil,Reisman,Xian,Kregel,Roman
Oefelein,Angle,Richards,Breanne,Oefelein,Jamal
Foale,Gunnar,Bluford,Maricela,Foale,Edward
Baker,Keyondra,Lindsey,Luz,Baker,Ezekiel
Massimino,Kameron,Shriver,Ruth,Massimino,Benny
Cabana,Kayley,Caldeiro,Marcela,Cabana,Dwayne
Beering,Levi,Hilliard,Reagan,Beering,Casey
Weitz,Tristan,Runco,Halee,Weitz,Deonte
Clifford,Dallin,Loria,Jeffrey,Clifford,Nicholas
Anderson,Katelin,Hartsfield,Kira,Anderson,Callahan
Slayton,Domonic,Hammond,Kaylyn,Slayton,Carl
Buchli,Latasha,Peterson,Brandy,Buchli,Jamal
Richards,Korey,McDivitt,Yessenia,Richards,Ramiro
Caldeiro,Mariah,Cutter,Ali,Caldeiro,Idris
Mastracchio,Darrion,Akers,Priscilla,Mastracchio,Devontae
Mitchell,Payton,Pflugel,Kendyl,Mitchell,Frankie
Robinson,Sidney,Bassett,Terra,Robinson,Jawaun
Chilton,Reyanna,Evans,Tyra,Chilton,Marcos
Robinson,Devonte,Bassett,Terra,Robinson,Jawaun
Griggs,Janesha,Carpenter,Alice,Griggs,Spenser
Robinson,Casey,Bassett,Terra,Robinson,Jawaun
Bassett,Shauna,Aldrin,Ana,Bassett,Tony
Robinson,Tayler,Bassett,Terra,Robinson,Jawaun
Taylor,Bobbie,Grissom,Alyssa,Taylor,Calvin
Truman,Calvin,Cernan,Chana,Truman,Vinh
Grout,Fabiola,Grabe,Pamela,Grout,Jayce
Truman,Jevon,Cernan,Chana,Truman,Vinh
Barry,Madeline,Wolf,Shiane,Barry,Paris
Truman,Zane,Cernan,Chana,Truman,Vinh
Eisenhower,Presley,Weitz,Evangelina,Eisenhower,Jonah
Truman,Warren,Cernan,Chana,Truman,Vinh
Hoover,Leandra,Henricks,Sommer,Hoover,Carlos
Truman,Josie,Cernan,Chana,Truman,Vinh
Robinson,Valentina,Bassett,Terra,Robinson,Jawaun
Truman,Guy,Cernan,Chana,Truman,Vinh
Robinson,Adriana,Bassett,Terra,Robinson,Jawaun
Truman,Santana,Cernan,Chana,Truman,Vinh
Robinson,Robin,Bassett,Terra,Robinson,Jawaun
Truman,Clifford,Cernan,Chana,Truman,Vinh
Robinson,Jesslyn,Bassett,Terra,Robinson,Jawaun
Truman,Arthur,Cernan,Chana,Truman,Vinh
Robinson,Isabel,Bassett,Terra,Robinson,Jawaun
Truman,Ahmed,Cernan,Chana,Truman,Vinh
Robinson,Barbara,Bassett,Terra,Robinson,Jawaun
Truman,Gage,Cernan,Chana,Truman,Vinh
Truman,Mykelle,Cernan,Chana,Truman,Vinh
Washington,Steve,Godwin,Jaquana,Washington,Geordan
Truman,Damaris,Cernan,Chana,Truman,Vinh
Washington,Ibrahim,Godwin,Jaquana,Washington,Geordan
Truman,Clara,Cernan,Chana,Truman,Vinh
Washington,Juancarlos,Godwin,Jaquana,Washington,Geordan
Truman,Amy,Cernan,Chana,Truman,Vinh
Kregel,Jai,Oefelein,Angle,Kregel,Neil
Truman,Kristina,Cernan,Chana,Truman,Vinh
Kregel,Oliver,Oefelein,Angle,Kregel,Neil
Truman,Norma,Cernan,Chana,Truman,Vinh
Kregel,Keagan,Oefelein,Angle,Kregel,Neil
Truman,Paloma,Cernan,Chana,Truman,Vinh
Kregel,Bret,Oefelein,Angle,Kregel,Neil
Washington,Sage,Godwin,Jaquana,Washington,Geordan
Kregel,Jordin,Oefelein,Angle,Kregel,Neil
Washington,Madelyn,Godwin,Jaquana,Washington,Geordan
Kregel,Emiliano,Oefelein,Angle,Kregel,Neil
Washington,Theresa,Godwin,Jaquana,Washington,Geordan
Foale,Britton,Baker,Keyondra,Foale,Gunnar
Washington,Lesley,Godwin,Jaquana,Washington,Geordan
Foale,Zachery,Baker,Keyondra,Foale,Gunnar
Washington,Georgia,Godwin,Jaquana,Washington,Geordan
Foale,Damion,Baker,Keyondra,Foale,Gunnar
Washington,Tierra,Godwin,Jaquana,Washington,Geordan
Foale,Romello,Baker,Keyondra,Foale,Gunnar
Washington,Dorian,Godwin,Jaquana,Washington,Geordan
Foale,Jed,Baker,Keyondra,Foale,Gunnar
Kregel,Flor,Oefelein,Angle,Kregel,Neil
Foale,Freddy,Baker,Keyondra,Foale,Gunnar
Kregel,Karli,Oefelein,Angle,Kregel,Neil
Massimino,Raequan,Cabana,Kayley,Massimino,Kameron
Kregel,Keely,Oefelein,Angle,Kregel,Neil
Massimino,Santos,Cabana,Kayley,Massimino,Kameron
Kregel,Desiree,Oefelein,Angle,Kregel,Neil
Beering,Maverick,Weitz,Tristan,Beering,Levi
Kregel,Carolina,Oefelein,Angle,Kregel,Neil
Beering,Keifer,Weitz,Tristan,Beering,Levi
Foale,Robyn,Baker,Keyondra,Foale,Gunnar
Beering,Soren,Weitz,Tristan,Beering,Levi
Foale,Christina,Baker,Keyondra,Foale,Gunnar
Beering,Clayton,Weitz,Tristan,Beering,Levi
Foale,Aesha,Baker,Keyondra,Foale,Gunnar
Beering,Donte,Weitz,Tristan,Beering,Levi
Foale,Eva,Baker,Keyondra,Foale,Gunnar
Clifford,Victor,Anderson,Katelin,Clifford,Dallin
Foale,Tiara,Baker,Keyondra,Foale,Gunnar
Clifford,Phillip,Anderson,Katelin,Clifford,Dallin
Foale,Kayleigh,Baker,Keyondra,Foale,Gunnar
Clifford,Braydon,Anderson,Katelin,Clifford,Dallin
Foale,Mariah,Baker,Keyondra,Foale,Gunnar
Clifford,Mariano,Anderson,Katelin,Clifford,Dallin
Foale,Maeghan,Baker,Keyondra,Foale,Gunnar
Slayton,Earl,Buchli,Latasha,Slayton,Domonic
Massimino,Karla,Cabana,Kayley,Massimino,Kameron
Slayton,Terrence,Buchli,Latasha,Slayton,Domonic
Massimino,Kassidy,Cabana,Kayley,Massimino,Kameron
Slayton,Terry,Buchli,Latasha,Slayton,Domonic
Massimino,Ayanna,Cabana,Kayley,Massimino,Kameron
Slayton,Freeman,Buchli,Latasha,Slayton,Domonic
Beering,Maegan,Weitz,Tristan,Beering,Levi
Richards,Zaquan,Caldeiro,Mariah,Richards,Korey
Clifford,Caitlan,Anderson,Katelin,Clifford,Dallin
Richards,Coy,Caldeiro,Mariah,Richards,Korey
Clifford,Emilia,Anderson,Katelin,Clifford,Dallin
Richards,Kayle,Caldeiro,Mariah,Richards,Korey
Clifford,Imelda,Anderson,Katelin,Clifford,Dallin
Mastracchio,Tony,Mitchell,Payton,Mastracchio,Darrion
Clifford,Maegan,Anderson,Katelin,Clifford,Dallin
Mastracchio,Landon,Mitchell,Payton,Mastracchio,Darrion
Clifford,Anamarie,Anderson,Katelin,Clifford,Dallin
Mastracchio,Barry,Mitchell,Payton,Mastracchio,Darrion
Clifford,Logan,Anderson,Katelin,Clifford,Dallin
Robinson,Joan,Chilton,Reyanna,Robinson,Sidney
Clifford,Yessica,Anderson,Katelin,Clifford,Dallin
Robinson,Zaire,Chilton,Reyanna,Robinson,Sidney
Clifford,Colby,Anderson,Katelin,Clifford,Dallin
Robinson,Anthony,Chilton,Reyanna,Robinson,Sidney
Slayton,Alisha,Buchli,Latasha,Slayton,Domonic
Robinson,Rey,Griggs,Janesha,Robinson,Devonte
Slayton,Madison,Buchli,Latasha,Slayton,Domonic
Robinson,Augustus,Griggs,Janesha,Robinson,Devonte
Slayton,Aria,Buchli,Latasha,Slayton,Domonic
Robinson,Bruce,Bassett,Shauna,Robinson,Casey
Slayton,Caroline,Buchli,Latasha,Slayton,Domonic
Robinson,Leo,Bassett,Shauna,Robinson,Casey
Mastracchio,Jordan,Mitchell,Payton,Mastracchio,Darrion
Robinson,Mike,Bassett,Shauna,Robinson,Casey
Mastracchio,Ellie,Mitchell,Payton,Mastracchio,Darrion
Robinson,Maliki,Bassett,Shauna,Robinson,Casey
Mastracchio,Grace,Mitchell,Payton,Mastracchio,Darrion
Robinson,Jerome,Bassett,Shauna,Robinson,Casey
Mastracchio,Paola,Mitchell,Payton,Mastracchio,Darrion
Robinson,Leonardo,Taylor,Bobbie,Robinson,Tayler
Mastracchio,Maranda,Mitchell,Payton,Mastracchio,Darrion
Robinson,Clint,Taylor,Bobbie,Robinson,Tayler
Mastracchio,Cameron,Mitchell,Payton,Mastracchio,Darrion
Robinson,Tomas,Taylor,Bobbie,Robinson,Tayler
Robinson,Alejandra,Chilton,Reyanna,Robinson,Sidney
Robinson,Stephon,Taylor,Bobbie,Robinson,Tayler
Robinson,Erika,Chilton,Reyanna,Robinson,Sidney
Robinson,Shareef,Taylor,Bobbie,Robinson,Tayler
Robinson,Nathaly,Chilton,Reyanna,Robinson,Sidney
Truman,Devante,Grout,Fabiola,Truman,Calvin
Robinson,Alice,Chilton,Reyanna,Robinson,Sidney
Truman,Juan,Grout,Fabiola,Truman,Calvin
Robinson,Alison,Chilton,Reyanna,Robinson,Sidney
Truman,Tobias,Grout,Fabiola,Truman,Calvin
Robinson,Kierra,Griggs,Janesha,Robinson,Devonte
Truman,Colton,Grout,Fabiola,Truman,Calvin
Robinson,Karah,Griggs,Janesha,Robinson,Devonte
Truman,Dorian,Grout,Fabiola,Truman,Calvin
Robinson,Fiona,Griggs,Janesha,Robinson,Devonte
Truman,Mario,Grout,Fabiola,Truman,Calvin
Robinson,Tatyana,Griggs,Janesha,Robinson,Devonte
Truman,Cristian,Grout,Fabiola,Truman,Calvin
Robinson,Marisol,Griggs,Janesha,Robinson,Devonte
Truman,Francesco,Grout,Fabiola,Truman,Calvin
Robinson,Shaniah,Griggs,Janesha,Robinson,Devonte
Truman,Ignacio,Grout,Fabiola,Truman,Calvin
Robinson,Tia,Bassett,Shauna,Robinson,Casey
Truman,Spencer,Grout,Fabiola,Truman,Calvin
Robinson,Tiana,Bassett,Shauna,Robinson,Casey
Truman,Barry,Barry,Madeline,Truman,Jevon
Robinson,Lesley,Bassett,Shauna,Robinson,Casey
Truman,Anthoni,Barry,Madeline,Truman,Jevon
Robinson,Devany,Bassett,Shauna,Robinson,Casey
Truman,Ezra,Barry,Madeline,Truman,Jevon
Robinson,Carolyn,Bassett,Shauna,Robinson,Casey
Truman,Joel,Barry,Madeline,Truman,Jevon
Robinson,Stacie,Bassett,Shauna,Robinson,Casey
Truman,Kristopher,Barry,Madeline,Truman,Jevon
Robinson,Marysol,Bassett,Shauna,Robinson,Casey
Truman,Landin,Barry,Madeline,Truman,Jevon
Robinson,Maddison,Bassett,Shauna,Robinson,Casey
Truman,Daylon,Barry,Madeline,Truman,Jevon
Robinson,Blaine,Bassett,Shauna,Robinson,Casey
Truman,Collin,Barry,Madeline,Truman,Jevon
Robinson,Alaina,Taylor,Bobbie,Robinson,Tayler
Truman,Gordon,Eisenhower,Presley,Truman,Zane
Robinson,Xiomara,Taylor,Bobbie,Robinson,Tayler
Truman,Wayne,Eisenhower,Presley,Truman,Zane
Truman,Asha,Grout,Fabiola,Truman,Calvin
Truman,Josue,Eisenhower,Presley,Truman,Zane
Truman,Cambria,Grout,Fabiola,Truman,Calvin
Truman,Anibal,Eisenhower,Presley,Truman,Zane
Truman,Sabrina,Grout,Fabiola,Truman,Calvin
Truman,Luke,Eisenhower,Presley,Truman,Zane
Truman,Kyra,Grout,Fabiola,Truman,Calvin
Bassett,Avery,Allen,Aishah,Robinson,River,Boilermaker
Truman,Norman,Eisenhower,Presley,Truman,Zane
Truman,Simone,Grout,Fabiola,Truman,Calvin
Truman,Bryce,Eisenhower,Presley,Truman,Zane
Truman,Delaney,Grout,Fabiola,Truman,Calvin
Truman,Ali,Eisenhower,Presley,Truman,Zane
Truman,Tyler,Grout,Fabiola,Truman,Calvin
Truman,Campbell,Eisenhower,Presley,Truman,Zane
Truman,Gwendolyn,Grout,Fabiola,Truman,Calvin
Truman,Anders,Eisenhower,Presley,Truman,Zane
Truman,Kaitlynn,Grout,Fabiola,Truman,Calvin
Truman,Chris,Hoover,Leandra,Truman,Warren
Truman,Nathalie,Barry,Madeline,Truman,Jevon
Truman,Menachem,Hoover,Leandra,Truman,Warren
Truman,Kiera,Barry,Madeline,Truman,Jevon
Truman,Alden,Hoover,Leandra,Truman,Warren
Truman,Claire,Barry,Madeline,Truman,Jevon
Truman,Trevor,Hoover,Leandra,Truman,Warren
Truman,Debbie,Barry,Madeline,Truman,Jevon
Truman,Omar,Hoover,Leandra,Truman,Warren
Truman,Krystal,Barry,Madeline,Truman,Jevon
Truman,Paul,Hoover,Leandra,Truman,Warren
Truman,Diana,Barry,Madeline,Truman,Jevon
Truman,Julio,Robinson,Valentina,Truman,Josie
Truman,Yasmine,Barry,Madeline,Truman,Jevon
Truman,Demetrius,Robinson,Valentina,Truman,Josie
Truman,Joanna,Barry,Madeline,Truman,Jevon
Truman,Alex,Robinson,Valentina,Truman,Josie
Truman,Kiana,Eisenhower,Presley,Truman,Zane
Truman,Aiden,Robinson,Valentina,Truman,Josie
Truman,Ivelisse,Eisenhower,Presley,Truman,Zane
Truman,Jarod,Robinson,Valentina,Truman,Josie
Truman,Chase,Eisenhower,Presley,Truman,Zane
Truman,Adrian,Robinson,Valentina,Truman,Josie
Truman,Kaylyn,Eisenhower,Presley,Truman,Zane
Truman,Coleman,Robinson,Valentina,Truman,Josie
Truman,Keri,Hoover,Leandra,Truman,Warren
Truman,Colt,Robinson,Valentina,Truman,Josie
Truman,Jessika,Hoover,Leandra,Truman,Warren
Truman,Thomas,Robinson,Adriana,Truman,Guy
Truman,Tyeisha,Hoover,Leandra,Truman,Warren
Truman,Irfan,Robinson,Adriana,Truman,Guy
Truman,Madilyn,Hoover,Leandra,Truman,Warren
Truman,Ryen,Robinson,Adriana,Truman,Guy
Truman,Keyondra,Hoover,Leandra,Truman,Warren
Truman,Ted,Robinson,Adriana,Truman,Guy
Truman,Kira,Hoover,Leandra,Truman,Warren
Truman,Christen,Robinson,Robin,Truman,Santana
Truman,Katheryn,Hoover,Leandra,Truman,Warren
Truman,Ethan,Robinson,Robin,Truman,Santana
Truman,Mayra,Robinson,Valentina,Truman,Josie
Truman,Dustin,Robinson,Robin,Truman,Santana
Truman,Juanita,Robinson,Valentina,Truman,Josie
Truman,Cyrus,Robinson,Robin,Truman,Santana
Truman,Joceline,Robinson,Valentina,Truman,Josie
Truman,Shawn,Robinson,Robin,Truman,Santana
Truman,Jade,Robinson,Valentina,Truman,Josie
Truman,Shaun,Robinson,Robin,Truman,Santana
Truman,Joselyn,Robinson,Valentina,Truman,Josie
Truman,Justin,Robinson,Robin,Truman,Santana
Truman,Dania,Robinson,Valentina,Truman,Josie
Truman,Claudio,Robinson,Jesslyn,Truman,Clifford
Truman,Shayla,Robinson,Valentina,Truman,Josie
Truman,Gilbert,Robinson,Jesslyn,Truman,Clifford
Truman,Susan,Robinson,Valentina,Truman,Josie
Truman,Ravon,Robinson,Jesslyn,Truman,Clifford
Truman,Gilda,Robinson,Valentina,Truman,Josie
Truman,Frank,Robinson,Jesslyn,Truman,Clifford
Truman,Sarina,Robinson,Adriana,Truman,Guy
Truman,Rafael,Robinson,Isabel,Truman,Arthur
Truman,Molly,Robinson,Adriana,Truman,Guy
Truman,Carl,Robinson,Isabel,Truman,Arthur
Truman,Christa,Robinson,Adriana,Truman,Guy
Truman,Raphael,Robinson,Barbara,Truman,Ahmed
Truman,Rani,Robinson,Adriana,Truman,Guy
Truman,Markell,Robinson,Barbara,Truman,Ahmed
Truman,Virginia,Robinson,Adriana,Truman,Guy
Truman,Ahmad,Robinson,Barbara,Truman,Ahmed
Truman,Annie,Robinson,Adriana,Truman,Guy
Truman,Rodolfo,Robinson,Barbara,Truman,Ahmed
Truman,Reilly,Robinson,Adriana,Truman,Guy
Truman,Courtney,Washington,Sage,Truman,Gage
Truman,Alani,Robinson,Adriana,Truman,Guy
Truman,Denver,Washington,Sage,Truman,Gage
Truman,Anna,Robinson,Adriana,Truman,Guy
Truman,Cristopher,Washington,Sage,Truman,Gage
Truman,Maire,Robinson,Adriana,Truman,Guy
Truman,Leonardo,Washington,Sage,Truman,Gage
Truman,Alisha,Robinson,Adriana,Truman,Guy
Truman,Carson,Washington,Sage,Truman,Gage
Truman,Danika,Robinson,Adriana,Truman,Guy
Truman,Rasheed,Washington,Sage,Truman,Gage
Truman,Lourdes,Robinson,Robin,Truman,Santana
Truman,Salvatore,Washington,Sage,Truman,Gage
Truman,Macy,Robinson,Robin,Truman,Santana
Truman,Tristin,Washington,Sage,Truman,Gage
Truman,Tiffani,Robinson,Robin,Truman,Santana
Truman,Ulysses,Washington,Sage,Truman,Gage
Truman,Cailin,Robinson,Robin,Truman,Santana
Truman,Dan,Washington,Sage,Truman,Gage
Truman,Tania,Robinson,Robin,Truman,Santana
Washington,Ladarius,Truman,Mykelle,Washington,Steve
Truman,Katelynn,Robinson,Jesslyn,Truman,Clifford
Washington,Edgardo,Truman,Mykelle,Washington,Steve
Truman,Breanna,Robinson,Jesslyn,Truman,Clifford
Washington,Jean,Truman,Mykelle,Washington,Steve
Truman,Brynn,Robinson,Jesslyn,Truman,Clifford
Washington,Clay,Truman,Mykelle,Washington,Steve
Truman,Marivel,Robinson,Jesslyn,Truman,Clifford
Washington,Austen,Truman,Mykelle,Washington,Steve
Truman,Athena,Robinson,Jesslyn,Truman,Clifford
Washington,Micheal,Truman,Mykelle,Washington,Steve
Truman,Kayleigh,Robinson,Jesslyn,Truman,Clifford
Washington,Zaire,Truman,Mykelle,Washington,Steve
Truman,Vivien,Robinson,Isabel,Truman,Arthur
Washington,Grant,Truman,Mykelle,Washington,Steve
Truman,Yahaira,Robinson,Isabel,Truman,Arthur
Washington,Jordon,Truman,Damaris,Washington,Ibrahim
Truman,Imani,Robinson,Isabel,Truman,Arthur
Washington,Kamau,Truman,Damaris,Washington,Ibrahim
Truman,Jacquelyn,Robinson,Isabel,Truman,Arthur
Washington,Giovanni,Truman,Damaris,Washington,Ibrahim
Truman,Chloe,Robinson,Isabel,Truman,Arthur
Washington,Nigel,Truman,Damaris,Washington,Ibrahim
Truman,Alyson,Robinson,Isabel,Truman,Arthur
Washington,Ameer,Truman,Damaris,Washington,Ibrahim
Truman,Courteney,Robinson,Barbara,Truman,Ahmed
Washington,Louis,Truman,Damaris,Washington,Ibrahim
Truman,Leah,Robinson,Barbara,Truman,Ahmed
Washington,Carter,Truman,Clara,Washington,Juancarlos
Truman,Nakia,Washington,Sage,Truman,Gage
Washington,Arturo,Truman,Clara,Washington,Juancarlos
Truman,Rayna,Washington,Sage,Truman,Gage
Washington,Claudio,Truman,Clara,Washington,Juancarlos
Truman,Cara,Washington,Sage,Truman,Gage
Washington,Philip,Truman,Clara,Washington,Juancarlos
Truman,Meghan,Washington,Sage,Truman,Gage
Washington,Tevin,Truman,Clara,Washington,Juancarlos
Truman,Ellie,Washington,Sage,Truman,Gage
Washington,Terry,Truman,Clara,Washington,Juancarlos
Truman,Josephine,Washington,Sage,Truman,Gage
Kregel,Markus,Truman,Amy,Kregel,Jai
Truman,Christina,Washington,Sage,Truman,Gage
Kregel,Cade,Truman,Amy,Kregel,Jai
Washington,Carmela,Truman,Mykelle,Washington,Steve
Kregel,Jakob,Truman,Amy,Kregel,Jai
Washington,Beatriz,Truman,Mykelle,Washington,Steve
Kregel,Javen,Truman,Amy,Kregel,Jai
Washington,Shawn,Truman,Mykelle,Washington,Steve
Kregel,Freeman,Truman,Amy,Kregel,Jai
Washington,Tawny,Truman,Mykelle,Washington,Steve
Kregel,Troy,Truman,Amy,Kregel,Jai
Washington,Autumn,Truman,Mykelle,Washington,Steve
Kregel,Calib,Truman,Amy,Kregel,Jai
Washington,Julie,Truman,Mykelle,Washington,Steve
Kregel,Domonic,Truman,Amy,Kregel,Jai
Washington,Kandice,Truman,Mykelle,Washington,Steve
Kregel,Everett,Truman,Kristina,Kregel,Oliver
Washington,Tania,Truman,Mykelle,Washington,Steve
Kregel,Quinn,Truman,Kristina,Kregel,Oliver
Washington,Estefany,Truman,Mykelle,Washington,Steve
Kregel,Saxon,Truman,Kristina,Kregel,Oliver
Washington,Amna,Truman,Mykelle,Washington,Steve
Kregel,Jake,Truman,Kristina,Kregel,Oliver
Washington,Baily,Truman,Mykelle,Washington,Steve
Kregel,Oneil,Truman,Kristina,Kregel,Oliver
Washington,Camelia,Truman,Damaris,Washington,Ibrahim
Kregel,Wesley,Truman,Kristina,Kregel,Oliver
Washington,Mona,Truman,Damaris,Washington,Ibrahim
Kregel,Mauro,Truman,Kristina,Kregel,Oliver
Washington,Margarita,Truman,Damaris,Washington,Ibrahim
Kregel,Kareem,Truman,Kristina,Kregel,Oliver
Washington,Shakira,Truman,Damaris,Washington,Ibrahim
Kregel,Dandre,Truman,Norma,Kregel,Keagan
Washington,Shaina,Truman,Damaris,Washington,Ibrahim
Kregel,Matthew,Truman,Norma,Kregel,Keagan
Washington,Kassidy,Truman,Damaris,Washington,Ibrahim
Kregel,Jayson,Truman,Norma,Kregel,Keagan
Washington,Jaden,Truman,Damaris,Washington,Ibrahim
Kregel,Dominic,Truman,Norma,Kregel,Keagan
Washington,Brandi,Truman,Damaris,Washington,Ibrahim
Kregel,Ali,Truman,Norma,Kregel,Keagan
Washington,Farrah,Truman,Damaris,Washington,Ibrahim
Kregel,Tyree,Truman,Norma,Kregel,Keagan
Washington,Cherie,Truman,Clara,Washington,Juancarlos
Kregel,German,Truman,Norma,Kregel,Keagan
Washington,Erin,Truman,Clara,Washington,Juancarlos
Kregel,Bo,Truman,Norma,Kregel,Keagan
Washington,Macey,Truman,Clara,Washington,Juancarlos
Kregel,Jairus,Truman,Norma,Kregel,Keagan
Washington,Lillie,Truman,Clara,Washington,Juancarlos
Kregel,Chris,Truman,Paloma,Kregel,Bret
Washington,Rubi,Truman,Clara,Washington,Juancarlos
Kregel,Adrian,Truman,Paloma,Kregel,Bret
Washington,Reyanna,Truman,Clara,Washington,Juancarlos
Kregel,Perry,Truman,Paloma,Kregel,Bret
Kregel,Melisa,Truman,Amy,Kregel,Jai
Kregel,Shemar,Truman,Paloma,Kregel,Bret
Kregel,Maire,Truman,Amy,Kregel,Jai
Kregel,Beau,Truman,Paloma,Kregel,Bret
Kregel,Jean,Truman,Kristina,Kregel,Oliver
Kregel,Dakotah,Truman,Paloma,Kregel,Bret
Kregel,Shoshana,Truman,Kristina,Kregel,Oliver
Kregel,Clifford,Truman,Paloma,Kregel,Bret
Kregel,Jesslyn,Truman,Kristina,Kregel,Oliver
Kregel,Moises,Truman,Paloma,Kregel,Bret
Kregel,Kaylin,Truman,Kristina,Kregel,Oliver
Kregel,Bernard,Truman,Paloma,Kregel,Bret
Kregel,Linda,Truman,Kristina,Kregel,Oliver
Kregel,Salvatore,Truman,Paloma,Kregel,Bret
Kregel,Callie,Truman,Norma,Kregel,Keagan
Kregel,Orlando,Washington,Madelyn,Kregel,Jordin
Kregel,Gianna,Truman,Norma,Kregel,Keagan
Kregel,Cristopher,Washington,Madelyn,Kregel,Jordin
Kregel,Kayland,Truman,Paloma,Kregel,Bret
Kregel,Alex,Washington,Madelyn,Kregel,Jordin
Kregel,Veronica,Truman,Paloma,Kregel,Bret
Kregel,Ashton,Washington,Madelyn,Kregel,Jordin
Kregel,Terri,Truman,Paloma,Kregel,Bret
Kregel,Devan,Washington,Theresa,Kregel,Emiliano
Kregel,Cierra,Truman,Paloma,Kregel,Bret
Kregel,Kurt,Washington,Theresa,Kregel,Emiliano
Kregel,Donisha,Truman,Paloma,Kregel,Bret
Kregel,Walker,Washington,Theresa,Kregel,Emiliano
Kregel,Yvonne,Truman,Paloma,Kregel,Bret
Kregel,Zackery,Washington,Theresa,Kregel,Emiliano
Kregel,Angela,Truman,Paloma,Kregel,Bret
Kregel,Kayvon,Washington,Theresa,Kregel,Emiliano
Kregel,Patricia,Truman,Paloma,Kregel,Bret
Kregel,Landon,Washington,Theresa,Kregel,Emiliano
Kregel,Joselin,Truman,Paloma,Kregel,Bret
Kregel,Steven,Washington,Theresa,Kregel,Emiliano
Kregel,Taelor,Washington,Madelyn,Kregel,Jordin
Kregel,Dale,Washington,Theresa,Kregel,Emiliano
Kregel,Jayda,Washington,Theresa,Kregel,Emiliano
Kregel,Randy,Washington,Theresa,Kregel,Emiliano
Kregel,Eden,Washington,Theresa,Kregel,Emiliano
Kregel,Campbell,Washington,Theresa,Kregel,Emiliano
Kregel,Isadora,Washington,Theresa,Kregel,Emiliano
Kregel,Norman,Washington,Theresa,Kregel,Emiliano
Kregel,Rosemarie,Washington,Theresa,Kregel,Emiliano
Kregel,Carl,Washington,Theresa,Kregel,Emiliano
Kregel,Jessie,Washington,Theresa,Kregel,Emiliano
Foale,Kristopher,Washington,Lesley,Foale,Britton
Kregel,Taylor,Washington,Theresa,Kregel,Emiliano
Foale,Gerard,Washington,Lesley,Foale,Britton
Foale,Khaliah,Washington,Lesley,Foale,Britton
Foale,Howard,Washington,Lesley,Foale,Britton
Foale,Rosalinda,Washington,Lesley,Foale,Britton
Foale,Emmett,Washington,Lesley,Foale,Britton
Foale,Stacie,Washington,Lesley,Foale,Britton
Foale,Lamar,Washington,Lesley,Foale,Britton
Foale,Tamra,Washington,Lesley,Foale,Britton
Foale,Marielle,Washington,Lesley,Foale,Britton
Foale,Kimberlee,Washington,Lesley,Foale,Britton
Foale,Theodore,Washington,Lesley,Foale,Britton
Foale,Anne,Washington,Lesley,Foale,Britton
Foale,Johnathan,Washington,Lesley,Foale,Britton
Foale,Shianne,Washington,Lesley,Foale,Britton
Foale,Sebastien,Washington,Lesley,Foale,Britton
Foale,Nathaly,Washington,Georgia,Foale,Zachery
Foale,Santos,Washington,Georgia,Foale,Zachery
Foale,Yajayra,Washington,Georgia,Foale,Zachery
Foale,Lauren,Washington,Georgia,Foale,Zachery
Foale,Marlen,Washington,Georgia,Foale,Zachery
Foale,Shmuel,Washington,Georgia,Foale,Zachery
Foale,Nia,Washington,Georgia,Foale,Zachery
Foale,Trevor,Washington,Georgia,Foale,Zachery
Foale,Yahaira,Washington,Georgia,Foale,Zachery
Foale,Aiden,Washington,Georgia,Foale,Zachery
Foale,Marelyn,Washington,Georgia,Foale,Zachery
Foale,Shawn,Washington,Georgia,Foale,Zachery
Foale,Aidan,Washington,Georgia,Foale,Zachery
Foale,Austyn,Washington,Tierra,Foale,Damion
Foale,Annmarie,Washington,Georgia,Foale,Zachery
Foale,James,Washington,Tierra,Foale,Damion
Foale,Morgen,Washington,Tierra,Foale,Damion
Foale,Kyle,Washington,Tierra,Foale,Damion
Foale,Kyla,Washington,Tierra,Foale,Damion
Foale,Alberto,Washington,Tierra,Foale,Damion
Foale,Viviana,Washington,Tierra,Foale,Damion
Foale,Skylar,Washington,Dorian,Foale,Romello
Foale,Latosha,Washington,Tierra,Foale,Damion
Foale,Stewart,Kregel,Flor,Foale,Jed
Foale,Kristie,Washington,Dorian,Foale,Romello
Foale,Spenser,Kregel,Flor,Foale,Jed
Foale,Devonna,Washington,Dorian,Foale,Romello
Foale,Benito,Kregel,Flor,Foale,Jed
Foale,Chantal,Washington,Dorian,Foale,Romello
Foale,Cesar,Kregel,Flor,Foale,Jed
Foale,Rikki,Washington,Dorian,Foale,Romello
Foale,Kendall,Kregel,Flor,Foale,Jed
Foale,Micayla,Washington,Dorian,Foale,Romello
Foale,Eugene,Kregel,Karli,Foale,Freddy
Foale,Destiny,Washington,Dorian,Foale,Romello
Foale,Dantae,Kregel,Karli,Foale,Freddy
Foale,Makaila,Kregel,Flor,Foale,Jed
Massimino,Xzavier,Kregel,Keely,Massimino,Raequan
Foale,Bryn,Kregel,Flor,Foale,Jed
Massimino,Heriberto,Kregel,Keely,Massimino,Raequan
Foale,Angelica,Kregel,Flor,Foale,Jed
Massimino,Colt,Kregel,Keely,Massimino,Raequan
Foale,Katelin,Kregel,Flor,Foale,Jed
Massimino,Roberto,Kregel,Keely,Massimino,Raequan
Foale,Michel,Kregel,Flor,Foale,Jed
Massimino,Jordon,Kregel,Desiree,Massimino,Santos
Foale,Juliana,Kregel,Flor,Foale,Jed
Massimino,Garett,Kregel,Desiree,Massimino,Santos
Foale,Jana,Kregel,Flor,Foale,Jed
Massimino,Seamus,Kregel,Desiree,Massimino,Santos
Foale,Elizabet,Kregel,Flor,Foale,Jed
Massimino,Javier,Kregel,Desiree,Massimino,Santos
Foale,Camille,Kregel,Flor,Foale,Jed
Massimino,Jeffery,Kregel,Desiree,Massimino,Santos
Foale,Rebekkah,Kregel,Karli,Foale,Freddy
Massimino,Jed,Kregel,Desiree,Massimino,Santos
Foale,Chastity,Kregel,Karli,Foale,Freddy
Massimino,Lawrence,Kregel,Desiree,Massimino,Santos
Massimino,Keira,Kregel,Keely,Massimino,Raequan
Massimino,Jerry,Kregel,Desiree,Massimino,Santos
Massimino,Sherridan,Kregel,Keely,Massimino,Raequan
Massimino,Ted,Kregel,Desiree,Massimino,Santos
Massimino,Halee,Kregel,Keely,Massimino,Raequan
Massimino,Deanthony,Kregel,Desiree,Massimino,Santos
Massimino,Chantal,Kregel,Keely,Massimino,Raequan
Massimino,Brody,Kregel,Desiree,Massimino,Santos
Massimino,Mikyla,Kregel,Desiree,Massimino,Santos
Beering,Nicolas,Kregel,Carolina,Beering,Maverick
Massimino,Jewel,Kregel,Desiree,Massimino,Santos
Beering,Joey,Kregel,Carolina,Beering,Maverick
Massimino,Madilyn,Kregel,Desiree,Massimino,Santos
Beering,Richie,Kregel,Carolina,Beering,Maverick
Massimino,Josephine,Kregel,Desiree,Massimino,Santos
Beering,Agustin,Kregel,Carolina,Beering,Maverick
Massimino,Joelle,Kregel,Desiree,Massimino,Santos
Beering,Branden,Kregel,Carolina,Beering,Maverick
Massimino,Carmelita,Kregel,Desiree,Massimino,Santos
Beering,Marques,Kregel,Carolina,Beering,Maverick
Massimino,Luna,Kregel,Desiree,Massimino,Santos
Beering,Bryson,Kregel,Carolina,Beering,Maverick
Massimino,Kianna,Kregel,Desiree,Massimino,Santos
Beering,Royce,Kregel,Carolina,Beering,Maverick
Massimino,Sierra,Kregel,Desiree,Massimino,Santos
Beering,Triston,Kregel,Carolina,Beering,Maverick
Beering,Shelley,Kregel,Carolina,Beering,Maverick
Beering,Riley,Kregel,Carolina,Beering,Maverick
Beering,Beverly,Kregel,Carolina,Beering,Maverick
Beering,Keagan,Kregel,Carolina,Beering,Maverick
Beering,Mandi,Kregel,Carolina,Beering,Maverick
Beering,Giovanni,Kregel,Carolina,Beering,Maverick
Beering,Jazmin,Kregel,Carolina,Beering,Maverick
Beering,Chaz,Kregel,Carolina,Beering,Maverick
Beering,Xiomara,Kregel,Carolina,Beering,Maverick
Beering,Tysheem,Foale,Robyn,Beering,Keifer
Beering,Mayra,Kregel,Carolina,Beering,Maverick
Beering,Raphael,Foale,Robyn,Beering,Keifer
Beering,Leslie,Kregel,Carolina,Beering,Maverick
Beering,Glenn,Foale,Robyn,Beering,Keifer
Beering,Kaylin,Foale,Robyn,Beering,Keifer
Beering,Ishmael,Foale,Robyn,Beering,Keifer
Beering,Blaze,Foale,Robyn,Beering,Keifer
Beering,Scott,Foale,Robyn,Beering,Keifer
Beering,Anaya,Foale,Robyn,Beering,Keifer
Beering,Dylon,Foale,Robyn,Beering,Keifer
Beering,Colette,Foale,Robyn,Beering,Keifer
Beering,Felipe,Foale,Robyn,Beering,Keifer
Beering,Vivien,Foale,Christina,Beering,Soren
Beering,Gonzalo,Foale,Robyn,Beering,Keifer
Beering,Zandria,Foale,Christina,Beering,Soren
Beering,Maximilian,Foale,Robyn,Beering,Keifer
Beering,Carla,Foale,Christina,Beering,Soren
Beering,Conor,Foale,Christina,Beering,Soren
Beering,Rayven,Foale,Aesha,Beering,Clayton
Beering,Ever,Foale,Christina,Beering,Soren
Beering,Kasandra,Foale,Aesha,Beering,Clayton
Beering,Garett,Foale,Christina,Beering,Soren
Beering,Shanique,Foale,Aesha,Beering,Clayton
Beering,Reed,Foale,Christina,Beering,Soren
Beering,Janet,Foale,Aesha,Beering,Clayton
Beering,Deontae,Foale,Christina,Beering,Soren
Beering,Sandy,Foale,Aesha,Beering,Clayton
Beering,Moises,Foale,Christina,Beering,Soren
Beering,Khaila,Foale,Aesha,Beering,Clayton
Beering,Nour,Foale,Christina,Beering,Soren
Beering,Tayler,Foale,Aesha,Beering,Clayton
Beering,Devyn,Foale,Aesha,Beering,Clayton
Beering,Kelsy,Foale,Eva,Beering,Donte
Beering,Brodie,Foale,Aesha,Beering,Clayton
Beering,Kelsi,Foale,Eva,Beering,Donte
Beering,Alfonso,Foale,Aesha,Beering,Clayton
Beering,Bridgette,Foale,Eva,Beering,Donte
Beering,Donovan,Foale,Aesha,Beering,Clayton
Clifford,Jaclyn,Foale,Tiara,Clifford,Victor
Beering,Tomas,Foale,Aesha,Beering,Clayton
Clifford,Donisha,Foale,Tiara,Clifford,Victor
Beering,Wylie,Foale,Aesha,Beering,Clayton
Clifford,Perla,Foale,Tiara,Clifford,Victor
Beering,Baby,Foale,Aesha,Beering,Clayton
Clifford,Joyce,Foale,Tiara,Clifford,Victor
Beering,Jovon,Foale,Eva,Beering,Donte
Clifford,Kiana,Foale,Tiara,Clifford,Victor
Beering,Mason,Foale,Eva,Beering,Donte
Clifford,Heather,Foale,Tiara,Clifford,Victor
Beering,Brennen,Foale,Eva,Beering,Donte
Clifford,Desaree,Foale,Kayleigh,Clifford,Phillip
Clifford,Winston,Foale,Tiara,Clifford,Victor
Clifford,Kate,Foale,Kayleigh,Clifford,Phillip
Clifford,Harley,Foale,Tiara,Clifford,Victor
Clifford,Lacey,Foale,Kayleigh,Clifford,Phillip
Clifford,Cedric,Foale,Kayleigh,Clifford,Phillip
Clifford,Dorothy,Foale,Kayleigh,Clifford,Phillip
Clifford,Kai,Foale,Kayleigh,Clifford,Phillip
Clifford,Hannah,Foale,Kayleigh,Clifford,Phillip
Clifford,Julian,Foale,Kayleigh,Clifford,Phillip
Clifford,Sade,Foale,Kayleigh,Clifford,Phillip
Clifford,Donald,Foale,Kayleigh,Clifford,Phillip
Clifford,Deandrea,Foale,Kayleigh,Clifford,Phillip
Clifford,Daryl,Foale,Kayleigh,Clifford,Phillip
Clifford,Dulce,Foale,Kayleigh,Clifford,Phillip
Clifford,Ernest,Foale,Kayleigh,Clifford,Phillip
Clifford,Domonique,Foale,Kayleigh,Clifford,Phillip
Clifford,Moses,Foale,Mariah,Clifford,Braydon
Clifford,Alex,Foale,Kayleigh,Clifford,Phillip
Clifford,Keeton,Foale,Mariah,Clifford,Braydon
Clifford,Aireona,Foale,Kayleigh,Clifford,Phillip
Clifford,Allan,Foale,Mariah,Clifford,Braydon
Clifford,Destany,Foale,Kayleigh,Clifford,Phillip
Slayton,Lucas,Massimino,Karla,Slayton,Earl
Clifford,Joleen,Foale,Kayleigh,Clifford,Phillip
Slayton,Jamison,Massimino,Karla,Slayton,Earl
Clifford,Brittany,Foale,Mariah,Clifford,Braydon
Slayton,Noe,Massimino,Karla,Slayton,Earl
Clifford,India,Foale,Mariah,Clifford,Braydon
Slayton,Garrison,Massimino,Karla,Slayton,Earl
Clifford,Kaela,Foale,Mariah,Clifford,Braydon
Slayton,Moshe,Massimino,Karla,Slayton,Earl
Clifford,Audra,Foale,Mariah,Clifford,Braydon
Slayton,Wade,Massimino,Karla,Slayton,Earl
Clifford,Kristi,Foale,Mariah,Clifford,Braydon
Slayton,Keanu,Massimino,Karla,Slayton,Earl
Clifford,Naomi,Foale,Mariah,Clifford,Braydon
Slayton,Zaire,Massimino,Karla,Slayton,Earl
Clifford,Kacey,Foale,Maeghan,Clifford,Mariano
Slayton,Alfred,Massimino,Karla,Slayton,Earl
Clifford,Jodie,Foale,Maeghan,Clifford,Mariano
Slayton,Marques,Massimino,Karla,Slayton,Earl
Clifford,Brianne,Foale,Maeghan,Clifford,Mariano
Slayton,Kelvin,Massimino,Karla,Slayton,Earl
Slayton,Kendal,Massimino,Karla,Slayton,Earl
Slayton,Brendan,Massimino,Kassidy,Slayton,Terrence
Slayton,Heavenly,Massimino,Karla,Slayton,Earl
Slayton,Nick,Massimino,Kassidy,Slayton,Terrence
Slayton,Katelynn,Massimino,Karla,Slayton,Earl
Slayton,Sunny,Massimino,Kassidy,Slayton,Terrence
Slayton,Kristian,Massimino,Karla,Slayton,Earl
Slayton,Gilberto,Massimino,Kassidy,Slayton,Terrence
Slayton,Jania,Massimino,Karla,Slayton,Earl
Slayton,Tayler,Massimino,Kassidy,Slayton,Terrence
Slayton,Makenna,Massimino,Karla,Slayton,Earl
Slayton,Terence,Massimino,Kassidy,Slayton,Terrence
Slayton,Kaylie,Massimino,Kassidy,Slayton,Terrence
Slayton,Coby,Massimino,Kassidy,Slayton,Terrence
Slayton,Salina,Massimino,Kassidy,Slayton,Terrence
Slayton,Moises,Massimino,Kassidy,Slayton,Terrence
Slayton,Trista,Massimino,Kassidy,Slayton,Terrence
Slayton,Toby,Massimino,Kassidy,Slayton,Terrence
Slayton,Jamee,Massimino,Kassidy,Slayton,Terrence
Slayton,Bill,Massimino,Ayanna,Slayton,Terry
Slayton,Dallas,Massimino,Kassidy,Slayton,Terrence
Slayton,Sergio,Massimino,Ayanna,Slayton,Terry
Slayton,Kendall,Massimino,Kassidy,Slayton,Terrence
Slayton,Cruz,Massimino,Ayanna,Slayton,Terry
Slayton,Cody,Massimino,Ayanna,Slayton,Terry
Slayton,Savion,Beering,Maegan,Slayton,Freeman
Slayton,Adrianna,Beering,Maegan,Slayton,Freeman
Richards,William,Clifford,Caitlan,Richards,Zaquan
Slayton,Kyndra,Beering,Maegan,Slayton,Freeman
Richards,Dane,Clifford,Caitlan,Richards,Zaquan
Richards,Bryanna,Clifford,Caitlan,Richards,Zaquan
Richards,Javion,Clifford,Caitlan,Richards,Zaquan
Richards,Liza,Clifford,Caitlan,Richards,Zaquan
Richards,Kenny,Clifford,Caitlan,Richards,Zaquan
Richards,Lisa,Clifford,Caitlan,Richards,Zaquan
Richards,Kevin,Clifford,Caitlan,Richards,Zaquan
Richards,Kathleen,Clifford,Caitlan,Richards,Zaquan
Richards,Arturo,Clifford,Caitlan,Richards,Zaquan
Richards,Kamri,Clifford,Caitlan,Richards,Zaquan
Richards,Vinh,Clifford,Emilia,Richards,Coy
Richards,Maryanne,Clifford,Caitlan,Richards,Zaquan
Richards,Beau,Clifford,Emilia,Richards,Coy
Richards,Mariam,Clifford,Caitlan,Richards,Zaquan
Richards,Jamel,Clifford,Emilia,Richards,Coy
Richards,Isabella,Clifford,Emilia,Richards,Coy
Richards,Brennan,Clifford,Emilia,Richards,Coy
Richards,Yvette,Clifford,Emilia,Richards,Coy
Richards,Bradley,Clifford,Emilia,Richards,Coy
Richards,Elisabeth,Clifford,Emilia,Richards,Coy
Richards,Hashim,Clifford,Emilia,Richards,Coy
Richards,Deborah,Clifford,Emilia,Richards,Coy
Richards,Demarcus,Clifford,Imelda,Richards,Kayle
Richards,Kristy,Clifford,Emilia,Richards,Coy
Richards,Stefan,Clifford,Imelda,Richards,Kayle
Richards,Chyanne,Clifford,Emilia,Richards,Coy
Richards,Erik,Clifford,Imelda,Richards,Kayle
Richards,Rachael,Clifford,Emilia,Richards,Coy
Richards,Darrius,Clifford,Imelda,Richards,Kayle
Richards,Charlotte,Clifford,Emilia,Richards,Coy
Richards,Dylon,Clifford,Imelda,Richards,Kayle
Richards,Elida,Clifford,Emilia,Richards,Coy
Mastracchio,Torey,Clifford,Maegan,Mastracchio,Tony
Richards,Karah,Clifford,Emilia,Richards,Coy
Mastracchio,Bretton,Clifford,Maegan,Mastracchio,Tony
Richards,Christine,Clifford,Emilia,Richards,Coy
Mastracchio,Gage,Clifford,Maegan,Mastracchio,Tony
Richards,Zahra,Clifford,Emilia,Richards,Coy
Mastracchio,Jevin,Clifford,Maegan,Mastracchio,Tony
Richards,Jewel,Clifford,Emilia,Richards,Coy
Mastracchio,Devon,Clifford,Maegan,Mastracchio,Tony
Richards,Yesenia,Clifford,Imelda,Richards,Kayle
Mastracchio,Brennan,Clifford,Maegan,Mastracchio,Tony
Richards,Abigail,Clifford,Imelda,Richards,Kayle
Mastracchio,Brendon,Clifford,Maegan,Mastracchio,Tony
Richards,Cristina,Clifford,Imelda,Richards,Kayle
Mastracchio,Jarod,Clifford,Maegan,Mastracchio,Tony
Richards,Tiffanie,Clifford,Imelda,Richards,Kayle
Mastracchio,Gustavo,Clifford,Maegan,Mastracchio,Tony
Richards,Presley,Clifford,Imelda,Richards,Kayle
Mastracchio,Brad,Clifford,Maegan,Mastracchio,Tony
Richards,Casey,Clifford,Imelda,Richards,Kayle
Mastracchio,Griffin,Clifford,Anamarie,Mastracchio,Landon
Richards,Nakia,Clifford,Imelda,Richards,Kayle
Mastracchio,Michel,Clifford,Anamarie,Mastracchio,Landon
Mastracchio,Monika,Clifford,Maegan,Mastracchio,Tony
Mastracchio,Adan,Clifford,Anamarie,Mastracchio,Landon
Mastracchio,Allana,Clifford,Maegan,Mastracchio,Tony
Mastracchio,Cesar,Clifford,Anamarie,Mastracchio,Landon
Mastracchio,Martha,Clifford,Maegan,Mastracchio,Tony
Mastracchio,Wyatt,Clifford,Anamarie,Mastracchio,Landon
Mastracchio,Leeann,Clifford,Maegan,Mastracchio,Tony
Mastracchio,Dillon,Clifford,Anamarie,Mastracchio,Landon
Mastracchio,Marisol,Clifford,Maegan,Mastracchio,Tony
Mastracchio,Elliot,Clifford,Anamarie,Mastracchio,Landon
Mastracchio,Samara,Clifford,Maegan,Mastracchio,Tony
Mastracchio,Jed,Clifford,Logan,Mastracchio,Barry
Mastracchio,Kayla,Clifford,Maegan,Mastracchio,Tony
Robinson,Moses,Clifford,Yessica,Robinson,Joan
Mastracchio,Promise,Clifford,Anamarie,Mastracchio,Landon
Robinson,Jackson,Clifford,Yessica,Robinson,Joan
Mastracchio,Giselle,Clifford,Anamarie,Mastracchio,Landon
Robinson,Guillermo,Clifford,Yessica,Robinson,Joan
Mastracchio,Esther,Clifford,Anamarie,Mastracchio,Landon
Robinson,Montana,Clifford,Yessica,Robinson,Joan
Mastracchio,Kaley,Clifford,Anamarie,Mastracchio,Landon
Robinson,Leroy,Clifford,Colby,Robinson,Zaire
Mastracchio,Latasha,Clifford,Anamarie,Mastracchio,Landon
Robinson,Sebastian,Clifford,Colby,Robinson,Zaire
Mastracchio,Tabatha,Clifford,Anamarie,Mastracchio,Landon
Robinson,Grady,Slayton,Alisha,Robinson,Anthony
Mastracchio,Cecilia,Clifford,Anamarie,Mastracchio,Landon
Robinson,Olivier,Slayton,Alisha,Robinson,Anthony
Mastracchio,Breanne,Clifford,Anamarie,Mastracchio,Landon
Robinson,Braxton,Slayton,Madison,Robinson,Rey
Mastracchio,Baylee,Clifford,Anamarie,Mastracchio,Landon
Robinson,Jaylan,Slayton,Aria,Robinson,Augustus
Mastracchio,Carol,Clifford,Anamarie,Mastracchio,Landon
Robinson,Landin,Slayton,Aria,Robinson,Augustus
Mastracchio,Bailey,Clifford,Anamarie,Mastracchio,Landon
Robinson,Davis,Slayton,Aria,Robinson,Augustus
Mastracchio,Renee,Clifford,Anamarie,Mastracchio,Landon
Robinson,Evan,Slayton,Aria,Robinson,Augustus
Mastracchio,Debra,Clifford,Anamarie,Mastracchio,Landon
Robinson,Gerald,Slayton,Caroline,Robinson,Bruce
Mastracchio,Kiana,Clifford,Logan,Mastracchio,Barry
Robinson,Campbell,Slayton,Caroline,Robinson,Bruce
Mastracchio,Julia,Clifford,Logan,Mastracchio,Barry
Robinson,Kenneth,Slayton,Caroline,Robinson,Bruce
Mastracchio,Jordyn,Clifford,Logan,Mastracchio,Barry
Robinson,Romello,Slayton,Caroline,Robinson,Bruce
Mastracchio,Kaydee,Clifford,Logan,Mastracchio,Barry
Robinson,Rasheed,Slayton,Caroline,Robinson,Bruce
Mastracchio,Kianna,Clifford,Logan,Mastracchio,Barry
Robinson,Jared,Slayton,Caroline,Robinson,Bruce
Robinson,Molly,Clifford,Yessica,Robinson,Joan
Robinson,Fernando,Slayton,Caroline,Robinson,Bruce
Robinson,Malina,Clifford,Yessica,Robinson,Joan
Robinson,Torey,Slayton,Caroline,Robinson,Bruce
Robinson,Shannon,Clifford,Yessica,Robinson,Joan
Robinson,Dennis,Mastracchio,Jordan,Robinson,Leo
Robinson,Jazmine,Clifford,Yessica,Robinson,Joan
Robinson,Denver,Mastracchio,Ellie,Robinson,Mike
Robinson,Myranda,Clifford,Colby,Robinson,Zaire
Robinson,Louis,Mastracchio,Ellie,Robinson,Mike
Robinson,Alyssa,Slayton,Alisha,Robinson,Anthony
Robinson,Melvin,Mastracchio,Ellie,Robinson,Mike
Robinson,Shaylee,Slayton,Alisha,Robinson,Anthony
Robinson,Colin,Mastracchio,Ellie,Robinson,Mike
Robinson,Adrienne,Slayton,Alisha,Robinson,Anthony
Robinson,Trevor,Mastracchio,Ellie,Robinson,Mike
Robinson,Tiffany,Slayton,Madison,Robinson,Rey
Robinson,Dedrick,Mastracchio,Ellie,Robinson,Mike
Robinson,Ali,Slayton,Madison,Robinson,Rey
Robinson,Brody,Mastracchio,Ellie,Robinson,Mike
Robinson,Meagan,Slayton,Madison,Robinson,Rey
Robinson,Jaron,Mastracchio,Ellie,Robinson,Mike
Robinson,Rowan,Slayton,Madison,Robinson,Rey
Robinson,Greyson,Mastracchio,Ellie,Robinson,Mike
Robinson,Anita,Slayton,Madison,Robinson,Rey
Robinson,Damion,Mastracchio,Grace,Robinson,Maliki
Robinson,Asya,Slayton,Aria,Robinson,Augustus
Robinson,Alan,Mastracchio,Grace,Robinson,Maliki
Robinson,Olga,Slayton,Aria,Robinson,Augustus
Robinson,Giovanni,Mastracchio,Grace,Robinson,Maliki
Robinson,Micah,Slayton,Aria,Robinson,Augustus
Robinson,Caden,Mastracchio,Paola,Robinson,Jerome
Robinson,Domonique,Slayton,Aria,Robinson,Augustus
Robinson,Gerardo,Mastracchio,Paola,Robinson,Jerome
Robinson,Cristal,Slayton,Aria,Robinson,Augustus
Robinson,Fabian,Mastracchio,Paola,Robinson,Jerome
Robinson,Eleni,Slayton,Aria,Robinson,Augustus
Robinson,Derick,Mastracchio,Paola,Robinson,Jerome
Robinson,Kirsten,Slayton,Caroline,Robinson,Bruce
Robinson,Marshall,Mastracchio,Paola,Robinson,Jerome
Robinson,Amna,Slayton,Caroline,Robinson,Bruce
Robinson,Chance,Mastracchio,Maranda,Robinson,Leonardo
Robinson,Tianna,Slayton,Caroline,Robinson,Bruce
Robinson,Salvador,Mastracchio,Maranda,Robinson,Leonardo
Robinson,Paloma,Slayton,Caroline,Robinson,Bruce
Robinson,Noel,Mastracchio,Maranda,Robinson,Leonardo
Robinson,Lyndsey,Slayton,Caroline,Robinson,Bruce
Robinson,Mohammed,Mastracchio,Maranda,Robinson,Leonardo
Robinson,Rikki,Slayton,Caroline,Robinson,Bruce
Robinson,Darryl,Mastracchio,Maranda,Robinson,Leonardo
Robinson,Lauryn,Slayton,Caroline,Robinson,Bruce
Robinson,Kapil,Mastracchio,Maranda,Robinson,Leonardo
Robinson,Yolanda,Mastracchio,Jordan,Robinson,Leo
Robinson,Soren,Mastracchio,Maranda,Robinson,Leonardo
Robinson,Tabitha,Mastracchio,Jordan,Robinson,Leo
Robinson,Gordon,Mastracchio,Maranda,Robinson,Leonardo
Robinson,Naomi,Mastracchio,Ellie,Robinson,Mike
Robinson,Abdul,Mastracchio,Maranda,Robinson,Leonardo
Robinson,Blanca,Mastracchio,Ellie,Robinson,Mike
Robinson,Matthew,Mastracchio,Cameron,Robinson,Clint
Robinson,Chana,Mastracchio,Ellie,Robinson,Mike
Robinson,Jonah,Mastracchio,Cameron,Robinson,Clint
Robinson,Brook,Mastracchio,Ellie,Robinson,Mike
Robinson,Kerry,Mastracchio,Cameron,Robinson,Clint
Robinson,Lydia,Mastracchio,Ellie,Robinson,Mike
Robinson,Alex,Mastracchio,Cameron,Robinson,Clint
Robinson,Martha,Mastracchio,Ellie,Robinson,Mike
Robinson,Kory,Mastracchio,Cameron,Robinson,Clint
Robinson,Passion,Mastracchio,Ellie,Robinson,Mike
Robinson,Myron,Mastracchio,Cameron,Robinson,Clint
Robinson,Mia,Mastracchio,Ellie,Robinson,Mike
Robinson,Korey,Truman,Asha,Robinson,Tomas
Robinson,Xena,Mastracchio,Ellie,Robinson,Mike
Robinson,Yakov,Truman,Asha,Robinson,Tomas
Robinson,Francisca,Mastracchio,Grace,Robinson,Maliki
Robinson,Michael,Truman,Cambria,Robinson,Stephon
Robinson,Destiney,Mastracchio,Grace,Robinson,Maliki
Robinson,Quayshawn,Truman,Cambria,Robinson,Stephon
Robinson,Kathleen,Mastracchio,Grace,Robinson,Maliki
Robinson,Lukas,Truman,Cambria,Robinson,Stephon
Robinson,Brecken,Mastracchio,Grace,Robinson,Maliki
Robinson,Daquan,Truman,Sabrina,Robinson,Shareef
Robinson,Veda,Mastracchio,Paola,Robinson,Jerome
Robinson,Yuri,Truman,Sabrina,Robinson,Shareef
Robinson,Sky,Mastracchio,Paola,Robinson,Jerome
Robinson,Simeon,Truman,Sabrina,Robinson,Shareef
Robinson,Ilana,Mastracchio,Paola,Robinson,Jerome
Robinson,Dane,Truman,Sabrina,Robinson,Shareef
Robinson,Graciela,Mastracchio,Paola,Robinson,Jerome
Robinson,Deshaun,Truman,Sabrina,Robinson,Shareef
Robinson,Karena,Mastracchio,Paola,Robinson,Jerome
Robinson,Jaleel,Truman,Sabrina,Robinson,Shareef
Robinson,Greer,Mastracchio,Paola,Robinson,Jerome
Robinson,Mariano,Truman,Sabrina,Robinson,Shareef
Robinson,Catherine,Mastracchio,Paola,Robinson,Jerome
Robinson,Rudy,Truman,Sabrina,Robinson,Shareef
Robinson,Nichole,Mastracchio,Maranda,Robinson,Leonardo
Robinson,Killian,Truman,Sabrina,Robinson,Shareef
Robinson,Linnea,Mastracchio,Maranda,Robinson,Leonardo
Robinson,Erick,Truman,Sabrina,Robinson,Shareef
Robinson,Ivelisse,Mastracchio,Maranda,Robinson,Leonardo
Robinson,Beau,Truman,Sabrina,Robinson,Shareef
Robinson,Casandra,Mastracchio,Maranda,Robinson,Leonardo
Robinson,Joel,Truman,Sabrina,Robinson,Shareef
Robinson,Camelia,Mastracchio,Maranda,Robinson,Leonardo
Robinson,Rigoberto,Truman,Sabrina,Robinson,Shareef
Robinson,Ivy,Mastracchio,Maranda,Robinson,Leonardo
Truman,Jed,Robinson,Alejandra,Truman,Devante
Robinson,Marli,Mastracchio,Maranda,Robinson,Leonardo
Truman,Brent,Robinson,Alejandra,Truman,Devante
Robinson,Kaelyn,Mastracchio,Maranda,Robinson,Leonardo
Truman,Perry,Robinson,Alejandra,Truman,Devante
Robinson,Lillian,Mastracchio,Maranda,Robinson,Leonardo
Truman,Saxon,Robinson,Erika,Truman,Juan
Robinson,Bridget,Mastracchio,Cameron,Robinson,Clint
Truman,Cody,Robinson,Erika,Truman,Juan
Robinson,Alyson,Mastracchio,Cameron,Robinson,Clint
Truman,Keon,Robinson,Erika,Truman,Juan
Robinson,Justice,Mastracchio,Cameron,Robinson,Clint
Truman,Max,Robinson,Erika,Truman,Juan
Robinson,Rosalinda,Mastracchio,Cameron,Robinson,Clint
Truman,Colbey,Robinson,Erika,Truman,Juan
Robinson,Constance,Mastracchio,Cameron,Robinson,Clint
Truman,Ruben,Robinson,Erika,Truman,Juan
Robinson,Vianey,Mastracchio,Cameron,Robinson,Clint
Truman,Misael,Robinson,Erika,Truman,Juan
Robinson,Breann,Mastracchio,Cameron,Robinson,Clint
Truman,Quintin,Robinson,Erika,Truman,Juan
Robinson,Yesenia,Mastracchio,Cameron,Robinson,Clint
Truman,Wilfredo,Robinson,Erika,Truman,Juan
Robinson,Carla,Truman,Asha,Robinson,Tomas
Truman,Derek,Robinson,Erika,Truman,Juan
Robinson,Sunny,Truman,Asha,Robinson,Tomas
Truman,Lorenzo,Robinson,Erika,Truman,Juan
Robinson,Deserae,Truman,Asha,Robinson,Tomas
Truman,Nelson,Robinson,Erika,Truman,Juan
Robinson,Suleyma,Truman,Cambria,Robinson,Stephon
Truman,Lazaro,Robinson,Erika,Truman,Juan
Robinson,Vivian,Truman,Cambria,Robinson,Stephon
Truman,Jeramie,Robinson,Erika,Truman,Juan
Robinson,April,Truman,Cambria,Robinson,Stephon
Truman,Zackary,Robinson,Erika,Truman,Juan
Robinson,Sienna,Truman,Cambria,Robinson,Stephon
Truman,Shamar,Robinson,Erika,Truman,Juan
Robinson,Mckenzie,Truman,Sabrina,Robinson,Shareef
Truman,Remington,Robinson,Nathaly,Truman,Tobias
Robinson,Chanelle,Truman,Sabrina,Robinson,Shareef
Truman,Damion,Robinson,Nathaly,Truman,Tobias
Robinson,Jaycee,Truman,Sabrina,Robinson,Shareef
Truman,Truman,Robinson,Nathaly,Truman,Tobias
Robinson,Dorothy,Truman,Sabrina,Robinson,Shareef
Truman,Kenny,Robinson,Nathaly,Truman,Tobias
Robinson,Shiloh,Truman,Sabrina,Robinson,Shareef
Truman,Tanner,Robinson,Alice,Truman,Colton
Robinson,Annalie,Truman,Sabrina,Robinson,Shareef
Truman,Dontae,Robinson,Alice,Truman,Colton
Robinson,Krystal,Truman,Sabrina,Robinson,Shareef
