Engle,Mason,Nowak,Kayleen,Engle,Kegan
Worden,Katerina,Grinch,Sarai,Worden,Jeremey
Worden,Domenic,Monroe,Connie,Worden,Carl
Greene,Shyla,Scott,Jessa,Greene,Edgardo
Sturckow,Mohamed,Runco,Amelia,Sturckow,Henry
Grabe,Shekinah,Olivas,Cori,Grabe,Abdul
Still,Issac,Ewing,Rachel,Still,Jakob
Pffaff,Zahra,Grinch,Meaghan,Pffaff,Forrest
Coolidge,Trevon,Musgrave,Dakota,Coolidge,George
Zamka,Marisa,McDivitt,Annalie,Zamka,Terron
Fossum,Noah,Givens,Juliana,Fossum,Oscar
Resnik,Keishla,Grinch,Gabriele,Resnik,Oliver
Glenn,Samuel,Worden,Cheyanna,Glenn,Devontae
Melvin,Joselyn,Chiao,Jeanette,Melvin,Vicente
Rominger,Alvaro,Schmitt,Marlena,Rominger,Juan
Herrington,Zoi,Grabe,Carolyn,Herrington,Benito
Greene,Bryant,Nowak,Aerial,Greene,Arthur
Springer,Brenna,Wilcutt,Gwendolyn,Springer,Niko
Rominger,Isaias,Smith,Jessenia,Rominger,Adalberto
Creamer,Anitra,Searfoss,Lea,Creamer,Yash
Engle,Maleek,Worden,Katerina,Engle,Mason
Wetherbee,Jamee,Carter,Maryanna,Wetherbee,Phillip
Engle,Rodolfo,Worden,Katerina,Engle,Mason
Bluford,Blair,Hartsfield,Alissa,Bluford,Jeb
Engle,Maliki,Worden,Katerina,Engle,Mason
Kerwin,Brenda,Hammond,Valeria,Kerwin,Barry
Worden,Diego,Greene,Shyla,Worden,Domenic
Burbank,Suleyma,Creighton,Laken,Burbank,Frederic
Worden,Mauro,Greene,Shyla,Worden,Domenic
England,Anika,Kerwin,Emilee,England,Lukas
Worden,Langston,Greene,Shyla,Worden,Domenic
Pettit,Kaylyn,Truly,Lourdes,Pettit,Rodolfo
Worden,Jovan,Greene,Shyla,Worden,Domenic
Swanson,Kyla,White,Iris,Swanson,Jameson
Worden,Jasper,Greene,Shyla,Worden,Domenic
Cunningham,Josey,Hart,Adrienne,Cunningham,Josue
Worden,Gerard,Greene,Shyla,Worden,Domenic
Higginbotham,Savana,Peterson,Candace,Higginbotham,Remington
Worden,Anthony,Greene,Shyla,Worden,Domenic
McBride,Arlene,Lawrence,Carson,McBride,Ashton
Worden,Reid,Greene,Shyla,Worden,Domenic
Engle,Shaina,Worden,Katerina,Engle,Mason
Sturckow,Jovon,Grabe,Shekinah,Sturckow,Mohamed
Engle,Brittani,Worden,Katerina,Engle,Mason
Sturckow,Stephanie,Grabe,Shekinah,Sturckow,Mohamed
Engle,Alina,Worden,Katerina,Engle,Mason
Sturckow,Marlon,Grabe,Shekinah,Sturckow,Mohamed
Engle,Sydni,Worden,Katerina,Engle,Mason
Sturckow,Jamel,Grabe,Shekinah,Sturckow,Mohamed
Engle,Anika,Worden,Katerina,Engle,Mason
Sturckow,Marquis,Grabe,Shekinah,Sturckow,Mohamed
Engle,Savanna,Worden,Katerina,Engle,Mason
Sturckow,Scott,Grabe,Shekinah,Sturckow,Mohamed
Worden,Mia,Greene,Shyla,Worden,Domenic
Still,Korey,Pffaff,Zahra,Still,Issac
Worden,Tiffany,Greene,Shyla,Worden,Domenic
Still,Dan,Pffaff,Zahra,Still,Issac
Worden,Micaela,Greene,Shyla,Worden,Domenic
Still,Jevin,Pffaff,Zahra,Still,Issac
Worden,Lara,Greene,Shyla,Worden,Domenic
Still,Martin,Pffaff,Zahra,Still,Issac
Worden,Ayla,Greene,Shyla,Worden,Domenic
Still,Dangelo,Pffaff,Zahra,Still,Issac
Worden,Ciarra,Greene,Shyla,Worden,Domenic
Still,Carlos,Pffaff,Zahra,Still,Issac
Sturckow,Marisela,Grabe,Shekinah,Sturckow,Mohamed
Still,Cristian,Pffaff,Zahra,Still,Issac
Sturckow,Yasmine,Grabe,Shekinah,Sturckow,Mohamed
Coolidge,Migel,Zamka,Marisa,Coolidge,Trevon
Sturckow,Tanisha,Grabe,Shekinah,Sturckow,Mohamed
Coolidge,Fabian,Zamka,Marisa,Coolidge,Trevon
Still,Clara,Pffaff,Zahra,Still,Issac
Coolidge,Dashane,Zamka,Marisa,Coolidge,Trevon
Still,Elijah,Pffaff,Zahra,Still,Issac
Coolidge,Landon,Zamka,Marisa,Coolidge,Trevon
Still,Berenice,Pffaff,Zahra,Still,Issac
Coolidge,Jaylon,Zamka,Marisa,Coolidge,Trevon
Still,Nathalia,Pffaff,Zahra,Still,Issac
Coolidge,Sutton,Zamka,Marisa,Coolidge,Trevon
Coolidge,Johana,Zamka,Marisa,Coolidge,Trevon
Coolidge,Chad,Zamka,Marisa,Coolidge,Trevon
Coolidge,Nyasia,Zamka,Marisa,Coolidge,Trevon
Coolidge,Taylor,Zamka,Marisa,Coolidge,Trevon
Coolidge,Calandra,Zamka,Marisa,Coolidge,Trevon
Coolidge,Cedric,Zamka,Marisa,Coolidge,Trevon
Coolidge,Jenae,Zamka,Marisa,Coolidge,Trevon
Coolidge,Colin,Zamka,Marisa,Coolidge,Trevon
Coolidge,Shaylee,Zamka,Marisa,Coolidge,Trevon
Fossum,Reese,Resnik,Keishla,Fossum,Noah
Coolidge,Michaela,Zamka,Marisa,Coolidge,Trevon
Fossum,Marques,Resnik,Keishla,Fossum,Noah
Coolidge,Jaida,Zamka,Marisa,Coolidge,Trevon
Glenn,Keeton,Melvin,Joselyn,Glenn,Samuel
Coolidge,Jenny,Zamka,Marisa,Coolidge,Trevon
Glenn,Heriberto,Melvin,Joselyn,Glenn,Samuel
Fossum,Tyra,Resnik,Keishla,Fossum,Noah
Glenn,Richard,Melvin,Joselyn,Glenn,Samuel
Fossum,Camila,Resnik,Keishla,Fossum,Noah
Glenn,Tracy,Melvin,Joselyn,Glenn,Samuel
Fossum,Cheryl,Resnik,Keishla,Fossum,Noah
Rominger,Levi,Herrington,Zoi,Rominger,Alvaro
Glenn,Asya,Melvin,Joselyn,Glenn,Samuel
Rominger,Trevor,Herrington,Zoi,Rominger,Alvaro
Glenn,Gabriella,Melvin,Joselyn,Glenn,Samuel
Rominger,Kamau,Herrington,Zoi,Rominger,Alvaro
Glenn,Addison,Melvin,Joselyn,Glenn,Samuel
Greene,Trey,Springer,Brenna,Greene,Bryant
Glenn,Sage,Melvin,Joselyn,Glenn,Samuel
Greene,Nour,Springer,Brenna,Greene,Bryant
Rominger,Kaylin,Herrington,Zoi,Rominger,Alvaro
Greene,Hugh,Springer,Brenna,Greene,Bryant
Rominger,Shanyce,Herrington,Zoi,Rominger,Alvaro
Greene,Eddie,Springer,Brenna,Greene,Bryant
Greene,Ceaira,Springer,Brenna,Greene,Bryant
Greene,Zakery,Springer,Brenna,Greene,Bryant
Greene,Arlene,Springer,Brenna,Greene,Bryant
Greene,Dontae,Springer,Brenna,Greene,Bryant
Greene,Kyra,Springer,Brenna,Greene,Bryant
Greene,Noel,Springer,Brenna,Greene,Bryant
Greene,Tania,Springer,Brenna,Greene,Bryant
Rominger,Agustin,Creamer,Anitra,Rominger,Isaias
Greene,Lena,Springer,Brenna,Greene,Bryant
Rominger,Brannon,Creamer,Anitra,Rominger,Isaias
Greene,Rita,Springer,Brenna,Greene,Bryant
Rominger,Moses,Creamer,Anitra,Rominger,Isaias
Greene,Jackie,Springer,Brenna,Greene,Bryant
Rominger,Donte,Creamer,Anitra,Rominger,Isaias
Greene,Chardonnay,Springer,Brenna,Greene,Bryant
Rominger,Mohamed,Creamer,Anitra,Rominger,Isaias
Rominger,Ashanti,Creamer,Anitra,Rominger,Isaias
Rominger,Rowan,Creamer,Anitra,Rominger,Isaias
Rominger,Maia,Creamer,Anitra,Rominger,Isaias
Rominger,Maurice,Creamer,Anitra,Rominger,Isaias
Rominger,Katharine,Creamer,Anitra,Rominger,Isaias
Rominger,Bryant,Creamer,Anitra,Rominger,Isaias
Rominger,Michele,Creamer,Anitra,Rominger,Isaias
Rominger,Luke,Creamer,Anitra,Rominger,Isaias
Engle,Aaliyah,Bluford,Blair,Engle,Rodolfo
Rominger,Hassan,Creamer,Anitra,Rominger,Isaias
Engle,Tristin,Bluford,Blair,Engle,Rodolfo
Rominger,Ever,Creamer,Anitra,Rominger,Isaias
Engle,Valentina,Kerwin,Brenda,Engle,Maliki
Rominger,Errol,Creamer,Anitra,Rominger,Isaias
Engle,Blaze,Kerwin,Brenda,Engle,Maliki
Rominger,Kirkland,Creamer,Anitra,Rominger,Isaias
Engle,Lea,Kerwin,Brenda,Engle,Maliki
Engle,Anthoni,Wetherbee,Jamee,Engle,Maleek
Engle,Laquisha,Kerwin,Brenda,Engle,Maliki
Engle,Coleman,Wetherbee,Jamee,Engle,Maleek
Worden,Saige,Burbank,Suleyma,Worden,Diego
Engle,Jabari,Wetherbee,Jamee,Engle,Maleek
Worden,Gerardo,Burbank,Suleyma,Worden,Diego
Engle,Stefan,Wetherbee,Jamee,Engle,Maleek
Worden,Carra,Burbank,Suleyma,Worden,Diego
Engle,Denzell,Wetherbee,Jamee,Engle,Maleek
Worden,Kaylyn,Burbank,Suleyma,Worden,Diego
Engle,Brennan,Bluford,Blair,Engle,Rodolfo
Worden,Devon,Burbank,Suleyma,Worden,Diego
Engle,Nicholas,Kerwin,Brenda,Engle,Maliki
Worden,Gretchen,Burbank,Suleyma,Worden,Diego
Worden,Emmanuel,Burbank,Suleyma,Worden,Diego
Worden,Joi,Burbank,Suleyma,Worden,Diego
Worden,Austyn,Burbank,Suleyma,Worden,Diego
Worden,Shayla,Burbank,Suleyma,Worden,Diego
Worden,Guillermo,Burbank,Suleyma,Worden,Diego
Worden,Paris,Burbank,Suleyma,Worden,Diego
Worden,Yuri,Burbank,Suleyma,Worden,Diego
Worden,Beverly,Burbank,Suleyma,Worden,Diego
Worden,Addison,Burbank,Suleyma,Worden,Diego
Worden,Margaret,Burbank,Suleyma,Worden,Diego
Worden,Terance,Burbank,Suleyma,Worden,Diego
Worden,Erin,England,Anika,Worden,Mauro
Worden,Charlie,Burbank,Suleyma,Worden,Diego
Worden,Adrian,England,Anika,Worden,Mauro
Worden,Nadav,England,Anika,Worden,Mauro
Worden,Iesha,England,Anika,Worden,Mauro
Worden,Bretton,Pettit,Kaylyn,Worden,Langston
Worden,Shanna,England,Anika,Worden,Mauro
Worden,Callum,Pettit,Kaylyn,Worden,Langston
Worden,Grecia,England,Anika,Worden,Mauro
Worden,Bernardo,Pettit,Kaylyn,Worden,Langston
Worden,Hailee,England,Anika,Worden,Mauro
Worden,Curtis,Pettit,Kaylyn,Worden,Langston
Worden,Maddison,England,Anika,Worden,Mauro
Worden,Simon,Pettit,Kaylyn,Worden,Langston
Worden,Destiana,Pettit,Kaylyn,Worden,Langston
Worden,Luciano,Pettit,Kaylyn,Worden,Langston
Worden,Kimberly,Pettit,Kaylyn,Worden,Langston
Worden,Brody,Pettit,Kaylyn,Worden,Langston
Worden,Jensen,Pettit,Kaylyn,Worden,Langston
Worden,Kristopher,Pettit,Kaylyn,Worden,Langston
Worden,Caitlyn,Pettit,Kaylyn,Worden,Langston
Worden,Everett,Pettit,Kaylyn,Worden,Langston
Worden,Kaylah,Pettit,Kaylyn,Worden,Langston
Worden,Jesse,Swanson,Kyla,Worden,Jovan
Worden,Kasandra,Pettit,Kaylyn,Worden,Langston
Worden,Lloyd,Swanson,Kyla,Worden,Jovan
Worden,Alexis,Pettit,Kaylyn,Worden,Langston
Worden,Issac,Swanson,Kyla,Worden,Jovan
Worden,Alissa,Pettit,Kaylyn,Worden,Langston
Worden,Isidro,Swanson,Kyla,Worden,Jovan
Worden,Chase,Swanson,Kyla,Worden,Jovan
Worden,Ulysses,Swanson,Kyla,Worden,Jovan
Worden,Yuki,Swanson,Kyla,Worden,Jovan
Worden,Benjamen,Swanson,Kyla,Worden,Jovan
Worden,Karly,Swanson,Kyla,Worden,Jovan
Worden,Eduardo,Swanson,Kyla,Worden,Jovan
Worden,Nicole,Swanson,Kyla,Worden,Jovan
Worden,Humberto,Swanson,Kyla,Worden,Jovan
Worden,Marelyn,Cunningham,Josey,Worden,Jasper
Worden,Mariano,Swanson,Kyla,Worden,Jovan
Worden,Callie,Cunningham,Josey,Worden,Jasper
Worden,Dakota,Cunningham,Josey,Worden,Jasper
Worden,Chloe,Cunningham,Josey,Worden,Jasper
Worden,Kendrick,Cunningham,Josey,Worden,Jasper
Worden,Sinai,Cunningham,Josey,Worden,Jasper
Worden,Blake,Higginbotham,Savana,Worden,Gerard
Worden,Perla,Cunningham,Josey,Worden,Jasper
Worden,Landin,McBride,Arlene,Worden,Anthony
Worden,Cristal,Higginbotham,Savana,Worden,Gerard
Worden,Devonte,McBride,Arlene,Worden,Anthony
Worden,Paige,Higginbotham,Savana,Worden,Gerard
Worden,Myles,McBride,Arlene,Worden,Anthony
Worden,Kiara,Higginbotham,Savana,Worden,Gerard
Worden,Carson,McBride,Arlene,Worden,Anthony
Worden,Robin,Higginbotham,Savana,Worden,Gerard
Worden,Jaylen,Engle,Shaina,Worden,Reid
Worden,Kenyatta,McBride,Arlene,Worden,Anthony
Worden,Eddie,Engle,Shaina,Worden,Reid
Worden,Madelyn,McBride,Arlene,Worden,Anthony
Worden,Johan,Engle,Shaina,Worden,Reid
Worden,Kailey,McBride,Arlene,Worden,Anthony
Worden,Aidan,Engle,Shaina,Worden,Reid
Worden,Rhiannon,McBride,Arlene,Worden,Anthony
Worden,Bryant,Engle,Shaina,Worden,Reid
Worden,Karlie,McBride,Arlene,Worden,Anthony
Worden,Alvaro,Engle,Shaina,Worden,Reid
Worden,Chloie,McBride,Arlene,Worden,Anthony
Worden,Tylar,Engle,Shaina,Worden,Reid
Worden,Breana,Engle,Shaina,Worden,Reid
Worden,Justyn,Engle,Shaina,Worden,Reid
Worden,Ashtyn,Engle,Shaina,Worden,Reid
Sturckow,Marcos,Engle,Brittani,Sturckow,Jovon
Worden,Daja,Engle,Shaina,Worden,Reid
Sturckow,Montana,Engle,Brittani,Sturckow,Jovon
Worden,Kendyl,Engle,Shaina,Worden,Reid
Sturckow,Devante,Engle,Brittani,Sturckow,Jovon
Worden,Tiona,Engle,Shaina,Worden,Reid
Sturckow,Emmitt,Engle,Brittani,Sturckow,Jovon
Worden,Abigail,Engle,Shaina,Worden,Reid
Sturckow,Jacori,Engle,Brittani,Sturckow,Jovon
Worden,Shanice,Engle,Shaina,Worden,Reid
Sturckow,Ramiro,Engle,Brittani,Sturckow,Jovon
Worden,Coralys,Engle,Shaina,Worden,Reid
Sturckow,Jacob,Engle,Brittani,Sturckow,Jovon
Worden,Mikayla,Engle,Shaina,Worden,Reid
Sturckow,Sheldon,Engle,Brittani,Sturckow,Jovon
Worden,Trevor,Engle,Shaina,Worden,Reid
Sturckow,Casey,Engle,Brittani,Sturckow,Jovon
Worden,Camille,Engle,Shaina,Worden,Reid
Sturckow,Luke,Engle,Brittani,Sturckow,Jovon
Sturckow,Nathalia,Engle,Brittani,Sturckow,Jovon
Sturckow,Ezekiel,Engle,Brittani,Sturckow,Jovon
Sturckow,Mileena,Engle,Brittani,Sturckow,Jovon
Sturckow,Guy,Engle,Alina,Sturckow,Stephanie
Sturckow,Corina,Engle,Brittani,Sturckow,Jovon
Sturckow,Jaime,Engle,Alina,Sturckow,Stephanie
Sturckow,Melanie,Engle,Brittani,Sturckow,Jovon
Sturckow,Nathaniel,Engle,Alina,Sturckow,Stephanie
Sturckow,Shanise,Engle,Brittani,Sturckow,Jovon
Sturckow,Braxton,Engle,Alina,Sturckow,Stephanie
Sturckow,Stormy,Engle,Brittani,Sturckow,Jovon
Sturckow,Khalil,Engle,Alina,Sturckow,Stephanie
Sturckow,Destany,Engle,Brittani,Sturckow,Jovon
Sturckow,Jace,Engle,Alina,Sturckow,Stephanie
Sturckow,Tasha,Engle,Brittani,Sturckow,Jovon
Sturckow,Maverick,Engle,Alina,Sturckow,Stephanie
Sturckow,Kaya,Engle,Brittani,Sturckow,Jovon
Sturckow,Keagan,Engle,Sydni,Sturckow,Marlon
Sturckow,Ayla,Engle,Alina,Sturckow,Stephanie
Sturckow,Billy,Engle,Sydni,Sturckow,Marlon
Sturckow,Makenzi,Engle,Alina,Sturckow,Stephanie
Sturckow,Reginald,Engle,Anika,Sturckow,Jamel
Sturckow,Brandi,Engle,Alina,Sturckow,Stephanie
Sturckow,Dalton,Engle,Anika,Sturckow,Jamel
Sturckow,Edith,Engle,Alina,Sturckow,Stephanie
Sturckow,Garrison,Engle,Anika,Sturckow,Jamel
Sturckow,Reyna,Engle,Alina,Sturckow,Stephanie
Sturckow,Julian,Engle,Savanna,Sturckow,Marquis
Sturckow,Katia,Engle,Alina,Sturckow,Stephanie
Sturckow,Franklin,Engle,Savanna,Sturckow,Marquis
Sturckow,Shania,Engle,Alina,Sturckow,Stephanie
Sturckow,Isiah,Engle,Savanna,Sturckow,Marquis
Sturckow,Violet,Engle,Alina,Sturckow,Stephanie
Sturckow,Rey,Engle,Savanna,Sturckow,Marquis
Sturckow,Devin,Engle,Alina,Sturckow,Stephanie
Sturckow,Rafael,Engle,Savanna,Sturckow,Marquis
Sturckow,Julia,Engle,Alina,Sturckow,Stephanie
Sturckow,Zane,Engle,Savanna,Sturckow,Marquis
Sturckow,Yvette,Engle,Sydni,Sturckow,Marlon
Sturckow,Alvin,Engle,Savanna,Sturckow,Marquis
Sturckow,Sinai,Engle,Sydni,Sturckow,Marlon
Sturckow,James,Engle,Savanna,Sturckow,Marquis
Sturckow,Alexandra,Engle,Sydni,Sturckow,Marlon
Sturckow,Conrad,Engle,Savanna,Sturckow,Marquis
Sturckow,Jazmine,Engle,Anika,Sturckow,Jamel
Sturckow,Cyrus,Worden,Mia,Sturckow,Scott
Sturckow,Camelia,Engle,Anika,Sturckow,Jamel
Sturckow,Devonte,Worden,Mia,Sturckow,Scott
Sturckow,Amari,Engle,Anika,Sturckow,Jamel
Still,Augustus,Worden,Tiffany,Still,Korey
Sturckow,Stacie,Engle,Anika,Sturckow,Jamel
Still,Frankie,Worden,Tiffany,Still,Korey
Sturckow,Eva,Engle,Anika,Sturckow,Jamel
Still,Braxton,Worden,Tiffany,Still,Korey
Sturckow,Lenora,Engle,Anika,Sturckow,Jamel
Still,Izaiah,Worden,Tiffany,Still,Korey
Sturckow,Shoshana,Engle,Savanna,Sturckow,Marquis
Still,Kegan,Worden,Tiffany,Still,Korey
Sturckow,Jenniffer,Engle,Savanna,Sturckow,Marquis
Still,Donte,Worden,Tiffany,Still,Korey
Sturckow,Tianna,Engle,Savanna,Sturckow,Marquis
Still,Vincent,Worden,Tiffany,Still,Korey
Sturckow,Francisca,Engle,Savanna,Sturckow,Marquis
Still,Christian,Worden,Micaela,Still,Dan
Sturckow,Zoey,Engle,Savanna,Sturckow,Marquis
Still,Clifford,Worden,Micaela,Still,Dan
Sturckow,Janelle,Engle,Savanna,Sturckow,Marquis
Still,Tristin,Worden,Micaela,Still,Dan
Sturckow,Jeffrey,Engle,Savanna,Sturckow,Marquis
Still,Dominick,Worden,Micaela,Still,Dan
Sturckow,Christian,Engle,Savanna,Sturckow,Marquis
Still,Casey,Worden,Micaela,Still,Dan
Sturckow,Devyn,Engle,Savanna,Sturckow,Marquis
Still,Kenneth,Worden,Micaela,Still,Dan
Sturckow,Jaclyn,Engle,Savanna,Sturckow,Marquis
Still,Everett,Worden,Micaela,Still,Dan
Sturckow,Tierra,Worden,Mia,Sturckow,Scott
Still,Jovan,Worden,Micaela,Still,Dan
Sturckow,Emilie,Worden,Mia,Sturckow,Scott
Still,Saul,Worden,Micaela,Still,Dan
Sturckow,Kendall,Worden,Mia,Sturckow,Scott
Still,Marcanthon,Worden,Lara,Still,Jevin
Sturckow,Daja,Worden,Mia,Sturckow,Scott
Still,Mitchel,Worden,Lara,Still,Jevin
Sturckow,Niki,Worden,Mia,Sturckow,Scott
Still,Perry,Worden,Lara,Still,Jevin
Sturckow,Sunny,Worden,Mia,Sturckow,Scott
Still,Gilberto,Worden,Lara,Still,Jevin
Sturckow,Kaytlyn,Worden,Mia,Sturckow,Scott
Still,Bryan,Worden,Lara,Still,Jevin
Sturckow,Kenna,Worden,Mia,Sturckow,Scott
Still,Ward,Worden,Ayla,Still,Martin
Sturckow,Misty,Worden,Mia,Sturckow,Scott
Still,Bailey,Worden,Ayla,Still,Martin
Sturckow,Faith,Worden,Mia,Sturckow,Scott
Still,August,Worden,Ayla,Still,Martin
Sturckow,Celena,Worden,Mia,Sturckow,Scott
Still,Dandre,Worden,Ayla,Still,Martin
Still,Ciara,Worden,Tiffany,Still,Korey
Still,Franklin,Worden,Ayla,Still,Martin
Still,Dulce,Worden,Tiffany,Still,Korey
Still,Tyree,Worden,Ayla,Still,Martin
Still,Brigid,Worden,Tiffany,Still,Korey
Still,Dwayne,Worden,Ayla,Still,Martin
Still,Kaci,Worden,Tiffany,Still,Korey
Still,Johnny,Worden,Ayla,Still,Martin
Still,Debbie,Worden,Tiffany,Still,Korey
Still,Emilio,Worden,Ayla,Still,Martin
Still,Alma,Worden,Tiffany,Still,Korey
Still,Julio,Worden,Ciarra,Still,Dangelo
Still,Bryanna,Worden,Tiffany,Still,Korey
Still,Darrell,Worden,Ciarra,Still,Dangelo
Still,Colette,Worden,Micaela,Still,Dan
Still,Alexis,Worden,Ciarra,Still,Dangelo
Still,Keyshla,Worden,Micaela,Still,Dan
Still,Niko,Sturckow,Marisela,Still,Carlos
Still,Tayla,Worden,Micaela,Still,Dan
Still,Jovon,Sturckow,Marisela,Still,Carlos
Still,Maren,Worden,Micaela,Still,Dan
Still,Guadalupe,Sturckow,Marisela,Still,Carlos
Still,Alyson,Worden,Micaela,Still,Dan
Still,Jair,Sturckow,Yasmine,Still,Cristian
Still,Chelsey,Worden,Micaela,Still,Dan
Still,Nolan,Sturckow,Yasmine,Still,Cristian
Still,Corina,Worden,Micaela,Still,Dan
Still,Asher,Sturckow,Yasmine,Still,Cristian
Still,Emilie,Worden,Micaela,Still,Dan
Still,Talon,Sturckow,Yasmine,Still,Cristian
Still,Miriam,Worden,Micaela,Still,Dan
Coolidge,Dreshaun,Sturckow,Tanisha,Coolidge,Migel
Still,Adriana,Worden,Micaela,Still,Dan
Coolidge,Alvaro,Sturckow,Tanisha,Coolidge,Migel
Still,Mileena,Worden,Lara,Still,Jevin
Coolidge,Dequan,Sturckow,Tanisha,Coolidge,Migel
Still,Carla,Worden,Lara,Still,Jevin
Coolidge,Daniel,Sturckow,Tanisha,Coolidge,Migel
Still,Janessa,Worden,Lara,Still,Jevin
Coolidge,Mathew,Sturckow,Tanisha,Coolidge,Migel
Still,Anita,Worden,Ayla,Still,Martin
Coolidge,Bronson,Sturckow,Tanisha,Coolidge,Migel
Still,Tianna,Worden,Ayla,Still,Martin
Coolidge,Jamar,Sturckow,Tanisha,Coolidge,Migel
Still,Felisha,Worden,Ayla,Still,Martin
Coolidge,Paul,Sturckow,Tanisha,Coolidge,Migel
Still,Tyler,Worden,Ayla,Still,Martin
Coolidge,Tyler,Still,Clara,Coolidge,Fabian
Still,Delilah,Worden,Ayla,Still,Martin
Coolidge,Nour,Still,Clara,Coolidge,Fabian
Still,Olivia,Worden,Ayla,Still,Martin
Coolidge,Josie,Still,Clara,Coolidge,Fabian
Still,Chanel,Worden,Ayla,Still,Martin
Coolidge,Seth,Still,Elijah,Coolidge,Dashane
Still,Kelcee,Worden,Ayla,Still,Martin
Coolidge,Korey,Still,Elijah,Coolidge,Dashane
Still,Ixchel,Worden,Ayla,Still,Martin
Coolidge,Trace,Still,Elijah,Coolidge,Dashane
Still,Kendal,Worden,Ciarra,Still,Dangelo
Coolidge,Travis,Still,Berenice,Coolidge,Landon
Still,Dina,Worden,Ciarra,Still,Dangelo
Coolidge,Blaine,Still,Berenice,Coolidge,Landon
Still,Renee,Worden,Ciarra,Still,Dangelo
Coolidge,Lucas,Still,Berenice,Coolidge,Landon
Still,Eileen,Sturckow,Marisela,Still,Carlos
Coolidge,Davin,Still,Berenice,Coolidge,Landon
Still,Marian,Sturckow,Marisela,Still,Carlos
Coolidge,Claudio,Still,Berenice,Coolidge,Landon
Still,Caitlyn,Sturckow,Marisela,Still,Carlos
Coolidge,Britton,Still,Berenice,Coolidge,Landon
Still,Colleen,Sturckow,Marisela,Still,Carlos
Coolidge,Lane,Still,Berenice,Coolidge,Landon
Still,Danika,Sturckow,Marisela,Still,Carlos
Coolidge,Kirkland,Still,Berenice,Coolidge,Landon
Still,Kyndra,Sturckow,Yasmine,Still,Cristian
Coolidge,Kyler,Still,Berenice,Coolidge,Landon
Still,Jaime,Sturckow,Yasmine,Still,Cristian
Coolidge,Bret,Still,Berenice,Coolidge,Landon
Coolidge,Tatiana,Sturckow,Tanisha,Coolidge,Migel
Coolidge,Maliki,Still,Nathalia,Coolidge,Jaylon
Coolidge,Aireona,Sturckow,Tanisha,Coolidge,Migel
Coolidge,Cory,Still,Nathalia,Coolidge,Jaylon
Coolidge,Paloma,Sturckow,Tanisha,Coolidge,Migel
Coolidge,Sebastien,Still,Nathalia,Coolidge,Jaylon
Coolidge,Nakia,Sturckow,Tanisha,Coolidge,Migel
Coolidge,Scott,Still,Nathalia,Coolidge,Jaylon
Coolidge,Marian,Sturckow,Tanisha,Coolidge,Migel
Coolidge,Moises,Still,Nathalia,Coolidge,Jaylon
Coolidge,Carley,Sturckow,Tanisha,Coolidge,Migel
Coolidge,Devaughn,Still,Nathalia,Coolidge,Jaylon
Coolidge,Haylee,Sturckow,Tanisha,Coolidge,Migel
Coolidge,Zachery,Still,Nathalia,Coolidge,Jaylon
Coolidge,Harley,Sturckow,Tanisha,Coolidge,Migel
Coolidge,Byron,Still,Nathalia,Coolidge,Jaylon
Coolidge,Frida,Sturckow,Tanisha,Coolidge,Migel
Coolidge,Ignacio,Still,Nathalia,Coolidge,Jaylon
Coolidge,Barbara,Sturckow,Tanisha,Coolidge,Migel
Coolidge,Romeo,Fossum,Tyra,Coolidge,Sutton
Coolidge,Kaya,Sturckow,Tanisha,Coolidge,Migel
Coolidge,Reuben,Fossum,Tyra,Coolidge,Sutton
Coolidge,Makenzi,Sturckow,Tanisha,Coolidge,Migel
Coolidge,Noe,Fossum,Tyra,Coolidge,Sutton
Coolidge,Sheniqua,Still,Clara,Coolidge,Fabian
Coolidge,Leo,Fossum,Tyra,Coolidge,Sutton
Coolidge,Elyse,Still,Clara,Coolidge,Fabian
Coolidge,Dustin,Fossum,Tyra,Coolidge,Sutton
Coolidge,Lenora,Still,Elijah,Coolidge,Dashane
Coolidge,Jonathan,Fossum,Tyra,Coolidge,Sutton
Coolidge,Paris,Still,Elijah,Coolidge,Dashane
Coolidge,Efrain,Fossum,Tyra,Coolidge,Sutton
Coolidge,Elaina,Still,Elijah,Coolidge,Dashane
Coolidge,Howard,Fossum,Tyra,Coolidge,Sutton
Coolidge,Gabrielle,Still,Elijah,Coolidge,Dashane
Coolidge,Stewart,Fossum,Tyra,Coolidge,Sutton
Coolidge,Idaly,Still,Elijah,Coolidge,Dashane
Coolidge,Addison,Fossum,Camila,Coolidge,Chad
Coolidge,Sage,Still,Elijah,Coolidge,Dashane
Worden,Jeremey,Grinch,Sarai,Engle,Kegan,Boilermaker
Coolidge,Miguel,Fossum,Camila,Coolidge,Chad
Coolidge,Kimberlee,Still,Elijah,Coolidge,Dashane
Coolidge,Raphael,Fossum,Camila,Coolidge,Chad
Coolidge,Kalee,Still,Elijah,Coolidge,Dashane
Coolidge,Domenic,Fossum,Cheryl,Coolidge,Taylor
Coolidge,Regan,Still,Elijah,Coolidge,Dashane
Coolidge,Jarrod,Fossum,Cheryl,Coolidge,Taylor
Coolidge,Ashtyn,Still,Elijah,Coolidge,Dashane
Coolidge,Coy,Fossum,Cheryl,Coolidge,Taylor
Coolidge,Sadia,Still,Elijah,Coolidge,Dashane
Coolidge,Jared,Fossum,Cheryl,Coolidge,Taylor
Coolidge,Jessie,Still,Elijah,Coolidge,Dashane
Coolidge,Campbell,Fossum,Cheryl,Coolidge,Taylor
Coolidge,Irma,Still,Elijah,Coolidge,Dashane
Coolidge,Christian,Fossum,Cheryl,Coolidge,Taylor
Coolidge,Benita,Still,Berenice,Coolidge,Landon
Coolidge,Dominic,Glenn,Asya,Coolidge,Cedric
Coolidge,Sherry,Still,Berenice,Coolidge,Landon
Coolidge,Dane,Glenn,Asya,Coolidge,Cedric
Coolidge,Geneva,Still,Berenice,Coolidge,Landon
Coolidge,Zane,Glenn,Asya,Coolidge,Cedric
Coolidge,Francis,Still,Berenice,Coolidge,Landon
Coolidge,Damian,Glenn,Asya,Coolidge,Cedric
Coolidge,Maddison,Still,Berenice,Coolidge,Landon
Coolidge,Yuri,Glenn,Asya,Coolidge,Cedric
Coolidge,Ashlee,Still,Berenice,Coolidge,Landon
Coolidge,Bryson,Glenn,Asya,Coolidge,Cedric
Coolidge,Monika,Still,Berenice,Coolidge,Landon
Coolidge,Errol,Glenn,Asya,Coolidge,Cedric
Coolidge,Alisa,Still,Berenice,Coolidge,Landon
Coolidge,Deonte,Glenn,Gabriella,Coolidge,Colin
Coolidge,Chantel,Still,Berenice,Coolidge,Landon
Coolidge,Dyllon,Glenn,Gabriella,Coolidge,Colin
Coolidge,Veda,Still,Berenice,Coolidge,Landon
Coolidge,Shemar,Glenn,Gabriella,Coolidge,Colin
Coolidge,Keirra,Still,Nathalia,Coolidge,Jaylon
Coolidge,Trey,Glenn,Gabriella,Coolidge,Colin
Coolidge,Dania,Still,Nathalia,Coolidge,Jaylon
Coolidge,Luke,Glenn,Gabriella,Coolidge,Colin
Coolidge,Yazmin,Still,Nathalia,Coolidge,Jaylon
Coolidge,Jed,Glenn,Gabriella,Coolidge,Colin
Coolidge,Stella,Still,Nathalia,Coolidge,Jaylon
Fossum,Ricky,Coolidge,Johana,Fossum,Reese
Coolidge,Arlene,Still,Nathalia,Coolidge,Jaylon
Fossum,Preston,Coolidge,Johana,Fossum,Reese
Coolidge,Divya,Still,Nathalia,Coolidge,Jaylon
Fossum,Stefan,Coolidge,Nyasia,Fossum,Marques
Coolidge,Krupa,Still,Nathalia,Coolidge,Jaylon
Fossum,Grant,Coolidge,Nyasia,Fossum,Marques
Coolidge,Iesha,Still,Nathalia,Coolidge,Jaylon
Fossum,Kamau,Coolidge,Nyasia,Fossum,Marques
Coolidge,Emmily,Still,Nathalia,Coolidge,Jaylon
Fossum,Truman,Coolidge,Nyasia,Fossum,Marques
Coolidge,Janay,Still,Nathalia,Coolidge,Jaylon
Glenn,Stephanie,Coolidge,Calandra,Glenn,Keeton
Coolidge,Kori,Fossum,Tyra,Coolidge,Sutton
Glenn,Olivier,Coolidge,Calandra,Glenn,Keeton
Coolidge,Markia,Fossum,Tyra,Coolidge,Sutton
Glenn,Zaire,Coolidge,Calandra,Glenn,Keeton
Coolidge,Stefanie,Fossum,Tyra,Coolidge,Sutton
Glenn,Ahmad,Coolidge,Calandra,Glenn,Keeton
Coolidge,Jazmin,Fossum,Tyra,Coolidge,Sutton
Glenn,Demetrius,Coolidge,Calandra,Glenn,Keeton
Coolidge,Juliana,Fossum,Tyra,Coolidge,Sutton
Glenn,Sebastian,Coolidge,Calandra,Glenn,Keeton
Coolidge,Beatriz,Fossum,Tyra,Coolidge,Sutton
Glenn,Emilio,Coolidge,Calandra,Glenn,Keeton
Coolidge,Kandice,Fossum,Tyra,Coolidge,Sutton
Glenn,Greyson,Coolidge,Calandra,Glenn,Keeton
Coolidge,Sommer,Fossum,Tyra,Coolidge,Sutton
Glenn,Silas,Coolidge,Calandra,Glenn,Keeton
Coolidge,Rhiannon,Fossum,Camila,Coolidge,Chad
Glenn,Benny,Coolidge,Calandra,Glenn,Keeton
Coolidge,Chynna,Fossum,Camila,Coolidge,Chad
Glenn,Talon,Coolidge,Calandra,Glenn,Keeton
Coolidge,Khyla,Fossum,Camila,Coolidge,Chad
Glenn,Dangelo,Coolidge,Calandra,Glenn,Keeton
Coolidge,Loren,Fossum,Cheryl,Coolidge,Taylor
Glenn,Jesse,Coolidge,Jenae,Glenn,Heriberto
Coolidge,Destiana,Fossum,Cheryl,Coolidge,Taylor
Glenn,Kelsey,Coolidge,Jenae,Glenn,Heriberto
Coolidge,Nichole,Fossum,Cheryl,Coolidge,Taylor
Glenn,Coy,Coolidge,Jenae,Glenn,Heriberto
Coolidge,Perla,Fossum,Cheryl,Coolidge,Taylor
Glenn,Rogelio,Coolidge,Jenae,Glenn,Heriberto
Coolidge,Keosha,Fossum,Cheryl,Coolidge,Taylor
Glenn,Kurt,Coolidge,Jenae,Glenn,Heriberto
Coolidge,Presley,Fossum,Cheryl,Coolidge,Taylor
Glenn,David,Coolidge,Jenae,Glenn,Heriberto
Coolidge,Kristie,Glenn,Asya,Coolidge,Cedric
Glenn,Yobani,Coolidge,Jenae,Glenn,Heriberto
Coolidge,Genesis,Glenn,Asya,Coolidge,Cedric
Glenn,James,Coolidge,Shaylee,Glenn,Richard
Coolidge,Joelle,Glenn,Asya,Coolidge,Cedric
Glenn,Justus,Coolidge,Shaylee,Glenn,Richard
Coolidge,Dajanae,Glenn,Asya,Coolidge,Cedric
Glenn,Dequan,Coolidge,Shaylee,Glenn,Richard
Coolidge,Courtney,Glenn,Asya,Coolidge,Cedric
Glenn,Izaiah,Coolidge,Shaylee,Glenn,Richard
Coolidge,Audrey,Glenn,Asya,Coolidge,Cedric
Glenn,Hugh,Coolidge,Shaylee,Glenn,Richard
Coolidge,Shakia,Glenn,Asya,Coolidge,Cedric
Glenn,Ezequiel,Coolidge,Shaylee,Glenn,Richard
Coolidge,Karissa,Glenn,Asya,Coolidge,Cedric
Glenn,Deanthony,Coolidge,Shaylee,Glenn,Richard
Coolidge,Jaclyn,Glenn,Asya,Coolidge,Cedric
Glenn,Daniel,Coolidge,Michaela,Glenn,Tracy
Coolidge,Kelsy,Glenn,Asya,Coolidge,Cedric
Glenn,Dominic,Coolidge,Michaela,Glenn,Tracy
Coolidge,Andrea,Glenn,Asya,Coolidge,Cedric
Glenn,Toby,Coolidge,Michaela,Glenn,Tracy
Coolidge,Marlen,Glenn,Asya,Coolidge,Cedric
Rominger,August,Coolidge,Jaida,Rominger,Levi
Coolidge,Kaylee,Glenn,Gabriella,Coolidge,Colin
Rominger,Trentin,Coolidge,Jaida,Rominger,Levi
Coolidge,Lilibeth,Glenn,Gabriella,Coolidge,Colin
Rominger,Phillip,Coolidge,Jaida,Rominger,Levi
Fossum,Carley,Coolidge,Johana,Fossum,Reese
Rominger,Darryl,Coolidge,Jaida,Rominger,Levi
Fossum,Shelly,Coolidge,Johana,Fossum,Reese
Rominger,Sawyer,Coolidge,Jenny,Rominger,Trevor
Fossum,Shayna,Coolidge,Nyasia,Fossum,Marques
Rominger,Cody,Coolidge,Jenny,Rominger,Trevor
Fossum,Blair,Coolidge,Nyasia,Fossum,Marques
Rominger,Jimmy,Coolidge,Jenny,Rominger,Trevor
Fossum,Kayla,Coolidge,Nyasia,Fossum,Marques
Rominger,Kieran,Coolidge,Jenny,Rominger,Trevor
Fossum,Adrianne,Coolidge,Nyasia,Fossum,Marques
Rominger,Deante,Coolidge,Jenny,Rominger,Trevor
Fossum,Alisha,Coolidge,Nyasia,Fossum,Marques
Rominger,Javonte,Coolidge,Jenny,Rominger,Trevor
Fossum,Samira,Coolidge,Nyasia,Fossum,Marques
Rominger,Irfan,Coolidge,Jenny,Rominger,Trevor
Glenn,Savanna,Coolidge,Calandra,Glenn,Keeton
Rominger,Byron,Coolidge,Jenny,Rominger,Trevor
Glenn,Lila,Coolidge,Calandra,Glenn,Keeton
Rominger,Fabian,Glenn,Addison,Rominger,Kamau
Glenn,Chardonnay,Coolidge,Calandra,Glenn,Keeton
Rominger,Nour,Glenn,Addison,Rominger,Kamau
Glenn,Sonia,Coolidge,Calandra,Glenn,Keeton
Rominger,Marcos,Glenn,Addison,Rominger,Kamau
Glenn,Lilibeth,Coolidge,Calandra,Glenn,Keeton
Rominger,Carl,Glenn,Addison,Rominger,Kamau
Glenn,Tory,Coolidge,Calandra,Glenn,Keeton
Rominger,Ray,Glenn,Addison,Rominger,Kamau
Glenn,Mia,Coolidge,Jenae,Glenn,Heriberto
Rominger,Rodolfo,Glenn,Addison,Rominger,Kamau
Glenn,Lynn,Coolidge,Jenae,Glenn,Heriberto
Rominger,Darrin,Glenn,Addison,Rominger,Kamau
Glenn,Ciarra,Coolidge,Jenae,Glenn,Heriberto
Rominger,Nicholaus,Glenn,Addison,Rominger,Kamau
Glenn,Tierney,Coolidge,Jenae,Glenn,Heriberto
Rominger,Zachariah,Glenn,Addison,Rominger,Kamau
Glenn,Daja,Coolidge,Jenae,Glenn,Heriberto
Rominger,Emilio,Glenn,Addison,Rominger,Kamau
Glenn,Miah,Coolidge,Jenae,Glenn,Heriberto
Greene,Terrence,Glenn,Sage,Greene,Trey
Glenn,Vanessa,Coolidge,Jenae,Glenn,Heriberto
Greene,Freeman,Glenn,Sage,Greene,Trey
Glenn,Heavenly,Coolidge,Jenae,Glenn,Heriberto
Greene,Colt,Glenn,Sage,Greene,Trey
Glenn,Itati,Coolidge,Jenae,Glenn,Heriberto
Greene,Tyson,Glenn,Sage,Greene,Trey
Glenn,Kristy,Coolidge,Shaylee,Glenn,Richard
Greene,Jared,Glenn,Sage,Greene,Trey
Glenn,Harmony,Coolidge,Shaylee,Glenn,Richard
Greene,Jaylon,Glenn,Sage,Greene,Trey
Glenn,Anabel,Coolidge,Shaylee,Glenn,Richard
Greene,Emmett,Glenn,Sage,Greene,Trey
Glenn,Kyana,Coolidge,Shaylee,Glenn,Richard
Greene,Philip,Glenn,Sage,Greene,Trey
Glenn,Anneliese,Coolidge,Shaylee,Glenn,Richard
Greene,Diego,Glenn,Sage,Greene,Trey
Glenn,Anamaria,Coolidge,Shaylee,Glenn,Richard
Greene,Bennett,Rominger,Kaylin,Greene,Nour
Glenn,Shelley,Coolidge,Shaylee,Glenn,Richard
Greene,Samson,Rominger,Kaylin,Greene,Nour
Glenn,Vera,Coolidge,Shaylee,Glenn,Richard
Greene,Mason,Rominger,Kaylin,Greene,Nour
Glenn,Valerie,Coolidge,Shaylee,Glenn,Richard
Greene,Miles,Rominger,Kaylin,Greene,Nour
Rominger,Roxanne,Coolidge,Jaida,Rominger,Levi
Greene,Jessee,Rominger,Kaylin,Greene,Nour
Rominger,Shamaria,Coolidge,Jaida,Rominger,Levi
Greene,Quinn,Rominger,Kaylin,Greene,Nour
Rominger,Sabreen,Coolidge,Jaida,Rominger,Levi
Greene,Courtney,Rominger,Kaylin,Greene,Nour
Rominger,Shauna,Coolidge,Jaida,Rominger,Levi
Greene,Emanuel,Rominger,Kaylin,Greene,Nour
Rominger,Cailin,Coolidge,Jaida,Rominger,Levi
Greene,Jeremy,Rominger,Kaylin,Greene,Nour
Rominger,Cheyenne,Coolidge,Jaida,Rominger,Levi
Greene,Sebastien,Rominger,Shanyce,Greene,Hugh
Rominger,Ruby,Coolidge,Jaida,Rominger,Levi
Greene,Wayne,Rominger,Shanyce,Greene,Hugh
Rominger,Debbie,Coolidge,Jaida,Rominger,Levi
Greene,Travis,Rominger,Shanyce,Greene,Hugh
Rominger,Cambria,Coolidge,Jaida,Rominger,Levi
Greene,Martin,Rominger,Shanyce,Greene,Hugh
Rominger,Michel,Coolidge,Jenny,Rominger,Trevor
Greene,Dorian,Rominger,Shanyce,Greene,Hugh
Rominger,Veronica,Coolidge,Jenny,Rominger,Trevor
Greene,Hudson,Rominger,Shanyce,Greene,Hugh
Rominger,Destiny,Coolidge,Jenny,Rominger,Trevor
Greene,Sedrick,Rominger,Shanyce,Greene,Hugh
Rominger,Angelika,Coolidge,Jenny,Rominger,Trevor
Greene,Mario,Rominger,Shanyce,Greene,Hugh
Rominger,Paula,Coolidge,Jenny,Rominger,Trevor
Greene,Alek,Rominger,Ashanti,Greene,Eddie
Rominger,Katheryn,Coolidge,Jenny,Rominger,Trevor
Greene,Guy,Rominger,Ashanti,Greene,Eddie
Rominger,Cheyanne,Coolidge,Jenny,Rominger,Trevor
Greene,Kaden,Rominger,Ashanti,Greene,Eddie
Rominger,Yazmin,Coolidge,Jenny,Rominger,Trevor
Greene,Devaughn,Rominger,Ashanti,Greene,Eddie
Rominger,Blaze,Coolidge,Jenny,Rominger,Trevor
Greene,Caden,Rominger,Ashanti,Greene,Eddie
Rominger,Ellen,Coolidge,Jenny,Rominger,Trevor
Greene,Manuel,Rominger,Ashanti,Greene,Eddie
Rominger,Louisa,Glenn,Addison,Rominger,Kamau
Greene,Kahlil,Rominger,Ashanti,Greene,Eddie
Rominger,Julie,Glenn,Addison,Rominger,Kamau
Greene,Ravon,Rominger,Maia,Greene,Zakery
Rominger,Audra,Glenn,Addison,Rominger,Kamau
Greene,Chandler,Rominger,Maia,Greene,Zakery
Rominger,Alani,Glenn,Addison,Rominger,Kamau
Greene,Francis,Rominger,Maia,Greene,Zakery
Rominger,Kerry,Glenn,Addison,Rominger,Kamau
Greene,Deion,Rominger,Maia,Greene,Zakery
Rominger,Gabriela,Glenn,Addison,Rominger,Kamau
Greene,Jesse,Rominger,Maia,Greene,Zakery
Rominger,Aaliyah,Glenn,Addison,Rominger,Kamau
Greene,Yakov,Rominger,Maia,Greene,Zakery
Rominger,Promise,Glenn,Addison,Rominger,Kamau
Greene,Jayden,Rominger,Maia,Greene,Zakery
Greene,Donisha,Glenn,Sage,Greene,Trey
Greene,Marquise,Rominger,Maia,Greene,Zakery
Greene,Krista,Glenn,Sage,Greene,Trey
Greene,Abel,Rominger,Katharine,Greene,Dontae
Greene,Kansas,Glenn,Sage,Greene,Trey
Greene,Estevan,Rominger,Katharine,Greene,Dontae
Greene,Arianna,Glenn,Sage,Greene,Trey
Greene,Nicholas,Rominger,Katharine,Greene,Dontae
Greene,Yazmin,Rominger,Kaylin,Greene,Nour
Greene,Angelo,Rominger,Katharine,Greene,Dontae
Greene,Emerald,Rominger,Kaylin,Greene,Nour
Greene,Jaime,Rominger,Katharine,Greene,Dontae
Greene,Tasia,Rominger,Kaylin,Greene,Nour
Greene,Deonta,Rominger,Katharine,Greene,Dontae
Greene,Karyna,Rominger,Kaylin,Greene,Nour
Greene,Hayden,Rominger,Katharine,Greene,Dontae
Greene,Tatum,Rominger,Kaylin,Greene,Nour
Greene,Felipe,Rominger,Michele,Greene,Noel
Greene,Glenda,Rominger,Kaylin,Greene,Nour
Greene,Marquis,Rominger,Michele,Greene,Noel
Greene,Crystal,Rominger,Kaylin,Greene,Nour
Rominger,Zackary,Greene,Ceaira,Rominger,Agustin
Greene,Aleah,Rominger,Kaylin,Greene,Nour
Rominger,Fred,Greene,Ceaira,Rominger,Agustin
Greene,Keirra,Rominger,Shanyce,Greene,Hugh
Rominger,Ezra,Greene,Ceaira,Rominger,Agustin
Greene,Shawna,Rominger,Shanyce,Greene,Hugh
Rominger,Tristen,Greene,Ceaira,Rominger,Agustin
Greene,Heavenly,Rominger,Shanyce,Greene,Hugh
Rominger,Nicolas,Greene,Ceaira,Rominger,Agustin
Greene,Kourtney,Rominger,Shanyce,Greene,Hugh
Rominger,Reynaldo,Greene,Ceaira,Rominger,Agustin
Greene,Sheyla,Rominger,Shanyce,Greene,Hugh
Rominger,Damon,Greene,Ceaira,Rominger,Agustin
Greene,Helen,Rominger,Shanyce,Greene,Hugh
Rominger,Kasey,Greene,Ceaira,Rominger,Agustin
Greene,Chasity,Rominger,Shanyce,Greene,Hugh
Rominger,Romello,Greene,Ceaira,Rominger,Agustin
Greene,Joselin,Rominger,Shanyce,Greene,Hugh
Rominger,Malik,Greene,Ceaira,Rominger,Agustin
Greene,Chyanne,Rominger,Shanyce,Greene,Hugh
Rominger,Griffin,Greene,Ceaira,Rominger,Agustin
Greene,Kristine,Rominger,Shanyce,Greene,Hugh
Rominger,Ronny,Greene,Arlene,Rominger,Brannon
Greene,Lara,Rominger,Ashanti,Greene,Eddie
Rominger,Deandre,Greene,Arlene,Rominger,Brannon
Greene,Mari,Rominger,Ashanti,Greene,Eddie
Rominger,Dwayne,Greene,Arlene,Rominger,Brannon
Greene,Jenniffer,Rominger,Ashanti,Greene,Eddie
Rominger,Craig,Greene,Arlene,Rominger,Brannon
Greene,Alondra,Rominger,Ashanti,Greene,Eddie
Rominger,Nadav,Greene,Arlene,Rominger,Brannon
Greene,Bridgett,Rominger,Ashanti,Greene,Eddie
Rominger,Jamar,Greene,Arlene,Rominger,Brannon
Greene,Kealani,Rominger,Ashanti,Greene,Eddie
Rominger,Colbey,Greene,Arlene,Rominger,Brannon
Greene,Mallory,Rominger,Ashanti,Greene,Eddie
Rominger,Deleon,Greene,Arlene,Rominger,Brannon
Greene,Molli,Rominger,Ashanti,Greene,Eddie
Rominger,Gilbert,Greene,Arlene,Rominger,Brannon
Greene,Heidi,Rominger,Ashanti,Greene,Eddie
Rominger,Erick,Greene,Arlene,Rominger,Brannon
Greene,Nathalie,Rominger,Maia,Greene,Zakery
Rominger,Marc,Greene,Kyra,Rominger,Moses
Greene,Taylorann,Rominger,Maia,Greene,Zakery
Rominger,Kurtis,Greene,Kyra,Rominger,Moses
Greene,Emilie,Rominger,Maia,Greene,Zakery
Rominger,Bryan,Greene,Kyra,Rominger,Moses
Greene,Sean,Rominger,Maia,Greene,Zakery
Rominger,Amari,Greene,Kyra,Rominger,Moses
Greene,Sonia,Rominger,Maia,Greene,Zakery
Rominger,Richard,Greene,Kyra,Rominger,Moses
Greene,Amy,Rominger,Maia,Greene,Zakery
Rominger,Ted,Greene,Kyra,Rominger,Moses
Greene,Annalisa,Rominger,Maia,Greene,Zakery
Rominger,Shane,Greene,Kyra,Rominger,Moses
Greene,Dalila,Rominger,Maia,Greene,Zakery
Rominger,Garret,Greene,Kyra,Rominger,Moses
Greene,Deserae,Rominger,Maia,Greene,Zakery
Rominger,Jan,Greene,Kyra,Rominger,Moses
Greene,Nyasia,Rominger,Maia,Greene,Zakery
Rominger,Raekwon,Greene,Kyra,Rominger,Moses
Greene,Courteney,Rominger,Maia,Greene,Zakery
Rominger,Cullen,Greene,Kyra,Rominger,Moses
Greene,Elana,Rominger,Maia,Greene,Zakery
Rominger,Ruben,Greene,Tania,Rominger,Donte
Greene,Tayler,Rominger,Katharine,Greene,Dontae
Rominger,Zachery,Greene,Tania,Rominger,Donte
Greene,Maren,Rominger,Katharine,Greene,Dontae
Rominger,Mauricio,Greene,Tania,Rominger,Donte
Greene,Anitra,Rominger,Katharine,Greene,Dontae
Rominger,Jaime,Greene,Tania,Rominger,Donte
Greene,Anamarie,Rominger,Katharine,Greene,Dontae
Rominger,Stephen,Greene,Tania,Rominger,Donte
Greene,Tess,Rominger,Katharine,Greene,Dontae
Rominger,Deshawn,Greene,Tania,Rominger,Donte
Greene,Cori,Rominger,Katharine,Greene,Dontae
Rominger,Wilfredo,Greene,Lena,Rominger,Mohamed
Greene,Paulina,Rominger,Katharine,Greene,Dontae
Rominger,Grayson,Greene,Lena,Rominger,Mohamed
Greene,Micaela,Rominger,Katharine,Greene,Dontae
Rominger,Ariel,Greene,Lena,Rominger,Mohamed
Greene,Jailene,Rominger,Katharine,Greene,Dontae
Rominger,Bobby,Greene,Lena,Rominger,Mohamed
Greene,Alysha,Rominger,Michele,Greene,Noel
Rominger,Norman,Greene,Rita,Rominger,Rowan
Greene,Baylee,Rominger,Michele,Greene,Noel
Rominger,Harrison,Greene,Rita,Rominger,Rowan
Greene,Lexus,Rominger,Michele,Greene,Noel
Rominger,Efrain,Greene,Rita,Rominger,Rowan
Rominger,Cecilia,Greene,Ceaira,Rominger,Agustin
Rominger,Triston,Greene,Rita,Rominger,Rowan
Rominger,Astrid,Greene,Ceaira,Rominger,Agustin
Rominger,Babyboy,Greene,Rita,Rominger,Rowan
Rominger,Aileen,Greene,Ceaira,Rominger,Agustin
Rominger,Erik,Greene,Jackie,Rominger,Maurice
Rominger,Emilee,Greene,Ceaira,Rominger,Agustin
Rominger,Colton,Greene,Jackie,Rominger,Maurice
Rominger,Haven,Greene,Ceaira,Rominger,Agustin
Rominger,Aleksandr,Greene,Jackie,Rominger,Maurice
Rominger,Luisa,Greene,Ceaira,Rominger,Agustin
Rominger,Jordon,Greene,Jackie,Rominger,Maurice
Rominger,Maggie,Greene,Ceaira,Rominger,Agustin
Rominger,Hayes,Greene,Chardonnay,Rominger,Bryant
Rominger,Katherine,Greene,Ceaira,Rominger,Agustin
Rominger,Eli,Greene,Chardonnay,Rominger,Bryant
Rominger,Maureen,Greene,Arlene,Rominger,Brannon
Rominger,Grady,Greene,Chardonnay,Rominger,Bryant
Rominger,Brecken,Greene,Arlene,Rominger,Brannon
Rominger,Khalil,Greene,Chardonnay,Rominger,Bryant
Rominger,Marisela,Greene,Arlene,Rominger,Brannon
Rominger,Kolton,Greene,Chardonnay,Rominger,Bryant
Rominger,Kelci,Greene,Arlene,Rominger,Brannon
Rominger,Landon,Greene,Chardonnay,Rominger,Bryant
Rominger,Teresa,Greene,Arlene,Rominger,Brannon
Rominger,Andreas,Greene,Chardonnay,Rominger,Bryant
Rominger,Banesa,Greene,Arlene,Rominger,Brannon
Rominger,Diondre,Greene,Chardonnay,Rominger,Bryant
Rominger,Talia,Greene,Arlene,Rominger,Brannon
Rominger,Aron,Greene,Chardonnay,Rominger,Bryant
Rominger,Kiara,Greene,Arlene,Rominger,Brannon
Rominger,Javion,Engle,Aaliyah,Rominger,Luke
Rominger,Chanelle,Greene,Arlene,Rominger,Brannon
Rominger,Arthur,Engle,Aaliyah,Rominger,Luke
Rominger,Leah,Greene,Kyra,Rominger,Moses
Rominger,Lloyd,Engle,Aaliyah,Rominger,Luke
Rominger,Taryn,Greene,Kyra,Rominger,Moses
Rominger,Francis,Engle,Aaliyah,Rominger,Luke
Rominger,Brynn,Greene,Kyra,Rominger,Moses
Rominger,Logan,Engle,Aaliyah,Rominger,Luke
Rominger,Calandra,Greene,Kyra,Rominger,Moses
Rominger,Victor,Engle,Aaliyah,Rominger,Luke
Rominger,Yahaira,Greene,Kyra,Rominger,Moses
Rominger,Theodore,Engle,Aaliyah,Rominger,Luke
Rominger,Laken,Greene,Kyra,Rominger,Moses
Rominger,Dakota,Engle,Aaliyah,Rominger,Luke
Rominger,Brianna,Greene,Kyra,Rominger,Moses
Rominger,Raequan,Engle,Aaliyah,Rominger,Luke
Rominger,Mckayla,Greene,Kyra,Rominger,Moses
Rominger,Kade,Engle,Aaliyah,Rominger,Luke
Rominger,Raegan,Greene,Kyra,Rominger,Moses
Rominger,Yovani,Engle,Aaliyah,Rominger,Luke
Rominger,Valeria,Greene,Tania,Rominger,Donte
Rominger,Ronnie,Engle,Aaliyah,Rominger,Luke
Rominger,Mackenna,Greene,Tania,Rominger,Donte
Rominger,Migel,Engle,Tristin,Rominger,Hassan
Rominger,Savanna,Greene,Tania,Rominger,Donte
Rominger,Dandre,Engle,Tristin,Rominger,Hassan
Rominger,Bridget,Greene,Lena,Rominger,Mohamed
Rominger,Dylan,Engle,Tristin,Rominger,Hassan
Rominger,Cheryl,Greene,Lena,Rominger,Mohamed
Rominger,Mitchel,Engle,Tristin,Rominger,Hassan
Rominger,Jamie,Greene,Lena,Rominger,Mohamed
Rominger,Alek,Engle,Tristin,Rominger,Hassan
Rominger,Jocelyn,Greene,Lena,Rominger,Mohamed
Rominger,Calvin,Engle,Tristin,Rominger,Hassan
Rominger,Robin,Greene,Rita,Rominger,Rowan
Rominger,Dominick,Engle,Tristin,Rominger,Hassan
Rominger,Leann,Greene,Rita,Rominger,Rowan
Rominger,Kendrick,Engle,Tristin,Rominger,Hassan
Rominger,Candice,Greene,Rita,Rominger,Rowan
Rominger,Alvin,Engle,Tristin,Rominger,Hassan
Rominger,Caylin,Greene,Rita,Rominger,Rowan
Rominger,Shlomo,Engle,Valentina,Rominger,Ever
Rominger,Mariela,Greene,Rita,Rominger,Rowan
Rominger,Daniel,Engle,Valentina,Rominger,Ever
Rominger,Elissa,Greene,Rita,Rominger,Rowan
Rominger,Titus,Engle,Valentina,Rominger,Ever
Rominger,Bree,Greene,Rita,Rominger,Rowan
Rominger,Austyn,Engle,Valentina,Rominger,Ever
Rominger,Elisabeth,Greene,Rita,Rominger,Rowan
Rominger,Jeb,Engle,Valentina,Rominger,Ever
Rominger,Kiera,Greene,Jackie,Rominger,Maurice
Rominger,Riley,Engle,Valentina,Rominger,Ever
Rominger,Joyce,Greene,Jackie,Rominger,Maurice
Rominger,Nick,Engle,Valentina,Rominger,Ever
Rominger,Janet,Greene,Jackie,Rominger,Maurice
Rominger,Shmuel,Engle,Valentina,Rominger,Ever
Rominger,Tiona,Greene,Jackie,Rominger,Maurice
Rominger,Leo,Engle,Valentina,Rominger,Ever
Rominger,Diana,Greene,Jackie,Rominger,Maurice
Rominger,Brody,Engle,Valentina,Rominger,Ever
Rominger,Sharae,Greene,Jackie,Rominger,Maurice
Rominger,Jashua,Engle,Valentina,Rominger,Ever
Rominger,Daisy,Greene,Jackie,Rominger,Maurice
Rominger,Tracy,Engle,Valentina,Rominger,Ever
Rominger,Sneha,Greene,Jackie,Rominger,Maurice
Rominger,Devontae,Engle,Valentina,Rominger,Ever
Rominger,Molli,Greene,Jackie,Rominger,Maurice
Rominger,Chad,Engle,Valentina,Rominger,Ever
Rominger,Charlene,Greene,Chardonnay,Rominger,Bryant
Rominger,Gilberto,Engle,Valentina,Rominger,Ever
Rominger,Larissa,Greene,Chardonnay,Rominger,Bryant
Rominger,Jajuan,Engle,Valentina,Rominger,Ever
Rominger,Ashli,Greene,Chardonnay,Rominger,Bryant
Rominger,Jarrett,Engle,Valentina,Rominger,Ever
Rominger,Lena,Greene,Chardonnay,Rominger,Bryant
Rominger,Marcanthon,Engle,Valentina,Rominger,Ever
Rominger,Alysa,Greene,Chardonnay,Rominger,Bryant
Rominger,Jacky,Engle,Valentina,Rominger,Ever
Rominger,Sophia,Greene,Chardonnay,Rominger,Bryant
Rominger,Lamonte,Engle,Blaze,Rominger,Errol
Rominger,Anne,Greene,Chardonnay,Rominger,Bryant
Rominger,Slaten,Engle,Blaze,Rominger,Errol
Rominger,Liz,Engle,Aaliyah,Rominger,Luke
Rominger,Clarence,Engle,Blaze,Rominger,Errol
Rominger,Debora,Engle,Aaliyah,Rominger,Luke
