Adamson,Tobias,Lindsey,Jadah,Adamson,Jon
Zophar,Yajaira,Helms,Shelley,Zophar,Ignacio
Eisenhower,Evan,Akers,Moriah,Eisenhower,Willie
Henricks,Allana,Roosevelt,Johana,Henricks,Giovanni
Anders,Deshawn,Noriega,Anahi,Anders,Shaquille
Fillmore,Desteny,Ford,Christy,Fillmore,Devon
See,Efren,Hauck,Tammy,See,Rolando
Deardorff,Sharae,Runco,Khaliah,Deardorff,Amir
O'Leary,Orlando,Valheim,Hallie,O'Leary,Markell
Meade,Mykayla,Coolidge,Gretchen,Meade,Antavius
Precour,Alfred,Mitchell,Aja,Precour,Joel
Weitz,Vivien,Duffy,Jazmon,Weitz,Hugo
Carr,Zackary,Veach,Carissa,Carr,Josejuan
Jemison,Ann,Jernigan,Drew,Jemison,Darrion
Hoffman,Lamar,Carter,Jaymi,Hoffman,Taquan
Readdy,Nathaly,Bowersox,Ayla,Readdy,Ernesto
Stafford,Trevon,Rominger,Dominique,Stafford,Keeton
Wilson,Cheyanna,Lincoln,Savanna,Wilson,Joan
Walker,Jacques,Mullane,Ronni,Walker,Terrance
Walz,Kaylea,Creamer,Elida,Walz,Destin
Parker,Marvin,Forrester,Alani,Parker,Langston
Thomas,Jean,Bull,Sarina,Thomas,Jawaun
Wilson,Harley,Hayes,Marianne,Wilson,Weston
Schmitt,Tabitha,Resnik,Mara,Schmitt,Hakeem
Adamson,Coleman,Zophar,Yajaira,Adamson,Tobias
Helms,Montana,Piper,Melanie,Helms,Isaias
Adamson,Dakotah,Zophar,Yajaira,Adamson,Tobias
Grant,Greer,Lindsey,Deanna,Grant,Romello
Adamson,Cristobal,Zophar,Yajaira,Adamson,Tobias
Haise,Kelsee,Borman,Christie,Haise,Marcell
Eisenhower,Larry,Henricks,Allana,Eisenhower,Evan
Bagian,Terri,Gardner,Ashleigh,Bagian,Dashane
Eisenhower,Fredrick,Henricks,Allana,Eisenhower,Evan
Sullivan,Maegen,Precour,Christy,Sullivan,Jakob
Eisenhower,Jake,Henricks,Allana,Eisenhower,Evan
Wilson,Tatiana,Stewart,Viviana,Wilson,Keagan
Eisenhower,Christophe,Henricks,Allana,Eisenhower,Evan
Adamson,Diamond,Zophar,Yajaira,Adamson,Tobias
Eisenhower,Leonel,Henricks,Allana,Eisenhower,Evan
Adamson,Synthia,Zophar,Yajaira,Adamson,Tobias
Eisenhower,Garrick,Henricks,Allana,Eisenhower,Evan
Adamson,Bertha,Zophar,Yajaira,Adamson,Tobias
Eisenhower,Ty,Henricks,Allana,Eisenhower,Evan
Adamson,Maryanne,Zophar,Yajaira,Adamson,Tobias
Eisenhower,Demarcus,Henricks,Allana,Eisenhower,Evan
Adamson,Marianna,Zophar,Yajaira,Adamson,Tobias
Eisenhower,Karl,Henricks,Allana,Eisenhower,Evan
Adamson,Shyla,Zophar,Yajaira,Adamson,Tobias
Eisenhower,Hector,Henricks,Allana,Eisenhower,Evan
Eisenhower,Tatianna,Henricks,Allana,Eisenhower,Evan
Anders,Gustavo,Fillmore,Desteny,Anders,Deshawn
Eisenhower,Nadia,Henricks,Allana,Eisenhower,Evan
Anders,Adam,Fillmore,Desteny,Anders,Deshawn
Eisenhower,Kaira,Henricks,Allana,Eisenhower,Evan
Anders,Daron,Fillmore,Desteny,Anders,Deshawn
Eisenhower,Kierra,Henricks,Allana,Eisenhower,Evan
Anders,Dontae,Fillmore,Desteny,Anders,Deshawn
Anders,Briana,Fillmore,Desteny,Anders,Deshawn
Anders,Ramiro,Fillmore,Desteny,Anders,Deshawn
Anders,Kiersten,Fillmore,Desteny,Anders,Deshawn
Anders,Darnell,Fillmore,Desteny,Anders,Deshawn
Anders,Aubree,Fillmore,Desteny,Anders,Deshawn
Anders,Dakotah,Fillmore,Desteny,Anders,Deshawn
See,Dyamond,Deardorff,Sharae,See,Efren
Anders,Ezequiel,Fillmore,Desteny,Anders,Deshawn
See,Hadley,Deardorff,Sharae,See,Efren
Anders,Trenton,Fillmore,Desteny,Anders,Deshawn
See,Alysha,Deardorff,Sharae,See,Efren
Anders,Rafael,Fillmore,Desteny,Anders,Deshawn
O'Leary,Jennifer,Meade,Mykayla,O'Leary,Orlando
Anders,Ryland,Fillmore,Desteny,Anders,Deshawn
O'Leary,Zaria,Meade,Mykayla,O'Leary,Orlando
See,Kayvon,Deardorff,Sharae,See,Efren
O'Leary,Morgan,Meade,Mykayla,O'Leary,Orlando
See,Donald,Deardorff,Sharae,See,Efren
O'Leary,Carlye,Meade,Mykayla,O'Leary,Orlando
See,Harley,Deardorff,Sharae,See,Efren
Precour,Ansley,Weitz,Vivien,Precour,Alfred
See,Spencer,Deardorff,Sharae,See,Efren
Precour,Alexi,Weitz,Vivien,Precour,Alfred
See,Lorenzo,Deardorff,Sharae,See,Efren
Precour,Judith,Weitz,Vivien,Precour,Alfred
O'Leary,Conner,Meade,Mykayla,O'Leary,Orlando
Precour,Rose,Weitz,Vivien,Precour,Alfred
O'Leary,Tre,Meade,Mykayla,O'Leary,Orlando
Precour,Jeanna,Weitz,Vivien,Precour,Alfred
O'Leary,Ernest,Meade,Mykayla,O'Leary,Orlando
Precour,Jessica,Weitz,Vivien,Precour,Alfred
O'Leary,Frankie,Meade,Mykayla,O'Leary,Orlando
Precour,Patsy,Weitz,Vivien,Precour,Alfred
Precour,Coby,Weitz,Vivien,Precour,Alfred
Carr,Tianna,Jemison,Ann,Carr,Zackary
Precour,Jeb,Weitz,Vivien,Precour,Alfred
Carr,Passion,Jemison,Ann,Carr,Zackary
Precour,Yovani,Weitz,Vivien,Precour,Alfred
Carr,Devany,Jemison,Ann,Carr,Zackary
Precour,Anders,Weitz,Vivien,Precour,Alfred
Carr,Nayeli,Jemison,Ann,Carr,Zackary
Precour,Jamal,Weitz,Vivien,Precour,Alfred
Carr,Joi,Jemison,Ann,Carr,Zackary
Carr,Shelby,Jemison,Ann,Carr,Zackary
Hoffman,Amelia,Readdy,Nathaly,Hoffman,Lamar
Carr,Kristofer,Jemison,Ann,Carr,Zackary
Hoffman,Deja,Readdy,Nathaly,Hoffman,Lamar
Carr,Morgan,Jemison,Ann,Carr,Zackary
Hoffman,Alysha,Readdy,Nathaly,Hoffman,Lamar
Carr,Garrison,Jemison,Ann,Carr,Zackary
Hoffman,Alexis,Readdy,Nathaly,Hoffman,Lamar
Carr,Jasper,Jemison,Ann,Carr,Zackary
Hoffman,Rosemarie,Readdy,Nathaly,Hoffman,Lamar
Carr,Roman,Jemison,Ann,Carr,Zackary
Stafford,Katarina,Wilson,Cheyanna,Stafford,Trevon
Carr,Sebastian,Jemison,Ann,Carr,Zackary
Stafford,Carlie,Wilson,Cheyanna,Stafford,Trevon
Hoffman,San,Readdy,Nathaly,Hoffman,Lamar
Stafford,Lyric,Wilson,Cheyanna,Stafford,Trevon
Hoffman,Jamar,Readdy,Nathaly,Hoffman,Lamar
Stafford,Destany,Wilson,Cheyanna,Stafford,Trevon
Hoffman,Connor,Readdy,Nathaly,Hoffman,Lamar
Stafford,Anisha,Wilson,Cheyanna,Stafford,Trevon
Hoffman,Conrad,Readdy,Nathaly,Hoffman,Lamar
Walker,Tara,Walz,Kaylea,Walker,Jacques
Hoffman,Campbell,Readdy,Nathaly,Hoffman,Lamar
Walker,Ivory,Walz,Kaylea,Walker,Jacques
Hoffman,Curtis,Readdy,Nathaly,Hoffman,Lamar
Walker,Tamra,Walz,Kaylea,Walker,Jacques
Stafford,Jaylan,Wilson,Cheyanna,Stafford,Trevon
Parker,Maren,Thomas,Jean,Parker,Marvin
Stafford,Roman,Wilson,Cheyanna,Stafford,Trevon
Parker,Roslyn,Thomas,Jean,Parker,Marvin
Stafford,Jacoby,Wilson,Cheyanna,Stafford,Trevon
Parker,Emely,Thomas,Jean,Parker,Marvin
Stafford,Damien,Wilson,Cheyanna,Stafford,Trevon
Parker,Deborah,Thomas,Jean,Parker,Marvin
Stafford,Tylar,Wilson,Cheyanna,Stafford,Trevon
Parker,Shiloh,Thomas,Jean,Parker,Marvin
Stafford,Stephanie,Wilson,Cheyanna,Stafford,Trevon
Parker,Celina,Thomas,Jean,Parker,Marvin
Stafford,Chaim,Wilson,Cheyanna,Stafford,Trevon
Parker,Brigitte,Thomas,Jean,Parker,Marvin
Parker,Jeff,Thomas,Jean,Parker,Marvin
Parker,Lakeisha,Thomas,Jean,Parker,Marvin
Parker,Rayvon,Thomas,Jean,Parker,Marvin
Parker,Rayna,Thomas,Jean,Parker,Marvin
Parker,Jay,Thomas,Jean,Parker,Marvin
Parker,Madeleine,Thomas,Jean,Parker,Marvin
Parker,Kaleb,Thomas,Jean,Parker,Marvin
Parker,Kaitlyn,Thomas,Jean,Parker,Marvin
Parker,Abel,Thomas,Jean,Parker,Marvin
Parker,Breanna,Thomas,Jean,Parker,Marvin
Parker,Devonta,Thomas,Jean,Parker,Marvin
Wilson,Hadley,Schmitt,Tabitha,Wilson,Harley
Parker,Dallin,Thomas,Jean,Parker,Marvin
Wilson,Natalie,Schmitt,Tabitha,Wilson,Harley
Wilson,Harry,Schmitt,Tabitha,Wilson,Harley
Wilson,Susana,Schmitt,Tabitha,Wilson,Harley
Wilson,Gary,Schmitt,Tabitha,Wilson,Harley
Wilson,Rylee,Schmitt,Tabitha,Wilson,Harley
Wilson,Travis,Schmitt,Tabitha,Wilson,Harley
Wilson,Ivory,Schmitt,Tabitha,Wilson,Harley
Wilson,Jabari,Schmitt,Tabitha,Wilson,Harley
Wilson,Aja,Schmitt,Tabitha,Wilson,Harley
Wilson,Julius,Schmitt,Tabitha,Wilson,Harley
Wilson,Joanna,Schmitt,Tabitha,Wilson,Harley
Wilson,Alexis,Schmitt,Tabitha,Wilson,Harley
Wilson,Ashlynn,Schmitt,Tabitha,Wilson,Harley
Wilson,Matthew,Schmitt,Tabitha,Wilson,Harley
Wilson,Caylin,Schmitt,Tabitha,Wilson,Harley
Adamson,Phillip,Helms,Montana,Adamson,Coleman
Wilson,Analisa,Schmitt,Tabitha,Wilson,Harley
Adamson,Fernando,Helms,Montana,Adamson,Coleman
Wilson,Cristina,Schmitt,Tabitha,Wilson,Harley
Adamson,Erich,Helms,Montana,Adamson,Coleman
Wilson,Arlene,Schmitt,Tabitha,Wilson,Harley
Adamson,Toby,Helms,Montana,Adamson,Coleman
Wilson,Madeline,Schmitt,Tabitha,Wilson,Harley
Adamson,Mariano,Helms,Montana,Adamson,Coleman
Adamson,Janelle,Helms,Montana,Adamson,Coleman
Adamson,Santana,Helms,Montana,Adamson,Coleman
Adamson,Lexi,Grant,Greer,Adamson,Dakotah
Adamson,Bradley,Helms,Montana,Adamson,Coleman
Adamson,Shyann,Grant,Greer,Adamson,Dakotah
Adamson,Lane,Helms,Montana,Adamson,Coleman
Adamson,Adrianne,Grant,Greer,Adamson,Dakotah
Adamson,Wesley,Helms,Montana,Adamson,Coleman
Adamson,Tanisha,Grant,Greer,Adamson,Dakotah
Adamson,Emerson,Grant,Greer,Adamson,Dakotah
Adamson,Mckenzie,Grant,Greer,Adamson,Dakotah
Adamson,Morgan,Grant,Greer,Adamson,Dakotah
Adamson,Elizabeth,Grant,Greer,Adamson,Dakotah
Adamson,Greyson,Grant,Greer,Adamson,Dakotah
Adamson,Itzel,Grant,Greer,Adamson,Dakotah
Adamson,Byron,Grant,Greer,Adamson,Dakotah
Adamson,Kayli,Haise,Kelsee,Adamson,Cristobal
Adamson,Daniel,Grant,Greer,Adamson,Dakotah
Adamson,Alina,Haise,Kelsee,Adamson,Cristobal
Adamson,Buford,Grant,Greer,Adamson,Dakotah
Adamson,Lesly,Haise,Kelsee,Adamson,Cristobal
Adamson,Glenn,Grant,Greer,Adamson,Dakotah
Adamson,Holland,Haise,Kelsee,Adamson,Cristobal
Adamson,Sebastian,Grant,Greer,Adamson,Dakotah
Eisenhower,Khaila,Bagian,Terri,Eisenhower,Larry
Adamson,Devonta,Grant,Greer,Adamson,Dakotah
Eisenhower,Katrina,Bagian,Terri,Eisenhower,Larry
Adamson,James,Grant,Greer,Adamson,Dakotah
Eisenhower,Kendyl,Bagian,Terri,Eisenhower,Larry
Adamson,Yuri,Grant,Greer,Adamson,Dakotah
Eisenhower,Meghan,Bagian,Terri,Eisenhower,Larry
Adamson,Fabian,Grant,Greer,Adamson,Dakotah
Eisenhower,Chelsie,Sullivan,Maegen,Eisenhower,Fredrick
Adamson,Mason,Grant,Greer,Adamson,Dakotah
Eisenhower,Greer,Sullivan,Maegen,Eisenhower,Fredrick
Adamson,Javonte,Haise,Kelsee,Adamson,Cristobal
Eisenhower,Daja,Sullivan,Maegen,Eisenhower,Fredrick
Adamson,Deion,Haise,Kelsee,Adamson,Cristobal
Eisenhower,Anna,Sullivan,Maegen,Eisenhower,Fredrick
Adamson,Jalen,Haise,Kelsee,Adamson,Cristobal
Eisenhower,Guadalupe,Wilson,Tatiana,Eisenhower,Jake
Adamson,Zachary,Haise,Kelsee,Adamson,Cristobal
Eisenhower,Kaydee,Wilson,Tatiana,Eisenhower,Jake
Adamson,Clarence,Haise,Kelsee,Adamson,Cristobal
Eisenhower,Precious,Adamson,Diamond,Eisenhower,Christophe
Eisenhower,Jose,Bagian,Terri,Eisenhower,Larry
Eisenhower,Ann,Adamson,Diamond,Eisenhower,Christophe
Eisenhower,Shawn,Bagian,Terri,Eisenhower,Larry
Eisenhower,Alina,Adamson,Diamond,Eisenhower,Christophe
Eisenhower,Freddy,Bagian,Terri,Eisenhower,Larry
Eisenhower,Britni,Adamson,Diamond,Eisenhower,Christophe
Eisenhower,Douglas,Bagian,Terri,Eisenhower,Larry
Eisenhower,Cheryl,Adamson,Diamond,Eisenhower,Christophe
Eisenhower,Davin,Sullivan,Maegen,Eisenhower,Fredrick
Eisenhower,Sommer,Adamson,Diamond,Eisenhower,Christophe
Eisenhower,Kirk,Sullivan,Maegen,Eisenhower,Fredrick
Eisenhower,Cherie,Adamson,Diamond,Eisenhower,Christophe
Eisenhower,Bobby,Sullivan,Maegen,Eisenhower,Fredrick
Eisenhower,Shekinah,Adamson,Diamond,Eisenhower,Christophe
Eisenhower,Guillermo,Sullivan,Maegen,Eisenhower,Fredrick
Eisenhower,Benita,Adamson,Synthia,Eisenhower,Leonel
Eisenhower,Montel,Sullivan,Maegen,Eisenhower,Fredrick
Eisenhower,Makena,Adamson,Synthia,Eisenhower,Leonel
Eisenhower,Domonic,Sullivan,Maegen,Eisenhower,Fredrick
Eisenhower,Sarai,Adamson,Synthia,Eisenhower,Leonel
Eisenhower,Walter,Sullivan,Maegen,Eisenhower,Fredrick
Eisenhower,Anissa,Adamson,Synthia,Eisenhower,Leonel
Eisenhower,Alec,Sullivan,Maegen,Eisenhower,Fredrick
Eisenhower,Melody,Adamson,Bertha,Eisenhower,Garrick
Eisenhower,Miguel,Wilson,Tatiana,Eisenhower,Jake
Eisenhower,Tianna,Adamson,Bertha,Eisenhower,Garrick
Eisenhower,Lance,Wilson,Tatiana,Eisenhower,Jake
Eisenhower,Adriane,Adamson,Bertha,Eisenhower,Garrick
Eisenhower,Brendan,Adamson,Diamond,Eisenhower,Christophe
Eisenhower,Siearra,Adamson,Bertha,Eisenhower,Garrick
Eisenhower,Michel,Adamson,Diamond,Eisenhower,Christophe
Eisenhower,Carrie,Adamson,Maryanne,Eisenhower,Ty
Eisenhower,Blake,Adamson,Diamond,Eisenhower,Christophe
Eisenhower,Cristina,Adamson,Maryanne,Eisenhower,Ty
Eisenhower,Stephen,Adamson,Diamond,Eisenhower,Christophe
Eisenhower,Debora,Adamson,Maryanne,Eisenhower,Ty
Eisenhower,Quincy,Adamson,Diamond,Eisenhower,Christophe
Eisenhower,Keyshla,Adamson,Maryanne,Eisenhower,Ty
Eisenhower,Landin,Adamson,Diamond,Eisenhower,Christophe
Eisenhower,Unique,Adamson,Maryanne,Eisenhower,Ty
Eisenhower,Trenton,Adamson,Synthia,Eisenhower,Leonel
Eisenhower,Camisha,Adamson,Maryanne,Eisenhower,Ty
Eisenhower,Cristobal,Adamson,Synthia,Eisenhower,Leonel
Eisenhower,Mindy,Adamson,Maryanne,Eisenhower,Ty
Eisenhower,Estevan,Adamson,Synthia,Eisenhower,Leonel
Eisenhower,Isabelle,Adamson,Maryanne,Eisenhower,Ty
Eisenhower,Izaiah,Adamson,Bertha,Eisenhower,Garrick
Eisenhower,Kaytlin,Adamson,Marianna,Eisenhower,Demarcus
Eisenhower,Mickey,Adamson,Bertha,Eisenhower,Garrick
Eisenhower,Kailey,Adamson,Marianna,Eisenhower,Demarcus
Eisenhower,Nicolas,Adamson,Bertha,Eisenhower,Garrick
Eisenhower,Mckayla,Adamson,Marianna,Eisenhower,Demarcus
Eisenhower,Damian,Adamson,Bertha,Eisenhower,Garrick
Eisenhower,Christina,Adamson,Marianna,Eisenhower,Demarcus
Eisenhower,Derick,Adamson,Maryanne,Eisenhower,Ty
Eisenhower,Xochitl,Adamson,Marianna,Eisenhower,Demarcus
Eisenhower,Darrin,Adamson,Maryanne,Eisenhower,Ty
Eisenhower,Maura,Adamson,Marianna,Eisenhower,Demarcus
Eisenhower,Jaleel,Adamson,Maryanne,Eisenhower,Ty
Eisenhower,Brigid,Adamson,Shyla,Eisenhower,Karl
Eisenhower,Lars,Adamson,Maryanne,Eisenhower,Ty
Eisenhower,Kitana,Adamson,Shyla,Eisenhower,Karl
Eisenhower,Anton,Adamson,Maryanne,Eisenhower,Ty
Eisenhower,Lakendra,Adamson,Shyla,Eisenhower,Karl
Eisenhower,Esau,Adamson,Maryanne,Eisenhower,Ty
Eisenhower,Casandra,Adamson,Shyla,Eisenhower,Karl
Eisenhower,Anthony,Adamson,Maryanne,Eisenhower,Ty
Eisenhower,Aria,Adamson,Shyla,Eisenhower,Karl
Eisenhower,Darrell,Adamson,Marianna,Eisenhower,Demarcus
Eisenhower,Jazmyn,Adamson,Shyla,Eisenhower,Karl
Eisenhower,Yuri,Adamson,Marianna,Eisenhower,Demarcus
Eisenhower,Anneliese,Adamson,Shyla,Eisenhower,Karl
Eisenhower,Brice,Adamson,Marianna,Eisenhower,Demarcus
Eisenhower,Shania,Adamson,Shyla,Eisenhower,Karl
Eisenhower,Johan,Adamson,Shyla,Eisenhower,Karl
Eisenhower,Francisca,Adamson,Shyla,Eisenhower,Karl
Eisenhower,Kristopher,Adamson,Shyla,Eisenhower,Karl
Eisenhower,Kenzie,Adamson,Shyla,Eisenhower,Karl
Eisenhower,Lane,Adamson,Shyla,Eisenhower,Karl
Eisenhower,Sara,Adamson,Shyla,Eisenhower,Karl
Eisenhower,Raekwon,Adamson,Shyla,Eisenhower,Karl
Eisenhower,Tania,Adamson,Shyla,Eisenhower,Karl
Eisenhower,Callum,Adamson,Shyla,Eisenhower,Karl
Eisenhower,Tiara,Anders,Briana,Eisenhower,Hector
Eisenhower,Darryl,Adamson,Shyla,Eisenhower,Karl
Eisenhower,Zahra,Anders,Briana,Eisenhower,Hector
Eisenhower,Bernard,Adamson,Shyla,Eisenhower,Karl
Eisenhower,Tamera,Anders,Briana,Eisenhower,Hector
Eisenhower,Saxon,Anders,Briana,Eisenhower,Hector
Eisenhower,Kelcee,Anders,Briana,Eisenhower,Hector
Eisenhower,Wilfredo,Anders,Briana,Eisenhower,Hector
Eisenhower,Shanyce,Anders,Briana,Eisenhower,Hector
Eisenhower,Soren,Anders,Briana,Eisenhower,Hector
Eisenhower,Kalee,Anders,Briana,Eisenhower,Hector
Eisenhower,Hunter,Anders,Briana,Eisenhower,Hector
Eisenhower,Jania,Anders,Briana,Eisenhower,Hector
Eisenhower,Marques,Anders,Briana,Eisenhower,Hector
Anders,Chrystal,Eisenhower,Tatianna,Anders,Gustavo
Eisenhower,Kenyon,Anders,Briana,Eisenhower,Hector
Anders,Felisha,Eisenhower,Tatianna,Anders,Gustavo
Eisenhower,Zachariah,Anders,Briana,Eisenhower,Hector
Anders,Shae,Eisenhower,Tatianna,Anders,Gustavo
Eisenhower,Fred,Anders,Briana,Eisenhower,Hector
Anders,Jenniffer,Eisenhower,Tatianna,Anders,Gustavo
Eisenhower,Greyson,Anders,Briana,Eisenhower,Hector
Anders,Elijah,Eisenhower,Tatianna,Anders,Gustavo
Anders,Cory,Eisenhower,Tatianna,Anders,Gustavo
Anders,Brandy,Eisenhower,Nadia,Anders,Adam
Anders,Jeremey,Eisenhower,Nadia,Anders,Adam
Anders,Gretchen,Eisenhower,Nadia,Anders,Adam
Anders,Leonard,Eisenhower,Nadia,Anders,Adam
Anders,Maribel,Eisenhower,Nadia,Anders,Adam
Anders,Anthony,Eisenhower,Nadia,Anders,Adam
Anders,Grace,Eisenhower,Nadia,Anders,Adam
Anders,Terrance,Eisenhower,Nadia,Anders,Adam
Anders,Darrian,Eisenhower,Nadia,Anders,Adam
Anders,Kareem,Eisenhower,Nadia,Anders,Adam
Anders,Sarahi,Eisenhower,Nadia,Anders,Adam
Anders,Marcos,Eisenhower,Nadia,Anders,Adam
Anders,Guadalupe,Eisenhower,Nadia,Anders,Adam
Anders,Ty,Eisenhower,Nadia,Anders,Adam
Anders,Jill,Eisenhower,Kaira,Anders,Daron
Anders,Adonis,Eisenhower,Kaira,Anders,Daron
Anders,Sienna,Eisenhower,Kaira,Anders,Daron
Anders,Samuel,Eisenhower,Kaira,Anders,Daron
Anders,Karen,Eisenhower,Kaira,Anders,Daron
Anders,Armani,Eisenhower,Kaira,Anders,Daron
Anders,Chelsy,Eisenhower,Kaira,Anders,Daron
Anders,Myles,Eisenhower,Kaira,Anders,Daron
Anders,Alani,Eisenhower,Kaira,Anders,Daron
Anders,Asa,Eisenhower,Kaira,Anders,Daron
Anders,Josephine,Eisenhower,Kaira,Anders,Daron
Anders,Dominic,Eisenhower,Kierra,Anders,Dontae
Anders,Precious,Eisenhower,Kaira,Anders,Daron
Anders,Darrius,Eisenhower,Kierra,Anders,Dontae
Anders,Mindi,Eisenhower,Kaira,Anders,Daron
Anders,Destin,Eisenhower,Kierra,Anders,Dontae
Anders,Lizette,Eisenhower,Kaira,Anders,Daron
Anders,Daxton,Eisenhower,Kierra,Anders,Dontae
Anders,Synthia,Eisenhower,Kaira,Anders,Daron
Anders,Tad,See,Dyamond,Anders,Ramiro
Anders,Brook,Eisenhower,Kaira,Anders,Daron
Anders,Austen,See,Dyamond,Anders,Ramiro
Anders,Shenelly,Eisenhower,Kaira,Anders,Daron
Anders,Keshaun,See,Dyamond,Anders,Ramiro
Anders,Kaitlyn,Eisenhower,Kierra,Anders,Dontae
Anders,Tristan,See,Hadley,Anders,Darnell
Anders,Autumn,See,Dyamond,Anders,Ramiro
Anders,Martin,See,Hadley,Anders,Darnell
Anders,Jana,See,Dyamond,Anders,Ramiro
Anders,Addison,See,Hadley,Anders,Darnell
Anders,Rosa,See,Dyamond,Anders,Ramiro
Anders,Jimmy,See,Hadley,Anders,Darnell
Anders,Natalie,See,Hadley,Anders,Darnell
Anders,Kai,See,Alysha,Anders,Dakotah
Anders,Baily,See,Hadley,Anders,Darnell
Anders,Jose,See,Alysha,Anders,Dakotah
Anders,Elsa,See,Hadley,Anders,Darnell
Anders,Frank,See,Alysha,Anders,Dakotah
Anders,Amina,See,Hadley,Anders,Darnell
Anders,Alexis,See,Alysha,Anders,Dakotah
Anders,Lexus,See,Hadley,Anders,Darnell
Anders,Quentin,See,Alysha,Anders,Dakotah
Anders,Janna,See,Hadley,Anders,Darnell
Anders,Leon,See,Alysha,Anders,Dakotah
Anders,Tia,See,Hadley,Anders,Darnell
Anders,Damion,See,Alysha,Anders,Dakotah
Anders,Rowan,See,Hadley,Anders,Darnell
Anders,Alex,See,Alysha,Anders,Dakotah
Anders,Megan,See,Alysha,Anders,Dakotah
Anders,Gideon,See,Alysha,Anders,Dakotah
Anders,Louisa,See,Alysha,Anders,Dakotah
Anders,Tristian,See,Alysha,Anders,Dakotah
Anders,Zabrina,See,Alysha,Anders,Dakotah
Anders,Bobby,See,Alysha,Anders,Dakotah
Anders,Maya,See,Alysha,Anders,Dakotah
Anders,Stephen,See,Alysha,Anders,Dakotah
Anders,Debra,See,Alysha,Anders,Dakotah
Anders,Derek,O'Leary,Jennifer,Anders,Ezequiel
Anders,Nicole,O'Leary,Jennifer,Anders,Ezequiel
Anders,Brock,O'Leary,Jennifer,Anders,Ezequiel
Anders,Kenia,O'Leary,Jennifer,Anders,Ezequiel
Anders,Franklin,O'Leary,Jennifer,Anders,Ezequiel
Anders,Ebony,O'Leary,Zaria,Anders,Trenton
Anders,Langston,O'Leary,Jennifer,Anders,Ezequiel
Anders,Michaela,O'Leary,Zaria,Anders,Trenton
Anders,Ben,O'Leary,Zaria,Anders,Trenton
Anders,Janesha,O'Leary,Zaria,Anders,Trenton
Anders,Errol,O'Leary,Zaria,Anders,Trenton
Anders,Blair,O'Leary,Zaria,Anders,Trenton
Anders,Bradley,O'Leary,Zaria,Anders,Trenton
Anders,Ariel,O'Leary,Zaria,Anders,Trenton
Anders,Kasey,O'Leary,Zaria,Anders,Trenton
Anders,Kamri,O'Leary,Zaria,Anders,Trenton
Anders,Joe,O'Leary,Zaria,Anders,Trenton
Anders,Mariah,O'Leary,Zaria,Anders,Trenton
Anders,Kolton,O'Leary,Zaria,Anders,Trenton
Anders,Annemarie,O'Leary,Zaria,Anders,Trenton
Anders,Dominick,O'Leary,Zaria,Anders,Trenton
Anders,Amber,O'Leary,Zaria,Anders,Trenton
Anders,Ruben,O'Leary,Zaria,Anders,Trenton
Anders,Brenda,O'Leary,Morgan,Anders,Rafael
Anders,Salvatore,O'Leary,Morgan,Anders,Rafael
Anders,Anisha,O'Leary,Morgan,Anders,Rafael
Anders,Dimitri,O'Leary,Morgan,Anders,Rafael
Anders,Malika,O'Leary,Morgan,Anders,Rafael
Anders,Jorge,O'Leary,Morgan,Anders,Rafael
Anders,Isabelle,O'Leary,Morgan,Anders,Rafael
Anders,Brennan,O'Leary,Morgan,Anders,Rafael
Anders,Marivel,O'Leary,Carlye,Anders,Ryland
Anders,Ernest,O'Leary,Morgan,Anders,Rafael
Anders,Macey,O'Leary,Carlye,Anders,Ryland
Anders,Ian,O'Leary,Morgan,Anders,Rafael
Anders,Serenity,O'Leary,Carlye,Anders,Ryland
Anders,Hassan,O'Leary,Morgan,Anders,Rafael
See,Juliet,Anders,Kiersten,See,Kayvon
Anders,Geordan,O'Leary,Morgan,Anders,Rafael
See,Bridget,Anders,Kiersten,See,Kayvon
Anders,Sam,O'Leary,Morgan,Anders,Rafael
See,Emiley,Anders,Kiersten,See,Kayvon
Anders,Tommy,O'Leary,Morgan,Anders,Rafael
See,Esperanza,Anders,Kiersten,See,Kayvon
Anders,Rashaun,O'Leary,Morgan,Anders,Rafael
See,Christian,Anders,Kiersten,See,Kayvon
Anders,Kelson,O'Leary,Morgan,Anders,Rafael
See,Caylee,Anders,Kiersten,See,Kayvon
Anders,George,O'Leary,Carlye,Anders,Ryland
See,Serena,Anders,Aubree,See,Donald
Anders,Sahil,O'Leary,Carlye,Anders,Ryland
See,Shanyce,Anders,Aubree,See,Donald
Anders,Jovan,O'Leary,Carlye,Anders,Ryland
See,Marisela,Anders,Aubree,See,Donald
Anders,Kelvin,O'Leary,Carlye,Anders,Ryland
See,Patricia,Anders,Aubree,See,Donald
Anders,Gerard,O'Leary,Carlye,Anders,Ryland
See,Jocelyn,Anders,Aubree,See,Donald
Anders,Morgan,O'Leary,Carlye,Anders,Ryland
See,Kori,Precour,Ansley,See,Harley
See,Ted,Anders,Kiersten,See,Kayvon
See,Athena,Precour,Ansley,See,Harley
See,Kayle,Anders,Kiersten,See,Kayvon
See,Jayme,Precour,Ansley,See,Harley
See,Clint,Anders,Kiersten,See,Kayvon
See,Josephine,Precour,Ansley,See,Harley
See,Tyren,Anders,Kiersten,See,Kayvon
See,Joanna,Precour,Ansley,See,Harley
See,Isidro,Anders,Kiersten,See,Kayvon
See,Ashanti,Precour,Alexi,See,Spencer
See,Angelo,Anders,Kiersten,See,Kayvon
See,Keisha,Precour,Alexi,See,Spencer
See,Yobani,Anders,Kiersten,See,Kayvon
See,Shirley,Precour,Judith,See,Lorenzo
See,Gannon,Anders,Kiersten,See,Kayvon
See,Paulina,Precour,Judith,See,Lorenzo
See,Kellen,Anders,Aubree,See,Donald
See,Elexus,Precour,Judith,See,Lorenzo
See,Victor,Anders,Aubree,See,Donald
O'Leary,Adrianne,Precour,Rose,O'Leary,Conner
See,Derrick,Anders,Aubree,See,Donald
O'Leary,Karla,Precour,Rose,O'Leary,Conner
See,Sebastien,Anders,Aubree,See,Donald
O'Leary,Meghan,Precour,Jeanna,O'Leary,Tre
See,Howard,Anders,Aubree,See,Donald
O'Leary,Kimberly,Precour,Jeanna,O'Leary,Tre
See,Anibal,Anders,Aubree,See,Donald
O'Leary,Heidy,Precour,Jeanna,O'Leary,Tre
See,Markus,Anders,Aubree,See,Donald
O'Leary,Simone,Precour,Jeanna,O'Leary,Tre
See,Niko,Anders,Aubree,See,Donald
O'Leary,Stevie,Precour,Jessica,O'Leary,Ernest
See,Colin,Anders,Aubree,See,Donald
O'Leary,Caylin,Precour,Jessica,O'Leary,Ernest
See,Miles,Anders,Aubree,See,Donald
O'Leary,Tiyanna,Precour,Jessica,O'Leary,Ernest
See,Jawaun,Anders,Aubree,See,Donald
O'Leary,Brittany,Precour,Jessica,O'Leary,Ernest
See,Bernardo,Anders,Aubree,See,Donald
O'Leary,Chase,Precour,Jessica,O'Leary,Ernest
See,Rashad,Anders,Aubree,See,Donald
O'Leary,Synthia,Precour,Jessica,O'Leary,Ernest
See,Yakov,Anders,Aubree,See,Donald
O'Leary,Drew,Precour,Jessica,O'Leary,Ernest
See,Aiden,Precour,Ansley,See,Harley
O'Leary,Fatima,Precour,Jessica,O'Leary,Ernest
See,Tate,Precour,Ansley,See,Harley
O'Leary,Sarah,Precour,Jessica,O'Leary,Ernest
See,Malcolm,Precour,Ansley,See,Harley
O'Leary,Chana,Precour,Patsy,O'Leary,Frankie
See,Coleman,Precour,Ansley,See,Harley
O'Leary,Camisha,Precour,Patsy,O'Leary,Frankie
See,Terrence,Precour,Alexi,See,Spencer
O'Leary,Misty,Precour,Patsy,O'Leary,Frankie
See,Enrique,Precour,Judith,See,Lorenzo
O'Leary,Danika,Precour,Patsy,O'Leary,Frankie
See,Daron,Precour,Judith,See,Lorenzo
O'Leary,Laken,Precour,Patsy,O'Leary,Frankie
See,Trevin,Precour,Judith,See,Lorenzo
O'Leary,Nicole,Precour,Patsy,O'Leary,Frankie
O'Leary,Armani,Precour,Rose,O'Leary,Conner
Precour,Jenna,Carr,Tianna,Precour,Coby
O'Leary,Brice,Precour,Rose,O'Leary,Conner
Precour,Trisha,Carr,Tianna,Precour,Coby
O'Leary,Ibrahim,Precour,Rose,O'Leary,Conner
Precour,Janell,Carr,Tianna,Precour,Coby
O'Leary,Lawrence,Precour,Rose,O'Leary,Conner
Precour,Amanda,Carr,Tianna,Precour,Coby
O'Leary,Ervin,Precour,Rose,O'Leary,Conner
Precour,Miranda,Carr,Tianna,Precour,Coby
O'Leary,Campbell,Precour,Rose,O'Leary,Conner
Precour,Chanel,Carr,Tianna,Precour,Coby
O'Leary,Abraham,Precour,Rose,O'Leary,Conner
Precour,Krista,Carr,Tianna,Precour,Coby
O'Leary,Bruce,Precour,Rose,O'Leary,Conner
Precour,Estefani,Carr,Tianna,Precour,Coby
O'Leary,Greyson,Precour,Rose,O'Leary,Conner
Precour,Jaida,Carr,Tianna,Precour,Coby
O'Leary,Julian,Precour,Jeanna,O'Leary,Tre
Precour,Baylee,Carr,Tianna,Precour,Coby
O'Leary,Devan,Precour,Jeanna,O'Leary,Tre
Precour,Casandra,Carr,Passion,Precour,Jeb
O'Leary,Alfred,Precour,Jeanna,O'Leary,Tre
Precour,Britni,Carr,Passion,Precour,Jeb
O'Leary,Brad,Precour,Jeanna,O'Leary,Tre
Precour,Yolanda,Carr,Devany,Precour,Yovani
O'Leary,Austin,Precour,Jeanna,O'Leary,Tre
Precour,Jana,Carr,Devany,Precour,Yovani
O'Leary,Lorenzo,Precour,Jeanna,O'Leary,Tre
Precour,Lindsay,Carr,Nayeli,Precour,Anders
O'Leary,Mario,Precour,Jessica,O'Leary,Ernest
Precour,Kayle,Carr,Nayeli,Precour,Anders
O'Leary,Houston,Precour,Jessica,O'Leary,Ernest
Precour,Yasmine,Carr,Nayeli,Precour,Anders
O'Leary,Ernesto,Precour,Jessica,O'Leary,Ernest
Precour,Sheyla,Carr,Nayeli,Precour,Anders
O'Leary,Craig,Precour,Jessica,O'Leary,Ernest
Precour,Raquel,Carr,Nayeli,Precour,Anders
O'Leary,Jeramie,Precour,Jessica,O'Leary,Ernest
Precour,Blake,Carr,Joi,Precour,Jamal
O'Leary,Leonardo,Precour,Jessica,O'Leary,Ernest
Precour,Monique,Carr,Joi,Precour,Jamal
O'Leary,Zackery,Precour,Jessica,O'Leary,Ernest
Precour,Maia,Carr,Joi,Precour,Jamal
O'Leary,Heriberto,Precour,Jessica,O'Leary,Ernest
Precour,Cristina,Carr,Joi,Precour,Jamal
O'Leary,Rodrigo,Precour,Patsy,O'Leary,Frankie
Precour,Ashton,Carr,Joi,Precour,Jamal
O'Leary,Chadwick,Precour,Patsy,O'Leary,Frankie
Carr,Patricia,Hoffman,Amelia,Carr,Shelby
O'Leary,Zaire,Precour,Patsy,O'Leary,Frankie
Carr,Valeria,Hoffman,Amelia,Carr,Shelby
O'Leary,Terry,Precour,Patsy,O'Leary,Frankie
Carr,Chantal,Hoffman,Amelia,Carr,Shelby
O'Leary,Deric,Precour,Patsy,O'Leary,Frankie
Carr,Elaine,Hoffman,Amelia,Carr,Shelby
Precour,Kayvon,Carr,Tianna,Precour,Coby
Carr,Shiane,Hoffman,Amelia,Carr,Shelby
Precour,Montana,Carr,Tianna,Precour,Coby
Carr,Dasia,Hoffman,Amelia,Carr,Shelby
Precour,Miles,Carr,Tianna,Precour,Coby
Carr,Skye,Hoffman,Amelia,Carr,Shelby
Precour,Camron,Carr,Tianna,Precour,Coby
Carr,Sunny,Hoffman,Amelia,Carr,Shelby
Precour,Frederick,Carr,Tianna,Precour,Coby
Carr,Alyson,Hoffman,Amelia,Carr,Shelby
Precour,Marcanthon,Carr,Tianna,Precour,Coby
Carr,Maryanna,Hoffman,Amelia,Carr,Shelby
Precour,Titus,Carr,Tianna,Precour,Coby
Carr,Cristal,Hoffman,Amelia,Carr,Shelby
Precour,Jovon,Carr,Tianna,Precour,Coby
Carr,Breanna,Hoffman,Amelia,Carr,Shelby
Precour,Sean,Carr,Tianna,Precour,Coby
Carr,Tessa,Hoffman,Deja,Carr,Kristofer
Precour,Darryl,Carr,Passion,Precour,Jeb
Carr,Lianna,Hoffman,Deja,Carr,Kristofer
Precour,Jules,Carr,Devany,Precour,Yovani
Carr,Ixchel,Hoffman,Deja,Carr,Kristofer
Precour,Kaden,Carr,Devany,Precour,Yovani
Carr,Talia,Hoffman,Deja,Carr,Kristofer
Precour,Leonardo,Carr,Nayeli,Precour,Anders
Carr,Anahi,Hoffman,Deja,Carr,Kristofer
Precour,Francis,Carr,Nayeli,Precour,Anders
Carr,Jade,Hoffman,Deja,Carr,Kristofer
Adamson,Jon,Lindsey,Jadah,Zophar,Ignacio,Boilermaker
Precour,Britton,Carr,Nayeli,Precour,Anders
Carr,Sienna,Hoffman,Deja,Carr,Kristofer
Precour,Randall,Carr,Nayeli,Precour,Anders
Carr,Dajah,Hoffman,Alysha,Carr,Morgan
Precour,Daniel,Carr,Nayeli,Precour,Anders
Carr,Genna,Hoffman,Alysha,Carr,Morgan
Precour,Diamond,Carr,Nayeli,Precour,Anders
Carr,Jayme,Hoffman,Alysha,Carr,Morgan
Precour,James,Carr,Nayeli,Precour,Anders
Carr,Ilana,Hoffman,Alysha,Carr,Morgan
Precour,Juan,Carr,Nayeli,Precour,Anders
Carr,Maya,Hoffman,Alysha,Carr,Morgan
Precour,Kieran,Carr,Nayeli,Precour,Anders
Carr,Kaylyn,Hoffman,Alysha,Carr,Morgan
Precour,Francesco,Carr,Nayeli,Precour,Anders
Carr,Terri,Hoffman,Alexis,Carr,Garrison
Precour,Lars,Carr,Nayeli,Precour,Anders
Carr,Jayda,Hoffman,Alexis,Carr,Garrison
Precour,Domonic,Carr,Joi,Precour,Jamal
Carr,Carmen,Hoffman,Alexis,Carr,Garrison
Precour,Tony,Carr,Joi,Precour,Jamal
Carr,Trista,Hoffman,Rosemarie,Carr,Jasper
Precour,Pierce,Carr,Joi,Precour,Jamal
Carr,Halie,Hoffman,Rosemarie,Carr,Jasper
Precour,Larry,Carr,Joi,Precour,Jamal
Carr,Miriam,Hoffman,Rosemarie,Carr,Jasper
Carr,Rene,Hoffman,Amelia,Carr,Shelby
Carr,Sapphire,Hoffman,Rosemarie,Carr,Jasper
Carr,Javier,Hoffman,Amelia,Carr,Shelby
Carr,Glenda,Hoffman,Rosemarie,Carr,Jasper
Carr,Daron,Hoffman,Amelia,Carr,Shelby
Carr,Julie,Hoffman,Rosemarie,Carr,Jasper
Carr,Dana,Hoffman,Amelia,Carr,Shelby
Carr,Brionna,Hoffman,Rosemarie,Carr,Jasper
Carr,Oliver,Hoffman,Deja,Carr,Kristofer
Carr,Katlyn,Stafford,Katarina,Carr,Roman
Carr,Latrell,Hoffman,Deja,Carr,Kristofer
Carr,Yessenia,Stafford,Katarina,Carr,Roman
Carr,Dennis,Hoffman,Deja,Carr,Kristofer
Carr,Tanna,Stafford,Carlie,Carr,Sebastian
Carr,Braxton,Hoffman,Deja,Carr,Kristofer
Carr,Zahra,Stafford,Carlie,Carr,Sebastian
Carr,Troy,Hoffman,Deja,Carr,Kristofer
Carr,Sandra,Stafford,Carlie,Carr,Sebastian
Carr,Anthony,Hoffman,Deja,Carr,Kristofer
Carr,Aleisha,Stafford,Carlie,Carr,Sebastian
Carr,Michal,Hoffman,Deja,Carr,Kristofer
Carr,Devyn,Stafford,Carlie,Carr,Sebastian
Carr,Darrin,Hoffman,Deja,Carr,Kristofer
Hoffman,Rayven,Stafford,Lyric,Hoffman,San
Carr,James,Hoffman,Deja,Carr,Kristofer
Hoffman,Chantelle,Stafford,Lyric,Hoffman,San
Carr,Kade,Hoffman,Deja,Carr,Kristofer
Hoffman,Destini,Stafford,Lyric,Hoffman,San
Carr,Michel,Hoffman,Alysha,Carr,Morgan
Hoffman,Elaina,Stafford,Lyric,Hoffman,San
Carr,Dyllon,Hoffman,Alysha,Carr,Morgan
Hoffman,Makenzie,Stafford,Lyric,Hoffman,San
Carr,Bradly,Hoffman,Alysha,Carr,Morgan
Hoffman,Holli,Stafford,Lyric,Hoffman,San
Carr,Justice,Hoffman,Alysha,Carr,Morgan
Hoffman,Brooke,Stafford,Lyric,Hoffman,San
Carr,Mohamad,Hoffman,Alexis,Carr,Garrison
Hoffman,Celia,Stafford,Lyric,Hoffman,San
Carr,Marcell,Hoffman,Alexis,Carr,Garrison
Hoffman,Anneliese,Stafford,Lyric,Hoffman,San
Carr,Dominick,Hoffman,Alexis,Carr,Garrison
Hoffman,Elisa,Stafford,Lyric,Hoffman,San
Carr,Deric,Hoffman,Alexis,Carr,Garrison
Hoffman,Brook,Stafford,Lyric,Hoffman,San
Carr,Armando,Hoffman,Alexis,Carr,Garrison
Hoffman,Nayeli,Stafford,Lyric,Hoffman,San
Carr,Davon,Hoffman,Alexis,Carr,Garrison
Hoffman,Carlye,Stafford,Lyric,Hoffman,San
Carr,Demarcus,Hoffman,Alexis,Carr,Garrison
Hoffman,Niyah,Stafford,Destany,Hoffman,Jamar
Carr,Tommy,Hoffman,Alexis,Carr,Garrison
Hoffman,Anamaria,Stafford,Destany,Hoffman,Jamar
Carr,Jarod,Hoffman,Alexis,Carr,Garrison
Hoffman,Kaylea,Stafford,Anisha,Hoffman,Connor
Carr,Wyatt,Hoffman,Rosemarie,Carr,Jasper
Hoffman,Reyanna,Stafford,Anisha,Hoffman,Connor
Carr,Moises,Hoffman,Rosemarie,Carr,Jasper
Hoffman,Jami,Stafford,Anisha,Hoffman,Connor
Carr,Adam,Hoffman,Rosemarie,Carr,Jasper
Hoffman,Ashton,Stafford,Anisha,Hoffman,Connor
Carr,Armani,Hoffman,Rosemarie,Carr,Jasper
Hoffman,Rebekah,Stafford,Anisha,Hoffman,Connor
Carr,Samuel,Stafford,Katarina,Carr,Roman
Hoffman,Shanice,Stafford,Anisha,Hoffman,Connor
Carr,Damon,Stafford,Katarina,Carr,Roman
Hoffman,Paola,Stafford,Anisha,Hoffman,Connor
Carr,Alberto,Stafford,Katarina,Carr,Roman
Hoffman,Isabella,Stafford,Anisha,Hoffman,Connor
Carr,Oren,Stafford,Carlie,Carr,Sebastian
Hoffman,Lilibeth,Stafford,Anisha,Hoffman,Connor
Hoffman,Seamus,Stafford,Lyric,Hoffman,San
Hoffman,Shayna,Stafford,Anisha,Hoffman,Connor
Hoffman,Martin,Stafford,Lyric,Hoffman,San
Hoffman,Cecelia,Walker,Tara,Hoffman,Conrad
Hoffman,Alexandro,Stafford,Lyric,Hoffman,San
Hoffman,Tamisha,Walker,Tara,Hoffman,Conrad
Hoffman,Deonta,Stafford,Lyric,Hoffman,San
Hoffman,Anahi,Walker,Tara,Hoffman,Conrad
Hoffman,Calib,Stafford,Lyric,Hoffman,San
Hoffman,Jasmin,Walker,Tara,Hoffman,Conrad
Hoffman,Dorian,Stafford,Lyric,Hoffman,San
Hoffman,Miranda,Walker,Tara,Hoffman,Conrad
Hoffman,Shmuel,Stafford,Destany,Hoffman,Jamar
Hoffman,Latosha,Walker,Tara,Hoffman,Conrad
Hoffman,Deric,Stafford,Destany,Hoffman,Jamar
Hoffman,Dajanae,Walker,Tara,Hoffman,Conrad
Hoffman,Tristen,Stafford,Anisha,Hoffman,Connor
Hoffman,Sidney,Walker,Tara,Hoffman,Conrad
Hoffman,Franklin,Stafford,Anisha,Hoffman,Connor
Hoffman,Cheyenne,Walker,Tara,Hoffman,Conrad
Hoffman,Emanuel,Stafford,Anisha,Hoffman,Connor
Hoffman,Kira,Walker,Tara,Hoffman,Conrad
Hoffman,Edward,Stafford,Anisha,Hoffman,Connor
Hoffman,Natasha,Walker,Ivory,Hoffman,Campbell
Hoffman,Wilmer,Stafford,Anisha,Hoffman,Connor
Hoffman,Shawna,Walker,Tamra,Hoffman,Curtis
Hoffman,Julio,Stafford,Anisha,Hoffman,Connor
Hoffman,Chastity,Walker,Tamra,Hoffman,Curtis
Hoffman,Demarco,Stafford,Anisha,Hoffman,Connor
Hoffman,Tristan,Walker,Tamra,Hoffman,Curtis
Hoffman,Keanu,Stafford,Anisha,Hoffman,Connor
Hoffman,Graciela,Walker,Tamra,Hoffman,Curtis
Hoffman,Preston,Stafford,Anisha,Hoffman,Connor
Hoffman,Margo,Walker,Tamra,Hoffman,Curtis
Hoffman,Ever,Stafford,Anisha,Hoffman,Connor
Hoffman,Eleni,Walker,Tamra,Hoffman,Curtis
Hoffman,Jon,Walker,Tara,Hoffman,Conrad
Hoffman,Nicolette,Walker,Tamra,Hoffman,Curtis
Hoffman,Emerson,Walker,Tara,Hoffman,Conrad
Hoffman,Brenda,Walker,Tamra,Hoffman,Curtis
Hoffman,Brodie,Walker,Tara,Hoffman,Conrad
Hoffman,Gianna,Walker,Tamra,Hoffman,Curtis
Hoffman,Francis,Walker,Tara,Hoffman,Conrad
Hoffman,Sandy,Walker,Tamra,Hoffman,Curtis
Hoffman,Reynaldo,Walker,Tara,Hoffman,Conrad
Hoffman,Iridian,Walker,Tamra,Hoffman,Curtis
Hoffman,Cody,Walker,Tara,Hoffman,Conrad
Stafford,Khyla,Parker,Maren,Stafford,Jaylan
Hoffman,Brendan,Walker,Ivory,Hoffman,Campbell
Stafford,Marisa,Parker,Maren,Stafford,Jaylan
Hoffman,Sawyer,Walker,Ivory,Hoffman,Campbell
Stafford,Sean,Parker,Roslyn,Stafford,Roman
Hoffman,Emiliano,Walker,Tamra,Hoffman,Curtis
Stafford,Lynn,Parker,Roslyn,Stafford,Roman
Hoffman,Dayton,Walker,Tamra,Hoffman,Curtis
Stafford,Deserae,Parker,Roslyn,Stafford,Roman
Hoffman,Michel,Walker,Tamra,Hoffman,Curtis
Stafford,Dalila,Parker,Roslyn,Stafford,Roman
Hoffman,Kendall,Walker,Tamra,Hoffman,Curtis
Stafford,Harley,Parker,Roslyn,Stafford,Roman
Hoffman,Oliver,Walker,Tamra,Hoffman,Curtis
Stafford,Jania,Parker,Roslyn,Stafford,Roman
Hoffman,Ron,Walker,Tamra,Hoffman,Curtis
Stafford,Peyton,Parker,Roslyn,Stafford,Roman
Stafford,Isidro,Parker,Maren,Stafford,Jaylan
Stafford,Malia,Parker,Roslyn,Stafford,Roman
Stafford,Wilfredo,Parker,Maren,Stafford,Jaylan
Stafford,Crystal,Parker,Roslyn,Stafford,Roman
Stafford,Sunny,Parker,Maren,Stafford,Jaylan
Stafford,Katharine,Parker,Roslyn,Stafford,Roman
Stafford,Eli,Parker,Roslyn,Stafford,Roman
Stafford,Delaney,Parker,Roslyn,Stafford,Roman
Stafford,Alex,Parker,Roslyn,Stafford,Roman
Stafford,Randi,Parker,Emely,Stafford,Jacoby
Stafford,Adonis,Parker,Roslyn,Stafford,Roman
Stafford,Dakota,Parker,Emely,Stafford,Jacoby
Stafford,Bradley,Parker,Roslyn,Stafford,Roman
Stafford,Sidney,Parker,Emely,Stafford,Jacoby
Stafford,Grady,Parker,Roslyn,Stafford,Roman
Stafford,Judy,Parker,Deborah,Stafford,Damien
Stafford,Paris,Parker,Roslyn,Stafford,Roman
Stafford,Rhiannon,Parker,Deborah,Stafford,Damien
Stafford,Jerome,Parker,Emely,Stafford,Jacoby
Stafford,Shuntara,Parker,Deborah,Stafford,Damien
Stafford,Allan,Parker,Emely,Stafford,Jacoby
Stafford,Tanna,Parker,Deborah,Stafford,Damien
Stafford,Connor,Parker,Emely,Stafford,Jacoby
Stafford,Keara,Parker,Deborah,Stafford,Damien
Stafford,Brennan,Parker,Emely,Stafford,Jacoby
Stafford,Sarai,Parker,Shiloh,Stafford,Tylar
Stafford,Landen,Parker,Emely,Stafford,Jacoby
Stafford,Dianne,Parker,Shiloh,Stafford,Tylar
Stafford,Julian,Parker,Emely,Stafford,Jacoby
Stafford,Destiana,Parker,Shiloh,Stafford,Tylar
Stafford,Leonel,Parker,Emely,Stafford,Jacoby
Stafford,Shannon,Parker,Shiloh,Stafford,Tylar
Stafford,Jarred,Parker,Emely,Stafford,Jacoby
Stafford,Karlee,Parker,Shiloh,Stafford,Tylar
Stafford,Dontae,Parker,Deborah,Stafford,Damien
Stafford,Rebekkah,Parker,Shiloh,Stafford,Tylar
Stafford,River,Parker,Deborah,Stafford,Damien
Stafford,Kaitlyn,Parker,Shiloh,Stafford,Tylar
Stafford,Tanner,Parker,Deborah,Stafford,Damien
Stafford,Laquisha,Parker,Shiloh,Stafford,Tylar
Stafford,Troy,Parker,Deborah,Stafford,Damien
Stafford,Colleen,Parker,Shiloh,Stafford,Tylar
Stafford,Oscar,Parker,Deborah,Stafford,Damien
Stafford,Adriane,Parker,Celina,Stafford,Stephanie
Stafford,Tristan,Parker,Shiloh,Stafford,Tylar
Stafford,Sarafina,Parker,Celina,Stafford,Stephanie
Stafford,Johnny,Parker,Shiloh,Stafford,Tylar
Stafford,Maia,Parker,Celina,Stafford,Stephanie
Stafford,Soren,Parker,Shiloh,Stafford,Tylar
Stafford,Shekinah,Parker,Brigitte,Stafford,Chaim
Stafford,Sheldon,Parker,Shiloh,Stafford,Tylar
Stafford,Zoey,Parker,Brigitte,Stafford,Chaim
Stafford,Jerry,Parker,Shiloh,Stafford,Tylar
Stafford,Sneha,Parker,Brigitte,Stafford,Chaim
Stafford,Gannon,Parker,Celina,Stafford,Stephanie
Stafford,Jabria,Parker,Brigitte,Stafford,Chaim
Stafford,Jerryd,Parker,Celina,Stafford,Stephanie
Stafford,Noemi,Parker,Brigitte,Stafford,Chaim
Stafford,Norman,Parker,Brigitte,Stafford,Chaim
Stafford,Makenna,Parker,Brigitte,Stafford,Chaim
Stafford,Roger,Parker,Brigitte,Stafford,Chaim
Parker,Eliana,Wilson,Hadley,Parker,Jeff
Stafford,Lamont,Parker,Brigitte,Stafford,Chaim
Parker,Ixchel,Wilson,Hadley,Parker,Jeff
Stafford,Kayle,Parker,Brigitte,Stafford,Chaim
Parker,Glenda,Wilson,Hadley,Parker,Jeff
Stafford,Brendan,Parker,Brigitte,Stafford,Chaim
Parker,Essence,Wilson,Hadley,Parker,Jeff
Stafford,Elijah,Parker,Brigitte,Stafford,Chaim
Parker,Jayla,Wilson,Hadley,Parker,Jeff
Stafford,Trace,Parker,Brigitte,Stafford,Chaim
Parker,Kassandra,Wilson,Hadley,Parker,Jeff
Stafford,Preston,Parker,Brigitte,Stafford,Chaim
Parker,Marina,Wilson,Hadley,Parker,Jeff
Stafford,Ervin,Parker,Brigitte,Stafford,Chaim
Parker,Aubrie,Wilson,Hadley,Parker,Jeff
Parker,Ivan,Wilson,Hadley,Parker,Jeff
Parker,Kiera,Wilson,Hadley,Parker,Jeff
Parker,Mitchel,Wilson,Hadley,Parker,Jeff
Parker,Genevieve,Wilson,Natalie,Parker,Rayvon
Parker,Kellen,Wilson,Hadley,Parker,Jeff
Parker,Tanisha,Wilson,Susana,Parker,Jay
Parker,Terron,Wilson,Hadley,Parker,Jeff
Parker,Jenniffer,Wilson,Susana,Parker,Jay
Parker,Nicholas,Wilson,Hadley,Parker,Jeff
Parker,Angelina,Wilson,Susana,Parker,Jay
Parker,Parker,Wilson,Hadley,Parker,Jeff
Parker,Bryn,Wilson,Susana,Parker,Jay
Parker,Zaquan,Wilson,Hadley,Parker,Jeff
Parker,Jaymie,Wilson,Rylee,Parker,Kaleb
Parker,Rodolfo,Wilson,Hadley,Parker,Jeff
Parker,Cherie,Wilson,Rylee,Parker,Kaleb
Parker,Paul,Wilson,Hadley,Parker,Jeff
Parker,Corinne,Wilson,Rylee,Parker,Kaleb
Parker,Brayden,Wilson,Hadley,Parker,Jeff
Parker,Francis,Wilson,Rylee,Parker,Kaleb
Parker,Jaylin,Wilson,Natalie,Parker,Rayvon
Parker,Aubree,Wilson,Rylee,Parker,Kaleb
Parker,Jacori,Wilson,Natalie,Parker,Rayvon
Parker,Summer,Wilson,Rylee,Parker,Kaleb
Parker,Kerry,Wilson,Susana,Parker,Jay
Parker,Hattie,Wilson,Rylee,Parker,Kaleb
Parker,Rahim,Wilson,Susana,Parker,Jay
Parker,Joelle,Wilson,Rylee,Parker,Kaleb
Parker,Stephanie,Wilson,Susana,Parker,Jay
Parker,Anamarie,Wilson,Ivory,Parker,Abel
Parker,Gilbert,Wilson,Susana,Parker,Jay
Parker,Mia,Wilson,Ivory,Parker,Abel
Parker,German,Wilson,Susana,Parker,Jay
Parker,Kara,Wilson,Ivory,Parker,Abel
Parker,Brodie,Wilson,Susana,Parker,Jay
Parker,Carrie,Wilson,Aja,Parker,Devonta
Parker,Jack,Wilson,Susana,Parker,Jay
Parker,Niki,Wilson,Aja,Parker,Devonta
Parker,Britt,Wilson,Rylee,Parker,Kaleb
Parker,Olga,Wilson,Aja,Parker,Devonta
Parker,Desmond,Wilson,Rylee,Parker,Kaleb
Parker,Candice,Wilson,Joanna,Parker,Dallin
Parker,Jesus,Wilson,Rylee,Parker,Kaleb
Parker,Sonya,Wilson,Joanna,Parker,Dallin
Parker,Devin,Wilson,Rylee,Parker,Kaleb
Parker,Karley,Wilson,Joanna,Parker,Dallin
Parker,Dontae,Wilson,Rylee,Parker,Kaleb
Parker,Gladys,Wilson,Joanna,Parker,Dallin
Parker,Jabari,Wilson,Rylee,Parker,Kaleb
Parker,Hailee,Wilson,Joanna,Parker,Dallin
Parker,Gonzalo,Wilson,Rylee,Parker,Kaleb
Parker,Lilibeth,Wilson,Joanna,Parker,Dallin
Parker,Marco,Wilson,Rylee,Parker,Kaleb
Parker,Rikki,Wilson,Joanna,Parker,Dallin
Parker,Kurt,Wilson,Ivory,Parker,Abel
Wilson,Deondra,Parker,Lakeisha,Wilson,Harry
Parker,Kylan,Wilson,Ivory,Parker,Abel
Wilson,Reyna,Parker,Lakeisha,Wilson,Harry
Parker,Keenan,Wilson,Ivory,Parker,Abel
Wilson,Meghan,Parker,Lakeisha,Wilson,Harry
Parker,Yair,Wilson,Ivory,Parker,Abel
Wilson,Chasity,Parker,Lakeisha,Wilson,Harry
Parker,Santos,Wilson,Ivory,Parker,Abel
Wilson,Hunter,Parker,Lakeisha,Wilson,Harry
Parker,Tarik,Wilson,Ivory,Parker,Abel
Wilson,Jamiya,Parker,Lakeisha,Wilson,Harry
Parker,Shaun,Wilson,Ivory,Parker,Abel
Wilson,Zenia,Parker,Lakeisha,Wilson,Harry
Parker,Rolando,Wilson,Ivory,Parker,Abel
Wilson,Janell,Parker,Lakeisha,Wilson,Harry
Parker,Alfred,Wilson,Aja,Parker,Devonta
Wilson,Destiny,Parker,Lakeisha,Wilson,Harry
Parker,Taquan,Wilson,Aja,Parker,Devonta
Wilson,Colby,Parker,Lakeisha,Wilson,Harry
Parker,Leland,Wilson,Aja,Parker,Devonta
Wilson,Shelley,Parker,Lakeisha,Wilson,Harry
Parker,Hassan,Wilson,Aja,Parker,Devonta
Wilson,Marjorie,Parker,Rayna,Wilson,Gary
Parker,Alden,Wilson,Joanna,Parker,Dallin
Wilson,Gianna,Parker,Rayna,Wilson,Gary
Parker,Denzel,Wilson,Joanna,Parker,Dallin
Wilson,Kerry,Parker,Rayna,Wilson,Gary
Parker,Heriberto,Wilson,Joanna,Parker,Dallin
Wilson,Maddison,Parker,Rayna,Wilson,Gary
Parker,Bret,Wilson,Joanna,Parker,Dallin
Wilson,Baylee,Parker,Rayna,Wilson,Gary
Parker,Marcos,Wilson,Joanna,Parker,Dallin
Wilson,Maren,Parker,Rayna,Wilson,Gary
Parker,Terrance,Wilson,Joanna,Parker,Dallin
Wilson,Makena,Parker,Rayna,Wilson,Gary
Parker,Luciano,Wilson,Joanna,Parker,Dallin
Wilson,Jabria,Parker,Rayna,Wilson,Gary
Wilson,Amir,Parker,Lakeisha,Wilson,Harry
Wilson,Chantal,Parker,Rayna,Wilson,Gary
Wilson,Koby,Parker,Lakeisha,Wilson,Harry
Wilson,Michel,Parker,Rayna,Wilson,Gary
Wilson,Arian,Parker,Lakeisha,Wilson,Harry
Wilson,Stormy,Parker,Madeleine,Wilson,Travis
