Freeman,Irvin,Swanson,Yasmine,Freeman,Jerryd
Thuot,Breanne,Cleave,Alyson,Thuot,Ray
Cockrell,Rhett,Buchanan,Yadira,Cockrell,Latrell
Cleveland,Thalia,Sega,Genna,Cleveland,Stevan
Lockhart,Dequan,Conrad,Heavenly,Lockhart,Coleman
Fisher,Jaida,Garriott,Tanna,Fisher,Micah
Chaffee,Jairo,Nixon,Tania,Chaffee,Patric
Franklin,Rian,Aldrin,Willow,Franklin,Emanuel
Blaha,Kristofer,Thuot,Niyah,Blaha,Dorian
Torvalds,Jadah,Parazynski,Marlee,Torvalds,Andre
Eisele,Hayes,Barry,Shelly,Eisele,Damion
Frick,Caroline,Reagan,Nicolle,Frick,Cedric
Camarda,Bryan,Deardorff,Laquisha,Camarda,Stephan
Cabana,Magdalena,Zamka,Domonique,Cabana,Jarrod
Irwin,Bryan,Reilly,Salena,Irwin,Edwin
Loria,Myranda,Wilcutt,Neda,Loria,Frank
Duffy,Jessie,Deckard,Shawn,Duffy,Christophe
Ford,Farrah,Lindsey,Tiona,Ford,Dreshaun
Grunsfeld,Maximillia,Reagan,Jaquana,Grunsfeld,Keeton
Smith,Nereida,Allen,Marcia,Smith,Cullen
Reisman,Lashawn,Graveline,Nyla,Reisman,Lars
Hawley,Arlene,Blaha,Taelor,Hawley,Chaim
Fincke,Jasen,Magnus,Kaila,Fincke,Rahim
Stefanyshyn,Janessa,Harding,Chyanne,Stefanyshyn,Brett
Thagard,Rowan,Godwin,Gianna,Thagard,Jan
Piper,Makena,Crippen,Skyler,Piper,Killian
Freeman,Kasey,Thuot,Breanne,Freeman,Irvin
Reilly,Alexi,Wolf,Malinda,Reilly,Austyn
Freeman,Jerome,Thuot,Breanne,Freeman,Irvin
Hoover,Jeffrey,Cernan,Gilda,Hoover,Kayvon
Freeman,Keenan,Thuot,Breanne,Freeman,Irvin
Ashby,Rikki,Vanderhooven,Karlie,Ashby,Callahan
Freeman,Raphael,Thuot,Breanne,Freeman,Irvin
Peterson,Yesenia,Pierce,Sherridan,Peterson,Walker
Freeman,Ricardo,Thuot,Breanne,Freeman,Irvin
Freeman,Robin,Thuot,Breanne,Freeman,Irvin
Freeman,Stephon,Thuot,Breanne,Freeman,Irvin
Cockrell,Zoey,Cleveland,Thalia,Cockrell,Rhett
Freeman,Mitchel,Thuot,Breanne,Freeman,Irvin
Cockrell,Marlee,Cleveland,Thalia,Cockrell,Rhett
Freeman,Khalid,Thuot,Breanne,Freeman,Irvin
Cockrell,Kyla,Cleveland,Thalia,Cockrell,Rhett
Cockrell,Daylon,Cleveland,Thalia,Cockrell,Rhett
Cockrell,Leana,Cleveland,Thalia,Cockrell,Rhett
Cockrell,Felix,Cleveland,Thalia,Cockrell,Rhett
Cockrell,Maricela,Cleveland,Thalia,Cockrell,Rhett
Cockrell,Mohamed,Cleveland,Thalia,Cockrell,Rhett
Cockrell,Brittany,Cleveland,Thalia,Cockrell,Rhett
Cockrell,Johnathen,Cleveland,Thalia,Cockrell,Rhett
Cockrell,Brielle,Cleveland,Thalia,Cockrell,Rhett
Cockrell,Domenic,Cleveland,Thalia,Cockrell,Rhett
Cockrell,Katia,Cleveland,Thalia,Cockrell,Rhett
Lockhart,Buford,Fisher,Jaida,Lockhart,Dequan
Cockrell,Moriah,Cleveland,Thalia,Cockrell,Rhett
Lockhart,Alonso,Fisher,Jaida,Lockhart,Dequan
Lockhart,Darby,Fisher,Jaida,Lockhart,Dequan
Lockhart,Darrin,Fisher,Jaida,Lockhart,Dequan
Lockhart,Trista,Fisher,Jaida,Lockhart,Dequan
Lockhart,Deontae,Fisher,Jaida,Lockhart,Dequan
Lockhart,Ashanti,Fisher,Jaida,Lockhart,Dequan
Chaffee,Jesus,Franklin,Rian,Chaffee,Jairo
Lockhart,Sandy,Fisher,Jaida,Lockhart,Dequan
Chaffee,Britt,Franklin,Rian,Chaffee,Jairo
Lockhart,Raegan,Fisher,Jaida,Lockhart,Dequan
Chaffee,Dorian,Franklin,Rian,Chaffee,Jairo
Lockhart,Diane,Fisher,Jaida,Lockhart,Dequan
Chaffee,Zev,Franklin,Rian,Chaffee,Jairo
Lockhart,Ryann,Fisher,Jaida,Lockhart,Dequan
Chaffee,Harrison,Franklin,Rian,Chaffee,Jairo
Chaffee,Merissa,Franklin,Rian,Chaffee,Jairo
Chaffee,Emanuel,Franklin,Rian,Chaffee,Jairo
Chaffee,Paulina,Franklin,Rian,Chaffee,Jairo
Blaha,Buford,Torvalds,Jadah,Blaha,Kristofer
Chaffee,Daesha,Franklin,Rian,Chaffee,Jairo
Blaha,Frank,Torvalds,Jadah,Blaha,Kristofer
Chaffee,Merideth,Franklin,Rian,Chaffee,Jairo
Blaha,Bret,Torvalds,Jadah,Blaha,Kristofer
Chaffee,Janae,Franklin,Rian,Chaffee,Jairo
Blaha,Jovonte,Torvalds,Jadah,Blaha,Kristofer
Chaffee,Brynn,Franklin,Rian,Chaffee,Jairo
Blaha,Terrance,Torvalds,Jadah,Blaha,Kristofer
Chaffee,Siarra,Franklin,Rian,Chaffee,Jairo
Eisele,Hakeem,Frick,Caroline,Eisele,Hayes
Chaffee,Mckayla,Franklin,Rian,Chaffee,Jairo
Eisele,Hayden,Frick,Caroline,Eisele,Hayes
Chaffee,Jasmine,Franklin,Rian,Chaffee,Jairo
Eisele,Garrick,Frick,Caroline,Eisele,Hayes
Blaha,Alexus,Torvalds,Jadah,Blaha,Kristofer
Eisele,Carl,Frick,Caroline,Eisele,Hayes
Eisele,Shane,Frick,Caroline,Eisele,Hayes
Camarda,Nigel,Cabana,Magdalena,Camarda,Bryan
Eisele,Susan,Frick,Caroline,Eisele,Hayes
Camarda,Lazaro,Cabana,Magdalena,Camarda,Bryan
Camarda,Elise,Cabana,Magdalena,Camarda,Bryan
Camarda,Mathew,Cabana,Magdalena,Camarda,Bryan
Camarda,Debora,Cabana,Magdalena,Camarda,Bryan
Camarda,Douglas,Cabana,Magdalena,Camarda,Bryan
Camarda,Leann,Cabana,Magdalena,Camarda,Bryan
Camarda,Javen,Cabana,Magdalena,Camarda,Bryan
Camarda,Kaitlin,Cabana,Magdalena,Camarda,Bryan
Camarda,Taylor,Cabana,Magdalena,Camarda,Bryan
Camarda,Minna,Cabana,Magdalena,Camarda,Bryan
Camarda,Rolando,Cabana,Magdalena,Camarda,Bryan
Camarda,Jenny,Cabana,Magdalena,Camarda,Bryan
Camarda,Carson,Cabana,Magdalena,Camarda,Bryan
Camarda,Maxine,Cabana,Magdalena,Camarda,Bryan
Camarda,Vinh,Cabana,Magdalena,Camarda,Bryan
Camarda,Chloe,Cabana,Magdalena,Camarda,Bryan
Irwin,Abraham,Loria,Myranda,Irwin,Bryan
Camarda,Celena,Cabana,Magdalena,Camarda,Bryan
Irwin,Everett,Loria,Myranda,Irwin,Bryan
Irwin,Samara,Loria,Myranda,Irwin,Bryan
Irwin,Maxwell,Loria,Myranda,Irwin,Bryan
Irwin,Kennedy,Loria,Myranda,Irwin,Bryan
Irwin,Enoch,Loria,Myranda,Irwin,Bryan
Irwin,Brionna,Loria,Myranda,Irwin,Bryan
Irwin,Andre,Loria,Myranda,Irwin,Bryan
Irwin,Tatum,Loria,Myranda,Irwin,Bryan
Irwin,Connor,Loria,Myranda,Irwin,Bryan
Irwin,Kaleigh,Loria,Myranda,Irwin,Bryan
Irwin,Patrick,Loria,Myranda,Irwin,Bryan
Irwin,Aidan,Loria,Myranda,Irwin,Bryan
Irwin,Edgar,Loria,Myranda,Irwin,Bryan
Irwin,Aerial,Loria,Myranda,Irwin,Bryan
Irwin,Noah,Loria,Myranda,Irwin,Bryan
Duffy,Lynn,Ford,Farrah,Duffy,Jessie
Irwin,Garret,Loria,Myranda,Irwin,Bryan
Duffy,Tamara,Ford,Farrah,Duffy,Jessie
Irwin,Glenn,Loria,Myranda,Irwin,Bryan
Duffy,Taryn,Ford,Farrah,Duffy,Jessie
Duffy,Brogan,Ford,Farrah,Duffy,Jessie
Duffy,Joceline,Ford,Farrah,Duffy,Jessie
Duffy,Bret,Ford,Farrah,Duffy,Jessie
Duffy,Anthony,Ford,Farrah,Duffy,Jessie
Duffy,Ian,Ford,Farrah,Duffy,Jessie
Duffy,Juliette,Ford,Farrah,Duffy,Jessie
Duffy,San,Ford,Farrah,Duffy,Jessie
Duffy,Ravin,Ford,Farrah,Duffy,Jessie
Grunsfeld,Julian,Smith,Nereida,Grunsfeld,Maximillia
Grunsfeld,Kortney,Smith,Nereida,Grunsfeld,Maximillia
Grunsfeld,Tylor,Smith,Nereida,Grunsfeld,Maximillia
Grunsfeld,Marianna,Smith,Nereida,Grunsfeld,Maximillia
Grunsfeld,Maleek,Smith,Nereida,Grunsfeld,Maximillia
Grunsfeld,Siera,Smith,Nereida,Grunsfeld,Maximillia
Grunsfeld,Stefan,Smith,Nereida,Grunsfeld,Maximillia
Grunsfeld,Jocelyne,Smith,Nereida,Grunsfeld,Maximillia
Grunsfeld,Patrick,Smith,Nereida,Grunsfeld,Maximillia
Grunsfeld,Dajah,Smith,Nereida,Grunsfeld,Maximillia
Grunsfeld,Connor,Smith,Nereida,Grunsfeld,Maximillia
Reisman,Kelsee,Hawley,Arlene,Reisman,Lashawn
Grunsfeld,Charly,Smith,Nereida,Grunsfeld,Maximillia
Reisman,Elisabeth,Hawley,Arlene,Reisman,Lashawn
Grunsfeld,Brian,Smith,Nereida,Grunsfeld,Maximillia
Reisman,Stella,Hawley,Arlene,Reisman,Lashawn
Grunsfeld,Justyn,Smith,Nereida,Grunsfeld,Maximillia
Reisman,Faith,Hawley,Arlene,Reisman,Lashawn
Grunsfeld,Houston,Smith,Nereida,Grunsfeld,Maximillia
Fincke,Julianna,Stefanyshyn,Janessa,Fincke,Jasen
Reisman,Emerson,Hawley,Arlene,Reisman,Lashawn
Fincke,Sheniqua,Stefanyshyn,Janessa,Fincke,Jasen
Reisman,Kirk,Hawley,Arlene,Reisman,Lashawn
Fincke,Ilana,Stefanyshyn,Janessa,Fincke,Jasen
Reisman,Lamonte,Hawley,Arlene,Reisman,Lashawn
Fincke,Kenyatta,Stefanyshyn,Janessa,Fincke,Jasen
Fincke,Derick,Stefanyshyn,Janessa,Fincke,Jasen
Fincke,Mayra,Stefanyshyn,Janessa,Fincke,Jasen
Fincke,Kieran,Stefanyshyn,Janessa,Fincke,Jasen
Fincke,Moriah,Stefanyshyn,Janessa,Fincke,Jasen
Fincke,John,Stefanyshyn,Janessa,Fincke,Jasen
Fincke,Annemarie,Stefanyshyn,Janessa,Fincke,Jasen
Fincke,Luis,Stefanyshyn,Janessa,Fincke,Jasen
Fincke,Casandra,Stefanyshyn,Janessa,Fincke,Jasen
Fincke,Marcanthon,Stefanyshyn,Janessa,Fincke,Jasen
Thagard,Debora,Piper,Makena,Thagard,Rowan
Fincke,Patric,Stefanyshyn,Janessa,Fincke,Jasen
Thagard,Vianey,Piper,Makena,Thagard,Rowan
Thagard,Keagan,Piper,Makena,Thagard,Rowan
Thagard,Kaci,Piper,Makena,Thagard,Rowan
Thagard,Ladarius,Piper,Makena,Thagard,Rowan
Thagard,Frances,Piper,Makena,Thagard,Rowan
Thagard,Devyn,Piper,Makena,Thagard,Rowan
Freeman,Hope,Reilly,Alexi,Freeman,Kasey
Thagard,Remington,Piper,Makena,Thagard,Rowan
Freeman,Shaniah,Reilly,Alexi,Freeman,Kasey
Thagard,Tysheem,Piper,Makena,Thagard,Rowan
Freeman,Luz,Reilly,Alexi,Freeman,Kasey
Thagard,Shayne,Piper,Makena,Thagard,Rowan
Freeman,Helen,Reilly,Alexi,Freeman,Kasey
Thagard,Francis,Piper,Makena,Thagard,Rowan
Freeman,Simone,Hoover,Jeffrey,Freeman,Jerome
Thagard,Anthoni,Piper,Makena,Thagard,Rowan
Freeman,Aesha,Hoover,Jeffrey,Freeman,Jerome
Thagard,Royce,Piper,Makena,Thagard,Rowan
Freeman,Ladaysha,Hoover,Jeffrey,Freeman,Jerome
Freeman,Cole,Reilly,Alexi,Freeman,Kasey
Freeman,Tarah,Hoover,Jeffrey,Freeman,Jerome
Freeman,Remington,Reilly,Alexi,Freeman,Kasey
Freeman,Caitlynn,Ashby,Rikki,Freeman,Keenan
Freeman,Marcanthon,Reilly,Alexi,Freeman,Kasey
Freeman,Cheyanne,Ashby,Rikki,Freeman,Keenan
Freeman,Demetrius,Reilly,Alexi,Freeman,Kasey
Freeman,Lesley,Ashby,Rikki,Freeman,Keenan
Freeman,Alvaro,Reilly,Alexi,Freeman,Kasey
Freeman,Kelley,Peterson,Yesenia,Freeman,Raphael
Freeman,Ever,Reilly,Alexi,Freeman,Kasey
Freeman,Monica,Peterson,Yesenia,Freeman,Raphael
Freeman,Bryan,Reilly,Alexi,Freeman,Kasey
Freeman,Sheniqua,Peterson,Yesenia,Freeman,Raphael
Freeman,Oliver,Reilly,Alexi,Freeman,Kasey
Freeman,Elise,Peterson,Yesenia,Freeman,Raphael
Freeman,Marcus,Hoover,Jeffrey,Freeman,Jerome
Freeman,Ivy,Peterson,Yesenia,Freeman,Raphael
Freeman,Felix,Hoover,Jeffrey,Freeman,Jerome
Freeman,Christa,Peterson,Yesenia,Freeman,Raphael
Freeman,Triston,Hoover,Jeffrey,Freeman,Jerome
Freeman,Anita,Cockrell,Zoey,Freeman,Ricardo
Freeman,Cameron,Hoover,Jeffrey,Freeman,Jerome
Freeman,Stacy,Cockrell,Zoey,Freeman,Ricardo
Freeman,Joey,Ashby,Rikki,Freeman,Keenan
Freeman,Juliana,Cockrell,Marlee,Freeman,Stephon
Freeman,Dillon,Ashby,Rikki,Freeman,Keenan
Freeman,Yvonne,Cockrell,Marlee,Freeman,Stephon
Freeman,Scott,Ashby,Rikki,Freeman,Keenan
Freeman,Terra,Cockrell,Marlee,Freeman,Stephon
Freeman,Gene,Ashby,Rikki,Freeman,Keenan
Freeman,Janice,Cockrell,Kyla,Freeman,Mitchel
Freeman,Jerry,Ashby,Rikki,Freeman,Keenan
Freeman,Nicolette,Cockrell,Kyla,Freeman,Mitchel
Freeman,Caleb,Ashby,Rikki,Freeman,Keenan
Freeman,Latasha,Cockrell,Kyla,Freeman,Mitchel
Freeman,Thomas,Ashby,Rikki,Freeman,Keenan
Freeman,Colette,Cockrell,Kyla,Freeman,Mitchel
Freeman,Shayne,Peterson,Yesenia,Freeman,Raphael
Freeman,Natasha,Cockrell,Kyla,Freeman,Mitchel
Freeman,Antavius,Peterson,Yesenia,Freeman,Raphael
Freeman,Bryanna,Cockrell,Leana,Freeman,Khalid
Freeman,Jasen,Peterson,Yesenia,Freeman,Raphael
Freeman,Liliana,Cockrell,Leana,Freeman,Khalid
Freeman,Abdul,Peterson,Yesenia,Freeman,Raphael
Freeman,Rubi,Cockrell,Leana,Freeman,Khalid
Freeman,Brendon,Peterson,Yesenia,Freeman,Raphael
Freeman,Kansas,Cockrell,Leana,Freeman,Khalid
Freeman,Neftaly,Peterson,Yesenia,Freeman,Raphael
Freeman,Evelyn,Cockrell,Leana,Freeman,Khalid
Freeman,Lars,Peterson,Yesenia,Freeman,Raphael
Cockrell,Kristian,Freeman,Robin,Cockrell,Daylon
Freeman,Garret,Cockrell,Zoey,Freeman,Ricardo
Cockrell,Alani,Freeman,Robin,Cockrell,Daylon
Freeman,Devonta,Cockrell,Zoey,Freeman,Ricardo
Cockrell,Tiana,Freeman,Robin,Cockrell,Daylon
Freeman,Perry,Cockrell,Marlee,Freeman,Stephon
Cockrell,Malia,Freeman,Robin,Cockrell,Daylon
Freeman,Daylon,Cockrell,Marlee,Freeman,Stephon
Cockrell,Natalee,Freeman,Robin,Cockrell,Daylon
Freeman,Ryland,Cockrell,Kyla,Freeman,Mitchel
Cockrell,Elena,Freeman,Robin,Cockrell,Daylon
Freeman,Killian,Cockrell,Kyla,Freeman,Mitchel
Cockrell,Paloma,Freeman,Robin,Cockrell,Daylon
Freeman,Colby,Cockrell,Kyla,Freeman,Mitchel
Cockrell,Marcela,Freeman,Robin,Cockrell,Daylon
Freeman,Sedrick,Cockrell,Kyla,Freeman,Mitchel
Cockrell,Samantha,Lockhart,Darby,Cockrell,Felix
Freeman,Jermaine,Cockrell,Leana,Freeman,Khalid
Cockrell,Karlie,Lockhart,Darby,Cockrell,Felix
Freeman,Rolando,Cockrell,Leana,Freeman,Khalid
Cockrell,Monika,Lockhart,Darby,Cockrell,Felix
Freeman,Denzell,Cockrell,Leana,Freeman,Khalid
Cockrell,Estefany,Lockhart,Darby,Cockrell,Felix
Freeman,Agustin,Cockrell,Leana,Freeman,Khalid
Cockrell,Camisha,Lockhart,Darby,Cockrell,Felix
Cockrell,Keagan,Freeman,Robin,Cockrell,Daylon
Cockrell,Justina,Lockhart,Darby,Cockrell,Felix
Cockrell,Callum,Freeman,Robin,Cockrell,Daylon
Cockrell,Leah,Lockhart,Darby,Cockrell,Felix
Cockrell,Mauricio,Freeman,Robin,Cockrell,Daylon
Cockrell,Yadira,Lockhart,Trista,Cockrell,Mohamed
Cockrell,Matthew,Freeman,Robin,Cockrell,Daylon
Cockrell,Kimberly,Lockhart,Trista,Cockrell,Mohamed
Cockrell,William,Freeman,Robin,Cockrell,Daylon
Cockrell,Annalie,Lockhart,Ashanti,Cockrell,Johnathen
Cockrell,Tristan,Freeman,Robin,Cockrell,Daylon
Cockrell,Melody,Lockhart,Ashanti,Cockrell,Johnathen
Cockrell,Tyree,Freeman,Robin,Cockrell,Daylon
Cockrell,Dayana,Lockhart,Ashanti,Cockrell,Johnathen
Cockrell,Brandon,Freeman,Robin,Cockrell,Daylon
Cockrell,Paige,Lockhart,Ashanti,Cockrell,Johnathen
Cockrell,Brannon,Freeman,Robin,Cockrell,Daylon
Cockrell,Aleah,Lockhart,Ashanti,Cockrell,Johnathen
Cockrell,Kayvon,Lockhart,Darby,Cockrell,Felix
Cockrell,Rian,Lockhart,Sandy,Cockrell,Domenic
Cockrell,Nick,Lockhart,Darby,Cockrell,Felix
Cockrell,Francisca,Lockhart,Sandy,Cockrell,Domenic
Cockrell,Kenyon,Lockhart,Darby,Cockrell,Felix
Cockrell,Madeline,Lockhart,Sandy,Cockrell,Domenic
Cockrell,Dusty,Lockhart,Darby,Cockrell,Felix
Cockrell,Camille,Lockhart,Sandy,Cockrell,Domenic
Cockrell,Aaron,Lockhart,Darby,Cockrell,Felix
Cockrell,Noel,Lockhart,Sandy,Cockrell,Domenic
Cockrell,Callahan,Lockhart,Trista,Cockrell,Mohamed
Cockrell,Ciara,Lockhart,Sandy,Cockrell,Domenic
Cockrell,Ulysses,Lockhart,Trista,Cockrell,Mohamed
Cockrell,Cheryl,Lockhart,Sandy,Cockrell,Domenic
Cockrell,Trevor,Lockhart,Trista,Cockrell,Mohamed
Cockrell,Mayra,Lockhart,Sandy,Cockrell,Domenic
Cockrell,Bill,Lockhart,Trista,Cockrell,Mohamed
Cockrell,Dyamond,Lockhart,Sandy,Cockrell,Domenic
Cockrell,Korey,Lockhart,Trista,Cockrell,Mohamed
Cockrell,Torrie,Lockhart,Sandy,Cockrell,Domenic
Cockrell,Dale,Lockhart,Trista,Cockrell,Mohamed
Cockrell,Emely,Lockhart,Sandy,Cockrell,Domenic
Cockrell,Tavon,Lockhart,Trista,Cockrell,Mohamed
Lockhart,Onesha,Cockrell,Maricela,Lockhart,Buford
Cockrell,Brennen,Lockhart,Trista,Cockrell,Mohamed
Lockhart,Kori,Cockrell,Maricela,Lockhart,Buford
Cockrell,Demonte,Lockhart,Ashanti,Cockrell,Johnathen
Lockhart,Heaven,Cockrell,Maricela,Lockhart,Buford
Cockrell,Tyrell,Lockhart,Ashanti,Cockrell,Johnathen
Lockhart,Kirstin,Cockrell,Maricela,Lockhart,Buford
Cockrell,Rasheed,Lockhart,Ashanti,Cockrell,Johnathen
Lockhart,Lesley,Cockrell,Maricela,Lockhart,Buford
Cockrell,Roberto,Lockhart,Ashanti,Cockrell,Johnathen
Lockhart,Abbigail,Cockrell,Maricela,Lockhart,Buford
Cockrell,Raekwon,Lockhart,Ashanti,Cockrell,Johnathen
Lockhart,Blanca,Cockrell,Brittany,Lockhart,Alonso
Cockrell,Deonta,Lockhart,Ashanti,Cockrell,Johnathen
Lockhart,Kaci,Cockrell,Brittany,Lockhart,Alonso
Cockrell,Ross,Lockhart,Ashanti,Cockrell,Johnathen
Lockhart,Justina,Cockrell,Brielle,Lockhart,Darrin
Cockrell,Lazaro,Lockhart,Sandy,Cockrell,Domenic
Lockhart,Ruby,Cockrell,Brielle,Lockhart,Darrin
Cockrell,Erik,Lockhart,Sandy,Cockrell,Domenic
Lockhart,Erika,Cockrell,Brielle,Lockhart,Darrin
Cockrell,Ayub,Lockhart,Sandy,Cockrell,Domenic
Lockhart,Jaclyn,Cockrell,Brielle,Lockhart,Darrin
Cockrell,Graham,Lockhart,Sandy,Cockrell,Domenic
Lockhart,Mona,Cockrell,Brielle,Lockhart,Darrin
Cockrell,Owen,Lockhart,Sandy,Cockrell,Domenic
Lockhart,Cecilia,Cockrell,Brielle,Lockhart,Darrin
Lockhart,Jared,Cockrell,Maricela,Lockhart,Buford
Lockhart,Shaniah,Cockrell,Brielle,Lockhart,Darrin
Lockhart,Gunner,Cockrell,Maricela,Lockhart,Buford
Lockhart,Yesenia,Cockrell,Brielle,Lockhart,Darrin
Lockhart,Noe,Cockrell,Maricela,Lockhart,Buford
Lockhart,Kassidy,Cockrell,Katia,Lockhart,Deontae
Lockhart,Kegan,Cockrell,Brittany,Lockhart,Alonso
Lockhart,Abigayle,Cockrell,Katia,Lockhart,Deontae
Lockhart,Kelton,Cockrell,Brielle,Lockhart,Darrin
Chaffee,Domonique,Cockrell,Moriah,Chaffee,Jesus
Lockhart,Killian,Cockrell,Brielle,Lockhart,Darrin
Chaffee,Juliet,Cockrell,Moriah,Chaffee,Jesus
Lockhart,Dale,Cockrell,Brielle,Lockhart,Darrin
Chaffee,Julie,Cockrell,Moriah,Chaffee,Jesus
Lockhart,Brenton,Cockrell,Brielle,Lockhart,Darrin
Chaffee,Marianna,Cockrell,Moriah,Chaffee,Jesus
Lockhart,Yovani,Cockrell,Brielle,Lockhart,Darrin
Chaffee,Rosalinda,Cockrell,Moriah,Chaffee,Jesus
Lockhart,Deon,Cockrell,Brielle,Lockhart,Darrin
Chaffee,Julianne,Cockrell,Moriah,Chaffee,Jesus
Lockhart,Keion,Cockrell,Brielle,Lockhart,Darrin
Chaffee,Dylan,Cockrell,Moriah,Chaffee,Jesus
Lockhart,Grady,Cockrell,Brielle,Lockhart,Darrin
Chaffee,Darby,Cockrell,Moriah,Chaffee,Jesus
Lockhart,Michel,Cockrell,Brielle,Lockhart,Darrin
Chaffee,Kyle,Cockrell,Moriah,Chaffee,Jesus
Lockhart,Braydon,Cockrell,Brielle,Lockhart,Darrin
Chaffee,Gretchen,Cockrell,Moriah,Chaffee,Jesus
Lockhart,Peter,Cockrell,Brielle,Lockhart,Darrin
Chaffee,Geneva,Cockrell,Moriah,Chaffee,Jesus
Lockhart,Quinton,Cockrell,Katia,Lockhart,Deontae
Chaffee,Stacy,Lockhart,Raegan,Chaffee,Britt
Lockhart,Emilio,Cockrell,Katia,Lockhart,Deontae
Chaffee,Noemi,Lockhart,Raegan,Chaffee,Britt
Lockhart,Walter,Cockrell,Katia,Lockhart,Deontae
Chaffee,Anthony,Lockhart,Raegan,Chaffee,Britt
Lockhart,Frank,Cockrell,Katia,Lockhart,Deontae
Chaffee,Dena,Lockhart,Raegan,Chaffee,Britt
Chaffee,Leonardo,Cockrell,Moriah,Chaffee,Jesus
Chaffee,Myra,Lockhart,Raegan,Chaffee,Britt
Chaffee,Ibrahim,Cockrell,Moriah,Chaffee,Jesus
Chaffee,Kalsie,Lockhart,Raegan,Chaffee,Britt
Chaffee,Demetrius,Cockrell,Moriah,Chaffee,Jesus
Chaffee,Maryanne,Lockhart,Raegan,Chaffee,Britt
Chaffee,Mitchel,Cockrell,Moriah,Chaffee,Jesus
Chaffee,Maranda,Lockhart,Raegan,Chaffee,Britt
Chaffee,Elmer,Cockrell,Moriah,Chaffee,Jesus
Chaffee,Marysol,Lockhart,Raegan,Chaffee,Britt
Chaffee,Hunter,Cockrell,Moriah,Chaffee,Jesus
Chaffee,Jada,Lockhart,Diane,Chaffee,Dorian
Chaffee,Alexandro,Cockrell,Moriah,Chaffee,Jesus
Chaffee,Catalina,Lockhart,Diane,Chaffee,Dorian
Chaffee,Ruben,Lockhart,Raegan,Chaffee,Britt
Chaffee,Talia,Lockhart,Diane,Chaffee,Dorian
Chaffee,Damien,Lockhart,Raegan,Chaffee,Britt
Chaffee,Meagan,Lockhart,Ryann,Chaffee,Zev
Chaffee,Mohammad,Lockhart,Raegan,Chaffee,Britt
Chaffee,Veronica,Lockhart,Ryann,Chaffee,Zev
Chaffee,Tanner,Lockhart,Raegan,Chaffee,Britt
Chaffee,Shuntara,Lockhart,Ryann,Chaffee,Zev
Chaffee,Dean,Lockhart,Raegan,Chaffee,Britt
Chaffee,Trista,Lockhart,Ryann,Chaffee,Zev
Chaffee,Robert,Lockhart,Raegan,Chaffee,Britt
Chaffee,Ariel,Blaha,Alexus,Chaffee,Harrison
Chaffee,Jose,Lockhart,Raegan,Chaffee,Britt
Chaffee,Alexia,Blaha,Alexus,Chaffee,Harrison
Chaffee,Rasheed,Lockhart,Raegan,Chaffee,Britt
Chaffee,Ceaira,Blaha,Alexus,Chaffee,Harrison
Chaffee,Caleb,Lockhart,Diane,Chaffee,Dorian
Chaffee,Kelli,Blaha,Alexus,Chaffee,Harrison
Chaffee,Jordin,Lockhart,Diane,Chaffee,Dorian
Chaffee,Clair,Eisele,Shane,Chaffee,Emanuel
Chaffee,Daequan,Lockhart,Ryann,Chaffee,Zev
Chaffee,Jeanette,Eisele,Shane,Chaffee,Emanuel
Chaffee,Dashane,Blaha,Alexus,Chaffee,Harrison
Chaffee,Shea,Eisele,Shane,Chaffee,Emanuel
Chaffee,Parker,Blaha,Alexus,Chaffee,Harrison
Blaha,Mandi,Chaffee,Merissa,Blaha,Buford
Chaffee,Langston,Blaha,Alexus,Chaffee,Harrison
Blaha,Katelynn,Chaffee,Merissa,Blaha,Buford
Chaffee,Richie,Blaha,Alexus,Chaffee,Harrison
Blaha,Madilyn,Chaffee,Merissa,Blaha,Buford
Chaffee,Nadav,Blaha,Alexus,Chaffee,Harrison
Blaha,Deyaneira,Chaffee,Merissa,Blaha,Buford
Chaffee,Diego,Blaha,Alexus,Chaffee,Harrison
Blaha,Shenelly,Chaffee,Merissa,Blaha,Buford
Chaffee,Mohamed,Blaha,Alexus,Chaffee,Harrison
Blaha,Diane,Chaffee,Merissa,Blaha,Buford
Chaffee,Kory,Blaha,Alexus,Chaffee,Harrison
Blaha,Keisha,Chaffee,Merissa,Blaha,Buford
Chaffee,Marcanthon,Blaha,Alexus,Chaffee,Harrison
Blaha,Celeste,Chaffee,Merissa,Blaha,Buford
Chaffee,Leland,Blaha,Alexus,Chaffee,Harrison
Blaha,Ashlynn,Chaffee,Paulina,Blaha,Frank
Chaffee,Samuel,Blaha,Alexus,Chaffee,Harrison
Blaha,Trisha,Chaffee,Paulina,Blaha,Frank
Chaffee,Felipe,Eisele,Shane,Chaffee,Emanuel
Blaha,Isis,Chaffee,Paulina,Blaha,Frank
Chaffee,Marquise,Eisele,Shane,Chaffee,Emanuel
Blaha,Jasmine,Chaffee,Paulina,Blaha,Frank
Chaffee,Miles,Eisele,Shane,Chaffee,Emanuel
Blaha,Devonna,Chaffee,Paulina,Blaha,Frank
Chaffee,Braxton,Eisele,Shane,Chaffee,Emanuel
Blaha,Maritza,Chaffee,Paulina,Blaha,Frank
Chaffee,Micheal,Eisele,Shane,Chaffee,Emanuel
Blaha,Simone,Chaffee,Paulina,Blaha,Frank
Chaffee,Billy,Eisele,Shane,Chaffee,Emanuel
Blaha,Lisa,Chaffee,Paulina,Blaha,Frank
Blaha,Dana,Chaffee,Merissa,Blaha,Buford
Blaha,Regina,Chaffee,Daesha,Blaha,Bret
Blaha,Harry,Chaffee,Merissa,Blaha,Buford
Blaha,Tyler,Chaffee,Daesha,Blaha,Bret
Blaha,James,Chaffee,Merissa,Blaha,Buford
Blaha,Frida,Chaffee,Daesha,Blaha,Bret
Blaha,Gavin,Chaffee,Merissa,Blaha,Buford
Blaha,Kendal,Chaffee,Daesha,Blaha,Bret
Blaha,Tylor,Chaffee,Paulina,Blaha,Frank
Blaha,Jailene,Chaffee,Merideth,Blaha,Jovonte
Blaha,Antoine,Chaffee,Paulina,Blaha,Frank
Blaha,Kylie,Chaffee,Merideth,Blaha,Jovonte
Blaha,Ronald,Chaffee,Paulina,Blaha,Frank
Blaha,Aylin,Chaffee,Merideth,Blaha,Jovonte
Blaha,Mauro,Chaffee,Paulina,Blaha,Frank
Blaha,Mahogany,Chaffee,Merideth,Blaha,Jovonte
Blaha,Francis,Chaffee,Paulina,Blaha,Frank
Blaha,Andrea,Chaffee,Merideth,Blaha,Jovonte
Blaha,Braden,Chaffee,Daesha,Blaha,Bret
Blaha,Dianne,Chaffee,Merideth,Blaha,Jovonte
Blaha,Alfredo,Chaffee,Daesha,Blaha,Bret
Blaha,Maryssa,Chaffee,Janae,Blaha,Terrance
Blaha,Nico,Chaffee,Daesha,Blaha,Bret
Blaha,Ronni,Chaffee,Janae,Blaha,Terrance
Blaha,Gilbert,Chaffee,Daesha,Blaha,Bret
Blaha,Virginia,Chaffee,Janae,Blaha,Terrance
Blaha,Ariel,Chaffee,Daesha,Blaha,Bret
Blaha,Estela,Chaffee,Janae,Blaha,Terrance
Blaha,Kahlil,Chaffee,Daesha,Blaha,Bret
Blaha,Carla,Chaffee,Janae,Blaha,Terrance
Blaha,Ezekiel,Chaffee,Daesha,Blaha,Bret
Blaha,Maranda,Chaffee,Janae,Blaha,Terrance
Blaha,Vincent,Chaffee,Merideth,Blaha,Jovonte
Blaha,Blake,Chaffee,Janae,Blaha,Terrance
Blaha,Oscar,Chaffee,Merideth,Blaha,Jovonte
Eisele,Khaliah,Chaffee,Brynn,Eisele,Hakeem
Blaha,Michal,Chaffee,Merideth,Blaha,Jovonte
Eisele,Julia,Chaffee,Brynn,Eisele,Hakeem
Blaha,Jessee,Chaffee,Merideth,Blaha,Jovonte
Eisele,Reyna,Chaffee,Brynn,Eisele,Hakeem
Blaha,Dakota,Chaffee,Merideth,Blaha,Jovonte
Eisele,Ramona,Chaffee,Mckayla,Eisele,Garrick
Blaha,Skyler,Chaffee,Janae,Blaha,Terrance
Eisele,Gladys,Chaffee,Mckayla,Eisele,Garrick
Blaha,Jashua,Chaffee,Janae,Blaha,Terrance
Eisele,Tasha,Chaffee,Mckayla,Eisele,Garrick
Blaha,Aiden,Chaffee,Janae,Blaha,Terrance
Eisele,Devonna,Chaffee,Mckayla,Eisele,Garrick
Blaha,Jarod,Chaffee,Janae,Blaha,Terrance
Eisele,Morgen,Chaffee,Mckayla,Eisele,Garrick
Blaha,Micah,Chaffee,Janae,Blaha,Terrance
Eisele,Hallie,Chaffee,Mckayla,Eisele,Garrick
Blaha,Kegan,Chaffee,Janae,Blaha,Terrance
Eisele,Shelbi,Chaffee,Mckayla,Eisele,Garrick
Blaha,Sam,Chaffee,Janae,Blaha,Terrance
Eisele,Ruth,Chaffee,Mckayla,Eisele,Garrick
Blaha,Clint,Chaffee,Janae,Blaha,Terrance
Eisele,Carli,Chaffee,Jasmine,Eisele,Carl
Blaha,Deondre,Chaffee,Janae,Blaha,Terrance
Eisele,Eden,Chaffee,Jasmine,Eisele,Carl
Blaha,Vinh,Chaffee,Janae,Blaha,Terrance
Eisele,Kacie,Chaffee,Jasmine,Eisele,Carl
Blaha,Samuel,Chaffee,Janae,Blaha,Terrance
Eisele,Rianna,Chaffee,Jasmine,Eisele,Carl
Blaha,Moises,Chaffee,Janae,Blaha,Terrance
Eisele,Mari,Chaffee,Jasmine,Eisele,Carl
Eisele,Christian,Chaffee,Brynn,Eisele,Hakeem
Eisele,Baylee,Chaffee,Jasmine,Eisele,Carl
Eisele,Lazaro,Chaffee,Brynn,Eisele,Hakeem
Eisele,Mandy,Chaffee,Jasmine,Eisele,Carl
Eisele,Stanley,Chaffee,Brynn,Eisele,Hakeem
Eisele,Jadah,Chaffee,Jasmine,Eisele,Carl
Eisele,Erich,Chaffee,Brynn,Eisele,Hakeem
Eisele,Sheila,Chaffee,Jasmine,Eisele,Carl
Eisele,Kolton,Chaffee,Brynn,Eisele,Hakeem
Camarda,Marlee,Eisele,Susan,Camarda,Nigel
Eisele,Babyboy,Chaffee,Siarra,Eisele,Hayden
Camarda,Chantelle,Eisele,Susan,Camarda,Nigel
Eisele,Christophe,Chaffee,Siarra,Eisele,Hayden
Camarda,Lyndsey,Eisele,Susan,Camarda,Nigel
Eisele,Lauren,Chaffee,Siarra,Eisele,Hayden
Camarda,Tess,Eisele,Susan,Camarda,Nigel
Eisele,Eli,Chaffee,Mckayla,Eisele,Garrick
Camarda,Sophie,Irwin,Samara,Camarda,Lazaro
Eisele,Xavier,Chaffee,Mckayla,Eisele,Garrick
Camarda,Danae,Irwin,Samara,Camarda,Lazaro
Eisele,Edward,Chaffee,Mckayla,Eisele,Garrick
Camarda,Jade,Irwin,Samara,Camarda,Lazaro
Eisele,Jon,Chaffee,Mckayla,Eisele,Garrick
Camarda,Ceaira,Irwin,Samara,Camarda,Lazaro
Eisele,Theodore,Chaffee,Mckayla,Eisele,Garrick
Camarda,Frida,Irwin,Samara,Camarda,Lazaro
Eisele,Britton,Chaffee,Jasmine,Eisele,Carl
Camarda,Chelsey,Irwin,Samara,Camarda,Lazaro
Eisele,Tristin,Chaffee,Jasmine,Eisele,Carl
Camarda,Marlen,Irwin,Samara,Camarda,Lazaro
Eisele,Montel,Chaffee,Jasmine,Eisele,Carl
Camarda,Aleah,Irwin,Samara,Camarda,Lazaro
Eisele,Jonah,Chaffee,Jasmine,Eisele,Carl
Camarda,Liza,Irwin,Samara,Camarda,Lazaro
Eisele,Anders,Chaffee,Jasmine,Eisele,Carl
Camarda,Greer,Irwin,Samara,Camarda,Lazaro
Eisele,Levi,Chaffee,Jasmine,Eisele,Carl
Camarda,Brenna,Irwin,Samara,Camarda,Lazaro
Eisele,Cristopher,Chaffee,Jasmine,Eisele,Carl
Camarda,Yoana,Irwin,Samara,Camarda,Lazaro
Eisele,Lionel,Chaffee,Jasmine,Eisele,Carl
Camarda,Elena,Irwin,Kennedy,Camarda,Mathew
Camarda,Terron,Eisele,Susan,Camarda,Nigel
Camarda,Joanna,Irwin,Kennedy,Camarda,Mathew
Camarda,Theodore,Eisele,Susan,Camarda,Nigel
Camarda,Celia,Irwin,Kennedy,Camarda,Mathew
Camarda,Cullen,Eisele,Susan,Camarda,Nigel
Camarda,Destiny,Irwin,Kennedy,Camarda,Mathew
Camarda,Dominic,Eisele,Susan,Camarda,Nigel
Camarda,Niyah,Irwin,Brionna,Camarda,Douglas
Camarda,Kenyon,Irwin,Samara,Camarda,Lazaro
Camarda,Abigayle,Irwin,Brionna,Camarda,Douglas
Camarda,Cesar,Irwin,Samara,Camarda,Lazaro
Camarda,Cecilia,Irwin,Brionna,Camarda,Douglas
Camarda,Kyle,Irwin,Samara,Camarda,Lazaro
Camarda,Jacklyn,Irwin,Brionna,Camarda,Douglas
Camarda,Zachary,Irwin,Samara,Camarda,Lazaro
Camarda,Emilia,Irwin,Brionna,Camarda,Douglas
Camarda,Eduardo,Irwin,Samara,Camarda,Lazaro
Camarda,Reyanna,Irwin,Brionna,Camarda,Douglas
Camarda,Tyreek,Irwin,Samara,Camarda,Lazaro
Camarda,Xandria,Irwin,Tatum,Camarda,Javen
Camarda,Keith,Irwin,Samara,Camarda,Lazaro
Camarda,Candace,Irwin,Tatum,Camarda,Javen
Camarda,Leroy,Irwin,Samara,Camarda,Lazaro
Camarda,Caroline,Irwin,Kaleigh,Camarda,Taylor
Camarda,Alonso,Irwin,Kennedy,Camarda,Mathew
Camarda,Hanna,Irwin,Kaleigh,Camarda,Taylor
Camarda,Clay,Irwin,Kennedy,Camarda,Mathew
Camarda,Anisha,Irwin,Kaleigh,Camarda,Taylor
Camarda,Jackson,Irwin,Kennedy,Camarda,Mathew
Camarda,Harmony,Irwin,Aerial,Camarda,Carson
Camarda,Alejandro,Irwin,Kennedy,Camarda,Mathew
Camarda,Sharae,Irwin,Aerial,Camarda,Carson
Camarda,Darius,Irwin,Kennedy,Camarda,Mathew
Camarda,Stephania,Duffy,Lynn,Camarda,Vinh
Camarda,Tysheem,Irwin,Kennedy,Camarda,Mathew
Camarda,Sidney,Duffy,Lynn,Camarda,Vinh
Camarda,Randall,Irwin,Kennedy,Camarda,Mathew
Camarda,Noel,Duffy,Lynn,Camarda,Vinh
Camarda,Jalen,Irwin,Brionna,Camarda,Douglas
Irwin,Latosha,Camarda,Elise,Irwin,Abraham
Camarda,Miles,Irwin,Brionna,Camarda,Douglas
Irwin,Angelina,Camarda,Elise,Irwin,Abraham
Camarda,Tevin,Irwin,Brionna,Camarda,Douglas
Irwin,Jensen,Camarda,Debora,Irwin,Everett
Camarda,Skyler,Irwin,Brionna,Camarda,Douglas
Irwin,Valencia,Camarda,Debora,Irwin,Everett
Camarda,Leon,Irwin,Brionna,Camarda,Douglas
Irwin,Candy,Camarda,Debora,Irwin,Everett
Camarda,Garrick,Irwin,Brionna,Camarda,Douglas
Irwin,Samantha,Camarda,Debora,Irwin,Everett
Camarda,Valentin,Irwin,Tatum,Camarda,Javen
Irwin,Keiarra,Camarda,Debora,Irwin,Everett
Camarda,Jaylin,Irwin,Tatum,Camarda,Javen
Irwin,Cambria,Camarda,Debora,Irwin,Everett
Camarda,Clinton,Irwin,Tatum,Camarda,Javen
Irwin,Gabriela,Camarda,Debora,Irwin,Everett
Camarda,Leo,Irwin,Tatum,Camarda,Javen
Irwin,Bonnie,Camarda,Debora,Irwin,Everett
Camarda,Alfonso,Irwin,Tatum,Camarda,Javen
Irwin,Jasmine,Camarda,Debora,Irwin,Everett
Camarda,Gunnar,Irwin,Tatum,Camarda,Javen
Irwin,Ashlie,Camarda,Debora,Irwin,Everett
Camarda,Bradley,Irwin,Tatum,Camarda,Javen
Irwin,Kirstin,Camarda,Debora,Irwin,Everett
Camarda,Angel,Irwin,Aidan,Camarda,Rolando
Irwin,Rikki,Camarda,Leann,Irwin,Maxwell
Camarda,Dedrick,Irwin,Aidan,Camarda,Rolando
Irwin,Delilah,Camarda,Leann,Irwin,Maxwell
Camarda,Aiden,Irwin,Aidan,Camarda,Rolando
Irwin,Baily,Camarda,Leann,Irwin,Maxwell
Camarda,Ladarius,Irwin,Aerial,Camarda,Carson
Irwin,Arianna,Camarda,Leann,Irwin,Maxwell
Camarda,Jonathon,Irwin,Aerial,Camarda,Carson
Irwin,Marivel,Camarda,Kaitlin,Irwin,Enoch
Camarda,Marlon,Irwin,Aerial,Camarda,Carson
Irwin,Aja,Camarda,Kaitlin,Irwin,Enoch
Camarda,Larry,Irwin,Aerial,Camarda,Carson
Irwin,Celina,Camarda,Kaitlin,Irwin,Enoch
Camarda,Harrison,Irwin,Aerial,Camarda,Carson
Irwin,Aubree,Camarda,Kaitlin,Irwin,Enoch
Camarda,Felix,Duffy,Lynn,Camarda,Vinh
Irwin,Sheila,Camarda,Kaitlin,Irwin,Enoch
Camarda,Domenic,Duffy,Lynn,Camarda,Vinh
Irwin,Keri,Camarda,Kaitlin,Irwin,Enoch
Camarda,Enoch,Duffy,Lynn,Camarda,Vinh
Irwin,Ana,Camarda,Kaitlin,Irwin,Enoch
Camarda,Ty,Duffy,Lynn,Camarda,Vinh
Irwin,Alejandra,Camarda,Minna,Irwin,Andre
Camarda,Sutton,Duffy,Lynn,Camarda,Vinh
Irwin,Miracle,Camarda,Minna,Irwin,Andre
Camarda,Jacques,Duffy,Lynn,Camarda,Vinh
Irwin,Monique,Camarda,Minna,Irwin,Andre
Camarda,Ali,Duffy,Lynn,Camarda,Vinh
Irwin,Johana,Camarda,Minna,Irwin,Andre
Camarda,Colby,Duffy,Lynn,Camarda,Vinh
Irwin,Allegra,Camarda,Minna,Irwin,Andre
Camarda,River,Duffy,Lynn,Camarda,Vinh
Irwin,Kellie,Camarda,Minna,Irwin,Andre
Camarda,Tomas,Duffy,Lynn,Camarda,Vinh
Irwin,Monet,Camarda,Minna,Irwin,Andre
Camarda,Rodney,Duffy,Lynn,Camarda,Vinh
Irwin,Marli,Camarda,Minna,Irwin,Andre
Camarda,Nicolas,Duffy,Lynn,Camarda,Vinh
Irwin,Angelique,Camarda,Jenny,Irwin,Connor
Camarda,Raymond,Duffy,Lynn,Camarda,Vinh
Irwin,Deisy,Camarda,Jenny,Irwin,Connor
Irwin,Tyren,Camarda,Elise,Irwin,Abraham
Irwin,Cailin,Camarda,Jenny,Irwin,Connor
Irwin,Colbey,Camarda,Elise,Irwin,Abraham
Irwin,Brittani,Camarda,Jenny,Irwin,Connor
Irwin,Devan,Camarda,Elise,Irwin,Abraham
Irwin,Karly,Camarda,Jenny,Irwin,Connor
Irwin,Lucas,Camarda,Elise,Irwin,Abraham
Irwin,Shelley,Camarda,Jenny,Irwin,Connor
Irwin,Domonic,Camarda,Debora,Irwin,Everett
Irwin,Dayana,Camarda,Jenny,Irwin,Connor
Irwin,Bradly,Camarda,Debora,Irwin,Everett
Irwin,Elizabeth,Camarda,Jenny,Irwin,Connor
Irwin,Wylie,Camarda,Debora,Irwin,Everett
Irwin,Khyla,Camarda,Jenny,Irwin,Connor
Irwin,Wayne,Camarda,Debora,Irwin,Everett
Irwin,Chasity,Camarda,Jenny,Irwin,Connor
Irwin,Shea,Camarda,Debora,Irwin,Everett
Irwin,Bridget,Camarda,Jenny,Irwin,Connor
Irwin,Michal,Camarda,Debora,Irwin,Everett
Irwin,Emmily,Camarda,Maxine,Irwin,Patrick
Irwin,Josie,Camarda,Leann,Irwin,Maxwell
Irwin,Harmony,Camarda,Maxine,Irwin,Patrick
Irwin,Kaleb,Camarda,Leann,Irwin,Maxwell
Irwin,Elexus,Camarda,Maxine,Irwin,Patrick
Irwin,Isiah,Camarda,Leann,Irwin,Maxwell
Irwin,Liza,Camarda,Maxine,Irwin,Patrick
Irwin,Giovanni,Camarda,Leann,Irwin,Maxwell
Irwin,Devon,Camarda,Maxine,Irwin,Patrick
Irwin,Rayvon,Camarda,Leann,Irwin,Maxwell
Irwin,Chelsey,Camarda,Maxine,Irwin,Patrick
Irwin,Denzell,Camarda,Leann,Irwin,Maxwell
Irwin,Lesli,Camarda,Maxine,Irwin,Patrick
Irwin,Vernon,Camarda,Kaitlin,Irwin,Enoch
Irwin,Jaden,Camarda,Chloe,Irwin,Edgar
Irwin,Raymond,Camarda,Kaitlin,Irwin,Enoch
Irwin,Mayra,Camarda,Chloe,Irwin,Edgar
Irwin,Ezekiel,Camarda,Minna,Irwin,Andre
Irwin,Kacey,Camarda,Chloe,Irwin,Edgar
Irwin,Jaron,Camarda,Minna,Irwin,Andre
Irwin,Brenda,Camarda,Chloe,Irwin,Edgar
Irwin,Eric,Camarda,Minna,Irwin,Andre
Irwin,Janice,Camarda,Chloe,Irwin,Edgar
Irwin,Jaylon,Camarda,Minna,Irwin,Andre
Irwin,Judith,Camarda,Celena,Irwin,Noah
Irwin,Shawn,Camarda,Minna,Irwin,Andre
Irwin,Savannah,Camarda,Celena,Irwin,Noah
Irwin,Dennis,Camarda,Jenny,Irwin,Connor
Irwin,Paris,Camarda,Celena,Irwin,Noah
Irwin,Benjamen,Camarda,Jenny,Irwin,Connor
Irwin,Delaney,Camarda,Celena,Irwin,Noah
Irwin,Tylar,Camarda,Jenny,Irwin,Connor
Irwin,Nia,Camarda,Celena,Irwin,Noah
Irwin,Chadwick,Camarda,Jenny,Irwin,Connor
Irwin,Cheyann,Camarda,Celena,Irwin,Noah
Irwin,Colton,Camarda,Jenny,Irwin,Connor
Irwin,Mikyla,Camarda,Celena,Irwin,Noah
Irwin,Kirkland,Camarda,Jenny,Irwin,Connor
Irwin,Keanna,Camarda,Celena,Irwin,Noah
Irwin,Willis,Camarda,Jenny,Irwin,Connor
Irwin,Aylssa,Camarda,Celena,Irwin,Noah
Irwin,Ishmael,Camarda,Jenny,Irwin,Connor
Irwin,Raegan,Camarda,Celena,Irwin,Noah
Irwin,Austin,Camarda,Maxine,Irwin,Patrick
Irwin,Alice,Camarda,Celena,Irwin,Noah
Irwin,Luke,Camarda,Maxine,Irwin,Patrick
Irwin,Abigayle,Duffy,Tamara,Irwin,Garret
Irwin,Nick,Camarda,Maxine,Irwin,Patrick
Irwin,Anabel,Duffy,Tamara,Irwin,Garret
Irwin,Andy,Camarda,Maxine,Irwin,Patrick
Irwin,Dallas,Duffy,Tamara,Irwin,Garret
Irwin,Royce,Camarda,Maxine,Irwin,Patrick
Irwin,Isadora,Duffy,Taryn,Irwin,Glenn
Irwin,Garrett,Camarda,Maxine,Irwin,Patrick
Duffy,Hanna,Grunsfeld,Kortney,Duffy,Brogan
Irwin,Wilmer,Camarda,Maxine,Irwin,Patrick
Duffy,Haylee,Grunsfeld,Kortney,Duffy,Brogan
Irwin,Frederick,Camarda,Chloe,Irwin,Edgar
Duffy,Tayler,Grunsfeld,Kortney,Duffy,Brogan
Irwin,Killian,Camarda,Chloe,Irwin,Edgar
Duffy,Alexandrea,Grunsfeld,Kortney,Duffy,Brogan
Irwin,Moises,Camarda,Chloe,Irwin,Edgar
Duffy,Bree,Grunsfeld,Kortney,Duffy,Brogan
Irwin,Corbin,Camarda,Chloe,Irwin,Edgar
Duffy,Shenelly,Grunsfeld,Kortney,Duffy,Brogan
Irwin,Brodie,Camarda,Chloe,Irwin,Edgar
Duffy,Lesley,Grunsfeld,Marianna,Duffy,Bret
Irwin,Henry,Camarda,Chloe,Irwin,Edgar
Duffy,Lynette,Grunsfeld,Marianna,Duffy,Bret
Irwin,Trace,Camarda,Chloe,Irwin,Edgar
Duffy,Miriam,Grunsfeld,Marianna,Duffy,Bret
Irwin,Deshaun,Camarda,Celena,Irwin,Noah
Duffy,Ixchel,Grunsfeld,Siera,Duffy,Ian
Irwin,Quintyn,Camarda,Celena,Irwin,Noah
Duffy,Kori,Grunsfeld,Siera,Duffy,Ian
Irwin,Larry,Camarda,Celena,Irwin,Noah
Duffy,Liana,Grunsfeld,Siera,Duffy,Ian
Irwin,Kapil,Camarda,Celena,Irwin,Noah
Duffy,Aisha,Grunsfeld,Siera,Duffy,Ian
Irwin,Jermaine,Camarda,Celena,Irwin,Noah
Duffy,Shanise,Grunsfeld,Siera,Duffy,Ian
Irwin,Brady,Camarda,Celena,Irwin,Noah
Duffy,Nyasia,Grunsfeld,Siera,Duffy,Ian
Irwin,Antavius,Camarda,Celena,Irwin,Noah
Duffy,Janay,Grunsfeld,Siera,Duffy,Ian
Irwin,Rolando,Camarda,Celena,Irwin,Noah
Duffy,Sade,Grunsfeld,Jocelyne,Duffy,San
Irwin,Keagan,Camarda,Celena,Irwin,Noah
Duffy,Breana,Grunsfeld,Jocelyne,Duffy,San
Irwin,Neil,Duffy,Tamara,Irwin,Garret
Duffy,Jazmine,Grunsfeld,Jocelyne,Duffy,San
Irwin,Hector,Duffy,Tamara,Irwin,Garret
Grunsfeld,Lakeisha,Duffy,Joceline,Grunsfeld,Julian
Irwin,Bronson,Duffy,Tamara,Irwin,Garret
Grunsfeld,Savannah,Duffy,Joceline,Grunsfeld,Julian
Irwin,Geoffrey,Duffy,Tamara,Irwin,Garret
Grunsfeld,Kamri,Duffy,Joceline,Grunsfeld,Julian
Irwin,Kade,Duffy,Tamara,Irwin,Garret
Grunsfeld,Zoe,Duffy,Joceline,Grunsfeld,Julian
Irwin,Dwayne,Duffy,Tamara,Irwin,Garret
Grunsfeld,Micaela,Duffy,Joceline,Grunsfeld,Julian
Irwin,Jerome,Duffy,Tamara,Irwin,Garret
Grunsfeld,Deyaneira,Duffy,Joceline,Grunsfeld,Julian
Irwin,Johan,Duffy,Tamara,Irwin,Garret
Grunsfeld,Bianca,Duffy,Joceline,Grunsfeld,Julian
Irwin,Amir,Duffy,Tamara,Irwin,Garret
Grunsfeld,Celina,Duffy,Joceline,Grunsfeld,Julian
Irwin,David,Duffy,Tamara,Irwin,Garret
Grunsfeld,Lora,Duffy,Anthony,Grunsfeld,Tylor
Thuot,Ray,Cleave,Alyson,Cleveland,Stevan,Boilermaker
Irwin,Gannon,Duffy,Tamara,Irwin,Garret
Grunsfeld,Brandi,Duffy,Anthony,Grunsfeld,Tylor
Irwin,Erin,Duffy,Taryn,Irwin,Glenn
Grunsfeld,Zoee,Duffy,Anthony,Grunsfeld,Tylor
Irwin,Micah,Duffy,Taryn,Irwin,Glenn
Grunsfeld,Carlye,Duffy,Anthony,Grunsfeld,Tylor
Irwin,Daylon,Duffy,Taryn,Irwin,Glenn
Grunsfeld,Jaylynn,Duffy,Juliette,Grunsfeld,Maleek
Duffy,Santos,Grunsfeld,Kortney,Duffy,Brogan
Grunsfeld,Karla,Duffy,Juliette,Grunsfeld,Maleek
Duffy,Tysheem,Grunsfeld,Kortney,Duffy,Brogan
Grunsfeld,Brittany,Duffy,Juliette,Grunsfeld,Maleek
Duffy,Jean,Grunsfeld,Kortney,Duffy,Brogan
Grunsfeld,Elena,Duffy,Juliette,Grunsfeld,Maleek
Duffy,Deontae,Grunsfeld,Kortney,Duffy,Brogan
Grunsfeld,Sally,Duffy,Juliette,Grunsfeld,Maleek
Duffy,Mickey,Grunsfeld,Kortney,Duffy,Brogan
Grunsfeld,Shannon,Duffy,Juliette,Grunsfeld,Maleek
Duffy,Cyrus,Grunsfeld,Kortney,Duffy,Brogan
Grunsfeld,Paulina,Duffy,Juliette,Grunsfeld,Maleek
Duffy,Quinn,Grunsfeld,Kortney,Duffy,Brogan
Grunsfeld,Kailey,Duffy,Juliette,Grunsfeld,Maleek
Duffy,Joel,Grunsfeld,Kortney,Duffy,Brogan
Grunsfeld,Iridiana,Duffy,Juliette,Grunsfeld,Maleek
Duffy,Rakeem,Grunsfeld,Marianna,Duffy,Bret
Grunsfeld,Clare,Duffy,Juliette,Grunsfeld,Maleek
Duffy,Markus,Grunsfeld,Marianna,Duffy,Bret
Grunsfeld,Claudia,Duffy,Ravin,Grunsfeld,Stefan
Duffy,Austen,Grunsfeld,Marianna,Duffy,Bret
Grunsfeld,Reilly,Duffy,Ravin,Grunsfeld,Stefan
Duffy,Michael,Grunsfeld,Marianna,Duffy,Bret
Grunsfeld,Cameron,Duffy,Ravin,Grunsfeld,Stefan
Duffy,Jarred,Grunsfeld,Marianna,Duffy,Bret
Grunsfeld,Destiana,Duffy,Ravin,Grunsfeld,Stefan
Duffy,Valentin,Grunsfeld,Marianna,Duffy,Bret
Grunsfeld,Rian,Duffy,Ravin,Grunsfeld,Stefan
Duffy,Jermaine,Grunsfeld,Siera,Duffy,Ian
Grunsfeld,Noel,Duffy,Ravin,Grunsfeld,Stefan
Duffy,Deion,Grunsfeld,Siera,Duffy,Ian
Grunsfeld,Brigitte,Duffy,Ravin,Grunsfeld,Stefan
Duffy,Guadalupe,Grunsfeld,Siera,Duffy,Ian
Grunsfeld,Kyra,Reisman,Kelsee,Grunsfeld,Patrick
Duffy,Brenton,Grunsfeld,Siera,Duffy,Ian
Grunsfeld,Nicole,Reisman,Kelsee,Grunsfeld,Patrick
Duffy,Tyren,Grunsfeld,Siera,Duffy,Ian
Grunsfeld,Yasmin,Reisman,Kelsee,Grunsfeld,Patrick
Duffy,Aleksandr,Grunsfeld,Siera,Duffy,Ian
Grunsfeld,Monique,Reisman,Kelsee,Grunsfeld,Patrick
Duffy,Tracy,Grunsfeld,Siera,Duffy,Ian
Grunsfeld,Lyric,Reisman,Kelsee,Grunsfeld,Patrick
Duffy,Kasey,Grunsfeld,Jocelyne,Duffy,San
Grunsfeld,Loni,Reisman,Elisabeth,Grunsfeld,Connor
Duffy,Ladarius,Grunsfeld,Jocelyne,Duffy,San
Grunsfeld,Maggie,Reisman,Elisabeth,Grunsfeld,Connor
Duffy,Asher,Grunsfeld,Jocelyne,Duffy,San
Grunsfeld,Jordan,Reisman,Elisabeth,Grunsfeld,Connor
Duffy,Josejuan,Grunsfeld,Jocelyne,Duffy,San
Grunsfeld,Joanna,Reisman,Elisabeth,Grunsfeld,Connor
Grunsfeld,Demarcus,Duffy,Joceline,Grunsfeld,Julian
Grunsfeld,Tynia,Reisman,Elisabeth,Grunsfeld,Connor
Grunsfeld,Devontae,Duffy,Joceline,Grunsfeld,Julian
Grunsfeld,Kelsey,Reisman,Elisabeth,Grunsfeld,Connor
Grunsfeld,Deric,Duffy,Joceline,Grunsfeld,Julian
Grunsfeld,Jessica,Reisman,Elisabeth,Grunsfeld,Connor
Grunsfeld,Trevon,Duffy,Joceline,Grunsfeld,Julian
Grunsfeld,Shawna,Reisman,Elisabeth,Grunsfeld,Connor
Grunsfeld,Alonso,Duffy,Joceline,Grunsfeld,Julian
Grunsfeld,Sharae,Reisman,Elisabeth,Grunsfeld,Connor
Grunsfeld,Richard,Duffy,Joceline,Grunsfeld,Julian
Grunsfeld,Trevor,Reisman,Stella,Grunsfeld,Charly
Grunsfeld,Lashawn,Duffy,Joceline,Grunsfeld,Julian
Grunsfeld,Mckenna,Reisman,Stella,Grunsfeld,Charly
Grunsfeld,Payton,Duffy,Joceline,Grunsfeld,Julian
Grunsfeld,Lindsey,Reisman,Stella,Grunsfeld,Charly
Grunsfeld,Kurt,Duffy,Anthony,Grunsfeld,Tylor
Grunsfeld,Sariah,Reisman,Stella,Grunsfeld,Charly
Grunsfeld,Lars,Duffy,Anthony,Grunsfeld,Tylor
Grunsfeld,Allyssa,Reisman,Stella,Grunsfeld,Charly
Grunsfeld,Asa,Duffy,Anthony,Grunsfeld,Tylor
Grunsfeld,Holli,Reisman,Stella,Grunsfeld,Charly
Grunsfeld,Joshua,Duffy,Anthony,Grunsfeld,Tylor
Grunsfeld,Kristina,Reisman,Stella,Grunsfeld,Charly
Grunsfeld,Israel,Duffy,Anthony,Grunsfeld,Tylor
Grunsfeld,Ashli,Reisman,Stella,Grunsfeld,Charly
Grunsfeld,Trae,Duffy,Anthony,Grunsfeld,Tylor
Grunsfeld,Natalia,Reisman,Stella,Grunsfeld,Charly
Grunsfeld,Aleksandr,Duffy,Anthony,Grunsfeld,Tylor
Grunsfeld,Reina,Reisman,Stella,Grunsfeld,Charly
Grunsfeld,Kalon,Duffy,Anthony,Grunsfeld,Tylor
Grunsfeld,Xiomara,Reisman,Stella,Grunsfeld,Charly
Grunsfeld,Claudio,Duffy,Anthony,Grunsfeld,Tylor
Grunsfeld,Lilibeth,Reisman,Stella,Grunsfeld,Charly
Grunsfeld,Johnathon,Duffy,Anthony,Grunsfeld,Tylor
Grunsfeld,Martha,Reisman,Stella,Grunsfeld,Charly
Grunsfeld,Brendan,Duffy,Anthony,Grunsfeld,Tylor
Grunsfeld,Destinee,Reisman,Stella,Grunsfeld,Charly
Grunsfeld,Kapil,Duffy,Juliette,Grunsfeld,Maleek
Grunsfeld,Erika,Reisman,Stella,Grunsfeld,Charly
Grunsfeld,Jawaun,Duffy,Juliette,Grunsfeld,Maleek
Grunsfeld,Tierney,Reisman,Stella,Grunsfeld,Charly
Grunsfeld,Colby,Duffy,Juliette,Grunsfeld,Maleek
Grunsfeld,Ciera,Reisman,Stella,Grunsfeld,Charly
Grunsfeld,Angel,Duffy,Juliette,Grunsfeld,Maleek
Grunsfeld,Marlee,Reisman,Stella,Grunsfeld,Charly
Grunsfeld,Dominick,Duffy,Juliette,Grunsfeld,Maleek
Grunsfeld,Shanna,Reisman,Stella,Grunsfeld,Charly
Grunsfeld,Brett,Duffy,Ravin,Grunsfeld,Stefan
Grunsfeld,Sonia,Reisman,Stella,Grunsfeld,Charly
Grunsfeld,Anfernee,Duffy,Ravin,Grunsfeld,Stefan
Grunsfeld,Shelly,Reisman,Faith,Grunsfeld,Brian
Grunsfeld,Domonic,Duffy,Ravin,Grunsfeld,Stefan
Grunsfeld,Maricarmen,Reisman,Faith,Grunsfeld,Brian
Grunsfeld,Gage,Duffy,Ravin,Grunsfeld,Stefan
Grunsfeld,Nicolle,Reisman,Faith,Grunsfeld,Brian
Grunsfeld,Chris,Duffy,Ravin,Grunsfeld,Stefan
Grunsfeld,Kenna,Reisman,Faith,Grunsfeld,Brian
Grunsfeld,Shmuel,Duffy,Ravin,Grunsfeld,Stefan
Grunsfeld,Emerald,Reisman,Faith,Grunsfeld,Brian
Grunsfeld,Tarik,Duffy,Ravin,Grunsfeld,Stefan
Grunsfeld,Mari,Reisman,Faith,Grunsfeld,Brian
Grunsfeld,Deondre,Duffy,Ravin,Grunsfeld,Stefan
Grunsfeld,Elaina,Reisman,Faith,Grunsfeld,Brian
Grunsfeld,Brayden,Duffy,Ravin,Grunsfeld,Stefan
Grunsfeld,Armani,Fincke,Julianna,Grunsfeld,Justyn
Grunsfeld,Elliott,Duffy,Ravin,Grunsfeld,Stefan
Grunsfeld,Octavia,Fincke,Julianna,Grunsfeld,Justyn
Grunsfeld,Darrius,Reisman,Kelsee,Grunsfeld,Patrick
Grunsfeld,Ronni,Fincke,Julianna,Grunsfeld,Justyn
Grunsfeld,Theodore,Reisman,Kelsee,Grunsfeld,Patrick
Grunsfeld,Divya,Fincke,Julianna,Grunsfeld,Justyn
Grunsfeld,German,Reisman,Kelsee,Grunsfeld,Patrick
Grunsfeld,Daphne,Fincke,Julianna,Grunsfeld,Justyn
Grunsfeld,Hunter,Reisman,Kelsee,Grunsfeld,Patrick
Grunsfeld,Isis,Fincke,Julianna,Grunsfeld,Justyn
Grunsfeld,Tysheem,Reisman,Kelsee,Grunsfeld,Patrick
Grunsfeld,Deborah,Fincke,Julianna,Grunsfeld,Justyn
Grunsfeld,Gunnar,Reisman,Kelsee,Grunsfeld,Patrick
Grunsfeld,Vanessa,Fincke,Julianna,Grunsfeld,Justyn
Grunsfeld,Lionel,Reisman,Kelsee,Grunsfeld,Patrick
Grunsfeld,Nathalie,Fincke,Julianna,Grunsfeld,Justyn
Grunsfeld,Abdiel,Reisman,Kelsee,Grunsfeld,Patrick
Grunsfeld,Theresa,Fincke,Sheniqua,Grunsfeld,Houston
Grunsfeld,Sterling,Reisman,Kelsee,Grunsfeld,Patrick
Grunsfeld,Melisa,Fincke,Sheniqua,Grunsfeld,Houston
Grunsfeld,Nathaniel,Reisman,Kelsee,Grunsfeld,Patrick
Grunsfeld,Kaina,Fincke,Sheniqua,Grunsfeld,Houston
Grunsfeld,Chandler,Reisman,Kelsee,Grunsfeld,Patrick
Reisman,Stacie,Grunsfeld,Dajah,Reisman,Emerson
Grunsfeld,Liam,Reisman,Kelsee,Grunsfeld,Patrick
Reisman,Lynn,Grunsfeld,Dajah,Reisman,Emerson
