Bloomfield,Gage,Gutierrez,Leanna,Bloomfield,Kristian
Grissom,Mckinzie,Pierce,Tayler,Grissom,Jeramie
Gordon,Everett,Searfoss,Liz,Gordon,Ladarius
Meade,Destiney,Ross,Rebekkah,Meade,Ronnie
Whitson,Garrison,Foale,Isabella,Whitson,Asher
Shaw,Jane,Ochoa,Michele,Shaw,Tucker
Barry,Erick,Stafford,Nallely,Barry,Isaac
Hilliard,Anamaria,Archambault,Lynette,Hilliard,Trey
Mullane,Kirkland,Culbertson,Ravin,Mullane,Langston
Searfoss,Keanna,Jett,Siearra,Searfoss,Francesco
Caldeiro,Austyn,Grinch,Tiera,Caldeiro,Phillip
Schweickart,Sharon,Polansky,Ramona,Schweickart,Colt
Bagian,Jules,Monroe,Tamia,Bagian,Jameson
Fillmore,Alesia,McNair,Jaymie,Fillmore,Jarvis
Resnik,Kerrick,Fossum,Kassidy,Resnik,Andrew
Garfield,Marycather,Kerwin,Patrice,Garfield,Triston
Hoover,Rashaun,Richards,Chana,Hoover,Maliki
Davis,Tiffanie,Holmquest,Mara,Davis,Omar
Lopez,Joey,Sellers,Alisha,Lopez,Jai
Currie,Monet,Bowersox,Amina,Currie,Dedrick
Evans,Javon,Lawrence,Alexus,Evans,Killian
Hammond,Kayleen,Evans,Anitra,Hammond,Britt
England,Edward,Culbertson,Yazmin,England,Nico
Cleave,Helena,Loria,Janice,Cleave,Kayle
O'Leary,Evan,Hobaugh,Dania,O'Leary,Jeremiah
Coleman,Caitlynn,Ashby,Camilla,Coleman,Roy
Garriott,Domenic,Valheim,Mollie,Garriott,Dylan
Franklin,Alexia,See,Zabrina,Franklin,Seamus
Readdy,Clinton,Currie,Kristi,Readdy,Warren
Bloomfield,Fabiola,Grissom,Mckinzie,Bloomfield,Gage
Graveline,Ravon,Henize,Brandi,Graveline,Edwin
Bloomfield,Brandy,Grissom,Mckinzie,Bloomfield,Gage
Bloomfield,Luke,Grissom,Mckinzie,Bloomfield,Gage
Bloomfield,Mikayla,Grissom,Mckinzie,Bloomfield,Gage
Bloomfield,Drake,Grissom,Mckinzie,Bloomfield,Gage
Bloomfield,Scarlett,Grissom,Mckinzie,Bloomfield,Gage
Bloomfield,Jonathon,Grissom,Mckinzie,Bloomfield,Gage
Bloomfield,Clara,Grissom,Mckinzie,Bloomfield,Gage
Bloomfield,Bradly,Grissom,Mckinzie,Bloomfield,Gage
Bloomfield,Heidy,Grissom,Mckinzie,Bloomfield,Gage
Gordon,Stefan,Meade,Destiney,Gordon,Everett
Bloomfield,Cristina,Grissom,Mckinzie,Bloomfield,Gage
Gordon,Salvador,Meade,Destiney,Gordon,Everett
Bloomfield,Karli,Grissom,Mckinzie,Bloomfield,Gage
Gordon,Freddy,Meade,Destiney,Gordon,Everett
Bloomfield,Colby,Grissom,Mckinzie,Bloomfield,Gage
Gordon,Khalid,Meade,Destiney,Gordon,Everett
Bloomfield,Sara,Grissom,Mckinzie,Bloomfield,Gage
Gordon,Terron,Meade,Destiney,Gordon,Everett
Gordon,Montana,Meade,Destiney,Gordon,Everett
Whitson,Bryson,Shaw,Jane,Whitson,Garrison
Gordon,Rayven,Meade,Destiney,Gordon,Everett
Whitson,Deonta,Shaw,Jane,Whitson,Garrison
Gordon,Jeanna,Meade,Destiney,Gordon,Everett
Whitson,Javier,Shaw,Jane,Whitson,Garrison
Gordon,Carolina,Meade,Destiney,Gordon,Everett
Whitson,Damon,Shaw,Jane,Whitson,Garrison
Whitson,Mandy,Shaw,Jane,Whitson,Garrison
Barry,Mitchell,Hilliard,Anamaria,Barry,Erick
Barry,Laurel,Hilliard,Anamaria,Barry,Erick
Barry,Antoine,Hilliard,Anamaria,Barry,Erick
Barry,Patrice,Hilliard,Anamaria,Barry,Erick
Barry,Zaquan,Hilliard,Anamaria,Barry,Erick
Barry,Linsey,Hilliard,Anamaria,Barry,Erick
Barry,Javon,Hilliard,Anamaria,Barry,Erick
Mullane,Dulce,Searfoss,Keanna,Mullane,Kirkland
Barry,Ravon,Hilliard,Anamaria,Barry,Erick
Mullane,Khaliah,Searfoss,Keanna,Mullane,Kirkland
Mullane,Henry,Searfoss,Keanna,Mullane,Kirkland
Mullane,Kerry,Searfoss,Keanna,Mullane,Kirkland
Mullane,Brandon,Searfoss,Keanna,Mullane,Kirkland
Mullane,Fatima,Searfoss,Keanna,Mullane,Kirkland
Mullane,Daxton,Searfoss,Keanna,Mullane,Kirkland
Mullane,Micayla,Searfoss,Keanna,Mullane,Kirkland
Mullane,Alek,Searfoss,Keanna,Mullane,Kirkland
Mullane,Iridian,Searfoss,Keanna,Mullane,Kirkland
Mullane,Garett,Searfoss,Keanna,Mullane,Kirkland
Mullane,Jamiya,Searfoss,Keanna,Mullane,Kirkland
Mullane,Amir,Searfoss,Keanna,Mullane,Kirkland
Mullane,Colby,Searfoss,Keanna,Mullane,Kirkland
Mullane,Raphael,Searfoss,Keanna,Mullane,Kirkland
Caldeiro,Tierney,Schweickart,Sharon,Caldeiro,Austyn
Mullane,Reynaldo,Searfoss,Keanna,Mullane,Kirkland
Caldeiro,Sherry,Schweickart,Sharon,Caldeiro,Austyn
Mullane,James,Searfoss,Keanna,Mullane,Kirkland
Caldeiro,Margo,Schweickart,Sharon,Caldeiro,Austyn
Mullane,Kurtis,Searfoss,Keanna,Mullane,Kirkland
Bagian,Susanna,Fillmore,Alesia,Bagian,Jules
Mullane,Jamison,Searfoss,Keanna,Mullane,Kirkland
Bagian,Asia,Fillmore,Alesia,Bagian,Jules
Caldeiro,Quanterriu,Schweickart,Sharon,Caldeiro,Austyn
Bagian,Tonya,Fillmore,Alesia,Bagian,Jules
Caldeiro,Weston,Schweickart,Sharon,Caldeiro,Austyn
Bagian,Johnna,Fillmore,Alesia,Bagian,Jules
Caldeiro,Marlon,Schweickart,Sharon,Caldeiro,Austyn
Bagian,Francis,Fillmore,Alesia,Bagian,Jules
Bagian,Braeden,Fillmore,Alesia,Bagian,Jules
Bagian,Imani,Fillmore,Alesia,Bagian,Jules
Bagian,Isaac,Fillmore,Alesia,Bagian,Jules
Bagian,Mandy,Fillmore,Alesia,Bagian,Jules
Bagian,Abdul,Fillmore,Alesia,Bagian,Jules
Resnik,Judith,Garfield,Marycather,Resnik,Kerrick
Bagian,Jasen,Fillmore,Alesia,Bagian,Jules
Resnik,Sydney,Garfield,Marycather,Resnik,Kerrick
Bagian,Kirkland,Fillmore,Alesia,Bagian,Jules
Resnik,Daniella,Garfield,Marycather,Resnik,Kerrick
Bagian,Mariano,Fillmore,Alesia,Bagian,Jules
Resnik,Imani,Garfield,Marycather,Resnik,Kerrick
Bagian,Treshaun,Fillmore,Alesia,Bagian,Jules
Resnik,Trisha,Garfield,Marycather,Resnik,Kerrick
Bagian,Willie,Fillmore,Alesia,Bagian,Jules
Resnik,Mykelle,Garfield,Marycather,Resnik,Kerrick
Bagian,Carlos,Fillmore,Alesia,Bagian,Jules
Hoover,Juliet,Davis,Tiffanie,Hoover,Rashaun
Bagian,Maliki,Fillmore,Alesia,Bagian,Jules
Hoover,Daniela,Davis,Tiffanie,Hoover,Rashaun
Resnik,Zackery,Garfield,Marycather,Resnik,Kerrick
Hoover,Paola,Davis,Tiffanie,Hoover,Rashaun
Resnik,Jesse,Garfield,Marycather,Resnik,Kerrick
Hoover,Tyra,Davis,Tiffanie,Hoover,Rashaun
Resnik,Cesar,Garfield,Marycather,Resnik,Kerrick
Hoover,Gerardo,Davis,Tiffanie,Hoover,Rashaun
Resnik,Tristian,Garfield,Marycather,Resnik,Kerrick
Hoover,Nicolle,Davis,Tiffanie,Hoover,Rashaun
Resnik,Asa,Garfield,Marycather,Resnik,Kerrick
Hoover,Keira,Davis,Tiffanie,Hoover,Rashaun
Resnik,Cody,Garfield,Marycather,Resnik,Kerrick
Hoover,Elijah,Davis,Tiffanie,Hoover,Rashaun
Resnik,Michal,Garfield,Marycather,Resnik,Kerrick
Hoover,Vanessa,Davis,Tiffanie,Hoover,Rashaun
Resnik,Jair,Garfield,Marycather,Resnik,Kerrick
Hoover,Chelsy,Davis,Tiffanie,Hoover,Rashaun
Hoover,Domonic,Davis,Tiffanie,Hoover,Rashaun
Hoover,Brieanna,Davis,Tiffanie,Hoover,Rashaun
Hoover,Oscar,Davis,Tiffanie,Hoover,Rashaun
Lopez,Cali,Currie,Monet,Lopez,Joey
Hoover,Walter,Davis,Tiffanie,Hoover,Rashaun
Lopez,Mariela,Currie,Monet,Lopez,Joey
Hoover,Rolando,Davis,Tiffanie,Hoover,Rashaun
Lopez,Latosha,Currie,Monet,Lopez,Joey
Hoover,Reynaldo,Davis,Tiffanie,Hoover,Rashaun
Lopez,Carra,Currie,Monet,Lopez,Joey
Hoover,Elliott,Davis,Tiffanie,Hoover,Rashaun
Lopez,Nina,Currie,Monet,Lopez,Joey
Hoover,Davis,Davis,Tiffanie,Hoover,Rashaun
Evans,Lynda,Hammond,Kayleen,Evans,Javon
Lopez,Olivier,Currie,Monet,Lopez,Joey
England,Corinne,Cleave,Helena,England,Edward
Lopez,Ernesto,Currie,Monet,Lopez,Joey
England,Sky,Cleave,Helena,England,Edward
Lopez,Shmuel,Currie,Monet,Lopez,Joey
England,Briana,Cleave,Helena,England,Edward
Lopez,Stephanie,Currie,Monet,Lopez,Joey
England,Amina,Cleave,Helena,England,Edward
Lopez,Lane,Currie,Monet,Lopez,Joey
England,Bernadette,Cleave,Helena,England,Edward
Lopez,Patrick,Currie,Monet,Lopez,Joey
England,Grecia,Cleave,Helena,England,Edward
Lopez,Raul,Currie,Monet,Lopez,Joey
O'Leary,Jenny,Coleman,Caitlynn,O'Leary,Evan
Lopez,Markus,Currie,Monet,Lopez,Joey
O'Leary,Dominique,Coleman,Caitlynn,O'Leary,Evan
Lopez,Noah,Currie,Monet,Lopez,Joey
O'Leary,Kaili,Coleman,Caitlynn,O'Leary,Evan
Lopez,Eric,Currie,Monet,Lopez,Joey
O'Leary,Ida,Coleman,Caitlynn,O'Leary,Evan
Lopez,Titus,Currie,Monet,Lopez,Joey
O'Leary,Tabatha,Coleman,Caitlynn,O'Leary,Evan
Evans,Alfred,Hammond,Kayleen,Evans,Javon
O'Leary,Sinai,Coleman,Caitlynn,O'Leary,Evan
Evans,Domonic,Hammond,Kayleen,Evans,Javon
O'Leary,Unique,Coleman,Caitlynn,O'Leary,Evan
Evans,Reece,Hammond,Kayleen,Evans,Javon
O'Leary,Jean,Coleman,Caitlynn,O'Leary,Evan
Evans,Randy,Hammond,Kayleen,Evans,Javon
O'Leary,Chana,Coleman,Caitlynn,O'Leary,Evan
Evans,Chase,Hammond,Kayleen,Evans,Javon
O'Leary,Kealani,Coleman,Caitlynn,O'Leary,Evan
England,Ignacio,Cleave,Helena,England,Edward
Garriott,Tawny,Franklin,Alexia,Garriott,Domenic
England,Yobani,Cleave,Helena,England,Edward
Garriott,Heidi,Franklin,Alexia,Garriott,Domenic
England,Leland,Cleave,Helena,England,Edward
Garriott,Carolina,Franklin,Alexia,Garriott,Domenic
England,Lloyd,Cleave,Helena,England,Edward
Garriott,Lindsey,Franklin,Alexia,Garriott,Domenic
England,Brenton,Cleave,Helena,England,Edward
Garriott,Shanna,Franklin,Alexia,Garriott,Domenic
England,Brannon,Cleave,Helena,England,Edward
Garriott,Ciera,Franklin,Alexia,Garriott,Domenic
England,Davon,Cleave,Helena,England,Edward
Garriott,Georgina,Franklin,Alexia,Garriott,Domenic
O'Leary,Jaylen,Coleman,Caitlynn,O'Leary,Evan
Garriott,Malia,Franklin,Alexia,Garriott,Domenic
O'Leary,Joe,Coleman,Caitlynn,O'Leary,Evan
Readdy,Aerial,Bloomfield,Fabiola,Readdy,Clinton
O'Leary,Blaine,Coleman,Caitlynn,O'Leary,Evan
Readdy,Giuliana,Bloomfield,Fabiola,Readdy,Clinton
O'Leary,Deante,Coleman,Caitlynn,O'Leary,Evan
Readdy,Haiden,Bloomfield,Fabiola,Readdy,Clinton
O'Leary,Francisco,Coleman,Caitlynn,O'Leary,Evan
Readdy,Liz,Bloomfield,Fabiola,Readdy,Clinton
O'Leary,Johnathan,Coleman,Caitlynn,O'Leary,Evan
Readdy,Julianna,Bloomfield,Fabiola,Readdy,Clinton
O'Leary,Hunter,Coleman,Caitlynn,O'Leary,Evan
Readdy,Kaylin,Bloomfield,Fabiola,Readdy,Clinton
O'Leary,Rolando,Coleman,Caitlynn,O'Leary,Evan
Readdy,Deyaneira,Bloomfield,Fabiola,Readdy,Clinton
O'Leary,Gregory,Coleman,Caitlynn,O'Leary,Evan
Graveline,Dianne,Bloomfield,Brandy,Graveline,Ravon
Garriott,Tyquan,Franklin,Alexia,Garriott,Domenic
Graveline,Alex,Bloomfield,Brandy,Graveline,Ravon
Garriott,Deondre,Franklin,Alexia,Garriott,Domenic
Graveline,Anjelica,Bloomfield,Brandy,Graveline,Ravon
Readdy,Thaddeus,Bloomfield,Fabiola,Readdy,Clinton
Bloomfield,Karla,Gordon,Montana,Bloomfield,Luke
Readdy,Simon,Bloomfield,Fabiola,Readdy,Clinton
Bloomfield,Aylssa,Gordon,Montana,Bloomfield,Luke
Readdy,Harry,Bloomfield,Fabiola,Readdy,Clinton
Bloomfield,Paxton,Gordon,Montana,Bloomfield,Luke
Readdy,Jabari,Bloomfield,Fabiola,Readdy,Clinton
Bloomfield,Silvia,Gordon,Montana,Bloomfield,Luke
Graveline,Malik,Bloomfield,Brandy,Graveline,Ravon
Bloomfield,Annalie,Gordon,Montana,Bloomfield,Luke
Bloomfield,Angel,Gordon,Montana,Bloomfield,Luke
Bloomfield,Jenniffer,Gordon,Montana,Bloomfield,Luke
Bloomfield,Campbell,Gordon,Montana,Bloomfield,Luke
Bloomfield,Dallas,Gordon,Rayven,Bloomfield,Drake
Bloomfield,Peyton,Gordon,Montana,Bloomfield,Luke
Bloomfield,Zahra,Gordon,Rayven,Bloomfield,Drake
Bloomfield,Travis,Gordon,Montana,Bloomfield,Luke
Bloomfield,Katharine,Gordon,Rayven,Bloomfield,Drake
Bloomfield,Wanya,Gordon,Rayven,Bloomfield,Drake
Bloomfield,Sandy,Gordon,Rayven,Bloomfield,Drake
Bloomfield,Ayub,Gordon,Rayven,Bloomfield,Drake
Bloomfield,Joy,Gordon,Rayven,Bloomfield,Drake
Bloomfield,Deante,Gordon,Rayven,Bloomfield,Drake
Bloomfield,Camille,Gordon,Rayven,Bloomfield,Drake
Bloomfield,Raequan,Gordon,Rayven,Bloomfield,Drake
Bloomfield,Mollie,Gordon,Rayven,Bloomfield,Drake
Bloomfield,Harry,Gordon,Rayven,Bloomfield,Drake
Bloomfield,Marjorie,Gordon,Rayven,Bloomfield,Drake
Bloomfield,Brannon,Gordon,Rayven,Bloomfield,Drake
Bloomfield,Savana,Gordon,Rayven,Bloomfield,Drake
Bloomfield,Darrin,Gordon,Rayven,Bloomfield,Drake
Bloomfield,Makaila,Gordon,Rayven,Bloomfield,Drake
Bloomfield,Morgan,Gordon,Rayven,Bloomfield,Drake
Bloomfield,Jordan,Gordon,Rayven,Bloomfield,Drake
Bloomfield,Wayne,Gordon,Jeanna,Bloomfield,Jonathon
Bloomfield,Leeann,Gordon,Rayven,Bloomfield,Drake
Bloomfield,Kelton,Gordon,Jeanna,Bloomfield,Jonathon
Bloomfield,Paula,Gordon,Jeanna,Bloomfield,Jonathon
Bloomfield,Rashad,Gordon,Jeanna,Bloomfield,Jonathon
Bloomfield,Noelle,Gordon,Jeanna,Bloomfield,Jonathon
Bloomfield,Fredy,Gordon,Jeanna,Bloomfield,Jonathon
Bloomfield,Tayla,Gordon,Jeanna,Bloomfield,Jonathon
Bloomfield,Luciano,Gordon,Jeanna,Bloomfield,Jonathon
Bloomfield,Holli,Gordon,Jeanna,Bloomfield,Jonathon
Bloomfield,Kevin,Gordon,Jeanna,Bloomfield,Jonathon
Bloomfield,Jessica,Gordon,Jeanna,Bloomfield,Jonathon
Bloomfield,Josiah,Gordon,Jeanna,Bloomfield,Jonathon
Bloomfield,Sylvia,Gordon,Jeanna,Bloomfield,Jonathon
Bloomfield,Wilfredo,Gordon,Jeanna,Bloomfield,Jonathon
Bloomfield,Jackie,Gordon,Jeanna,Bloomfield,Jonathon
Bloomfield,Tristan,Gordon,Carolina,Bloomfield,Bradly
Bloomfield,Alessandra,Gordon,Jeanna,Bloomfield,Jonathon
Bloomfield,Taylor,Gordon,Carolina,Bloomfield,Bradly
Bloomfield,Karlie,Gordon,Jeanna,Bloomfield,Jonathon
Bloomfield,Olivier,Gordon,Carolina,Bloomfield,Bradly
Bloomfield,Janice,Gordon,Jeanna,Bloomfield,Jonathon
Bloomfield,Griffin,Gordon,Carolina,Bloomfield,Bradly
Bloomfield,Lizbeth,Gordon,Carolina,Bloomfield,Bradly
Bloomfield,Jorge,Gordon,Carolina,Bloomfield,Bradly
Bloomfield,Mallory,Gordon,Carolina,Bloomfield,Bradly
Bloomfield,Nico,Gordon,Carolina,Bloomfield,Bradly
Bloomfield,Julianna,Gordon,Carolina,Bloomfield,Bradly
Bloomfield,Ray,Gordon,Carolina,Bloomfield,Bradly
Bloomfield,Samara,Gordon,Carolina,Bloomfield,Bradly
Bloomfield,Brenden,Gordon,Carolina,Bloomfield,Bradly
Bloomfield,Emma,Gordon,Carolina,Bloomfield,Bradly
Bloomfield,Kayvon,Gordon,Carolina,Bloomfield,Bradly
Bloomfield,Caroline,Gordon,Carolina,Bloomfield,Bradly
Bloomfield,Westley,Gordon,Carolina,Bloomfield,Bradly
Bloomfield,Christine,Gordon,Carolina,Bloomfield,Bradly
Bloomfield,Tomas,Gordon,Carolina,Bloomfield,Bradly
Bloomfield,Liza,Gordon,Carolina,Bloomfield,Bradly
Bloomfield,Noe,Gordon,Carolina,Bloomfield,Bradly
Gordon,Ciera,Bloomfield,Mikayla,Gordon,Stefan
Gordon,Kelson,Bloomfield,Mikayla,Gordon,Stefan
Gordon,Kirstin,Bloomfield,Mikayla,Gordon,Stefan
Gordon,Kegan,Bloomfield,Mikayla,Gordon,Stefan
Gordon,Helen,Bloomfield,Mikayla,Gordon,Stefan
Gordon,Dayton,Bloomfield,Mikayla,Gordon,Stefan
Gordon,Rani,Bloomfield,Mikayla,Gordon,Stefan
Gordon,Shayne,Bloomfield,Scarlett,Gordon,Salvador
Gordon,Mahogany,Bloomfield,Mikayla,Gordon,Stefan
Gordon,Jawaun,Bloomfield,Scarlett,Gordon,Salvador
Gordon,Terri,Bloomfield,Mikayla,Gordon,Stefan
Gordon,Ali,Bloomfield,Scarlett,Gordon,Salvador
Gordon,Katherine,Bloomfield,Mikayla,Gordon,Stefan
Gordon,Coleman,Bloomfield,Scarlett,Gordon,Salvador
Gordon,Anamarie,Bloomfield,Mikayla,Gordon,Stefan
Gordon,Greyson,Bloomfield,Scarlett,Gordon,Salvador
Gordon,Katheryn,Bloomfield,Mikayla,Gordon,Stefan
Gordon,Reece,Bloomfield,Scarlett,Gordon,Salvador
Gordon,Kiesha,Bloomfield,Clara,Gordon,Freddy
Gordon,Mateo,Bloomfield,Heidy,Gordon,Khalid
Gordon,Gabriele,Bloomfield,Clara,Gordon,Freddy
Gordon,Alfredo,Bloomfield,Heidy,Gordon,Khalid
Gordon,Elisabeth,Bloomfield,Clara,Gordon,Freddy
Gordon,Milton,Bloomfield,Heidy,Gordon,Khalid
Gordon,Tiyanna,Bloomfield,Clara,Gordon,Freddy
Gordon,Preston,Bloomfield,Heidy,Gordon,Khalid
Gordon,Bryanna,Bloomfield,Clara,Gordon,Freddy
Gordon,Marquis,Bloomfield,Heidy,Gordon,Khalid
Gordon,Charlene,Bloomfield,Clara,Gordon,Freddy
Gordon,Martin,Bloomfield,Heidy,Gordon,Khalid
Gordon,Leandra,Bloomfield,Heidy,Gordon,Khalid
Gordon,Cristobal,Bloomfield,Heidy,Gordon,Khalid
Gordon,Aerial,Bloomfield,Heidy,Gordon,Khalid
Gordon,Edgardo,Bloomfield,Heidy,Gordon,Khalid
Gordon,Katlyn,Bloomfield,Heidy,Gordon,Khalid
Gordon,Tavon,Bloomfield,Heidy,Gordon,Khalid
Gordon,Marianna,Bloomfield,Heidy,Gordon,Khalid
Gordon,Israel,Bloomfield,Heidy,Gordon,Khalid
Gordon,Justine,Bloomfield,Heidy,Gordon,Khalid
Gordon,Ramon,Bloomfield,Cristina,Gordon,Terron
Gordon,Xandria,Bloomfield,Heidy,Gordon,Khalid
Gordon,Jarred,Bloomfield,Cristina,Gordon,Terron
Gordon,Reilly,Bloomfield,Heidy,Gordon,Khalid
Gordon,Gerald,Bloomfield,Cristina,Gordon,Terron
Gordon,Felicia,Bloomfield,Heidy,Gordon,Khalid
Gordon,Ross,Bloomfield,Cristina,Gordon,Terron
Gordon,Chardonnay,Bloomfield,Heidy,Gordon,Khalid
Gordon,Jake,Bloomfield,Cristina,Gordon,Terron
Gordon,Danielle,Bloomfield,Cristina,Gordon,Terron
Gordon,Devante,Bloomfield,Cristina,Gordon,Terron
Gordon,Jaden,Bloomfield,Cristina,Gordon,Terron
Gordon,Dakota,Bloomfield,Cristina,Gordon,Terron
Whitson,Jessica,Bloomfield,Karli,Whitson,Bryson
Gordon,Kristian,Bloomfield,Cristina,Gordon,Terron
Whitson,Dominique,Bloomfield,Karli,Whitson,Bryson
Whitson,Jajuan,Bloomfield,Karli,Whitson,Bryson
Whitson,Jena,Bloomfield,Karli,Whitson,Bryson
Whitson,Rolando,Bloomfield,Karli,Whitson,Bryson
Whitson,Joleen,Bloomfield,Karli,Whitson,Bryson
Whitson,Brice,Bloomfield,Karli,Whitson,Bryson
Whitson,Victoria,Bloomfield,Karli,Whitson,Bryson
Whitson,Mark,Bloomfield,Karli,Whitson,Bryson
Whitson,Shari,Bloomfield,Karli,Whitson,Bryson
Whitson,Quinton,Bloomfield,Karli,Whitson,Bryson
Whitson,Kayland,Bloomfield,Karli,Whitson,Bryson
Whitson,Jeremy,Bloomfield,Karli,Whitson,Bryson
Whitson,Kiersten,Bloomfield,Karli,Whitson,Bryson
Whitson,Kaleb,Bloomfield,Karli,Whitson,Bryson
Whitson,Nichole,Bloomfield,Karli,Whitson,Bryson
Whitson,Jarred,Bloomfield,Karli,Whitson,Bryson
Whitson,Ruby,Bloomfield,Colby,Whitson,Deonta
Whitson,Darrin,Bloomfield,Karli,Whitson,Bryson
Whitson,Alyssa,Bloomfield,Colby,Whitson,Deonta
Whitson,Michal,Bloomfield,Karli,Whitson,Bryson
Whitson,Ali,Bloomfield,Colby,Whitson,Deonta
Whitson,Eugene,Bloomfield,Karli,Whitson,Bryson
Whitson,Estefani,Bloomfield,Sara,Whitson,Javier
Whitson,Salvador,Bloomfield,Colby,Whitson,Deonta
Whitson,Gabriella,Bloomfield,Sara,Whitson,Javier
Whitson,Abraham,Bloomfield,Colby,Whitson,Deonta
Whitson,Symone,Bloomfield,Sara,Whitson,Javier
Whitson,Deanthony,Bloomfield,Colby,Whitson,Deonta
Whitson,Kaela,Bloomfield,Sara,Whitson,Javier
Whitson,Joan,Bloomfield,Colby,Whitson,Deonta
Whitson,Genesis,Bloomfield,Sara,Whitson,Javier
Whitson,Duncan,Bloomfield,Colby,Whitson,Deonta
Whitson,Rochelle,Barry,Laurel,Whitson,Damon
Whitson,Rory,Bloomfield,Sara,Whitson,Javier
Whitson,Peyton,Barry,Laurel,Whitson,Damon
Whitson,Ray,Bloomfield,Sara,Whitson,Javier
Whitson,Brielle,Barry,Laurel,Whitson,Damon
Whitson,Braydon,Bloomfield,Sara,Whitson,Javier
Whitson,Rachelle,Barry,Laurel,Whitson,Damon
Whitson,Donte,Bloomfield,Sara,Whitson,Javier
Whitson,Lenora,Barry,Laurel,Whitson,Damon
Whitson,Fred,Bloomfield,Sara,Whitson,Javier
Whitson,Sofia,Barry,Laurel,Whitson,Damon
Whitson,Anders,Bloomfield,Sara,Whitson,Javier
Whitson,Aylssa,Barry,Laurel,Whitson,Damon
Whitson,Jacky,Barry,Laurel,Whitson,Damon
Whitson,Kenyetta,Barry,Laurel,Whitson,Damon
Whitson,Scott,Barry,Laurel,Whitson,Damon
Whitson,Elida,Barry,Laurel,Whitson,Damon
Whitson,Stephen,Barry,Laurel,Whitson,Damon
Whitson,Clarissa,Barry,Laurel,Whitson,Damon
Whitson,Yair,Barry,Laurel,Whitson,Damon
Whitson,Imani,Barry,Laurel,Whitson,Damon
Whitson,Darryl,Barry,Laurel,Whitson,Damon
Barry,Cherokee,Whitson,Mandy,Barry,Mitchell
Whitson,Payton,Barry,Laurel,Whitson,Damon
Barry,Margaret,Whitson,Mandy,Barry,Mitchell
Barry,Jaylin,Whitson,Mandy,Barry,Mitchell
Barry,Maison,Whitson,Mandy,Barry,Mitchell
Barry,Griffin,Whitson,Mandy,Barry,Mitchell
Barry,Deisy,Whitson,Mandy,Barry,Mitchell
Barry,Bobby,Whitson,Mandy,Barry,Mitchell
Barry,Baily,Whitson,Mandy,Barry,Mitchell
Barry,Sammie,Whitson,Mandy,Barry,Mitchell
Barry,Kaylie,Whitson,Mandy,Barry,Mitchell
Barry,Elvin,Whitson,Mandy,Barry,Mitchell
Barry,Angela,Whitson,Mandy,Barry,Mitchell
Barry,Darien,Mullane,Dulce,Barry,Antoine
Barry,Shirley,Whitson,Mandy,Barry,Mitchell
Barry,Rowan,Mullane,Dulce,Barry,Antoine
Barry,Lesli,Mullane,Dulce,Barry,Antoine
Barry,Ariel,Mullane,Khaliah,Barry,Zaquan
Barry,Juanita,Mullane,Dulce,Barry,Antoine
Barry,Nour,Mullane,Khaliah,Barry,Zaquan
Barry,Shaniah,Mullane,Dulce,Barry,Antoine
Barry,Lee,Mullane,Khaliah,Barry,Zaquan
Barry,Loren,Mullane,Dulce,Barry,Antoine
Barry,Wilson,Mullane,Khaliah,Barry,Zaquan
Barry,Ella,Mullane,Dulce,Barry,Antoine
Barry,Johnny,Mullane,Khaliah,Barry,Zaquan
Barry,Kacie,Mullane,Dulce,Barry,Antoine
Barry,Ignacio,Mullane,Khaliah,Barry,Zaquan
Barry,Shuntara,Mullane,Dulce,Barry,Antoine
Barry,Devan,Mullane,Khaliah,Barry,Zaquan
Barry,Tara,Mullane,Khaliah,Barry,Zaquan
Barry,Benny,Mullane,Khaliah,Barry,Zaquan
Barry,Erica,Mullane,Khaliah,Barry,Zaquan
Barry,Neal,Mullane,Khaliah,Barry,Zaquan
Barry,Mariam,Mullane,Khaliah,Barry,Zaquan
Barry,Angelo,Mullane,Khaliah,Barry,Zaquan
Barry,Gretchen,Mullane,Khaliah,Barry,Zaquan
Barry,Brennon,Mullane,Khaliah,Barry,Zaquan
Barry,Shane,Mullane,Khaliah,Barry,Zaquan
Barry,Christen,Mullane,Kerry,Barry,Javon
Barry,Keishla,Mullane,Khaliah,Barry,Zaquan
Barry,Alberto,Mullane,Kerry,Barry,Javon
Barry,Maura,Mullane,Khaliah,Barry,Zaquan
Barry,Rashad,Mullane,Kerry,Barry,Javon
Barry,Trinity,Mullane,Khaliah,Barry,Zaquan
Barry,Jarrett,Mullane,Kerry,Barry,Javon
Barry,Brenda,Mullane,Khaliah,Barry,Zaquan
Barry,Seth,Mullane,Kerry,Barry,Javon
Barry,Kayleigh,Mullane,Kerry,Barry,Javon
Barry,Nicholaus,Mullane,Kerry,Barry,Javon
Barry,Isis,Mullane,Kerry,Barry,Javon
Barry,Desmond,Mullane,Kerry,Barry,Javon
Barry,Shaye,Mullane,Kerry,Barry,Javon
Barry,Ruben,Mullane,Fatima,Barry,Ravon
Barry,Desteny,Mullane,Kerry,Barry,Javon
Barry,Jan,Mullane,Fatima,Barry,Ravon
Barry,Katlyn,Mullane,Kerry,Barry,Javon
Barry,Trevin,Mullane,Fatima,Barry,Ravon
Barry,Felisha,Mullane,Kerry,Barry,Javon
Mullane,Joey,Barry,Patrice,Mullane,Henry
Barry,Kiersten,Mullane,Kerry,Barry,Javon
Mullane,Fabian,Barry,Patrice,Mullane,Henry
Barry,Violet,Mullane,Kerry,Barry,Javon
Mullane,Keanu,Barry,Patrice,Mullane,Henry
Barry,Ellie,Mullane,Kerry,Barry,Javon
Mullane,Erin,Barry,Linsey,Mullane,Brandon
Barry,Liana,Mullane,Kerry,Barry,Javon
Mullane,Victor,Barry,Linsey,Mullane,Brandon
Barry,Maureen,Mullane,Fatima,Barry,Ravon
Mullane,Maverick,Barry,Linsey,Mullane,Brandon
Barry,Tiffanie,Mullane,Fatima,Barry,Ravon
Mullane,Tom,Barry,Linsey,Mullane,Brandon
Barry,Kate,Mullane,Fatima,Barry,Ravon
Mullane,Salvatore,Barry,Linsey,Mullane,Brandon
Mullane,Celeste,Barry,Patrice,Mullane,Henry
Mullane,Campbell,Barry,Linsey,Mullane,Brandon
Mullane,Anahi,Barry,Patrice,Mullane,Henry
Mullane,Parker,Barry,Linsey,Mullane,Brandon
Mullane,Maison,Barry,Linsey,Mullane,Brandon
Mullane,Landin,Caldeiro,Tierney,Mullane,Daxton
Mullane,Eryn,Barry,Linsey,Mullane,Brandon
Mullane,Ryan,Caldeiro,Tierney,Mullane,Daxton
Mullane,Jailene,Barry,Linsey,Mullane,Brandon
Mullane,Kelton,Caldeiro,Tierney,Mullane,Daxton
Mullane,Sheri,Barry,Linsey,Mullane,Brandon
Mullane,Lucas,Caldeiro,Tierney,Mullane,Daxton
Mullane,Sean,Barry,Linsey,Mullane,Brandon
Mullane,Andres,Caldeiro,Tierney,Mullane,Daxton
Mullane,Allana,Barry,Linsey,Mullane,Brandon
Mullane,Edwin,Caldeiro,Tierney,Mullane,Daxton
Mullane,Giovanna,Barry,Linsey,Mullane,Brandon
Mullane,Bernardo,Caldeiro,Tierney,Mullane,Daxton
Mullane,Hana,Barry,Linsey,Mullane,Brandon
Mullane,Stephen,Caldeiro,Tierney,Mullane,Daxton
Mullane,Yolanda,Barry,Linsey,Mullane,Brandon
Mullane,Abraham,Caldeiro,Tierney,Mullane,Daxton
Mullane,Suzanne,Barry,Linsey,Mullane,Brandon
Mullane,Jaleel,Caldeiro,Tierney,Mullane,Daxton
Mullane,Molly,Caldeiro,Tierney,Mullane,Daxton
Mullane,Mike,Caldeiro,Tierney,Mullane,Daxton
Mullane,Shakia,Caldeiro,Tierney,Mullane,Daxton
Mullane,Gunnar,Caldeiro,Sherry,Mullane,Alek
Mullane,Leigh,Caldeiro,Tierney,Mullane,Daxton
Mullane,Coleman,Caldeiro,Margo,Mullane,Garett
Mullane,Kristian,Caldeiro,Tierney,Mullane,Daxton
Mullane,Deanthony,Caldeiro,Margo,Mullane,Garett
Mullane,Frances,Caldeiro,Tierney,Mullane,Daxton
Mullane,Fredy,Caldeiro,Margo,Mullane,Garett
Mullane,Eleni,Caldeiro,Tierney,Mullane,Daxton
Mullane,Clifford,Caldeiro,Margo,Mullane,Garett
Mullane,Jayla,Caldeiro,Sherry,Mullane,Alek
Mullane,Allan,Bagian,Susanna,Mullane,Amir
Mullane,Rebekah,Caldeiro,Sherry,Mullane,Alek
Mullane,Dominique,Bagian,Susanna,Mullane,Amir
Mullane,Mariangeli,Caldeiro,Sherry,Mullane,Alek
Mullane,Gordon,Bagian,Susanna,Mullane,Amir
Mullane,Keiarra,Caldeiro,Sherry,Mullane,Alek
Mullane,Javier,Bagian,Asia,Mullane,Raphael
Mullane,Tierney,Caldeiro,Margo,Mullane,Garett
Mullane,Nick,Bagian,Asia,Mullane,Raphael
Mullane,Harley,Caldeiro,Margo,Mullane,Garett
Mullane,Donte,Bagian,Asia,Mullane,Raphael
Mullane,Heaven,Caldeiro,Margo,Mullane,Garett
Mullane,Malik,Bagian,Tonya,Mullane,Reynaldo
Mullane,Alisa,Caldeiro,Margo,Mullane,Garett
Mullane,Noel,Bagian,Tonya,Mullane,Reynaldo
Mullane,Carlye,Caldeiro,Margo,Mullane,Garett
Mullane,Benjamen,Bagian,Tonya,Mullane,Reynaldo
Mullane,Margo,Caldeiro,Margo,Mullane,Garett
Mullane,Nestor,Bagian,Johnna,Mullane,James
Mullane,Katarina,Bagian,Susanna,Mullane,Amir
Mullane,Barry,Bagian,Johnna,Mullane,James
Mullane,Maegen,Bagian,Susanna,Mullane,Amir
Mullane,Taquan,Bagian,Johnna,Mullane,James
Mullane,Amari,Bagian,Susanna,Mullane,Amir
Mullane,Arjun,Bagian,Johnna,Mullane,James
Mullane,Macy,Bagian,Asia,Mullane,Raphael
Mullane,Shareef,Bagian,Johnna,Mullane,James
Mullane,Keosha,Bagian,Asia,Mullane,Raphael
Mullane,Shan,Bagian,Johnna,Mullane,James
Mullane,Aimee,Bagian,Asia,Mullane,Raphael
Mullane,Calib,Bagian,Johnna,Mullane,James
Mullane,Alexis,Bagian,Tonya,Mullane,Reynaldo
Mullane,Wayne,Bagian,Johnna,Mullane,James
Mullane,Darby,Bagian,Tonya,Mullane,Reynaldo
Mullane,Kayvon,Bagian,Johnna,Mullane,James
Mullane,Geneva,Bagian,Tonya,Mullane,Reynaldo
Mullane,Daryl,Bagian,Francis,Mullane,Kurtis
Mullane,Maureen,Bagian,Johnna,Mullane,James
Mullane,Willie,Bagian,Francis,Mullane,Kurtis
Mullane,Martha,Bagian,Johnna,Mullane,James
Mullane,Jonah,Bagian,Francis,Mullane,Kurtis
Mullane,Ashly,Bagian,Johnna,Mullane,James
Mullane,Romeo,Bagian,Imani,Mullane,Jamison
Mullane,Cierra,Bagian,Johnna,Mullane,James
Mullane,Diondre,Bagian,Imani,Mullane,Jamison
Mullane,Talia,Bagian,Johnna,Mullane,James
Mullane,Rex,Bagian,Imani,Mullane,Jamison
Mullane,Emely,Bagian,Johnna,Mullane,James
Mullane,Jacques,Bagian,Imani,Mullane,Jamison
Mullane,Jada,Bagian,Francis,Mullane,Kurtis
Mullane,Scott,Bagian,Imani,Mullane,Jamison
Mullane,Krystle,Bagian,Imani,Mullane,Jamison
Mullane,Rand,Bagian,Imani,Mullane,Jamison
Mullane,Nathalie,Bagian,Imani,Mullane,Jamison
Mullane,Bretton,Bagian,Imani,Mullane,Jamison
Mullane,Tonya,Bagian,Imani,Mullane,Jamison
Mullane,Rowan,Bagian,Imani,Mullane,Jamison
Mullane,Jordan,Bagian,Imani,Mullane,Jamison
Caldeiro,Clay,Mullane,Micayla,Caldeiro,Quanterriu
Mullane,Christy,Bagian,Imani,Mullane,Jamison
Caldeiro,Tracy,Mullane,Micayla,Caldeiro,Quanterriu
Mullane,Natasha,Bagian,Imani,Mullane,Jamison
Caldeiro,Angel,Mullane,Micayla,Caldeiro,Quanterriu
Mullane,Katelyn,Bagian,Imani,Mullane,Jamison
Caldeiro,Asa,Mullane,Micayla,Caldeiro,Quanterriu
Caldeiro,Jessica,Mullane,Micayla,Caldeiro,Quanterriu
Caldeiro,Tristan,Mullane,Micayla,Caldeiro,Quanterriu
Caldeiro,Shenelly,Mullane,Iridian,Caldeiro,Weston
Caldeiro,Brice,Mullane,Micayla,Caldeiro,Quanterriu
Caldeiro,Kallee,Mullane,Iridian,Caldeiro,Weston
Caldeiro,Jai,Mullane,Iridian,Caldeiro,Weston
Caldeiro,Mallory,Mullane,Iridian,Caldeiro,Weston
Caldeiro,Quintin,Mullane,Iridian,Caldeiro,Weston
Caldeiro,Mari,Mullane,Iridian,Caldeiro,Weston
Caldeiro,Sedrick,Mullane,Iridian,Caldeiro,Weston
Caldeiro,Kayle,Mullane,Jamiya,Caldeiro,Marlon
Caldeiro,Stewart,Mullane,Jamiya,Caldeiro,Marlon
Caldeiro,Marianna,Mullane,Jamiya,Caldeiro,Marlon
Caldeiro,Michel,Mullane,Jamiya,Caldeiro,Marlon
Bagian,Susana,Mullane,Colby,Bagian,Braeden
Caldeiro,Braeden,Mullane,Jamiya,Caldeiro,Marlon
Bagian,Logan,Mullane,Colby,Bagian,Braeden
Caldeiro,Deontae,Mullane,Jamiya,Caldeiro,Marlon
Bagian,Kenna,Resnik,Judith,Bagian,Isaac
Bagian,Lamar,Mullane,Colby,Bagian,Braeden
Bagian,Brionna,Resnik,Judith,Bagian,Isaac
Bagian,Quentin,Mullane,Colby,Bagian,Braeden
Bagian,Isabella,Resnik,Judith,Bagian,Isaac
Bagian,Hayes,Mullane,Colby,Bagian,Braeden
Bagian,Shaina,Resnik,Judith,Bagian,Isaac
Bagian,Samson,Mullane,Colby,Bagian,Braeden
Bagian,Mariam,Resnik,Judith,Bagian,Isaac
Bagian,Ulysses,Mullane,Colby,Bagian,Braeden
Bagian,Breanne,Resnik,Judith,Bagian,Isaac
Bagian,Patric,Mullane,Colby,Bagian,Braeden
Bagian,Julissa,Resnik,Judith,Bagian,Isaac
Bagian,Randall,Mullane,Colby,Bagian,Braeden
Bagian,Karley,Resnik,Judith,Bagian,Isaac
Bagian,Oscar,Mullane,Colby,Bagian,Braeden
Bagian,Clare,Resnik,Sydney,Bagian,Abdul
Bagian,Brendon,Mullane,Colby,Bagian,Braeden
Bagian,Cara,Resnik,Sydney,Bagian,Abdul
Bagian,Dana,Mullane,Colby,Bagian,Braeden
Bagian,Kaira,Resnik,Sydney,Bagian,Abdul
Bagian,Shawn,Mullane,Colby,Bagian,Braeden
Bagian,Kendyl,Resnik,Daniella,Bagian,Jasen
Bagian,Amir,Mullane,Colby,Bagian,Braeden
Bagian,Makenna,Resnik,Daniella,Bagian,Jasen
Bagian,Jacky,Mullane,Colby,Bagian,Braeden
Bagian,Anamaria,Resnik,Daniella,Bagian,Jasen
Bagian,Paris,Resnik,Judith,Bagian,Isaac
Bagian,Kacey,Resnik,Daniella,Bagian,Jasen
Bagian,Kasey,Resnik,Judith,Bagian,Isaac
Bagian,Marina,Resnik,Daniella,Bagian,Jasen
Bagian,Dalton,Resnik,Judith,Bagian,Isaac
Bagian,Desaree,Resnik,Daniella,Bagian,Jasen
Bagian,Destin,Resnik,Judith,Bagian,Isaac
Bagian,Iris,Resnik,Imani,Bagian,Kirkland
Bagian,Donovan,Resnik,Judith,Bagian,Isaac
Bagian,Christina,Resnik,Imani,Bagian,Kirkland
Bagian,Richie,Resnik,Judith,Bagian,Isaac
Bagian,Mikaela,Resnik,Imani,Bagian,Kirkland
Bagian,Cameron,Resnik,Judith,Bagian,Isaac
Bagian,Brianne,Resnik,Imani,Bagian,Kirkland
Bagian,Keion,Resnik,Judith,Bagian,Isaac
Bagian,Danae,Resnik,Imani,Bagian,Kirkland
Bagian,Nigel,Resnik,Judith,Bagian,Isaac
Bagian,Teagan,Resnik,Imani,Bagian,Kirkland
Bagian,Ivan,Resnik,Judith,Bagian,Isaac
Bagian,Rowan,Resnik,Imani,Bagian,Kirkland
Bagian,Romello,Resnik,Sydney,Bagian,Abdul
Bagian,Sarafina,Resnik,Imani,Bagian,Kirkland
Bagian,Aleksandr,Resnik,Sydney,Bagian,Abdul
Bagian,Mariela,Resnik,Imani,Bagian,Kirkland
Bagian,Cecil,Resnik,Sydney,Bagian,Abdul
Bagian,Claire,Resnik,Trisha,Bagian,Mariano
Bagian,Alfredo,Resnik,Sydney,Bagian,Abdul
Bagian,Zahra,Resnik,Trisha,Bagian,Mariano
Bagian,Sean,Resnik,Sydney,Bagian,Abdul
Bagian,Paloma,Resnik,Trisha,Bagian,Mariano
Bagian,Angel,Resnik,Sydney,Bagian,Abdul
Bagian,Jenae,Resnik,Trisha,Bagian,Mariano
Bagian,Dylon,Resnik,Sydney,Bagian,Abdul
Bagian,Carmen,Resnik,Mykelle,Bagian,Treshaun
Bagian,Andreas,Resnik,Sydney,Bagian,Abdul
Bagian,Halie,Resnik,Mykelle,Bagian,Treshaun
Bagian,Jacori,Resnik,Sydney,Bagian,Abdul
Bagian,Macy,Resnik,Mykelle,Bagian,Treshaun
Bagian,Rahim,Resnik,Daniella,Bagian,Jasen
Bagian,Mary,Hoover,Juliet,Bagian,Willie
Bagian,Lane,Resnik,Daniella,Bagian,Jasen
Bagian,Sadie,Hoover,Juliet,Bagian,Willie
Bagian,Gunner,Resnik,Daniella,Bagian,Jasen
Bagian,Saige,Hoover,Juliet,Bagian,Willie
Bagian,Chaz,Resnik,Imani,Bagian,Kirkland
Bagian,Amy,Hoover,Juliet,Bagian,Willie
Bagian,Demonte,Resnik,Imani,Bagian,Kirkland
Bagian,Maddison,Hoover,Juliet,Bagian,Willie
Bagian,Deante,Resnik,Imani,Bagian,Kirkland
Bagian,Jackie,Hoover,Juliet,Bagian,Willie
Bagian,Bjorn,Resnik,Imani,Bagian,Kirkland
Bagian,Lyric,Hoover,Juliet,Bagian,Willie
Bagian,Rigoberto,Resnik,Imani,Bagian,Kirkland
Bagian,Norma,Hoover,Juliet,Bagian,Willie
Bagian,Tobias,Resnik,Imani,Bagian,Kirkland
Bagian,Aaliyah,Hoover,Daniela,Bagian,Carlos
Bagian,Danny,Resnik,Imani,Bagian,Kirkland
Bagian,Jabria,Hoover,Daniela,Bagian,Carlos
Bagian,Javon,Resnik,Imani,Bagian,Kirkland
Bagian,Tatyana,Hoover,Daniela,Bagian,Carlos
Bagian,Emmett,Resnik,Imani,Bagian,Kirkland
Bagian,Karah,Hoover,Daniela,Bagian,Carlos
Bagian,Dantae,Resnik,Trisha,Bagian,Mariano
Bagian,Kelley,Hoover,Paola,Bagian,Maliki
Bagian,Westley,Resnik,Trisha,Bagian,Mariano
Bagian,Savannah,Hoover,Paola,Bagian,Maliki
Bagian,Kapil,Resnik,Trisha,Bagian,Mariano
Bagian,Kaylea,Hoover,Paola,Bagian,Maliki
Bagian,Terence,Resnik,Trisha,Bagian,Mariano
Bagian,Katheryn,Hoover,Paola,Bagian,Maliki
Bagian,Landen,Resnik,Mykelle,Bagian,Treshaun
Bagian,Adrienne,Hoover,Paola,Bagian,Maliki
Bagian,Lauren,Resnik,Mykelle,Bagian,Treshaun
Bagian,Courteney,Hoover,Paola,Bagian,Maliki
Bagian,Leo,Resnik,Mykelle,Bagian,Treshaun
Bagian,Gabriele,Hoover,Paola,Bagian,Maliki
Bagian,Benito,Resnik,Mykelle,Bagian,Treshaun
Bagian,Ashleigh,Hoover,Paola,Bagian,Maliki
Bagian,Moshe,Resnik,Mykelle,Bagian,Treshaun
Bagian,Adrianne,Hoover,Paola,Bagian,Maliki
Bagian,Glenn,Hoover,Juliet,Bagian,Willie
Bagian,Bianca,Hoover,Paola,Bagian,Maliki
Bagian,Rodney,Hoover,Juliet,Bagian,Willie
Resnik,Ciera,Hoover,Tyra,Resnik,Jesse
Bagian,Cody,Hoover,Juliet,Bagian,Willie
Resnik,Tonya,Hoover,Tyra,Resnik,Jesse
Bagian,Alexis,Hoover,Juliet,Bagian,Willie
Resnik,Claudia,Hoover,Tyra,Resnik,Jesse
Bagian,Xzavier,Hoover,Juliet,Bagian,Willie
Resnik,Aundrea,Hoover,Tyra,Resnik,Jesse
Bagian,Dale,Hoover,Juliet,Bagian,Willie
Resnik,Chandler,Hoover,Tyra,Resnik,Jesse
Bagian,Korey,Hoover,Juliet,Bagian,Willie
Resnik,Deanne,Hoover,Tyra,Resnik,Jesse
Bagian,Skyler,Hoover,Juliet,Bagian,Willie
Resnik,Yvonne,Hoover,Tyra,Resnik,Jesse
Bagian,Jamar,Hoover,Daniela,Bagian,Carlos
Resnik,Margarita,Hoover,Tyra,Resnik,Jesse
Bagian,Cullen,Hoover,Daniela,Bagian,Carlos
Resnik,Destiana,Hoover,Gerardo,Resnik,Cesar
Bagian,Johnathon,Hoover,Daniela,Bagian,Carlos
Resnik,Bridgett,Hoover,Gerardo,Resnik,Cesar
Bagian,Hiram,Hoover,Daniela,Bagian,Carlos
Resnik,Tamisha,Hoover,Gerardo,Resnik,Cesar
Bagian,Gunnar,Hoover,Daniela,Bagian,Carlos
Resnik,Juliette,Hoover,Gerardo,Resnik,Cesar
Bagian,Al,Hoover,Daniela,Bagian,Carlos
Resnik,Chastity,Hoover,Nicolle,Resnik,Tristian
Bagian,Heriberto,Hoover,Daniela,Bagian,Carlos
Resnik,Jane,Hoover,Nicolle,Resnik,Tristian
Bagian,Darryl,Hoover,Daniela,Bagian,Carlos
Resnik,Alysia,Hoover,Nicolle,Resnik,Tristian
Bagian,Tristan,Hoover,Paola,Bagian,Maliki
Resnik,Simone,Hoover,Nicolle,Resnik,Tristian
Bagian,Andres,Hoover,Paola,Bagian,Maliki
Resnik,Skye,Hoover,Nicolle,Resnik,Tristian
Bagian,Tayler,Hoover,Paola,Bagian,Maliki
Resnik,Tatum,Hoover,Nicolle,Resnik,Tristian
Bagian,Dane,Hoover,Paola,Bagian,Maliki
Resnik,Jana,Hoover,Keira,Resnik,Asa
Bagian,Mark,Hoover,Paola,Bagian,Maliki
Resnik,Aleah,Hoover,Keira,Resnik,Asa
Bagian,Sebastian,Hoover,Paola,Bagian,Maliki
Resnik,Elisa,Hoover,Keira,Resnik,Asa
Bagian,Shaquille,Hoover,Paola,Bagian,Maliki
Resnik,Faith,Hoover,Keira,Resnik,Asa
Bagian,Elvin,Hoover,Paola,Bagian,Maliki
Resnik,Chyanne,Hoover,Keira,Resnik,Asa
Bagian,Damien,Hoover,Paola,Bagian,Maliki
Resnik,Charity,Hoover,Keira,Resnik,Asa
Bagian,Brayden,Hoover,Paola,Bagian,Maliki
Resnik,Kristyn,Hoover,Keira,Resnik,Asa
Resnik,Zane,Bagian,Mandy,Resnik,Zackery
Resnik,Yajayra,Hoover,Keira,Resnik,Asa
Resnik,Kameron,Bagian,Mandy,Resnik,Zackery
Resnik,Anaya,Hoover,Keira,Resnik,Asa
Resnik,Bjorn,Bagian,Mandy,Resnik,Zackery
Resnik,Neda,Hoover,Elijah,Resnik,Cody
Resnik,Yash,Hoover,Tyra,Resnik,Jesse
Resnik,Kyndra,Hoover,Elijah,Resnik,Cody
Resnik,Habram,Hoover,Tyra,Resnik,Jesse
Resnik,Michelle,Hoover,Elijah,Resnik,Cody
Resnik,Carter,Hoover,Tyra,Resnik,Jesse
Resnik,Yahaira,Hoover,Vanessa,Resnik,Michal
Resnik,Lamar,Hoover,Tyra,Resnik,Jesse
Resnik,Madelyn,Hoover,Vanessa,Resnik,Michal
Resnik,Stephanie,Hoover,Tyra,Resnik,Jesse
Resnik,Maricarmen,Hoover,Vanessa,Resnik,Michal
Resnik,Reginald,Hoover,Tyra,Resnik,Jesse
Resnik,Celena,Hoover,Chelsy,Resnik,Jair
Resnik,Richie,Hoover,Gerardo,Resnik,Cesar
Resnik,Kathryn,Hoover,Chelsy,Resnik,Jair
Resnik,Coby,Hoover,Gerardo,Resnik,Cesar
Resnik,Yessenia,Hoover,Chelsy,Resnik,Jair
Resnik,William,Hoover,Gerardo,Resnik,Cesar
Resnik,Kristy,Hoover,Chelsy,Resnik,Jair
Resnik,Emanuel,Hoover,Nicolle,Resnik,Tristian
Resnik,Kaylynn,Hoover,Chelsy,Resnik,Jair
Resnik,Liam,Hoover,Nicolle,Resnik,Tristian
Resnik,Sharon,Hoover,Chelsy,Resnik,Jair
Resnik,Ryan,Hoover,Nicolle,Resnik,Tristian
Hoover,Aja,Lopez,Cali,Hoover,Domonic
Resnik,Samual,Hoover,Nicolle,Resnik,Tristian
Hoover,Alysha,Lopez,Cali,Hoover,Domonic
Resnik,Zakery,Hoover,Nicolle,Resnik,Tristian
Hoover,Ciara,Lopez,Cali,Hoover,Domonic
Resnik,Fernando,Hoover,Keira,Resnik,Asa
Hoover,Trista,Lopez,Cali,Hoover,Domonic
Jeramie,Pierce,Tayler,Bloomfield,Kristian
Resnik,Jalil,Hoover,Keira,Resnik,Asa
Hoover,Micah,Lopez,Mariela,Hoover,Oscar
Resnik,Andreas,Hoover,Keira,Resnik,Asa
Hoover,Mari,Lopez,Mariela,Hoover,Oscar
Resnik,Gideon,Hoover,Keira,Resnik,Asa
Hoover,Delanie,Lopez,Mariela,Hoover,Oscar
Resnik,Reed,Hoover,Keira,Resnik,Asa
Hoover,Devon,Lopez,Mariela,Hoover,Oscar
Resnik,Irvin,Hoover,Keira,Resnik,Asa
Hoover,Mindi,Lopez,Mariela,Hoover,Oscar
Resnik,Eddie,Hoover,Keira,Resnik,Asa
Hoover,Tynia,Lopez,Mariela,Hoover,Oscar
Resnik,Killian,Hoover,Keira,Resnik,Asa
Hoover,Kali,Lopez,Mariela,Hoover,Oscar
Resnik,Branden,Hoover,Keira,Resnik,Asa
Hoover,Shanyce,Lopez,Latosha,Hoover,Walter
Resnik,Marco,Hoover,Keira,Resnik,Asa
Hoover,Sofia,Lopez,Latosha,Hoover,Walter
Resnik,Donald,Hoover,Elijah,Resnik,Cody
Hoover,Greer,Lopez,Carra,Hoover,Rolando
Resnik,Melvin,Hoover,Elijah,Resnik,Cody
Hoover,Sharae,Lopez,Carra,Hoover,Rolando
Resnik,Isidro,Hoover,Elijah,Resnik,Cody
Hoover,Alexus,Lopez,Carra,Hoover,Rolando
Resnik,Sergio,Hoover,Elijah,Resnik,Cody
Hoover,Marelyn,Lopez,Carra,Hoover,Rolando
Resnik,Lorenzo,Hoover,Vanessa,Resnik,Michal
Hoover,Halee,Lopez,Carra,Hoover,Rolando
Resnik,Brice,Hoover,Chelsy,Resnik,Jair
Hoover,Iesha,Lopez,Nina,Hoover,Reynaldo
Resnik,Stanley,Hoover,Chelsy,Resnik,Jair
Hoover,Maggie,Lopez,Nina,Hoover,Reynaldo
Resnik,Roland,Hoover,Chelsy,Resnik,Jair
Hoover,Anthony,Lopez,Nina,Hoover,Reynaldo
Resnik,Brent,Hoover,Chelsy,Resnik,Jair
Hoover,Zulema,Lopez,Nina,Hoover,Reynaldo
Resnik,Tevin,Hoover,Chelsy,Resnik,Jair
Hoover,Sophie,Evans,Lynda,Hoover,Elliott
Resnik,Gilberto,Hoover,Chelsy,Resnik,Jair
Hoover,Dayana,Evans,Lynda,Hoover,Elliott
Resnik,Raul,Hoover,Chelsy,Resnik,Jair
Hoover,Kristyn,Evans,Lynda,Hoover,Elliott
Resnik,Davon,Hoover,Chelsy,Resnik,Jair
Hoover,Irene,Evans,Lynda,Hoover,Elliott
Resnik,Julio,Hoover,Chelsy,Resnik,Jair
Hoover,Kendal,Evans,Lynda,Hoover,Elliott
Resnik,Mario,Hoover,Chelsy,Resnik,Jair
Hoover,Summer,Evans,Lynda,Hoover,Elliott
Resnik,Vincent,Hoover,Chelsy,Resnik,Jair
Hoover,Giselle,England,Corinne,Hoover,Davis
Hoover,Keenan,Lopez,Cali,Hoover,Domonic
Hoover,Kaya,England,Corinne,Hoover,Davis
Hoover,Jermaine,Lopez,Mariela,Hoover,Oscar
Hoover,Anja,England,Corinne,Hoover,Davis
Hoover,Winston,Lopez,Mariela,Hoover,Oscar
Hoover,Sunny,England,Corinne,Hoover,Davis
Hoover,Jaylon,Lopez,Mariela,Hoover,Oscar
Hoover,Haven,England,Corinne,Hoover,Davis
Hoover,Soren,Lopez,Mariela,Hoover,Oscar
Hoover,Cherie,England,Corinne,Hoover,Davis
Hoover,Alec,Lopez,Mariela,Hoover,Oscar
Lopez,Myra,Hoover,Brieanna,Lopez,Olivier
Hoover,Zev,Lopez,Mariela,Hoover,Oscar
Lopez,Aja,Hoover,Brieanna,Lopez,Olivier
Hoover,Claudio,Lopez,Latosha,Hoover,Walter
Lopez,Onesha,Hoover,Brieanna,Lopez,Olivier
Hoover,Keeton,Lopez,Carra,Hoover,Rolando
Lopez,Alexus,Hoover,Brieanna,Lopez,Olivier
Hoover,Rogelio,Lopez,Carra,Hoover,Rolando
Lopez,Jada,Hoover,Brieanna,Lopez,Olivier
Hoover,Jayson,Lopez,Carra,Hoover,Rolando
Lopez,Destiana,Hoover,Brieanna,Lopez,Olivier
Hoover,Rayquan,Lopez,Carra,Hoover,Rolando
Lopez,Keyondra,Hoover,Brieanna,Lopez,Olivier
Hoover,Tristan,Lopez,Carra,Hoover,Rolando
Lopez,Teresa,Hoover,Brieanna,Lopez,Olivier
Hoover,Ahmed,Lopez,Carra,Hoover,Rolando
Lopez,Makena,Hoover,Brieanna,Lopez,Olivier
Hoover,Coy,Lopez,Carra,Hoover,Rolando
Lopez,Sarahmarie,England,Sky,Lopez,Ernesto
Hoover,Darien,Lopez,Carra,Hoover,Rolando
Lopez,Yaritza,England,Sky,Lopez,Ernesto
Hoover,Dominic,Lopez,Carra,Hoover,Rolando
Lopez,Antoinette,England,Sky,Lopez,Ernesto
Hoover,Jamar,Lopez,Carra,Hoover,Rolando
Lopez,Chase,England,Sky,Lopez,Ernesto
Hoover,Nestor,Lopez,Carra,Hoover,Rolando
Lopez,Laurel,England,Sky,Lopez,Ernesto
Hoover,Joshua,Lopez,Nina,Hoover,Reynaldo
Lopez,Jaqueline,England,Sky,Lopez,Ernesto
Hoover,Levi,Evans,Lynda,Hoover,Elliott
Lopez,Kristyn,England,Briana,Lopez,Shmuel
Hoover,Tre,Evans,Lynda,Hoover,Elliott
Lopez,Symone,England,Briana,Lopez,Shmuel
Hoover,Clay,Evans,Lynda,Hoover,Elliott
Lopez,Haylee,England,Briana,Lopez,Shmuel
Hoover,Garrett,Evans,Lynda,Hoover,Elliott
Lopez,Destini,England,Briana,Lopez,Shmuel
Hoover,Destin,Evans,Lynda,Hoover,Elliott
Lopez,Roxana,England,Briana,Lopez,Shmuel
Hoover,Devan,Evans,Lynda,Hoover,Elliott
Lopez,Natalia,England,Briana,Lopez,Shmuel
Hoover,Ricardo,Evans,Lynda,Hoover,Elliott
Lopez,Kassidy,England,Briana,Lopez,Shmuel
Hoover,Micheal,England,Corinne,Hoover,Davis
Lopez,Brionna,England,Briana,Lopez,Shmuel
Lopez,Mason,Hoover,Brieanna,Lopez,Olivier
Lopez,Katarina,England,Briana,Lopez,Shmuel
Lopez,Camden,Hoover,Brieanna,Lopez,Olivier
Lopez,Tori,England,Briana,Lopez,Shmuel
Lopez,Arturo,Hoover,Brieanna,Lopez,Olivier
Lopez,Tonya,England,Briana,Lopez,Shmuel
Lopez,Brogan,Hoover,Brieanna,Lopez,Olivier
Lopez,Antonia,England,Briana,Lopez,Shmuel
Lopez,Shemar,Hoover,Brieanna,Lopez,Olivier
Lopez,Kendall,England,Amina,Lopez,Stephanie
Lopez,Terron,Hoover,Brieanna,Lopez,Olivier
Lopez,Autumn,England,Bernadette,Lopez,Lane
Lopez,Benjamin,Hoover,Brieanna,Lopez,Olivier
Lopez,Cori,England,Bernadette,Lopez,Lane
Lopez,Eli,England,Sky,Lopez,Ernesto
Lopez,Tara,England,Bernadette,Lopez,Lane
Lopez,Aidan,England,Sky,Lopez,Ernesto
Lopez,Blanca,England,Bernadette,Lopez,Lane
Lopez,Levi,England,Briana,Lopez,Shmuel
Lopez,Joy,England,Grecia,Lopez,Patrick
Lopez,Errol,England,Briana,Lopez,Shmuel
Lopez,Celia,England,Grecia,Lopez,Patrick
Lopez,Wesley,England,Briana,Lopez,Shmuel
Lopez,Xian,England,Grecia,Lopez,Patrick
Lopez,Walker,England,Briana,Lopez,Shmuel
Lopez,Maryanna,England,Grecia,Lopez,Patrick
Lopez,Collin,England,Briana,Lopez,Shmuel
Lopez,Ashtyn,England,Grecia,Lopez,Patrick
Lopez,Sedrick,England,Briana,Lopez,Shmuel
Lopez,Cheyanne,England,Grecia,Lopez,Patrick
Lopez,Tallon,England,Amina,Lopez,Stephanie
Lopez,Emilee,O'Leary,Jenny,Lopez,Raul
Lopez,Marcos,England,Amina,Lopez,Stephanie
Lopez,Delaney,O'Leary,Jenny,Lopez,Raul
Lopez,Donald,England,Amina,Lopez,Stephanie
Lopez,Karlee,O'Leary,Jenny,Lopez,Raul
Lopez,Sydney,England,Bernadette,Lopez,Lane
Lopez,Amna,O'Leary,Jenny,Lopez,Raul
Lopez,Quinn,England,Bernadette,Lopez,Lane
Lopez,Johnna,O'Leary,Jenny,Lopez,Raul
Lopez,Izaiah,England,Grecia,Lopez,Patrick
Lopez,Gerardo,O'Leary,Dominique,Lopez,Markus
Lopez,Travis,England,Grecia,Lopez,Patrick
Lopez,Kaitlin,O'Leary,Dominique,Lopez,Markus
Lopez,Maximillia,England,Grecia,Lopez,Patrick
Lopez,Celeste,O'Leary,Dominique,Lopez,Markus
Lopez,Hugo,England,Grecia,Lopez,Patrick
Lopez,Karena,O'Leary,Dominique,Lopez,Markus
