Foreman,Lukas,Adams,Carol,Foreman,Kalon
Kelly,Jennifer,Ewing,Wendy,Kelly,Brendan
Henize,Ishmael,Herrington,Jessie,Henize,Lawrence
Taylor,Kerry,White,Ayanna,Taylor,Raheem
Taft,Erick,Magnus,Xena,Taft,Jevon
Chapman,Candy,Carey,Rosemarie,Chapman,Dontae
Jett,Sean,Jones,Geraldine,Jett,Ross
Gutierrez,Mileena,Clifford,Niki,Gutierrez,Ignacio
Brendan,Ewing,Wendy,Foreman,Kalon
Rominger,Armando,McKinley,Maryann,Rominger,Ryland
Llewellyn,Shayna,Jett,Callie,Llewellyn,Yash
Allen,Leroy,Chilton,Rocio,Allen,Damien
Pflugel,Jenae,Hayes,Mayra,Pflugel,Jordan
Truly,Jonah,Sellers,Anthony,Truly,Nathanael
Grunsfeld,Blaine,See,Dayana,Grunsfeld,Noe
Llewellyn,Gannon,Burbank,Juliana,Llewellyn,Hugo
Sturckow,Jori,Fossum,Khaila,Sturckow,Sebastian
Tanner,Brett,McCulley,Makena,Tanner,Colin
Grinch,Camilla,Bassett,Maya,Grinch,Jason
Magnus,Dimitri,Gernhardt,Gabriela,Magnus,Lamar
Hoover,Maegan,Cleave,Nereida,Hoover,Nikolas
Caldwell,Shamar,Piper,Anneliese,Caldwell,Payton
Adamson,Dorian,Ashby,Cassandra,Adamson,Randy
Foreman,Quinton,Kelly,Jennifer,Foreman,Lukas
Bowersox,Celeste,Bobko,Amber,Bowersox,Jules
Foreman,Kasey,Kelly,Jennifer,Foreman,Lukas
Ewing,Imelda,Melnick,Elisabeth,Ewing,Alex
Foreman,Yash,Kelly,Jennifer,Foreman,Lukas
Fincke,Cherokee,Cutter,Colleen,Fincke,Hugh
Foreman,Roberto,Kelly,Jennifer,Foreman,Lukas
Anders,Kristen,Horowitz,Jesslyn,Anders,Dominique
Foreman,Thomas,Kelly,Jennifer,Foreman,Lukas
Gemar,Holli,Jefferson,Mari,Gemar,Beau
Foreman,Eddie,Kelly,Jennifer,Foreman,Lukas
O'Leary,Cheryl,Jackson,Mara,O'Leary,Rhett
Foreman,Hassan,Kelly,Jennifer,Foreman,Lukas
Foreman,Emily,Kelly,Jennifer,Foreman,Lukas
Henize,Lukas,Taylor,Kerry,Henize,Ishmael
Foreman,Cheyann,Kelly,Jennifer,Foreman,Lukas
Henize,Jade,Taylor,Kerry,Henize,Ishmael
Foreman,Reina,Kelly,Jennifer,Foreman,Lukas
Henize,Louis,Taylor,Kerry,Henize,Ishmael
Foreman,Kathleen,Kelly,Jennifer,Foreman,Lukas
Taft,Marcus,Chapman,Candy,Taft,Erick
Foreman,Iman,Kelly,Jennifer,Foreman,Lukas
Taft,Brenton,Chapman,Candy,Taft,Erick
Foreman,Abbie,Kelly,Jennifer,Foreman,Lukas
Taft,Luke,Chapman,Candy,Taft,Erick
Foreman,Candace,Kelly,Jennifer,Foreman,Lukas
Taft,Juan,Chapman,Candy,Taft,Erick
Henize,Sonia,Taylor,Kerry,Henize,Ishmael
Taft,Yair,Chapman,Candy,Taft,Erick
Henize,Latasha,Taylor,Kerry,Henize,Ishmael
Taft,Johnathen,Chapman,Candy,Taft,Erick
Henize,Tatiana,Taylor,Kerry,Henize,Ishmael
Taft,Tristen,Chapman,Candy,Taft,Erick
Henize,Virginia,Taylor,Kerry,Henize,Ishmael
Taft,Stevan,Chapman,Candy,Taft,Erick
Henize,Deanne,Taylor,Kerry,Henize,Ishmael
Taft,Braeden,Chapman,Candy,Taft,Erick
Taft,Kenya,Chapman,Candy,Taft,Erick
Jett,Jaleel,Gutierrez,Mileena,Jett,Sean
Taft,Kayley,Chapman,Candy,Taft,Erick
Jett,Gerardo,Gutierrez,Mileena,Jett,Sean
Taft,Katrina,Chapman,Candy,Taft,Erick
Jett,Kaleb,Gutierrez,Mileena,Jett,Sean
Taft,Tia,Chapman,Candy,Taft,Erick
Jett,Saul,Gutierrez,Mileena,Jett,Sean
Taft,Elisa,Chapman,Candy,Taft,Erick
Jett,Liam,Gutierrez,Mileena,Jett,Sean
Taft,Jaycie,Chapman,Candy,Taft,Erick
Jett,Guillermo,Gutierrez,Mileena,Jett,Sean
Taft,Ronni,Chapman,Candy,Taft,Erick
Mastracchio,Roman,Cockrell,Amna,Mastracchio,Francisco
Taft,Giovanna,Chapman,Candy,Taft,Erick
Mastracchio,Anthony,Cockrell,Amna,Mastracchio,Francisco
Jett,Dayna,Gutierrez,Mileena,Jett,Sean
Mastracchio,Jessee,Cockrell,Amna,Mastracchio,Francisco
Jett,Abigail,Gutierrez,Mileena,Jett,Sean
Rominger,Winston,Llewellyn,Shayna,Rominger,Armando
Jett,Rocio,Gutierrez,Mileena,Jett,Sean
Rominger,Kai,Llewellyn,Shayna,Rominger,Armando
Mastracchio,Keyondra,Cockrell,Amna,Mastracchio,Francisco
Rominger,John,Llewellyn,Shayna,Rominger,Armando
Mastracchio,Joi,Cockrell,Amna,Mastracchio,Francisco
Rominger,Domenic,Llewellyn,Shayna,Rominger,Armando
Mastracchio,Mariela,Cockrell,Amna,Mastracchio,Francisco
Allen,Brayden,Pflugel,Jenae,Allen,Leroy
Mastracchio,Tiyanna,Cockrell,Amna,Mastracchio,Francisco
Allen,Alex,Pflugel,Jenae,Allen,Leroy
Mastracchio,Liza,Cockrell,Amna,Mastracchio,Francisco
Allen,Jace,Pflugel,Jenae,Allen,Leroy
Mastracchio,Itati,Cockrell,Amna,Mastracchio,Francisco
Allen,Charly,Pflugel,Jenae,Allen,Leroy
Rominger,Katrina,Llewellyn,Shayna,Rominger,Armando
Allen,Reynaldo,Pflugel,Jenae,Allen,Leroy
Rominger,Malia,Llewellyn,Shayna,Rominger,Armando
Allen,Alejandro,Pflugel,Jenae,Allen,Leroy
Rominger,Kaylee,Llewellyn,Shayna,Rominger,Armando
Allen,Jasper,Pflugel,Jenae,Allen,Leroy
Allen,Sylvia,Pflugel,Jenae,Allen,Leroy
Allen,Elliott,Pflugel,Jenae,Allen,Leroy
Allen,Mykelle,Pflugel,Jenae,Allen,Leroy
Truly,Tyran,Grunsfeld,Blaine,Truly,Jonah
Allen,Graciela,Pflugel,Jenae,Allen,Leroy
Truly,Desmond,Grunsfeld,Blaine,Truly,Jonah
Allen,Roslyn,Pflugel,Jenae,Allen,Leroy
Truly,Trentin,Grunsfeld,Blaine,Truly,Jonah
Truly,Kaytlin,Grunsfeld,Blaine,Truly,Jonah
Truly,Aspen,Grunsfeld,Blaine,Truly,Jonah
Truly,Nathalia,Grunsfeld,Blaine,Truly,Jonah
Truly,Mauricio,Grunsfeld,Blaine,Truly,Jonah
Truly,Emilie,Grunsfeld,Blaine,Truly,Jonah
Truly,Guillermo,Grunsfeld,Blaine,Truly,Jonah
Truly,Chastity,Grunsfeld,Blaine,Truly,Jonah
Truly,David,Grunsfeld,Blaine,Truly,Jonah
Llewellyn,Shane,Sturckow,Jori,Llewellyn,Gannon
Llewellyn,Markus,Sturckow,Jori,Llewellyn,Gannon
Llewellyn,Caitlyn,Sturckow,Jori,Llewellyn,Gannon
Llewellyn,Anton,Sturckow,Jori,Llewellyn,Gannon
Llewellyn,Giselle,Sturckow,Jori,Llewellyn,Gannon
Llewellyn,Bill,Sturckow,Jori,Llewellyn,Gannon
Llewellyn,Alejandra,Sturckow,Jori,Llewellyn,Gannon
Llewellyn,Richie,Sturckow,Jori,Llewellyn,Gannon
Tanner,Karah,Grinch,Camilla,Tanner,Brett
Tanner,Kalon,Grinch,Camilla,Tanner,Brett
Tanner,Kyra,Grinch,Camilla,Tanner,Brett
Tanner,Craig,Grinch,Camilla,Tanner,Brett
Tanner,Celeste,Grinch,Camilla,Tanner,Brett
Tanner,Leroy,Grinch,Camilla,Tanner,Brett
Tanner,Nancy,Grinch,Camilla,Tanner,Brett
Tanner,Quintin,Grinch,Camilla,Tanner,Brett
Tanner,Myranda,Grinch,Camilla,Tanner,Brett
Tanner,Lamonte,Grinch,Camilla,Tanner,Brett
Tanner,Mara,Grinch,Camilla,Tanner,Brett
Tanner,Alvaro,Grinch,Camilla,Tanner,Brett
Magnus,Whitney,Hoover,Maegan,Magnus,Dimitri
Tanner,Charlie,Grinch,Camilla,Tanner,Brett
Magnus,Sarahmarie,Hoover,Maegan,Magnus,Dimitri
Tanner,Desmond,Grinch,Camilla,Tanner,Brett
Magnus,Alexandria,Hoover,Maegan,Magnus,Dimitri
Magnus,Keifer,Hoover,Maegan,Magnus,Dimitri
Magnus,Kenna,Hoover,Maegan,Magnus,Dimitri
Caldwell,Yobani,Adamson,Dorian,Caldwell,Shamar
Caldwell,Sharon,Adamson,Dorian,Caldwell,Shamar
Caldwell,Evan,Adamson,Dorian,Caldwell,Shamar
Caldwell,Camila,Adamson,Dorian,Caldwell,Shamar
Foreman,Brenton,Bowersox,Celeste,Foreman,Quinton
Caldwell,Julianna,Adamson,Dorian,Caldwell,Shamar
Foreman,Malik,Bowersox,Celeste,Foreman,Quinton
Foreman,Kianna,Bowersox,Celeste,Foreman,Quinton
Foreman,Samuel,Bowersox,Celeste,Foreman,Quinton
Foreman,Erin,Bowersox,Celeste,Foreman,Quinton
Foreman,Hashim,Bowersox,Celeste,Foreman,Quinton
Foreman,Tynia,Bowersox,Celeste,Foreman,Quinton
Foreman,Geoffrey,Bowersox,Celeste,Foreman,Quinton
Foreman,Alexis,Bowersox,Celeste,Foreman,Quinton
Foreman,Brice,Bowersox,Celeste,Foreman,Quinton
Foreman,Jade,Bowersox,Celeste,Foreman,Quinton
Foreman,Ted,Bowersox,Celeste,Foreman,Quinton
Foreman,Marcela,Bowersox,Celeste,Foreman,Quinton
Foreman,Malcolm,Bowersox,Celeste,Foreman,Quinton
Foreman,Francis,Bowersox,Celeste,Foreman,Quinton
Foreman,Kody,Bowersox,Celeste,Foreman,Quinton
Foreman,Brianne,Bowersox,Celeste,Foreman,Quinton
Foreman,Joshua,Bowersox,Celeste,Foreman,Quinton
Foreman,Allison,Ewing,Imelda,Foreman,Kasey
Foreman,Levi,Bowersox,Celeste,Foreman,Quinton
Foreman,Asya,Ewing,Imelda,Foreman,Kasey
Foreman,Langston,Ewing,Imelda,Foreman,Kasey
Foreman,Olivia,Ewing,Imelda,Foreman,Kasey
Foreman,Carlos,Ewing,Imelda,Foreman,Kasey
Foreman,Marysol,Ewing,Imelda,Foreman,Kasey
Foreman,Zaire,Ewing,Imelda,Foreman,Kasey
Foreman,Yahaira,Fincke,Cherokee,Foreman,Yash
Foreman,Asher,Ewing,Imelda,Foreman,Kasey
Foreman,Anna,Fincke,Cherokee,Foreman,Yash
Foreman,Charles,Ewing,Imelda,Foreman,Kasey
Foreman,Nathalia,Fincke,Cherokee,Foreman,Yash
Foreman,Branden,Ewing,Imelda,Foreman,Kasey
Foreman,Cheyanne,Fincke,Cherokee,Foreman,Yash
Foreman,Deshawn,Ewing,Imelda,Foreman,Kasey
Foreman,Milena,Fincke,Cherokee,Foreman,Yash
Foreman,Kaleb,Fincke,Cherokee,Foreman,Yash
Foreman,Aishah,Fincke,Cherokee,Foreman,Yash
Foreman,Gilbert,Fincke,Cherokee,Foreman,Yash
Foreman,Brecken,Fincke,Cherokee,Foreman,Yash
Foreman,Colby,Fincke,Cherokee,Foreman,Yash
Foreman,Candy,Anders,Kristen,Foreman,Roberto
Foreman,Sergio,Fincke,Cherokee,Foreman,Yash
Foreman,Shae,Anders,Kristen,Foreman,Roberto
Foreman,Paris,Fincke,Cherokee,Foreman,Yash
Foreman,Heaven,Anders,Kristen,Foreman,Roberto
Foreman,Kelvin,Fincke,Cherokee,Foreman,Yash
Foreman,Passion,Anders,Kristen,Foreman,Roberto
Foreman,Jessie,Anders,Kristen,Foreman,Roberto
Foreman,Juliette,Gemar,Holli,Foreman,Thomas
Foreman,Trevor,Anders,Kristen,Foreman,Roberto
Foreman,Kimberlee,Gemar,Holli,Foreman,Thomas
Foreman,Victor,Anders,Kristen,Foreman,Roberto
Foreman,Maren,Gemar,Holli,Foreman,Thomas
Foreman,Alonzo,Anders,Kristen,Foreman,Roberto
Foreman,Allyssa,Gemar,Holli,Foreman,Thomas
Foreman,Truman,Anders,Kristen,Foreman,Roberto
Foreman,Mindy,Gemar,Holli,Foreman,Thomas
Foreman,Payton,Gemar,Holli,Foreman,Thomas
Foreman,Kristian,Gemar,Holli,Foreman,Thomas
Foreman,Lane,Gemar,Holli,Foreman,Thomas
Foreman,Paulina,Gemar,Holli,Foreman,Thomas
Foreman,Yair,Gemar,Holli,Foreman,Thomas
Foreman,Audra,Gemar,Holli,Foreman,Thomas
Foreman,Dean,O'Leary,Cheryl,Foreman,Eddie
Foreman,Keely,Gemar,Holli,Foreman,Thomas
Foreman,Keon,O'Leary,Cheryl,Foreman,Eddie
Foreman,Tiara,Gemar,Holli,Foreman,Thomas
Foreman,Jerome,O'Leary,Cheryl,Foreman,Eddie
Foreman,Janet,Gemar,Holli,Foreman,Thomas
Foreman,Melvin,O'Leary,Cheryl,Foreman,Eddie
Foreman,Marivel,Gemar,Holli,Foreman,Thomas
Foreman,Royce,O'Leary,Cheryl,Foreman,Eddie
Foreman,Leslie,Gemar,Holli,Foreman,Thomas
Foreman,Amari,O'Leary,Cheryl,Foreman,Eddie
Foreman,Aylin,O'Leary,Cheryl,Foreman,Eddie
Foreman,Davis,O'Leary,Cheryl,Foreman,Eddie
Foreman,Kailey,O'Leary,Cheryl,Foreman,Eddie
Foreman,Cesar,Henize,Sonia,Foreman,Hassan
Foreman,Shyanne,O'Leary,Cheryl,Foreman,Eddie
Foreman,Terrell,Henize,Sonia,Foreman,Hassan
Foreman,Chastity,O'Leary,Cheryl,Foreman,Eddie
Foreman,Saul,Henize,Sonia,Foreman,Hassan
Foreman,Fabiola,O'Leary,Cheryl,Foreman,Eddie
Foreman,Andy,Henize,Sonia,Foreman,Hassan
Foreman,Liana,O'Leary,Cheryl,Foreman,Eddie
Foreman,Dashane,Henize,Sonia,Foreman,Hassan
Foreman,Kelsie,Henize,Sonia,Foreman,Hassan
Foreman,Andrew,Henize,Sonia,Foreman,Hassan
Foreman,Raquel,Henize,Sonia,Foreman,Hassan
Foreman,Stewart,Henize,Sonia,Foreman,Hassan
Foreman,Delilah,Henize,Sonia,Foreman,Hassan
Henize,Ian,Foreman,Emily,Henize,Lukas
Henize,Shanice,Foreman,Emily,Henize,Lukas
Henize,Alex,Foreman,Emily,Henize,Lukas
Henize,Cori,Foreman,Emily,Henize,Lukas
Henize,Jordon,Foreman,Emily,Henize,Lukas
Henize,Barbara,Foreman,Emily,Henize,Lukas
Henize,Ray,Foreman,Emily,Henize,Lukas
Henize,Jesslyn,Foreman,Emily,Henize,Lukas
Henize,Eli,Foreman,Emily,Henize,Lukas
Henize,Zabrina,Foreman,Emily,Henize,Lukas
Henize,Ronnie,Foreman,Emily,Henize,Lukas
Henize,Charlene,Foreman,Emily,Henize,Lukas
Henize,Markus,Foreman,Emily,Henize,Lukas
Henize,Cheryl,Foreman,Emily,Henize,Lukas
Henize,Deshaun,Foreman,Emily,Henize,Lukas
Henize,Ebony,Foreman,Cheyann,Henize,Jade
Henize,Rodrigo,Foreman,Emily,Henize,Lukas
Henize,Breeanna,Foreman,Cheyann,Henize,Jade
Henize,Alexis,Foreman,Emily,Henize,Lukas
Henize,Maren,Foreman,Cheyann,Henize,Jade
Henize,Don,Foreman,Emily,Henize,Lukas
Henize,Annika,Foreman,Cheyann,Henize,Jade
Henize,Connor,Foreman,Emily,Henize,Lukas
Henize,Kendyl,Foreman,Cheyann,Henize,Jade
Henize,Shareef,Foreman,Emily,Henize,Lukas
Henize,Corinne,Foreman,Cheyann,Henize,Jade
Henize,Santos,Foreman,Cheyann,Henize,Jade
Henize,Terra,Foreman,Cheyann,Henize,Jade
Henize,Sean,Foreman,Cheyann,Henize,Jade
Henize,Carolyn,Foreman,Reina,Henize,Louis
Henize,Leroy,Foreman,Cheyann,Henize,Jade
Henize,Chelsy,Foreman,Reina,Henize,Louis
Henize,Mitchell,Foreman,Cheyann,Henize,Jade
Henize,Jaymie,Foreman,Reina,Henize,Louis
Henize,Bjorn,Foreman,Cheyann,Henize,Jade
Henize,Alisia,Foreman,Reina,Henize,Louis
Henize,Evan,Foreman,Cheyann,Henize,Jade
Henize,Cherokee,Foreman,Reina,Henize,Louis
Henize,Derick,Foreman,Cheyann,Henize,Jade
Taft,Alexandrea,Foreman,Kathleen,Taft,Marcus
Henize,Latrell,Foreman,Reina,Henize,Louis
Taft,Aubree,Foreman,Kathleen,Taft,Marcus
Henize,Dreshaun,Foreman,Reina,Henize,Louis
Taft,Mariam,Foreman,Kathleen,Taft,Marcus
Henize,Justice,Foreman,Reina,Henize,Louis
Taft,Karli,Foreman,Kathleen,Taft,Marcus
Henize,Nicholas,Foreman,Reina,Henize,Louis
Taft,Glenda,Foreman,Kathleen,Taft,Marcus
Henize,Wayne,Foreman,Reina,Henize,Louis
Taft,Tanisha,Foreman,Kathleen,Taft,Marcus
Henize,Jonathon,Foreman,Reina,Henize,Louis
Taft,Brandi,Foreman,Kathleen,Taft,Marcus
Henize,Izaiah,Foreman,Reina,Henize,Louis
Taft,Joanne,Foreman,Kathleen,Taft,Marcus
Henize,Todd,Foreman,Reina,Henize,Louis
Taft,Mariela,Foreman,Kathleen,Taft,Marcus
Henize,Andrew,Foreman,Reina,Henize,Louis
Taft,Zoey,Foreman,Iman,Taft,Brenton
Taft,Tre,Foreman,Kathleen,Taft,Marcus
Taft,Deanna,Foreman,Iman,Taft,Brenton
Taft,Oliver,Foreman,Kathleen,Taft,Marcus
Taft,Sylvia,Foreman,Iman,Taft,Brenton
Taft,Dontae,Foreman,Kathleen,Taft,Marcus
Taft,Marelyn,Foreman,Iman,Taft,Brenton
Taft,Christen,Foreman,Kathleen,Taft,Marcus
Taft,Domonique,Foreman,Iman,Taft,Brenton
Taft,Micah,Foreman,Kathleen,Taft,Marcus
Taft,Chaya,Foreman,Iman,Taft,Brenton
Taft,Trentin,Foreman,Kathleen,Taft,Marcus
Taft,Gladys,Foreman,Abbie,Taft,Luke
Taft,Joan,Foreman,Kathleen,Taft,Marcus
Taft,Giselle,Foreman,Candace,Taft,Juan
Taft,Reese,Foreman,Iman,Taft,Brenton
Taft,Arlene,Foreman,Candace,Taft,Juan
Taft,Kyle,Foreman,Iman,Taft,Brenton
Taft,Lesly,Foreman,Candace,Taft,Juan
Taft,Niko,Foreman,Abbie,Taft,Luke
Taft,Niyah,Foreman,Candace,Taft,Juan
Taft,Ravon,Foreman,Abbie,Taft,Luke
Taft,Stephany,Henize,Latasha,Taft,Yair
Taft,Geoffrey,Foreman,Abbie,Taft,Luke
Taft,Chloie,Henize,Latasha,Taft,Yair
Taft,Alvin,Foreman,Candace,Taft,Juan
Taft,Porsha,Henize,Latasha,Taft,Yair
Taft,Reynaldo,Foreman,Candace,Taft,Juan
Taft,Ruth,Henize,Latasha,Taft,Yair
Taft,Cristopher,Foreman,Candace,Taft,Juan
Taft,Janna,Henize,Latasha,Taft,Yair
Taft,Don,Foreman,Candace,Taft,Juan
Taft,Joselin,Henize,Latasha,Taft,Yair
Taft,Kristian,Foreman,Candace,Taft,Juan
Taft,Isabelle,Henize,Tatiana,Taft,Johnathen
Taft,Rey,Foreman,Candace,Taft,Juan
Taft,Cherie,Henize,Tatiana,Taft,Johnathen
Taft,Javion,Foreman,Candace,Taft,Juan
Taft,Arielle,Henize,Tatiana,Taft,Johnathen
Taft,Caleb,Foreman,Candace,Taft,Juan
Taft,Breanne,Henize,Tatiana,Taft,Johnathen
Taft,Devon,Foreman,Candace,Taft,Juan
Taft,Terri,Henize,Tatiana,Taft,Johnathen
Taft,Easton,Foreman,Candace,Taft,Juan
Taft,Roslyn,Henize,Tatiana,Taft,Johnathen
Taft,Cedric,Henize,Latasha,Taft,Yair
Taft,Zoi,Henize,Tatiana,Taft,Johnathen
Taft,Zachariah,Henize,Latasha,Taft,Yair
Taft,Tatianna,Henize,Tatiana,Taft,Johnathen
Taft,Collin,Henize,Latasha,Taft,Yair
Taft,Britney,Henize,Virginia,Taft,Tristen
Taft,Wilfredo,Henize,Tatiana,Taft,Johnathen
Taft,Iesha,Henize,Virginia,Taft,Tristen
Taft,Simon,Henize,Tatiana,Taft,Johnathen
Taft,Alysa,Henize,Virginia,Taft,Tristen
Taft,Luciano,Henize,Tatiana,Taft,Johnathen
Taft,Eileen,Henize,Virginia,Taft,Tristen
Taft,Gerardo,Henize,Tatiana,Taft,Johnathen
Taft,Shanique,Henize,Virginia,Taft,Tristen
Taft,Anibal,Henize,Tatiana,Taft,Johnathen
Taft,Tiffanie,Henize,Virginia,Taft,Tristen
Taft,Ashton,Henize,Tatiana,Taft,Johnathen
Taft,Fatima,Henize,Virginia,Taft,Tristen
Taft,Kory,Henize,Virginia,Taft,Tristen
Taft,Karissa,Henize,Deanne,Taft,Stevan
Taft,Reed,Henize,Virginia,Taft,Tristen
Taft,Raquel,Henize,Deanne,Taft,Stevan
Taft,Gunner,Henize,Virginia,Taft,Tristen
Taft,Taylor,Henize,Deanne,Taft,Stevan
Taft,Isiah,Henize,Virginia,Taft,Tristen
Taft,Patricia,Henize,Deanne,Taft,Stevan
Taft,Everett,Henize,Virginia,Taft,Tristen
Taft,Divya,Jett,Dayna,Taft,Braeden
Taft,Nestor,Henize,Virginia,Taft,Tristen
Taft,Blair,Jett,Dayna,Taft,Braeden
Taft,Timothy,Henize,Virginia,Taft,Tristen
Taft,Chyanne,Jett,Dayna,Taft,Braeden
Taft,Barrett,Henize,Virginia,Taft,Tristen
Jett,Alexa,Taft,Kenya,Jett,Jaleel
Taft,Babyboy,Henize,Virginia,Taft,Tristen
Jett,Katerina,Taft,Kayley,Jett,Gerardo
Taft,Saxon,Henize,Virginia,Taft,Tristen
Jett,Helen,Taft,Kayley,Jett,Gerardo
Taft,Dangelo,Henize,Virginia,Taft,Tristen
Jett,Shane,Taft,Katrina,Jett,Kaleb
Taft,Kirkland,Henize,Deanne,Taft,Stevan
Jett,Damaris,Taft,Katrina,Jett,Kaleb
Taft,Alden,Henize,Deanne,Taft,Stevan
Jett,Brandy,Taft,Tia,Jett,Saul
Taft,Logan,Jett,Dayna,Taft,Braeden
Jett,Jean,Taft,Tia,Jett,Saul
Taft,Talon,Jett,Dayna,Taft,Braeden
Jett,Suzanna,Taft,Tia,Jett,Saul
Taft,Desmond,Jett,Dayna,Taft,Braeden
Jett,Sylvia,Taft,Tia,Jett,Saul
Jett,Marquis,Taft,Kenya,Jett,Jaleel
Jett,Judy,Taft,Tia,Jett,Saul
Jett,Kristian,Taft,Kenya,Jett,Jaleel
Jett,Tara,Taft,Tia,Jett,Saul
Jett,Ruben,Taft,Kenya,Jett,Jaleel
Jett,Nayeli,Taft,Tia,Jett,Saul
Jett,Everett,Taft,Kenya,Jett,Jaleel
Jett,Annalisa,Taft,Tia,Jett,Saul
Jett,Estevan,Taft,Kayley,Jett,Gerardo
Jett,Shakia,Taft,Tia,Jett,Saul
Jett,Micheal,Taft,Kayley,Jett,Gerardo
Jett,Tatum,Taft,Elisa,Jett,Liam
Jett,Dallas,Taft,Katrina,Jett,Kaleb
Jett,Itati,Taft,Elisa,Jett,Liam
Jett,Harrison,Taft,Katrina,Jett,Kaleb
Jett,Yaritza,Taft,Elisa,Jett,Liam
Jett,Aidan,Taft,Katrina,Jett,Kaleb
Jett,Rebeca,Taft,Jaycie,Jett,Guillermo
Jett,Keith,Taft,Katrina,Jett,Kaleb
Jett,Krystle,Taft,Jaycie,Jett,Guillermo
Jett,Deandre,Taft,Katrina,Jett,Kaleb
Jett,Mayra,Taft,Jaycie,Jett,Guillermo
Jett,Deshawn,Taft,Katrina,Jett,Kaleb
Mastracchio,Leana,Taft,Ronni,Mastracchio,Roman
Jett,Brannon,Taft,Katrina,Jett,Kaleb
Mastracchio,Niki,Taft,Ronni,Mastracchio,Roman
Jett,Langston,Taft,Katrina,Jett,Kaleb
Mastracchio,Beatriz,Taft,Giovanna,Mastracchio,Anthony
Jett,Trace,Taft,Tia,Jett,Saul
Mastracchio,Nadine,Taft,Giovanna,Mastracchio,Anthony
Jett,Dequan,Taft,Tia,Jett,Saul
Mastracchio,Flor,Jett,Abigail,Mastracchio,Jessee
Jett,Yvan,Taft,Tia,Jett,Saul
Mastracchio,Mari,Jett,Abigail,Mastracchio,Jessee
Jett,Lukas,Taft,Tia,Jett,Saul
Rominger,Josie,Jett,Rocio,Rominger,Winston
Jett,Hayden,Taft,Tia,Jett,Saul
Rominger,Jamie,Jett,Rocio,Rominger,Winston
Jett,Jeffery,Taft,Tia,Jett,Saul
Rominger,Sarahmarie,Jett,Rocio,Rominger,Winston
Jett,Cullen,Taft,Tia,Jett,Saul
Rominger,Sydney,Jett,Rocio,Rominger,Winston
Jett,Oren,Taft,Tia,Jett,Saul
Rominger,Berenice,Jett,Rocio,Rominger,Winston
Jett,Seth,Taft,Elisa,Jett,Liam
Rominger,Christina,Jett,Rocio,Rominger,Winston
Jett,Drew,Taft,Elisa,Jett,Liam
Rominger,Jaquana,Jett,Rocio,Rominger,Winston
Jett,Nigel,Taft,Jaycie,Jett,Guillermo
Rominger,Ashlyn,Mastracchio,Keyondra,Rominger,Kai
Mastracchio,Jimmy,Taft,Ronni,Mastracchio,Roman
Rominger,Lakendra,Mastracchio,Keyondra,Rominger,Kai
Mastracchio,Devin,Taft,Ronni,Mastracchio,Roman
Rominger,Margaret,Mastracchio,Keyondra,Rominger,Kai
Mastracchio,Bill,Taft,Ronni,Mastracchio,Roman
Rominger,Leslie,Mastracchio,Keyondra,Rominger,Kai
Mastracchio,Terrance,Taft,Ronni,Mastracchio,Roman
Rominger,Joanna,Mastracchio,Joi,Rominger,John
Mastracchio,Marques,Taft,Ronni,Mastracchio,Roman
Rominger,Aidan,Mastracchio,Joi,Rominger,John
Mastracchio,Rashaun,Taft,Ronni,Mastracchio,Roman
Rominger,Charlene,Mastracchio,Mariela,Rominger,Domenic
Mastracchio,Lawrence,Taft,Ronni,Mastracchio,Roman
Rominger,Deisy,Mastracchio,Mariela,Rominger,Domenic
Mastracchio,Elmer,Taft,Giovanna,Mastracchio,Anthony
Rominger,Samantha,Mastracchio,Mariela,Rominger,Domenic
Mastracchio,Cedric,Taft,Giovanna,Mastracchio,Anthony
Rominger,Mercedes,Mastracchio,Mariela,Rominger,Domenic
Mastracchio,Babyboy,Jett,Abigail,Mastracchio,Jessee
Rominger,Harley,Mastracchio,Mariela,Rominger,Domenic
Mastracchio,Ralph,Jett,Abigail,Mastracchio,Jessee
Rominger,Anabel,Mastracchio,Mariela,Rominger,Domenic
Mastracchio,Charly,Jett,Abigail,Mastracchio,Jessee
Rominger,Ashlee,Mastracchio,Mariela,Rominger,Domenic
Mastracchio,Scott,Jett,Abigail,Mastracchio,Jessee
Rominger,Isabelle,Mastracchio,Mariela,Rominger,Domenic
Rominger,Aaron,Jett,Rocio,Rominger,Winston
Allen,Sherry,Mastracchio,Tiyanna,Allen,Brayden
Rominger,Luis,Jett,Rocio,Rominger,Winston
Allen,Francisca,Mastracchio,Tiyanna,Allen,Brayden
Rominger,Jessie,Jett,Rocio,Rominger,Winston
Allen,Domonique,Mastracchio,Tiyanna,Allen,Brayden
Rominger,Lloyd,Jett,Rocio,Rominger,Winston
Allen,Larissa,Mastracchio,Tiyanna,Allen,Brayden
Rominger,Kahlil,Jett,Rocio,Rominger,Winston
Allen,Symphony,Mastracchio,Liza,Allen,Alex
Rominger,Terry,Jett,Rocio,Rominger,Winston
Allen,Jailene,Mastracchio,Liza,Allen,Alex
Rominger,Fred,Jett,Rocio,Rominger,Winston
Allen,Nichole,Mastracchio,Itati,Allen,Jace
Rominger,Justus,Jett,Rocio,Rominger,Winston
Allen,Shirley,Mastracchio,Itati,Allen,Jace
Rominger,Donald,Mastracchio,Keyondra,Rominger,Kai
Allen,Brecken,Mastracchio,Itati,Allen,Jace
Rominger,Jean,Mastracchio,Keyondra,Rominger,Kai
Allen,Juliette,Mastracchio,Itati,Allen,Jace
Rominger,Phillip,Mastracchio,Keyondra,Rominger,Kai
Allen,Stevie,Mastracchio,Itati,Allen,Jace
Rominger,Kapil,Mastracchio,Keyondra,Rominger,Kai
Allen,Veronica,Mastracchio,Itati,Allen,Jace
Rominger,Agustin,Mastracchio,Keyondra,Rominger,Kai
Allen,Scarlett,Mastracchio,Itati,Allen,Jace
Rominger,Ronnie,Mastracchio,Keyondra,Rominger,Kai
Allen,Asya,Mastracchio,Itati,Allen,Jace
Rominger,Jajuan,Mastracchio,Keyondra,Rominger,Kai
Allen,Judith,Rominger,Katrina,Allen,Charly
Rominger,Kendall,Mastracchio,Keyondra,Rominger,Kai
Allen,Dasia,Rominger,Katrina,Allen,Charly
Rominger,Menachem,Mastracchio,Keyondra,Rominger,Kai
Allen,Rocio,Rominger,Katrina,Allen,Charly
Rominger,Cristian,Mastracchio,Joi,Rominger,John
Allen,Marcela,Rominger,Katrina,Allen,Charly
Rominger,Alberto,Mastracchio,Joi,Rominger,John
Allen,Elana,Rominger,Katrina,Allen,Charly
Rominger,Mauro,Mastracchio,Mariela,Rominger,Domenic
Allen,Kaylah,Rominger,Malia,Allen,Reynaldo
Rominger,Quanterriu,Mastracchio,Mariela,Rominger,Domenic
Allen,Sania,Rominger,Malia,Allen,Reynaldo
Rominger,Jovan,Mastracchio,Mariela,Rominger,Domenic
Allen,Lucia,Rominger,Kaylee,Allen,Alejandro
Rominger,Santos,Mastracchio,Mariela,Rominger,Domenic
Allen,Shelbi,Rominger,Kaylee,Allen,Alejandro
Rominger,Adam,Mastracchio,Mariela,Rominger,Domenic
Allen,Sharon,Truly,Kaytlin,Allen,Jasper
Rominger,Tre,Mastracchio,Mariela,Rominger,Domenic
Allen,Kelsee,Truly,Kaytlin,Allen,Jasper
Rominger,Jawaun,Mastracchio,Mariela,Rominger,Domenic
Allen,Tristin,Truly,Nathalia,Allen,Elliott
Rominger,Jeremy,Mastracchio,Mariela,Rominger,Domenic
Allen,Ariana,Truly,Nathalia,Allen,Elliott
Rominger,Bretton,Mastracchio,Mariela,Rominger,Domenic
Allen,Lizbeth,Truly,Nathalia,Allen,Elliott
Rominger,Moises,Mastracchio,Mariela,Rominger,Domenic
Allen,Mckayla,Truly,Nathalia,Allen,Elliott
Rominger,Isiah,Mastracchio,Mariela,Rominger,Domenic
Allen,Queen,Truly,Nathalia,Allen,Elliott
Allen,Jorge,Mastracchio,Tiyanna,Allen,Brayden
Allen,Joleen,Truly,Nathalia,Allen,Elliott
Allen,Brendan,Mastracchio,Tiyanna,Allen,Brayden
Truly,Erin,Allen,Sylvia,Truly,Tyran
Allen,Jashua,Mastracchio,Tiyanna,Allen,Brayden
Truly,Anamarie,Allen,Sylvia,Truly,Tyran
Allen,Lloyd,Mastracchio,Liza,Allen,Alex
Truly,Dixie,Allen,Sylvia,Truly,Tyran
Allen,Jaquan,Mastracchio,Itati,Allen,Jace
Truly,Stormy,Allen,Mykelle,Truly,Desmond
Allen,Erick,Mastracchio,Itati,Allen,Jace
Truly,Kelcee,Allen,Mykelle,Truly,Desmond
Allen,Paris,Mastracchio,Itati,Allen,Jace
Truly,Tania,Allen,Mykelle,Truly,Desmond
Allen,Anibal,Mastracchio,Itati,Allen,Jace
Truly,Valencia,Allen,Mykelle,Truly,Desmond
Allen,Yakov,Mastracchio,Itati,Allen,Jace
Truly,Myesha,Allen,Mykelle,Truly,Desmond
Allen,Jesus,Mastracchio,Itati,Allen,Jace
Truly,Bridget,Allen,Mykelle,Truly,Desmond
Allen,Keith,Mastracchio,Itati,Allen,Jace
Truly,Makena,Allen,Graciela,Truly,Trentin
Allen,Brent,Mastracchio,Itati,Allen,Jace
Truly,Sariah,Allen,Graciela,Truly,Trentin
Allen,Salvador,Rominger,Katrina,Allen,Charly
Truly,Cecelia,Allen,Graciela,Truly,Trentin
Allen,Damian,Rominger,Katrina,Allen,Charly
Truly,Nell,Allen,Graciela,Truly,Trentin
Allen,Chaim,Rominger,Katrina,Allen,Charly
Truly,Trinity,Allen,Graciela,Truly,Trentin
Allen,Benny,Rominger,Malia,Allen,Reynaldo
Truly,Jenna,Allen,Graciela,Truly,Trentin
Allen,Trent,Rominger,Malia,Allen,Reynaldo
Truly,Kiana,Allen,Graciela,Truly,Trentin
Allen,Trey,Rominger,Malia,Allen,Reynaldo
Truly,Rowan,Allen,Roslyn,Truly,Aspen
Allen,Maurice,Rominger,Malia,Allen,Reynaldo
Truly,Ivory,Allen,Roslyn,Truly,Aspen
Allen,Arnold,Rominger,Malia,Allen,Reynaldo
Truly,Paulina,Allen,Roslyn,Truly,Aspen
Allen,Eddie,Rominger,Kaylee,Allen,Alejandro
Truly,Stevie,Allen,Roslyn,Truly,Aspen
Allen,Marcus,Rominger,Kaylee,Allen,Alejandro
Truly,Savanah,Allen,Roslyn,Truly,Aspen
Allen,Nathanael,Rominger,Kaylee,Allen,Alejandro
Truly,Kylee,Llewellyn,Shane,Truly,Mauricio
Allen,Tommy,Rominger,Kaylee,Allen,Alejandro
Truly,Amberly,Llewellyn,Shane,Truly,Mauricio
Allen,Conor,Rominger,Kaylee,Allen,Alejandro
Truly,Leigh,Llewellyn,Shane,Truly,Mauricio
Allen,Demetrius,Rominger,Kaylee,Allen,Alejandro
Truly,Bryn,Llewellyn,Shane,Truly,Mauricio
Allen,Alden,Truly,Kaytlin,Allen,Jasper
Truly,Lindsay,Llewellyn,Shane,Truly,Mauricio
Allen,Nickolas,Truly,Nathalia,Allen,Elliott
Truly,Tamisha,Llewellyn,Shane,Truly,Mauricio
Allen,Tylor,Truly,Nathalia,Allen,Elliott
Truly,Aja,Llewellyn,Shane,Truly,Mauricio
Allen,Demarco,Truly,Nathalia,Allen,Elliott
Truly,Savanna,Llewellyn,Shane,Truly,Mauricio
Allen,Francisco,Truly,Nathalia,Allen,Elliott
Truly,Faith,Llewellyn,Shane,Truly,Mauricio
Allen,Jon,Truly,Nathalia,Allen,Elliott
Truly,Kortney,Llewellyn,Shane,Truly,Mauricio
Allen,Keion,Truly,Nathalia,Allen,Elliott
Truly,Shelly,Llewellyn,Caitlyn,Truly,Guillermo
Allen,Tyson,Truly,Nathalia,Allen,Elliott
Truly,Ixchel,Llewellyn,Caitlyn,Truly,Guillermo
Allen,Romeo,Truly,Nathalia,Allen,Elliott
Truly,Isis,Llewellyn,Caitlyn,Truly,Guillermo
Truly,Kaden,Allen,Sylvia,Truly,Tyran
Truly,Siera,Llewellyn,Caitlyn,Truly,Guillermo
Truly,Garin,Allen,Sylvia,Truly,Tyran
Truly,Jill,Llewellyn,Caitlyn,Truly,Guillermo
Truly,Dallas,Allen,Mykelle,Truly,Desmond
Truly,Suzette,Llewellyn,Giselle,Truly,David
Truly,Howard,Allen,Mykelle,Truly,Desmond
Truly,Shayna,Llewellyn,Giselle,Truly,David
Truly,Benjamen,Allen,Mykelle,Truly,Desmond
Truly,Charity,Llewellyn,Giselle,Truly,David
Truly,Jarvis,Allen,Mykelle,Truly,Desmond
Truly,Mariangeli,Llewellyn,Giselle,Truly,David
Truly,Dylan,Allen,Mykelle,Truly,Desmond
Truly,Estela,Llewellyn,Giselle,Truly,David
Truly,Anthoni,Allen,Mykelle,Truly,Desmond
Truly,Evelyn,Llewellyn,Giselle,Truly,David
Truly,Kade,Allen,Mykelle,Truly,Desmond
Truly,Khaila,Llewellyn,Giselle,Truly,David
Truly,Deondre,Allen,Mykelle,Truly,Desmond
Llewellyn,Nicole,Truly,Emilie,Llewellyn,Markus
Truly,Dayton,Allen,Mykelle,Truly,Desmond
Llewellyn,Selena,Truly,Emilie,Llewellyn,Markus
Truly,Connor,Allen,Mykelle,Truly,Desmond
Llewellyn,Shanise,Truly,Emilie,Llewellyn,Markus
Truly,Dusty,Allen,Mykelle,Truly,Desmond
Llewellyn,Liza,Truly,Emilie,Llewellyn,Markus
Truly,Ricardo,Allen,Mykelle,Truly,Desmond
Llewellyn,Martha,Truly,Emilie,Llewellyn,Markus
Truly,Aron,Allen,Mykelle,Truly,Desmond
Llewellyn,Toni,Truly,Chastity,Llewellyn,Anton
Truly,Keion,Allen,Graciela,Truly,Trentin
Llewellyn,Danica,Truly,Chastity,Llewellyn,Anton
Truly,Reed,Allen,Graciela,Truly,Trentin
Llewellyn,Blair,Truly,Chastity,Llewellyn,Anton
Truly,Jack,Allen,Graciela,Truly,Trentin
Llewellyn,Tia,Truly,Chastity,Llewellyn,Anton
Truly,Abel,Allen,Graciela,Truly,Trentin
Llewellyn,Rochelle,Truly,Chastity,Llewellyn,Anton
Truly,Quentin,Allen,Roslyn,Truly,Aspen
Llewellyn,Mandy,Truly,Chastity,Llewellyn,Anton
Truly,Pierce,Allen,Roslyn,Truly,Aspen
Llewellyn,Kaycee,Truly,Chastity,Llewellyn,Anton
Truly,Austyn,Allen,Roslyn,Truly,Aspen
Llewellyn,Jackie,Truly,Chastity,Llewellyn,Anton
Truly,Denzell,Allen,Roslyn,Truly,Aspen
Llewellyn,Kassandra,Truly,Chastity,Llewellyn,Anton
Truly,Skylar,Llewellyn,Shane,Truly,Mauricio
Llewellyn,Ruby,Truly,Chastity,Llewellyn,Anton
Truly,Tyrone,Llewellyn,Shane,Truly,Mauricio
Llewellyn,Margaret,Truly,Chastity,Llewellyn,Anton
Truly,Tyrell,Llewellyn,Shane,Truly,Mauricio
Llewellyn,Maegen,Truly,Chastity,Llewellyn,Anton
Truly,Jaylin,Llewellyn,Shane,Truly,Mauricio
Llewellyn,Lilly,Tanner,Karah,Llewellyn,Bill
Truly,Branden,Llewellyn,Shane,Truly,Mauricio
Llewellyn,Becca,Tanner,Karah,Llewellyn,Bill
Truly,Elmer,Llewellyn,Shane,Truly,Mauricio
Llewellyn,Ivelisse,Tanner,Karah,Llewellyn,Bill
Truly,Yash,Llewellyn,Shane,Truly,Mauricio
Llewellyn,Patience,Tanner,Karah,Llewellyn,Bill
Truly,Buford,Llewellyn,Shane,Truly,Mauricio
Llewellyn,Keishla,Tanner,Karah,Llewellyn,Bill
Truly,Liam,Llewellyn,Caitlyn,Truly,Guillermo
Llewellyn,Kayli,Tanner,Karah,Llewellyn,Bill
Truly,Ashton,Llewellyn,Caitlyn,Truly,Guillermo
Llewellyn,Tonya,Tanner,Kyra,Llewellyn,Richie
Truly,Markell,Llewellyn,Caitlyn,Truly,Guillermo
Llewellyn,Zandria,Tanner,Kyra,Llewellyn,Richie
Truly,Draven,Llewellyn,Caitlyn,Truly,Guillermo
Llewellyn,Maggie,Tanner,Kyra,Llewellyn,Richie
Truly,Jorge,Llewellyn,Caitlyn,Truly,Guillermo
Llewellyn,Kayle,Tanner,Kyra,Llewellyn,Richie
Truly,Diamond,Llewellyn,Caitlyn,Truly,Guillermo
Llewellyn,Stephania,Tanner,Kyra,Llewellyn,Richie
Truly,Benny,Llewellyn,Caitlyn,Truly,Guillermo
Llewellyn,Torrie,Tanner,Kyra,Llewellyn,Richie
Truly,Tom,Llewellyn,Caitlyn,Truly,Guillermo
Llewellyn,Siobhan,Tanner,Kyra,Llewellyn,Richie
Truly,Steve,Llewellyn,Caitlyn,Truly,Guillermo
Llewellyn,Jaime,Tanner,Kyra,Llewellyn,Richie
Truly,Vincent,Llewellyn,Caitlyn,Truly,Guillermo
Llewellyn,India,Tanner,Kyra,Llewellyn,Richie
Truly,Barrett,Llewellyn,Caitlyn,Truly,Guillermo
Tanner,Gerardo,Llewellyn,Alejandra,Tanner,Kalon
Truly,Deangelo,Llewellyn,Giselle,Truly,David
Tanner,Lacey,Llewellyn,Alejandra,Tanner,Kalon
Truly,Caleb,Llewellyn,Giselle,Truly,David
Tanner,Hailey,Llewellyn,Alejandra,Tanner,Kalon
Truly,Chadwick,Llewellyn,Giselle,Truly,David
Tanner,Dulce,Llewellyn,Alejandra,Tanner,Kalon
Truly,Tarik,Llewellyn,Giselle,Truly,David
Tanner,Jaime,Llewellyn,Alejandra,Tanner,Kalon
Truly,Javonte,Llewellyn,Giselle,Truly,David
Tanner,Luisa,Llewellyn,Alejandra,Tanner,Kalon
Truly,Henry,Llewellyn,Giselle,Truly,David
Tanner,Bobbie,Llewellyn,Alejandra,Tanner,Kalon
Truly,Santos,Llewellyn,Giselle,Truly,David
Tanner,Colette,Magnus,Whitney,Tanner,Craig
Truly,Easton,Llewellyn,Giselle,Truly,David
Tanner,Charlotte,Magnus,Whitney,Tanner,Craig
Truly,Hassan,Llewellyn,Giselle,Truly,David
Tanner,Lakendra,Magnus,Whitney,Tanner,Craig
Truly,Marlon,Llewellyn,Giselle,Truly,David
Tanner,Noel,Magnus,Sarahmarie,Tanner,Leroy
Truly,Mickey,Llewellyn,Giselle,Truly,David
Tanner,Iesha,Magnus,Sarahmarie,Tanner,Leroy
Truly,Leo,Llewellyn,Giselle,Truly,David
Tanner,Deandrea,Magnus,Sarahmarie,Tanner,Leroy
Llewellyn,Tayler,Truly,Emilie,Llewellyn,Markus
Tanner,Tierney,Magnus,Sarahmarie,Tanner,Leroy
Llewellyn,James,Truly,Emilie,Llewellyn,Markus
Tanner,Dania,Magnus,Sarahmarie,Tanner,Leroy
Llewellyn,Yovani,Truly,Chastity,Llewellyn,Anton
Tanner,Alexi,Magnus,Sarahmarie,Tanner,Leroy
Llewellyn,Adrian,Truly,Chastity,Llewellyn,Anton
Tanner,Jonae,Magnus,Sarahmarie,Tanner,Leroy
Llewellyn,Tony,Truly,Chastity,Llewellyn,Anton
Tanner,Ella,Magnus,Sarahmarie,Tanner,Leroy
Llewellyn,Christophe,Truly,Chastity,Llewellyn,Anton
Tanner,Katarina,Magnus,Alexandria,Tanner,Quintin
Llewellyn,Isaias,Truly,Chastity,Llewellyn,Anton
Tanner,Aundrea,Magnus,Alexandria,Tanner,Quintin
Llewellyn,Trevin,Truly,Chastity,Llewellyn,Anton
Tanner,Kali,Magnus,Alexandria,Tanner,Quintin
Llewellyn,Khalid,Tanner,Karah,Llewellyn,Bill
Tanner,Devin,Magnus,Alexandria,Tanner,Quintin
Llewellyn,Benjamin,Tanner,Karah,Llewellyn,Bill
Tanner,Tanna,Magnus,Alexandria,Tanner,Quintin
Llewellyn,Joey,Tanner,Karah,Llewellyn,Bill
Tanner,Marianna,Magnus,Alexandria,Tanner,Quintin
Llewellyn,Denzell,Tanner,Karah,Llewellyn,Bill
Tanner,Kiersten,Magnus,Alexandria,Tanner,Quintin
Llewellyn,Jabari,Tanner,Karah,Llewellyn,Bill
Tanner,Torrie,Magnus,Alexandria,Tanner,Quintin
Llewellyn,Brendon,Tanner,Karah,Llewellyn,Bill
Tanner,Sarai,Magnus,Alexandria,Tanner,Quintin
Llewellyn,Rasheed,Tanner,Karah,Llewellyn,Bill
Tanner,Shyla,Magnus,Kenna,Tanner,Lamonte
Llewellyn,Wilson,Tanner,Karah,Llewellyn,Bill
Tanner,Constance,Magnus,Kenna,Tanner,Lamonte
Llewellyn,Fredrick,Tanner,Kyra,Llewellyn,Richie
Tanner,Katie,Caldwell,Sharon,Tanner,Alvaro
Llewellyn,Bennett,Tanner,Kyra,Llewellyn,Richie
Tanner,Rachael,Caldwell,Sharon,Tanner,Alvaro
Llewellyn,Neftaly,Tanner,Kyra,Llewellyn,Richie
Tanner,Chana,Caldwell,Camila,Tanner,Charlie
Llewellyn,Casey,Tanner,Kyra,Llewellyn,Richie
Tanner,Dena,Caldwell,Camila,Tanner,Charlie
Llewellyn,Marquise,Tanner,Kyra,Llewellyn,Richie
Tanner,Maison,Caldwell,Camila,Tanner,Charlie
Llewellyn,Cecil,Tanner,Kyra,Llewellyn,Richie
Tanner,Genevieve,Caldwell,Julianna,Tanner,Desmond
Llewellyn,Zane,Tanner,Kyra,Llewellyn,Richie
Tanner,Faith,Caldwell,Julianna,Tanner,Desmond
Llewellyn,Gregory,Tanner,Kyra,Llewellyn,Richie
Tanner,Jaden,Caldwell,Julianna,Tanner,Desmond
Llewellyn,Antonio,Tanner,Kyra,Llewellyn,Richie
Tanner,Jazmyne,Caldwell,Julianna,Tanner,Desmond
Tanner,Armani,Llewellyn,Alejandra,Tanner,Kalon
Tanner,Jocelyne,Caldwell,Julianna,Tanner,Desmond
Tanner,Salvatore,Llewellyn,Alejandra,Tanner,Kalon
Magnus,Rochelle,Tanner,Celeste,Magnus,Keifer
Tanner,Javonte,Llewellyn,Alejandra,Tanner,Kalon
Magnus,Brianna,Tanner,Celeste,Magnus,Keifer
Tanner,Brennon,Llewellyn,Alejandra,Tanner,Kalon
Caldwell,Joselyn,Tanner,Nancy,Caldwell,Yobani
Tanner,Tyree,Llewellyn,Alejandra,Tanner,Kalon
Caldwell,Perla,Tanner,Nancy,Caldwell,Yobani
Tanner,Jaleel,Magnus,Whitney,Tanner,Craig
Caldwell,Ashlie,Tanner,Myranda,Caldwell,Evan
Tanner,Maleek,Magnus,Whitney,Tanner,Craig
Caldwell,Adrian,Tanner,Myranda,Caldwell,Evan
Tanner,Forrest,Magnus,Whitney,Tanner,Craig
Caldwell,Tamia,Tanner,Myranda,Caldwell,Evan
Tanner,Zachery,Magnus,Whitney,Tanner,Craig
Foreman,Joselin,Tanner,Mara,Foreman,Brenton
Tanner,Taquan,Magnus,Whitney,Tanner,Craig
Foreman,Queen,Tanner,Mara,Foreman,Brenton
Tanner,Andres,Magnus,Whitney,Tanner,Craig
Foreman,Sherridan,Tanner,Mara,Foreman,Brenton
Tanner,Rayquan,Magnus,Whitney,Tanner,Craig
Foreman,Desaree,Tanner,Mara,Foreman,Brenton
Tanner,Isaias,Magnus,Sarahmarie,Tanner,Leroy
Foreman,Kallee,Tanner,Mara,Foreman,Brenton
Tanner,Christophe,Magnus,Sarahmarie,Tanner,Leroy
Foreman,Lisa,Tanner,Mara,Foreman,Brenton
Tanner,Shaun,Magnus,Sarahmarie,Tanner,Leroy
Foreman,Shelbi,Tanner,Mara,Foreman,Brenton
Tanner,Trae,Magnus,Sarahmarie,Tanner,Leroy
Foreman,Yessenia,Tanner,Mara,Foreman,Brenton
Tanner,Kyler,Magnus,Sarahmarie,Tanner,Leroy
Foreman,Constance,Tanner,Mara,Foreman,Brenton
Tanner,Ramon,Magnus,Alexandria,Tanner,Quintin
Foreman,Amna,Taft,Stephany,Foreman,Malik
Tanner,Daxton,Magnus,Alexandria,Tanner,Quintin
Foreman,Moesha,Taft,Stephany,Foreman,Malik
Tanner,Davon,Magnus,Alexandria,Tanner,Quintin
Foreman,Anahi,Taft,Stephany,Foreman,Malik
Tanner,Jeremiah,Magnus,Alexandria,Tanner,Quintin
Foreman,Cody,Taft,Chloie,Foreman,Samuel
Tanner,Nickalus,Magnus,Alexandria,Tanner,Quintin
Foreman,Makala,Taft,Chloie,Foreman,Samuel
Tanner,Tate,Magnus,Alexandria,Tanner,Quintin
Foreman,Eileen,Taft,Chloie,Foreman,Samuel
Tanner,Tyson,Magnus,Alexandria,Tanner,Quintin
Foreman,Ashlee,Taft,Chloie,Foreman,Samuel
Tanner,Noe,Magnus,Kenna,Tanner,Lamonte
Foreman,Josey,Taft,Chloie,Foreman,Samuel
Tanner,Cullen,Magnus,Kenna,Tanner,Lamonte
Foreman,Farrah,Taft,Chloie,Foreman,Samuel
Tanner,Kevin,Magnus,Kenna,Tanner,Lamonte
Foreman,Trisha,Taft,Chloie,Foreman,Samuel
Tanner,San,Magnus,Kenna,Tanner,Lamonte
Foreman,Aileen,Taft,Chloie,Foreman,Samuel
Tanner,Malachi,Caldwell,Sharon,Tanner,Alvaro
Foreman,Heidy,Taft,Chloie,Foreman,Samuel
Tanner,Jordin,Caldwell,Sharon,Tanner,Alvaro
Foreman,Gloria,Taft,Chloie,Foreman,Samuel
Tanner,Spenser,Caldwell,Sharon,Tanner,Alvaro
Foreman,Mackenna,Taft,Porsha,Foreman,Hashim
Tanner,Kenyon,Caldwell,Sharon,Tanner,Alvaro
Foreman,Cheryl,Taft,Porsha,Foreman,Hashim
Tanner,Jamel,Caldwell,Camila,Tanner,Charlie
Foreman,Kerry,Taft,Porsha,Foreman,Hashim
Tanner,Izaiah,Caldwell,Camila,Tanner,Charlie
Foreman,Skye,Taft,Porsha,Foreman,Hashim
Tanner,Rene,Caldwell,Camila,Tanner,Charlie
Foreman,Jailene,Taft,Porsha,Foreman,Hashim
Tanner,Brady,Caldwell,Camila,Tanner,Charlie
Foreman,Destinee,Taft,Porsha,Foreman,Hashim
Tanner,Vincent,Caldwell,Camila,Tanner,Charlie
Foreman,Sheila,Taft,Porsha,Foreman,Hashim
Tanner,Daequan,Caldwell,Camila,Tanner,Charlie
Foreman,Caylin,Taft,Ruth,Foreman,Geoffrey
Tanner,Leonel,Caldwell,Camila,Tanner,Charlie
Foreman,Brittani,Taft,Ruth,Foreman,Geoffrey
Tanner,Bradley,Caldwell,Camila,Tanner,Charlie
Foreman,Xian,Taft,Ruth,Foreman,Geoffrey
Tanner,Trey,Caldwell,Camila,Tanner,Charlie
Foreman,Sabrina,Taft,Ruth,Foreman,Geoffrey
Tanner,Marielle,Caldwell,Camila,Tanner,Charlie
Foreman,Kacie,Taft,Ruth,Foreman,Geoffrey
Tanner,Manuel,Caldwell,Camila,Tanner,Charlie
Foreman,Jesica,Taft,Ruth,Foreman,Geoffrey
Tanner,Lloyd,Caldwell,Camila,Tanner,Charlie
Foreman,Ana,Taft,Ruth,Foreman,Geoffrey
Tanner,Brendan,Caldwell,Camila,Tanner,Charlie
Foreman,Nichole,Taft,Ruth,Foreman,Geoffrey
Tanner,Colby,Caldwell,Julianna,Tanner,Desmond
Foreman,Annalisa,Taft,Ruth,Foreman,Geoffrey
Tanner,Nicolas,Caldwell,Julianna,Tanner,Desmond
Foreman,Jameisha,Taft,Ruth,Foreman,Geoffrey
Tanner,Stephon,Caldwell,Julianna,Tanner,Desmond
Foreman,Kristi,Taft,Ruth,Foreman,Geoffrey
Tanner,Ben,Caldwell,Julianna,Tanner,Desmond
Foreman,Jocelyne,Taft,Ruth,Foreman,Geoffrey
Tanner,Erick,Caldwell,Julianna,Tanner,Desmond
Foreman,Doris,Taft,Janna,Foreman,Brice
Tanner,Aaron,Caldwell,Julianna,Tanner,Desmond
Foreman,Athena,Taft,Janna,Foreman,Brice
Tanner,Dean,Caldwell,Julianna,Tanner,Desmond
Foreman,Colleen,Taft,Janna,Foreman,Brice
Tanner,Wilson,Caldwell,Julianna,Tanner,Desmond
Foreman,Scarlett,Taft,Janna,Foreman,Brice
Tanner,Shawn,Caldwell,Julianna,Tanner,Desmond
Foreman,Helen,Taft,Janna,Foreman,Brice
Tanner,Warren,Caldwell,Julianna,Tanner,Desmond
Foreman,Emilia,Taft,Joselin,Foreman,Ted
Tanner,Victor,Caldwell,Julianna,Tanner,Desmond
Foreman,Glenda,Taft,Joselin,Foreman,Ted
Magnus,Elvin,Tanner,Celeste,Magnus,Keifer
Foreman,Lillie,Taft,Joselin,Foreman,Ted
Magnus,Mickey,Tanner,Celeste,Magnus,Keifer
Foreman,Janna,Taft,Joselin,Foreman,Ted
Magnus,Kerrick,Tanner,Celeste,Magnus,Keifer
Foreman,Madelyn,Taft,Joselin,Foreman,Ted
Caldwell,Roman,Tanner,Nancy,Caldwell,Yobani
Foreman,Larissa,Taft,Joselin,Foreman,Ted
Caldwell,Kelsey,Tanner,Nancy,Caldwell,Yobani
Foreman,Abbey,Taft,Joselin,Foreman,Ted
Caldwell,Rogelio,Tanner,Nancy,Caldwell,Yobani
Foreman,Michal,Taft,Joselin,Foreman,Ted
Caldwell,Leonardo,Tanner,Nancy,Caldwell,Yobani
Foreman,Hadley,Taft,Joselin,Foreman,Ted
Caldwell,Olivier,Tanner,Nancy,Caldwell,Yobani
Foreman,Alisa,Taft,Joselin,Foreman,Ted
Caldwell,Andres,Tanner,Nancy,Caldwell,Yobani
Foreman,Suzanne,Taft,Joselin,Foreman,Ted
Caldwell,Addison,Tanner,Nancy,Caldwell,Yobani
Foreman,Caitlan,Taft,Joselin,Foreman,Ted
Caldwell,Randy,Tanner,Nancy,Caldwell,Yobani
Foreman,Paola,Taft,Joselin,Foreman,Ted
Caldwell,Connor,Tanner,Nancy,Caldwell,Yobani
Foreman,Selena,Taft,Joselin,Foreman,Ted
Caldwell,Slaten,Tanner,Nancy,Caldwell,Yobani
Foreman,Baily,Taft,Joselin,Foreman,Ted
Caldwell,Johnathon,Tanner,Myranda,Caldwell,Evan
Foreman,Mikaela,Taft,Joselin,Foreman,Ted
Caldwell,Sidney,Tanner,Myranda,Caldwell,Evan
Foreman,Debbie,Taft,Isabelle,Foreman,Malcolm
Foreman,Leland,Tanner,Mara,Foreman,Brenton
Foreman,Deborah,Taft,Isabelle,Foreman,Malcolm
Foreman,Tommy,Taft,Chloie,Foreman,Samuel
Foreman,Maryssa,Taft,Isabelle,Foreman,Malcolm
Foreman,Logan,Taft,Chloie,Foreman,Samuel
Foreman,Christine,Taft,Isabelle,Foreman,Malcolm
Foreman,Jovan,Taft,Chloie,Foreman,Samuel
Foreman,Salina,Taft,Isabelle,Foreman,Malcolm
Foreman,Cooper,Taft,Chloie,Foreman,Samuel
Foreman,Tara,Taft,Isabelle,Foreman,Malcolm
Foreman,Thaddeus,Taft,Chloie,Foreman,Samuel
Foreman,Karlee,Taft,Isabelle,Foreman,Malcolm
Foreman,Quinn,Taft,Chloie,Foreman,Samuel
Foreman,Ciara,Taft,Isabelle,Foreman,Malcolm
Foreman,Brent,Taft,Chloie,Foreman,Samuel
Foreman,Yazmin,Taft,Isabelle,Foreman,Malcolm
Foreman,Deandre,Taft,Chloie,Foreman,Samuel
Foreman,Taylorann,Taft,Isabelle,Foreman,Malcolm
Foreman,Douglas,Taft,Porsha,Foreman,Hashim
Foreman,Graciela,Taft,Isabelle,Foreman,Malcolm
Foreman,Darnell,Taft,Porsha,Foreman,Hashim
Foreman,Laura,Taft,Isabelle,Foreman,Malcolm
Foreman,Olivier,Taft,Porsha,Foreman,Hashim
Foreman,Devin,Taft,Isabelle,Foreman,Malcolm
Foreman,Jacob,Taft,Porsha,Foreman,Hashim
Foreman,Keiarra,Taft,Isabelle,Foreman,Malcolm
Foreman,Javon,Taft,Porsha,Foreman,Hashim
Foreman,Jazmyne,Taft,Isabelle,Foreman,Malcolm
Foreman,Kyler,Taft,Porsha,Foreman,Hashim
Foreman,Aleisha,Taft,Isabelle,Foreman,Malcolm
Foreman,Christophe,Taft,Porsha,Foreman,Hashim
Foreman,Baby,Taft,Isabelle,Foreman,Malcolm
Foreman,Kapil,Taft,Porsha,Foreman,Hashim
Foreman,Minna,Taft,Cherie,Foreman,Kody
Foreman,Braden,Taft,Porsha,Foreman,Hashim
Foreman,Niyah,Taft,Cherie,Foreman,Kody
Foreman,Tarik,Taft,Porsha,Foreman,Hashim
Foreman,Lauryn,Taft,Cherie,Foreman,Kody
Foreman,Cory,Taft,Porsha,Foreman,Hashim
Foreman,Greer,Taft,Cherie,Foreman,Kody
Foreman,Allan,Taft,Porsha,Foreman,Hashim
Foreman,Unique,Taft,Cherie,Foreman,Kody
