Hire,Jalen,Akers,Regina,Hire,Nigel
Llewellyn,Shanique,Mattingly,Jewel,Llewellyn,Aiden
Thorne,Emilio,Reilly,Latosha,Thorne,Hugo
Thornton,Armani,Llewellyn,Ashley,Thornton,Kendall
Altman,Tyson,Hawley,Michele,Altman,Kenneth
Godwin,Kayli,Foreman,Tessa,Godwin,Ethan
Spring,Brandon,Lovell,Adrian,Spring,Silas
Hilliard,Arianna,Taylor,Shamaria,Hilliard,Raul
Hartsfield,Josie,Foale,Linda,Hartsfield,Chandler
Scobee,Haylie,Pierce,Jenna,Scobee,Zachery
Harrison,Samuel,Jones,Gabriele,Harrison,Jairo
Bean,Sheila,Wilson,Anitra,Bean,Kamau
Stefanyshyn,Ahmed,Wisoff,Kenia,Stefanyshyn,Jeremy
Glenn,Shenelly,Jackson,Alice,Glenn,Trace
Magnus,Warren,Gemar,Maryssa,Magnus,Dion
Ford,Kenna,Thorne,Silvia,Ford,Evan
Truly,Ted,Barry,Angela,Truly,Deon
Schweickart,Krista,Davis,Jaycie,Schweickart,Jonathon
Shepherd,Bjorn,Hilmers,Dasia,Shepherd,Julian
Newman,Celina,White,Allyson,Newman,Shawn
Magnus,Kahlil,Hobaugh,Jennifer,Magnus,Javonte
Bassett,Bailee,Jackson,Misty,Bassett,Bradly
Meade,Neftaly,Baker,Corina,Meade,Osvaldo
Armstrong,Morgen,Reisman,Deanna,Armstrong,Gonzalo
Bean,Curtis,Torvalds,Gabrielle,Bean,Zachery
Wheelock,Nia,Hart,Cherie,Wheelock,Bronson
Foale,Keegan,Wolf,Giovanna,Foale,Jeb
Young,Greer,Ross,Marlena,Young,Joey
Hire,Javen,Llewellyn,Shanique,Hire,Jalen
Michel,Jeffrey,Michel,Caitlin,Michel,Asher
Hire,Treshaun,Llewellyn,Shanique,Hire,Jalen
Casper,Margo,Reilly,Cortney,Casper,Isaias
Hire,Bailey,Llewellyn,Shanique,Hire,Jalen
Hire,Josephine,Llewellyn,Shanique,Hire,Jalen
Hire,Jovon,Llewellyn,Shanique,Hire,Jalen
Hire,Brook,Llewellyn,Shanique,Hire,Jalen
Hire,Calib,Llewellyn,Shanique,Hire,Jalen
Hire,Camilla,Llewellyn,Shanique,Hire,Jalen
Hire,Devonte,Llewellyn,Shanique,Hire,Jalen
Hire,Alyssa,Llewellyn,Shanique,Hire,Jalen
Hire,Nickalus,Llewellyn,Shanique,Hire,Jalen
Hire,Emmily,Llewellyn,Shanique,Hire,Jalen
Hire,Josiah,Llewellyn,Shanique,Hire,Jalen
Hire,Cindy,Llewellyn,Shanique,Hire,Jalen
Hire,Jermaine,Llewellyn,Shanique,Hire,Jalen
Hire,Stephanie,Llewellyn,Shanique,Hire,Jalen
Thorne,Wilson,Thornton,Armani,Thorne,Emilio
Thorne,Destany,Thornton,Armani,Thorne,Emilio
Thorne,Albert,Thornton,Armani,Thorne,Emilio
Thorne,Kylee,Thornton,Armani,Thorne,Emilio
Thorne,Terence,Thornton,Armani,Thorne,Emilio
Thorne,Darcie,Thornton,Armani,Thorne,Emilio
Thorne,Clayton,Thornton,Armani,Thorne,Emilio
Thorne,Jazmin,Thornton,Armani,Thorne,Emilio
Thorne,Jacques,Thornton,Armani,Thorne,Emilio
Thorne,Alice,Thornton,Armani,Thorne,Emilio
Thorne,Keegan,Thornton,Armani,Thorne,Emilio
Thorne,Hope,Thornton,Armani,Thorne,Emilio
Altman,Emilio,Godwin,Kayli,Altman,Tyson
Altman,Ashtin,Godwin,Kayli,Altman,Tyson
Altman,Alfredo,Godwin,Kayli,Altman,Tyson
Altman,Zaria,Godwin,Kayli,Altman,Tyson
Spring,Tate,Hilliard,Arianna,Spring,Brandon
Altman,Jessica,Godwin,Kayli,Altman,Tyson
Spring,Logan,Hilliard,Arianna,Spring,Brandon
Spring,Shaina,Hilliard,Arianna,Spring,Brandon
Spring,Darren,Hilliard,Arianna,Spring,Brandon
Spring,Victoria,Hilliard,Arianna,Spring,Brandon
Spring,Carl,Hilliard,Arianna,Spring,Brandon
Spring,Kelsy,Hilliard,Arianna,Spring,Brandon
Spring,Alan,Hilliard,Arianna,Spring,Brandon
Spring,Jennifer,Hilliard,Arianna,Spring,Brandon
Spring,Neftaly,Hilliard,Arianna,Spring,Brandon
Spring,Kelli,Hilliard,Arianna,Spring,Brandon
Spring,Brenden,Hilliard,Arianna,Spring,Brandon
Spring,Celena,Hilliard,Arianna,Spring,Brandon
Spring,Walker,Hilliard,Arianna,Spring,Brandon
Spring,Yvette,Hilliard,Arianna,Spring,Brandon
Hartsfield,Mohammed,Scobee,Haylie,Hartsfield,Josie
Spring,Tatiana,Hilliard,Arianna,Spring,Brandon
Hartsfield,Grant,Scobee,Haylie,Hartsfield,Josie
Hartsfield,Kayleen,Scobee,Haylie,Hartsfield,Josie
Harrison,Calib,Bean,Sheila,Harrison,Samuel
Hartsfield,Sally,Scobee,Haylie,Hartsfield,Josie
Harrison,River,Bean,Sheila,Harrison,Samuel
Harrison,Haylie,Bean,Sheila,Harrison,Samuel
Harrison,Jovan,Bean,Sheila,Harrison,Samuel
Harrison,Noah,Bean,Sheila,Harrison,Samuel
Harrison,Erich,Bean,Sheila,Harrison,Samuel
Harrison,Lorena,Bean,Sheila,Harrison,Samuel
Harrison,Kenyon,Bean,Sheila,Harrison,Samuel
Harrison,Hana,Bean,Sheila,Harrison,Samuel
Harrison,Abdul,Bean,Sheila,Harrison,Samuel
Harrison,Bryana,Bean,Sheila,Harrison,Samuel
Harrison,Israel,Bean,Sheila,Harrison,Samuel
Harrison,Abagail,Bean,Sheila,Harrison,Samuel
Stefanyshyn,Rigoberto,Glenn,Shenelly,Stefanyshyn,Ahmed
Harrison,Tatianna,Bean,Sheila,Harrison,Samuel
Stefanyshyn,Terrell,Glenn,Shenelly,Stefanyshyn,Ahmed
Stefanyshyn,Angel,Glenn,Shenelly,Stefanyshyn,Ahmed
Stefanyshyn,Michel,Glenn,Shenelly,Stefanyshyn,Ahmed
Stefanyshyn,Cherie,Glenn,Shenelly,Stefanyshyn,Ahmed
Stefanyshyn,Benjamen,Glenn,Shenelly,Stefanyshyn,Ahmed
Stefanyshyn,Allegra,Glenn,Shenelly,Stefanyshyn,Ahmed
Stefanyshyn,Benito,Glenn,Shenelly,Stefanyshyn,Ahmed
Stefanyshyn,Ladaysha,Glenn,Shenelly,Stefanyshyn,Ahmed
Stefanyshyn,Reece,Glenn,Shenelly,Stefanyshyn,Ahmed
Stefanyshyn,Kaina,Glenn,Shenelly,Stefanyshyn,Ahmed
Stefanyshyn,Maleek,Glenn,Shenelly,Stefanyshyn,Ahmed
Stefanyshyn,Elexus,Glenn,Shenelly,Stefanyshyn,Ahmed
Stefanyshyn,Rogelio,Glenn,Shenelly,Stefanyshyn,Ahmed
Stefanyshyn,Sheniqua,Glenn,Shenelly,Stefanyshyn,Ahmed
Stefanyshyn,Vernon,Glenn,Shenelly,Stefanyshyn,Ahmed
Magnus,Shea,Ford,Kenna,Magnus,Warren
Stefanyshyn,Kade,Glenn,Shenelly,Stefanyshyn,Ahmed
Magnus,Kianna,Ford,Kenna,Magnus,Warren
Stefanyshyn,Mohammed,Glenn,Shenelly,Stefanyshyn,Ahmed
Magnus,Janae,Ford,Kenna,Magnus,Warren
Stefanyshyn,Albert,Glenn,Shenelly,Stefanyshyn,Ahmed
Magnus,Kallee,Ford,Kenna,Magnus,Warren
Magnus,Kareem,Ford,Kenna,Magnus,Warren
Magnus,Tracy,Ford,Kenna,Magnus,Warren
Magnus,Alan,Ford,Kenna,Magnus,Warren
Magnus,Tara,Ford,Kenna,Magnus,Warren
Magnus,Cristopher,Ford,Kenna,Magnus,Warren
Magnus,Cecilia,Ford,Kenna,Magnus,Warren
Magnus,Javion,Ford,Kenna,Magnus,Warren
Magnus,Janessa,Ford,Kenna,Magnus,Warren
Magnus,Dantae,Ford,Kenna,Magnus,Warren
Magnus,Diamond,Ford,Kenna,Magnus,Warren
Magnus,Idris,Ford,Kenna,Magnus,Warren
Truly,Harmony,Schweickart,Krista,Truly,Ted
Magnus,Nolan,Ford,Kenna,Magnus,Warren
Truly,Carley,Schweickart,Krista,Truly,Ted
Magnus,Britt,Ford,Kenna,Magnus,Warren
Truly,Danae,Schweickart,Krista,Truly,Ted
Magnus,Mathew,Ford,Kenna,Magnus,Warren
Shepherd,Kaylynn,Newman,Celina,Shepherd,Bjorn
Magnus,Daron,Ford,Kenna,Magnus,Warren
Shepherd,Breonna,Newman,Celina,Shepherd,Bjorn
Truly,Benito,Schweickart,Krista,Truly,Ted
Shepherd,Sky,Newman,Celina,Shepherd,Bjorn
Truly,Sahil,Schweickart,Krista,Truly,Ted
Shepherd,Giovanna,Newman,Celina,Shepherd,Bjorn
Truly,Jairo,Schweickart,Krista,Truly,Ted
Shepherd,Ivory,Newman,Celina,Shepherd,Bjorn
Truly,Charles,Schweickart,Krista,Truly,Ted
Shepherd,Janay,Newman,Celina,Shepherd,Bjorn
Truly,Marshall,Schweickart,Krista,Truly,Ted
Shepherd,Payton,Newman,Celina,Shepherd,Bjorn
Truly,Arjun,Schweickart,Krista,Truly,Ted
Shepherd,Jaycee,Newman,Celina,Shepherd,Bjorn
Truly,Anibal,Schweickart,Krista,Truly,Ted
Magnus,Destany,Bassett,Bailee,Magnus,Kahlil
Shepherd,Dana,Newman,Celina,Shepherd,Bjorn
Magnus,Shawna,Bassett,Bailee,Magnus,Kahlil
Shepherd,Owen,Newman,Celina,Shepherd,Bjorn
Magnus,Karen,Bassett,Bailee,Magnus,Kahlil
Shepherd,Dean,Newman,Celina,Shepherd,Bjorn
Magnus,Abby,Bassett,Bailee,Magnus,Kahlil
Shepherd,Raekwon,Newman,Celina,Shepherd,Bjorn
Magnus,Clare,Bassett,Bailee,Magnus,Kahlil
Shepherd,Eddie,Newman,Celina,Shepherd,Bjorn
Meade,Emilee,Armstrong,Morgen,Meade,Neftaly
Shepherd,Zaire,Newman,Celina,Shepherd,Bjorn
Meade,Salina,Armstrong,Morgen,Meade,Neftaly
Shepherd,Kurt,Newman,Celina,Shepherd,Bjorn
Meade,Bridget,Armstrong,Morgen,Meade,Neftaly
Shepherd,Zachery,Newman,Celina,Shepherd,Bjorn
Meade,Shianne,Armstrong,Morgen,Meade,Neftaly
Magnus,Fernando,Bassett,Bailee,Magnus,Kahlil
Meade,Karissa,Armstrong,Morgen,Meade,Neftaly
Magnus,Diondre,Bassett,Bailee,Magnus,Kahlil
Bean,Keisha,Wheelock,Nia,Bean,Curtis
Magnus,Tyrone,Bassett,Bailee,Magnus,Kahlil
Bean,Symone,Wheelock,Nia,Bean,Curtis
Magnus,Benny,Bassett,Bailee,Magnus,Kahlil
Bean,Jeanna,Wheelock,Nia,Bean,Curtis
Magnus,August,Bassett,Bailee,Magnus,Kahlil
Bean,Reagan,Wheelock,Nia,Bean,Curtis
Meade,Owen,Armstrong,Morgen,Meade,Neftaly
Bean,Kyana,Wheelock,Nia,Bean,Curtis
Meade,Leland,Armstrong,Morgen,Meade,Neftaly
Bean,Noelle,Wheelock,Nia,Bean,Curtis
Meade,Devonta,Armstrong,Morgen,Meade,Neftaly
Bean,Reyna,Wheelock,Nia,Bean,Curtis
Bean,Bernardo,Wheelock,Nia,Bean,Curtis
Bean,Evelin,Wheelock,Nia,Bean,Curtis
Bean,Jaylon,Wheelock,Nia,Bean,Curtis
Bean,Lindsay,Wheelock,Nia,Bean,Curtis
Bean,Jade,Wheelock,Nia,Bean,Curtis
Bean,Shari,Wheelock,Nia,Bean,Curtis
Bean,Patrick,Wheelock,Nia,Bean,Curtis
Foale,Cierra,Young,Greer,Foale,Keegan
Bean,Rand,Wheelock,Nia,Bean,Curtis
Foale,Kaila,Young,Greer,Foale,Keegan
Bean,Draven,Wheelock,Nia,Bean,Curtis
Hire,Danielle,Michel,Jeffrey,Hire,Javen
Bean,Alonzo,Wheelock,Nia,Bean,Curtis
Hire,Mariela,Michel,Jeffrey,Hire,Javen
Llewellyn,Aiden,Mattingly,Jewel,Thornton,Kendall,Boilermaker
Bean,Zane,Wheelock,Nia,Bean,Curtis
Hire,Tamia,Michel,Jeffrey,Hire,Javen
Bean,Clifford,Wheelock,Nia,Bean,Curtis
Hire,Callan,Michel,Jeffrey,Hire,Javen
Foale,Mathew,Young,Greer,Foale,Keegan
Hire,Cierra,Michel,Jeffrey,Hire,Javen
Foale,Ignacio,Young,Greer,Foale,Keegan
Hire,Kaitlyn,Casper,Margo,Hire,Treshaun
Hire,Oscar,Michel,Jeffrey,Hire,Javen
Hire,Chandler,Casper,Margo,Hire,Treshaun
Hire,Michal,Michel,Jeffrey,Hire,Javen
Hire,Tanna,Casper,Margo,Hire,Treshaun
Hire,Lawrence,Michel,Jeffrey,Hire,Javen
Hire,Yessenia,Thorne,Destany,Hire,Bailey
Hire,Habram,Michel,Jeffrey,Hire,Javen
Hire,Isis,Thorne,Destany,Hire,Bailey
Hire,Ramiro,Michel,Jeffrey,Hire,Javen
Hire,Sabrina,Thorne,Destany,Hire,Bailey
Hire,Gustavo,Michel,Jeffrey,Hire,Javen
Hire,Georgina,Thorne,Destany,Hire,Bailey
Hire,Kaden,Casper,Margo,Hire,Treshaun
Hire,Brooke,Thorne,Destany,Hire,Bailey
Hire,Dalton,Casper,Margo,Hire,Treshaun
Hire,Ashtyn,Thorne,Kylee,Hire,Jovon
Hire,Wilmer,Thorne,Destany,Hire,Bailey
Hire,Joan,Thorne,Kylee,Hire,Jovon
Hire,Tylar,Thorne,Kylee,Hire,Jovon
Hire,Zabrina,Thorne,Kylee,Hire,Jovon
Hire,Ezra,Thorne,Kylee,Hire,Jovon
Hire,Aesha,Thorne,Kylee,Hire,Jovon
Hire,Craig,Thorne,Kylee,Hire,Jovon
Hire,Michelle,Thorne,Kylee,Hire,Jovon
Hire,Quinn,Thorne,Kylee,Hire,Jovon
Hire,Measia,Thorne,Kylee,Hire,Jovon
Hire,Luke,Thorne,Kylee,Hire,Jovon
Hire,Marina,Thorne,Kylee,Hire,Jovon
Hire,Asher,Thorne,Kylee,Hire,Jovon
Hire,Rian,Thorne,Darcie,Hire,Calib
Hire,Domonic,Thorne,Darcie,Hire,Calib
Hire,Kirsten,Thorne,Darcie,Hire,Calib
Hire,Emilio,Thorne,Darcie,Hire,Calib
Hire,Jenniffer,Thorne,Darcie,Hire,Calib
Hire,Andre,Thorne,Darcie,Hire,Calib
Hire,Halie,Thorne,Darcie,Hire,Calib
Hire,Markus,Thorne,Darcie,Hire,Calib
Hire,Hunter,Thorne,Darcie,Hire,Calib
Hire,Raheem,Thorne,Darcie,Hire,Calib
Hire,Debora,Thorne,Darcie,Hire,Calib
Hire,Francis,Thorne,Darcie,Hire,Calib
Hire,Ciarra,Thorne,Darcie,Hire,Calib
Hire,Augustus,Thorne,Darcie,Hire,Calib
Hire,Jaylynn,Thorne,Jazmin,Hire,Devonte
Hire,Abdul,Thorne,Darcie,Hire,Calib
Hire,Ali,Thorne,Jazmin,Hire,Devonte
Hire,Darian,Thorne,Darcie,Hire,Calib
Hire,Caitlin,Thorne,Jazmin,Hire,Devonte
Hire,Kelson,Thorne,Darcie,Hire,Calib
Hire,Marivel,Thorne,Jazmin,Hire,Devonte
Hire,Zakery,Thorne,Darcie,Hire,Calib
Hire,Jada,Thorne,Jazmin,Hire,Devonte
Hire,Elmer,Thorne,Jazmin,Hire,Devonte
Hire,Keirra,Thorne,Jazmin,Hire,Devonte
Hire,Tevin,Thorne,Jazmin,Hire,Devonte
Hire,Paulina,Thorne,Jazmin,Hire,Devonte
Hire,Cesar,Thorne,Jazmin,Hire,Devonte
Hire,Lyric,Thorne,Jazmin,Hire,Devonte
Hire,Gilberto,Thorne,Jazmin,Hire,Devonte
Hire,Madelyn,Thorne,Jazmin,Hire,Devonte
Hire,Reynaldo,Thorne,Jazmin,Hire,Devonte
Hire,Kristyn,Thorne,Jazmin,Hire,Devonte
Hire,Javonte,Thorne,Jazmin,Hire,Devonte
Hire,Alina,Thorne,Jazmin,Hire,Devonte
Hire,Salvador,Thorne,Jazmin,Hire,Devonte
Hire,Geraldine,Thorne,Jazmin,Hire,Devonte
Hire,Tyrell,Thorne,Alice,Hire,Nickalus
Hire,Desiree,Thorne,Alice,Hire,Nickalus
Hire,Osvaldo,Thorne,Alice,Hire,Nickalus
Hire,Monika,Thorne,Alice,Hire,Nickalus
Hire,Sammie,Thorne,Alice,Hire,Nickalus
Hire,Nia,Thorne,Alice,Hire,Nickalus
Hire,Nicholaus,Thorne,Alice,Hire,Nickalus
Hire,Maureen,Thorne,Alice,Hire,Nickalus
Hire,Bradley,Thorne,Alice,Hire,Nickalus
Hire,Mileena,Thorne,Alice,Hire,Nickalus
Hire,Chad,Thorne,Alice,Hire,Nickalus
Hire,Linsey,Thorne,Alice,Hire,Nickalus
Hire,Spencer,Thorne,Alice,Hire,Nickalus
Hire,Sofia,Thorne,Hope,Hire,Josiah
Hire,Jerome,Thorne,Alice,Hire,Nickalus
Hire,Beatriz,Thorne,Hope,Hire,Josiah
Hire,Marcos,Thorne,Hope,Hire,Josiah
Hire,Elisa,Thorne,Hope,Hire,Josiah
Hire,Rodolfo,Thorne,Hope,Hire,Josiah
Hire,Ceaira,Altman,Ashtin,Hire,Jermaine
Hire,Dan,Thorne,Hope,Hire,Josiah
Hire,Brecken,Altman,Ashtin,Hire,Jermaine
Hire,Roger,Thorne,Hope,Hire,Josiah
Hire,Breeanna,Altman,Ashtin,Hire,Jermaine
Hire,Kelvin,Thorne,Hope,Hire,Josiah
Hire,Lena,Altman,Ashtin,Hire,Jermaine
Hire,Timothy,Thorne,Hope,Hire,Josiah
Hire,Denise,Altman,Ashtin,Hire,Jermaine
Hire,Ty,Thorne,Hope,Hire,Josiah
Hire,Natalie,Altman,Ashtin,Hire,Jermaine
Hire,Langston,Altman,Ashtin,Hire,Jermaine
Thorne,Chantal,Hire,Josephine,Thorne,Wilson
Hire,Austin,Altman,Ashtin,Hire,Jermaine
Thorne,Kendra,Hire,Josephine,Thorne,Wilson
Hire,Bronson,Altman,Ashtin,Hire,Jermaine
Thorne,Devonna,Hire,Josephine,Thorne,Wilson
Hire,Wilfredo,Altman,Ashtin,Hire,Jermaine
Thorne,Delanie,Hire,Josephine,Thorne,Wilson
Hire,Dustin,Altman,Ashtin,Hire,Jermaine
Thorne,Janie,Hire,Brook,Thorne,Albert
Thorne,Ethan,Hire,Josephine,Thorne,Wilson
Thorne,Camilla,Hire,Brook,Thorne,Albert
Thorne,Leo,Hire,Josephine,Thorne,Wilson
Thorne,Carolina,Hire,Brook,Thorne,Albert
Thorne,Tyrone,Hire,Josephine,Thorne,Wilson
Thorne,Erica,Hire,Brook,Thorne,Albert
Thorne,Dayton,Hire,Josephine,Thorne,Wilson
Thorne,Shaina,Hire,Camilla,Thorne,Terence
Thorne,Dantae,Hire,Brook,Thorne,Albert
Thorne,Cambria,Hire,Camilla,Thorne,Terence
Thorne,Conor,Hire,Brook,Thorne,Albert
Thorne,Jalen,Hire,Camilla,Thorne,Terence
Thorne,Bruce,Hire,Brook,Thorne,Albert
Thorne,Constance,Hire,Camilla,Thorne,Terence
Thorne,Skylar,Hire,Camilla,Thorne,Terence
Thorne,Patrice,Hire,Camilla,Thorne,Terence
Thorne,Marcos,Hire,Camilla,Thorne,Terence
Thorne,Valencia,Hire,Camilla,Thorne,Terence
Thorne,Kerry,Hire,Camilla,Thorne,Terence
Thorne,Mckayla,Hire,Camilla,Thorne,Terence
Thorne,Erick,Hire,Camilla,Thorne,Terence
Thorne,Myra,Hire,Camilla,Thorne,Terence
Thorne,Marcus,Hire,Camilla,Thorne,Terence
Thorne,Maryanne,Hire,Camilla,Thorne,Terence
Thorne,Gannon,Hire,Camilla,Thorne,Terence
Thorne,Monica,Hire,Camilla,Thorne,Terence
Thorne,Javon,Hire,Camilla,Thorne,Terence
Thorne,Maren,Hire,Camilla,Thorne,Terence
Thorne,Joe,Hire,Camilla,Thorne,Terence
Thorne,Sariah,Hire,Alyssa,Thorne,Clayton
Thorne,Cristian,Hire,Alyssa,Thorne,Clayton
Thorne,Rita,Hire,Alyssa,Thorne,Clayton
Thorne,Dan,Hire,Alyssa,Thorne,Clayton
Thorne,Katlyn,Hire,Alyssa,Thorne,Clayton
Thorne,Devan,Hire,Alyssa,Thorne,Clayton
Thorne,Jenniffer,Hire,Alyssa,Thorne,Clayton
Thorne,Landen,Hire,Alyssa,Thorne,Clayton
Thorne,Dallas,Hire,Alyssa,Thorne,Clayton
Thorne,Harry,Hire,Alyssa,Thorne,Clayton
Thorne,Chantelle,Hire,Alyssa,Thorne,Clayton
Thorne,Josue,Hire,Alyssa,Thorne,Clayton
Thorne,Carra,Hire,Alyssa,Thorne,Clayton
Thorne,Vicente,Hire,Alyssa,Thorne,Clayton
Thorne,Kelsie,Hire,Alyssa,Thorne,Clayton
Thorne,James,Hire,Emmily,Thorne,Jacques
Thorne,Justine,Hire,Alyssa,Thorne,Clayton
Thorne,Allen,Hire,Emmily,Thorne,Jacques
Thorne,Bridget,Hire,Emmily,Thorne,Jacques
Thorne,Jerryd,Hire,Emmily,Thorne,Jacques
Thorne,Meagan,Hire,Emmily,Thorne,Jacques
Thorne,Tristen,Hire,Emmily,Thorne,Jacques
Thorne,Minnie,Hire,Emmily,Thorne,Jacques
Thorne,Ty,Hire,Cindy,Thorne,Keegan
Thorne,Peyton,Hire,Emmily,Thorne,Jacques
Thorne,Ismael,Hire,Cindy,Thorne,Keegan
Thorne,Shyanne,Hire,Cindy,Thorne,Keegan
Thorne,Perry,Hire,Cindy,Thorne,Keegan
Thorne,Sara,Hire,Cindy,Thorne,Keegan
Thorne,Derick,Hire,Cindy,Thorne,Keegan
Thorne,Leigh,Hire,Cindy,Thorne,Keegan
Altman,Oliver,Hire,Stephanie,Altman,Emilio
Altman,Kaila,Hire,Stephanie,Altman,Emilio
Altman,Valentine,Hire,Stephanie,Altman,Emilio
Altman,Salina,Hire,Stephanie,Altman,Emilio
Altman,Deondre,Hire,Stephanie,Altman,Emilio
Altman,Lexi,Hire,Stephanie,Altman,Emilio
Altman,Peter,Hire,Stephanie,Altman,Emilio
Altman,Micayla,Hire,Stephanie,Altman,Emilio
Altman,Terence,Hire,Stephanie,Altman,Emilio
Altman,Sally,Hire,Stephanie,Altman,Emilio
Altman,Neil,Spring,Shaina,Altman,Alfredo
Altman,Tiana,Hire,Stephanie,Altman,Emilio
Altman,Gary,Spring,Shaina,Altman,Alfredo
Altman,Kylee,Spring,Shaina,Altman,Alfredo
Altman,Brandon,Spring,Shaina,Altman,Alfredo
Altman,Kiesha,Spring,Shaina,Altman,Alfredo
Altman,Kegan,Spring,Shaina,Altman,Alfredo
Altman,Breanna,Spring,Shaina,Altman,Alfredo
Altman,Harley,Spring,Shaina,Altman,Alfredo
Altman,Carra,Spring,Shaina,Altman,Alfredo
Altman,Nathan,Spring,Shaina,Altman,Alfredo
Altman,Lora,Spring,Shaina,Altman,Alfredo
Altman,Hakeem,Spring,Shaina,Altman,Alfredo
Altman,Alice,Spring,Shaina,Altman,Alfredo
Altman,Houston,Spring,Shaina,Altman,Alfredo
Altman,Roxanne,Spring,Shaina,Altman,Alfredo
Altman,Howard,Spring,Shaina,Altman,Alfredo
Altman,Celeste,Spring,Shaina,Altman,Alfredo
Altman,Dakotah,Spring,Shaina,Altman,Alfredo
Altman,Amna,Spring,Shaina,Altman,Alfredo
Altman,Lazaro,Spring,Shaina,Altman,Alfredo
Spring,Zulema,Altman,Zaria,Spring,Tate
Spring,Anfernee,Altman,Zaria,Spring,Tate
Spring,Yessenia,Altman,Zaria,Spring,Tate
Spring,Bjorn,Altman,Zaria,Spring,Tate
Spring,Natalia,Altman,Zaria,Spring,Tate
Spring,Samuel,Altman,Zaria,Spring,Tate
Spring,Lucia,Altman,Zaria,Spring,Tate
Spring,Arturo,Altman,Zaria,Spring,Tate
Spring,Lizette,Altman,Zaria,Spring,Tate
Spring,Elvin,Altman,Zaria,Spring,Tate
Spring,Daija,Altman,Zaria,Spring,Tate
Spring,Demarco,Altman,Jessica,Spring,Logan
Spring,Simone,Altman,Zaria,Spring,Tate
Spring,Tre,Altman,Jessica,Spring,Logan
Spring,Heather,Altman,Zaria,Spring,Tate
Spring,Alvaro,Altman,Jessica,Spring,Logan
Spring,Mikayla,Altman,Zaria,Spring,Tate
Spring,Tom,Altman,Jessica,Spring,Logan
Spring,Elaina,Altman,Jessica,Spring,Logan
Spring,Johnny,Altman,Jessica,Spring,Logan
Spring,Kori,Altman,Jessica,Spring,Logan
Spring,Freddy,Hartsfield,Kayleen,Spring,Darren
Spring,Kristian,Altman,Jessica,Spring,Logan
Spring,Clint,Hartsfield,Kayleen,Spring,Darren
Spring,Jesica,Altman,Jessica,Spring,Logan
Spring,Reid,Hartsfield,Kayleen,Spring,Darren
Spring,Kelsee,Altman,Jessica,Spring,Logan
Spring,Pablo,Hartsfield,Kayleen,Spring,Darren
Spring,Jennie,Altman,Jessica,Spring,Logan
Spring,Brett,Hartsfield,Kayleen,Spring,Darren
Spring,Jaycee,Altman,Jessica,Spring,Logan
Spring,Shlomo,Hartsfield,Kayleen,Spring,Darren
Spring,Karla,Altman,Jessica,Spring,Logan
Spring,Tyrell,Hartsfield,Kayleen,Spring,Darren
Spring,Emilia,Altman,Jessica,Spring,Logan
Spring,Terance,Hartsfield,Kayleen,Spring,Darren
Spring,Marysol,Altman,Jessica,Spring,Logan
Spring,Bernard,Hartsfield,Kayleen,Spring,Darren
Spring,Delilah,Altman,Jessica,Spring,Logan
Spring,Mario,Hartsfield,Kayleen,Spring,Darren
Spring,Destiny,Altman,Jessica,Spring,Logan
Spring,Erik,Hartsfield,Kayleen,Spring,Darren
Spring,Kacie,Hartsfield,Kayleen,Spring,Darren
Spring,Abdiel,Hartsfield,Kayleen,Spring,Darren
Spring,Vanessa,Hartsfield,Kayleen,Spring,Darren
Spring,Clifford,Hartsfield,Sally,Spring,Carl
Spring,Kaycee,Hartsfield,Kayleen,Spring,Darren
Spring,Brogan,Hartsfield,Sally,Spring,Carl
Spring,Zahra,Hartsfield,Kayleen,Spring,Darren
Spring,Scott,Hartsfield,Sally,Spring,Carl
Spring,Tamara,Hartsfield,Kayleen,Spring,Darren
Spring,Izaiah,Hartsfield,Sally,Spring,Carl
Spring,Lynn,Hartsfield,Sally,Spring,Carl
Spring,Braxton,Hartsfield,Sally,Spring,Carl
Spring,Lynette,Hartsfield,Sally,Spring,Carl
Spring,Jesse,Hartsfield,Sally,Spring,Carl
Spring,Cali,Harrison,Haylie,Spring,Alan
Spring,Hector,Hartsfield,Sally,Spring,Carl
Spring,Nora,Harrison,Noah,Spring,Neftaly
Spring,Roy,Hartsfield,Sally,Spring,Carl
Spring,Katherine,Harrison,Noah,Spring,Neftaly
Spring,Jashua,Harrison,Haylie,Spring,Alan
Spring,Katelynn,Harrison,Noah,Spring,Neftaly
Spring,Keeton,Harrison,Haylie,Spring,Alan
Spring,Breonna,Harrison,Noah,Spring,Neftaly
Spring,Nadav,Harrison,Haylie,Spring,Alan
Spring,Jabria,Harrison,Noah,Spring,Neftaly
Spring,Jace,Harrison,Haylie,Spring,Alan
Spring,Iman,Harrison,Noah,Spring,Neftaly
Spring,Mckay,Harrison,Noah,Spring,Neftaly
Spring,Malinda,Harrison,Noah,Spring,Neftaly
Spring,Antavius,Harrison,Noah,Spring,Neftaly
Spring,Arianna,Harrison,Noah,Spring,Neftaly
Spring,Rasheed,Harrison,Noah,Spring,Neftaly
Spring,Stormy,Harrison,Noah,Spring,Neftaly
Spring,Irvin,Harrison,Noah,Spring,Neftaly
Spring,Zenia,Harrison,Lorena,Spring,Brenden
Spring,Marcanthon,Harrison,Lorena,Spring,Brenden
Spring,Brenna,Harrison,Lorena,Spring,Brenden
Spring,Terence,Harrison,Lorena,Spring,Brenden
Spring,Liliana,Harrison,Lorena,Spring,Brenden
Spring,Josue,Harrison,Lorena,Spring,Brenden
Spring,Jessica,Harrison,Lorena,Spring,Brenden
Spring,Stephanie,Harrison,Lorena,Spring,Brenden
Spring,Jameisha,Harrison,Hana,Spring,Walker
Spring,Norman,Harrison,Lorena,Spring,Brenden
Spring,Juliette,Harrison,Hana,Spring,Walker
Spring,Jaylin,Harrison,Lorena,Spring,Brenden
Spring,Niki,Harrison,Hana,Spring,Walker
Spring,Xavier,Harrison,Hana,Spring,Walker
Spring,Janice,Harrison,Hana,Spring,Walker
Spring,Wylie,Harrison,Hana,Spring,Walker
Hartsfield,Tory,Spring,Victoria,Hartsfield,Mohammed
Spring,Gerardo,Harrison,Hana,Spring,Walker
Hartsfield,Kenzie,Spring,Victoria,Hartsfield,Mohammed
Spring,Timothy,Harrison,Hana,Spring,Walker
Hartsfield,Elsa,Spring,Victoria,Hartsfield,Mohammed
Hartsfield,Aiden,Spring,Victoria,Hartsfield,Mohammed
Hartsfield,Alycia,Spring,Kelsy,Hartsfield,Grant
Hartsfield,Kade,Spring,Victoria,Hartsfield,Mohammed
Harrison,Ciarra,Spring,Jennifer,Harrison,Calib
Hartsfield,Deanthony,Spring,Victoria,Hartsfield,Mohammed
Harrison,Evelin,Spring,Jennifer,Harrison,Calib
Hartsfield,Brock,Spring,Victoria,Hartsfield,Mohammed
Harrison,Hope,Spring,Kelli,Harrison,River
Hartsfield,Toby,Spring,Victoria,Hartsfield,Mohammed
Harrison,Daniela,Spring,Kelli,Harrison,River
Hartsfield,Kasey,Spring,Victoria,Hartsfield,Mohammed
Harrison,Marian,Spring,Kelli,Harrison,River
Hartsfield,Rene,Spring,Kelsy,Hartsfield,Grant
Harrison,Tiana,Spring,Kelli,Harrison,River
Hartsfield,Montel,Spring,Kelsy,Hartsfield,Grant
Harrison,Ashlynn,Spring,Celena,Harrison,Jovan
Harrison,Beau,Spring,Jennifer,Harrison,Calib
Harrison,Armani,Spring,Celena,Harrison,Jovan
Harrison,Korey,Spring,Jennifer,Harrison,Calib
Harrison,Michaela,Spring,Celena,Harrison,Jovan
Harrison,Brendan,Spring,Jennifer,Harrison,Calib
Harrison,Cristal,Spring,Celena,Harrison,Jovan
Harrison,Lane,Spring,Jennifer,Harrison,Calib
Harrison,Mykayla,Spring,Celena,Harrison,Jovan
Harrison,Trae,Spring,Jennifer,Harrison,Calib
Harrison,Dayna,Spring,Celena,Harrison,Jovan
Harrison,Moises,Spring,Jennifer,Harrison,Calib
Harrison,Kali,Spring,Yvette,Harrison,Erich
Harrison,Darrion,Spring,Jennifer,Harrison,Calib
Harrison,Luisa,Spring,Yvette,Harrison,Erich
Harrison,Chandler,Spring,Kelli,Harrison,River
Harrison,Claire,Spring,Yvette,Harrison,Erich
Harrison,Griffin,Spring,Kelli,Harrison,River
Harrison,Tasha,Spring,Tatiana,Harrison,Kenyon
Harrison,Chaim,Spring,Kelli,Harrison,River
Harrison,Alexi,Spring,Tatiana,Harrison,Kenyon
Harrison,Oneil,Spring,Kelli,Harrison,River
Harrison,Shawn,Spring,Tatiana,Harrison,Kenyon
Harrison,Zakery,Spring,Kelli,Harrison,River
Harrison,Dana,Spring,Tatiana,Harrison,Kenyon
Harrison,Evan,Spring,Kelli,Harrison,River
Harrison,Ariel,Spring,Tatiana,Harrison,Kenyon
Harrison,Dangelo,Spring,Kelli,Harrison,River
Harrison,Deserae,Spring,Tatiana,Harrison,Kenyon
Harrison,Terence,Spring,Kelli,Harrison,River
Harrison,Nancy,Spring,Tatiana,Harrison,Kenyon
Harrison,Arthur,Spring,Kelli,Harrison,River
Harrison,Melanie,Stefanyshyn,Angel,Harrison,Abdul
Harrison,Anton,Spring,Celena,Harrison,Jovan
Harrison,Zenia,Stefanyshyn,Angel,Harrison,Abdul
Harrison,Tristan,Spring,Celena,Harrison,Jovan
Harrison,Xena,Stefanyshyn,Angel,Harrison,Abdul
Harrison,Brian,Spring,Celena,Harrison,Jovan
Harrison,Shaniah,Stefanyshyn,Angel,Harrison,Abdul
Harrison,Tyson,Spring,Celena,Harrison,Jovan
Harrison,Eryn,Stefanyshyn,Angel,Harrison,Abdul
Harrison,Yash,Spring,Yvette,Harrison,Erich
Harrison,Angelique,Stefanyshyn,Cherie,Harrison,Israel
Harrison,Marshall,Spring,Yvette,Harrison,Erich
Harrison,Aylssa,Stefanyshyn,Cherie,Harrison,Israel
Harrison,Langston,Spring,Yvette,Harrison,Erich
Harrison,Danielle,Stefanyshyn,Cherie,Harrison,Israel
Harrison,Frankie,Spring,Tatiana,Harrison,Kenyon
Harrison,Lora,Stefanyshyn,Cherie,Harrison,Israel
Harrison,Maliki,Spring,Tatiana,Harrison,Kenyon
Harrison,Nell,Stefanyshyn,Cherie,Harrison,Israel
Harrison,Charlie,Spring,Tatiana,Harrison,Kenyon
Harrison,Sheridan,Stefanyshyn,Cherie,Harrison,Israel
Harrison,Payton,Spring,Tatiana,Harrison,Kenyon
Harrison,Kenya,Stefanyshyn,Cherie,Harrison,Israel
Harrison,Ray,Spring,Tatiana,Harrison,Kenyon
Harrison,Anita,Stefanyshyn,Cherie,Harrison,Israel
Harrison,Stephanie,Stefanyshyn,Angel,Harrison,Abdul
Harrison,Mireya,Stefanyshyn,Cherie,Harrison,Israel
Harrison,Dale,Stefanyshyn,Angel,Harrison,Abdul
Harrison,Paola,Stefanyshyn,Cherie,Harrison,Israel
Harrison,Ulysses,Stefanyshyn,Angel,Harrison,Abdul
Harrison,Yaritza,Stefanyshyn,Cherie,Harrison,Israel
Harrison,Rhett,Stefanyshyn,Angel,Harrison,Abdul
Harrison,Alice,Stefanyshyn,Cherie,Harrison,Israel
Harrison,Norman,Stefanyshyn,Angel,Harrison,Abdul
Stefanyshyn,Rebekah,Harrison,Bryana,Stefanyshyn,Rigoberto
Harrison,Gustavo,Stefanyshyn,Angel,Harrison,Abdul
Stefanyshyn,Rita,Harrison,Bryana,Stefanyshyn,Rigoberto
Harrison,Chad,Stefanyshyn,Angel,Harrison,Abdul
Stefanyshyn,Kaila,Harrison,Bryana,Stefanyshyn,Rigoberto
Harrison,Brennan,Stefanyshyn,Angel,Harrison,Abdul
Stefanyshyn,Sonia,Harrison,Bryana,Stefanyshyn,Rigoberto
Harrison,Wade,Stefanyshyn,Angel,Harrison,Abdul
Stefanyshyn,Elissa,Harrison,Bryana,Stefanyshyn,Rigoberto
Harrison,Latrell,Stefanyshyn,Angel,Harrison,Abdul
Stefanyshyn,Amna,Harrison,Bryana,Stefanyshyn,Rigoberto
Harrison,Earl,Stefanyshyn,Angel,Harrison,Abdul
Stefanyshyn,Leah,Harrison,Bryana,Stefanyshyn,Rigoberto
Harrison,Gerald,Stefanyshyn,Angel,Harrison,Abdul
Stefanyshyn,Zaria,Harrison,Bryana,Stefanyshyn,Rigoberto
Harrison,Jace,Stefanyshyn,Cherie,Harrison,Israel
Stefanyshyn,Sneha,Harrison,Bryana,Stefanyshyn,Rigoberto
Harrison,Dakota,Stefanyshyn,Cherie,Harrison,Israel
Stefanyshyn,Blake,Harrison,Abagail,Stefanyshyn,Terrell
Harrison,Benjamin,Stefanyshyn,Cherie,Harrison,Israel
Stefanyshyn,Makena,Harrison,Abagail,Stefanyshyn,Terrell
Harrison,Colin,Stefanyshyn,Cherie,Harrison,Israel
Stefanyshyn,Allison,Harrison,Abagail,Stefanyshyn,Terrell
Harrison,Brock,Stefanyshyn,Cherie,Harrison,Israel
Stefanyshyn,Julissa,Harrison,Abagail,Stefanyshyn,Terrell
Harrison,Perry,Stefanyshyn,Cherie,Harrison,Israel
Stefanyshyn,Tristan,Harrison,Abagail,Stefanyshyn,Terrell
Harrison,Marcos,Stefanyshyn,Cherie,Harrison,Israel
Stefanyshyn,Kandice,Harrison,Abagail,Stefanyshyn,Terrell
Harrison,Wylie,Stefanyshyn,Cherie,Harrison,Israel
Stefanyshyn,Zoi,Harrison,Abagail,Stefanyshyn,Terrell
Stefanyshyn,Remington,Harrison,Bryana,Stefanyshyn,Rigoberto
Stefanyshyn,Tierney,Harrison,Tatianna,Stefanyshyn,Michel
Stefanyshyn,Gabriel,Harrison,Bryana,Stefanyshyn,Rigoberto
Stefanyshyn,Deborah,Harrison,Tatianna,Stefanyshyn,Michel
Stefanyshyn,Coy,Harrison,Bryana,Stefanyshyn,Rigoberto
Stefanyshyn,Jaymie,Harrison,Tatianna,Stefanyshyn,Michel
Stefanyshyn,Marshall,Harrison,Bryana,Stefanyshyn,Rigoberto
Stefanyshyn,Daja,Harrison,Tatianna,Stefanyshyn,Michel
Stefanyshyn,Jon,Harrison,Abagail,Stefanyshyn,Terrell
Stefanyshyn,Sage,Harrison,Tatianna,Stefanyshyn,Michel
Stefanyshyn,Bill,Harrison,Abagail,Stefanyshyn,Terrell
Stefanyshyn,Heidy,Harrison,Tatianna,Stefanyshyn,Michel
Stefanyshyn,Ross,Harrison,Abagail,Stefanyshyn,Terrell
Stefanyshyn,Shoshana,Harrison,Tatianna,Stefanyshyn,Michel
Stefanyshyn,Trent,Harrison,Abagail,Stefanyshyn,Terrell
Stefanyshyn,Miranda,Harrison,Tatianna,Stefanyshyn,Michel
Stefanyshyn,Alexander,Harrison,Abagail,Stefanyshyn,Terrell
Stefanyshyn,Nia,Harrison,Tatianna,Stefanyshyn,Michel
Stefanyshyn,Braeden,Harrison,Abagail,Stefanyshyn,Terrell
Stefanyshyn,Courtney,Harrison,Tatianna,Stefanyshyn,Michel
Stefanyshyn,Sam,Harrison,Abagail,Stefanyshyn,Terrell
Stefanyshyn,Joy,Magnus,Shea,Stefanyshyn,Benjamen
Stefanyshyn,Elmer,Harrison,Abagail,Stefanyshyn,Terrell
Stefanyshyn,Asya,Magnus,Shea,Stefanyshyn,Benjamen
Stefanyshyn,Cole,Harrison,Abagail,Stefanyshyn,Terrell
Stefanyshyn,Dina,Magnus,Shea,Stefanyshyn,Benjamen
Stefanyshyn,Darrell,Harrison,Abagail,Stefanyshyn,Terrell
Stefanyshyn,Aliyah,Magnus,Shea,Stefanyshyn,Benjamen
Stefanyshyn,Ray,Harrison,Abagail,Stefanyshyn,Terrell
Stefanyshyn,Eileen,Magnus,Shea,Stefanyshyn,Benjamen
Stefanyshyn,Keifer,Harrison,Tatianna,Stefanyshyn,Michel
Stefanyshyn,Juanita,Magnus,Kianna,Stefanyshyn,Benito
Stefanyshyn,Bretton,Harrison,Tatianna,Stefanyshyn,Michel
Stefanyshyn,Tamara,Magnus,Kianna,Stefanyshyn,Benito
Stefanyshyn,Payton,Harrison,Tatianna,Stefanyshyn,Michel
Stefanyshyn,Kirstin,Magnus,Janae,Stefanyshyn,Reece
Stefanyshyn,Devontae,Harrison,Tatianna,Stefanyshyn,Michel
Stefanyshyn,Rosemary,Magnus,Janae,Stefanyshyn,Reece
Stefanyshyn,Reynaldo,Harrison,Tatianna,Stefanyshyn,Michel
Stefanyshyn,Tianna,Magnus,Janae,Stefanyshyn,Reece
Stefanyshyn,Moses,Harrison,Tatianna,Stefanyshyn,Michel
Stefanyshyn,Aja,Magnus,Kallee,Stefanyshyn,Maleek
Stefanyshyn,Bryson,Harrison,Tatianna,Stefanyshyn,Michel
Stefanyshyn,Luna,Magnus,Kallee,Stefanyshyn,Maleek
Stefanyshyn,Alberto,Harrison,Tatianna,Stefanyshyn,Michel
Stefanyshyn,Salena,Magnus,Kallee,Stefanyshyn,Maleek
Stefanyshyn,San,Magnus,Shea,Stefanyshyn,Benjamen
Stefanyshyn,Brandy,Magnus,Kallee,Stefanyshyn,Maleek
Stefanyshyn,Maximilian,Magnus,Shea,Stefanyshyn,Benjamen
Stefanyshyn,Marlene,Magnus,Tracy,Stefanyshyn,Rogelio
Stefanyshyn,Irfan,Magnus,Shea,Stefanyshyn,Benjamen
Stefanyshyn,Sabrina,Magnus,Tracy,Stefanyshyn,Rogelio
Stefanyshyn,Nickalus,Magnus,Shea,Stefanyshyn,Benjamen
Stefanyshyn,Kerri,Magnus,Tracy,Stefanyshyn,Rogelio
Stefanyshyn,Cullen,Magnus,Shea,Stefanyshyn,Benjamen
Stefanyshyn,Sky,Magnus,Tracy,Stefanyshyn,Rogelio
Stefanyshyn,Shmuel,Magnus,Shea,Stefanyshyn,Benjamen
Stefanyshyn,Kierra,Magnus,Tracy,Stefanyshyn,Rogelio
Stefanyshyn,Ali,Magnus,Shea,Stefanyshyn,Benjamen
Stefanyshyn,Lexus,Magnus,Tara,Stefanyshyn,Vernon
Stefanyshyn,Devante,Magnus,Kianna,Stefanyshyn,Benito
Stefanyshyn,Cara,Magnus,Tara,Stefanyshyn,Vernon
Stefanyshyn,Keegan,Magnus,Kianna,Stefanyshyn,Benito
Stefanyshyn,Mattea,Magnus,Tara,Stefanyshyn,Vernon
Stefanyshyn,Trentin,Magnus,Janae,Stefanyshyn,Reece
Stefanyshyn,Makala,Magnus,Tara,Stefanyshyn,Vernon
Stefanyshyn,Marquis,Magnus,Janae,Stefanyshyn,Reece
Stefanyshyn,Erica,Magnus,Tara,Stefanyshyn,Vernon
Stefanyshyn,Erik,Magnus,Kallee,Stefanyshyn,Maleek
Stefanyshyn,Kaitlyn,Magnus,Tara,Stefanyshyn,Vernon
Stefanyshyn,Jayden,Magnus,Kallee,Stefanyshyn,Maleek
Stefanyshyn,Rayna,Magnus,Tara,Stefanyshyn,Vernon
Stefanyshyn,Estevan,Magnus,Kallee,Stefanyshyn,Maleek
Stefanyshyn,Adrianna,Magnus,Cecilia,Stefanyshyn,Kade
Stefanyshyn,Keagan,Magnus,Kallee,Stefanyshyn,Maleek
Stefanyshyn,Mikyla,Magnus,Cecilia,Stefanyshyn,Kade
Stefanyshyn,Ian,Magnus,Tracy,Stefanyshyn,Rogelio
Stefanyshyn,Merissa,Magnus,Cecilia,Stefanyshyn,Kade
Stefanyshyn,Callum,Magnus,Tracy,Stefanyshyn,Rogelio
Stefanyshyn,Jhane,Magnus,Cecilia,Stefanyshyn,Kade
Stefanyshyn,Jawaun,Magnus,Tracy,Stefanyshyn,Rogelio
Stefanyshyn,Jania,Magnus,Cecilia,Stefanyshyn,Kade
Stefanyshyn,Samual,Magnus,Tracy,Stefanyshyn,Rogelio
Stefanyshyn,Hunter,Magnus,Cecilia,Stefanyshyn,Kade
Stefanyshyn,Valentin,Magnus,Tracy,Stefanyshyn,Rogelio
Stefanyshyn,Kaytlyn,Magnus,Cecilia,Stefanyshyn,Kade
Stefanyshyn,Jamari,Magnus,Tracy,Stefanyshyn,Rogelio
Stefanyshyn,Nereida,Magnus,Janessa,Stefanyshyn,Mohammed
Stefanyshyn,Travon,Magnus,Tara,Stefanyshyn,Vernon
Stefanyshyn,Simone,Magnus,Janessa,Stefanyshyn,Mohammed
Stefanyshyn,Houston,Magnus,Tara,Stefanyshyn,Vernon
Stefanyshyn,Yazmin,Magnus,Janessa,Stefanyshyn,Mohammed
Stefanyshyn,Chase,Magnus,Tara,Stefanyshyn,Vernon
Stefanyshyn,Marian,Magnus,Janessa,Stefanyshyn,Mohammed
Stefanyshyn,Devin,Magnus,Tara,Stefanyshyn,Vernon
Stefanyshyn,Kailee,Magnus,Janessa,Stefanyshyn,Mohammed
Stefanyshyn,Tyreek,Magnus,Tara,Stefanyshyn,Vernon
Stefanyshyn,Lakendra,Magnus,Janessa,Stefanyshyn,Mohammed
Stefanyshyn,Jamir,Magnus,Tara,Stefanyshyn,Vernon
Stefanyshyn,Adriane,Magnus,Janessa,Stefanyshyn,Mohammed
Stefanyshyn,Franklin,Magnus,Tara,Stefanyshyn,Vernon
Stefanyshyn,Susan,Magnus,Janessa,Stefanyshyn,Mohammed
Stefanyshyn,Keshaun,Magnus,Tara,Stefanyshyn,Vernon
Stefanyshyn,Analisa,Magnus,Janessa,Stefanyshyn,Mohammed
Stefanyshyn,Shemar,Magnus,Cecilia,Stefanyshyn,Kade
Stefanyshyn,Tamra,Magnus,Diamond,Stefanyshyn,Albert
Stefanyshyn,Slaten,Magnus,Cecilia,Stefanyshyn,Kade
Stefanyshyn,Stormy,Magnus,Diamond,Stefanyshyn,Albert
Stefanyshyn,Kory,Magnus,Cecilia,Stefanyshyn,Kade
Stefanyshyn,Kiera,Magnus,Diamond,Stefanyshyn,Albert
Stefanyshyn,Dominick,Magnus,Cecilia,Stefanyshyn,Kade
Stefanyshyn,Aleisha,Magnus,Diamond,Stefanyshyn,Albert
Stefanyshyn,Cecil,Magnus,Cecilia,Stefanyshyn,Kade
Stefanyshyn,Tracy,Magnus,Diamond,Stefanyshyn,Albert
Stefanyshyn,Kendall,Magnus,Cecilia,Stefanyshyn,Kade
Stefanyshyn,Misty,Magnus,Diamond,Stefanyshyn,Albert
Stefanyshyn,Kapil,Magnus,Cecilia,Stefanyshyn,Kade
Stefanyshyn,Brielle,Magnus,Diamond,Stefanyshyn,Albert
Stefanyshyn,Gannon,Magnus,Cecilia,Stefanyshyn,Kade
Stefanyshyn,Maricela,Magnus,Diamond,Stefanyshyn,Albert
Stefanyshyn,Quanterriu,Magnus,Cecilia,Stefanyshyn,Kade
Stefanyshyn,Adrian,Magnus,Diamond,Stefanyshyn,Albert
Stefanyshyn,Devyn,Magnus,Cecilia,Stefanyshyn,Kade
Magnus,Delaney,Stefanyshyn,Allegra,Magnus,Kareem
Stefanyshyn,Jason,Magnus,Cecilia,Stefanyshyn,Kade
Magnus,Shanyce,Stefanyshyn,Allegra,Magnus,Kareem
Stefanyshyn,Elliot,Magnus,Cecilia,Stefanyshyn,Kade
Magnus,Caitlyn,Stefanyshyn,Allegra,Magnus,Kareem
Stefanyshyn,Agustin,Magnus,Janessa,Stefanyshyn,Mohammed
Magnus,Candice,Stefanyshyn,Allegra,Magnus,Kareem
Stefanyshyn,Deangelo,Magnus,Janessa,Stefanyshyn,Mohammed
Magnus,Anamaria,Stefanyshyn,Allegra,Magnus,Kareem
Stefanyshyn,Al,Magnus,Janessa,Stefanyshyn,Mohammed
Magnus,Bethany,Stefanyshyn,Allegra,Magnus,Kareem
Stefanyshyn,Davon,Magnus,Janessa,Stefanyshyn,Mohammed
Magnus,Yessica,Stefanyshyn,Allegra,Magnus,Kareem
Stefanyshyn,Simeon,Magnus,Janessa,Stefanyshyn,Mohammed
Magnus,Suzette,Stefanyshyn,Allegra,Magnus,Kareem
Stefanyshyn,Owen,Magnus,Janessa,Stefanyshyn,Mohammed
Magnus,Mykayla,Stefanyshyn,Ladaysha,Magnus,Alan
Stefanyshyn,Landen,Magnus,Janessa,Stefanyshyn,Mohammed
Magnus,Frances,Stefanyshyn,Ladaysha,Magnus,Alan
Stefanyshyn,Angelo,Magnus,Janessa,Stefanyshyn,Mohammed
Magnus,Aileen,Stefanyshyn,Ladaysha,Magnus,Alan
Stefanyshyn,August,Magnus,Janessa,Stefanyshyn,Mohammed
Magnus,Lisette,Stefanyshyn,Ladaysha,Magnus,Alan
Stefanyshyn,Mariano,Magnus,Janessa,Stefanyshyn,Mohammed
Magnus,Zulema,Stefanyshyn,Ladaysha,Magnus,Alan
Stefanyshyn,Jabari,Magnus,Janessa,Stefanyshyn,Mohammed
Magnus,Klee,Stefanyshyn,Ladaysha,Magnus,Alan
Stefanyshyn,Valentine,Magnus,Diamond,Stefanyshyn,Albert
Magnus,Reyna,Stefanyshyn,Ladaysha,Magnus,Alan
Stefanyshyn,Quinn,Magnus,Diamond,Stefanyshyn,Albert
Magnus,Dandrea,Stefanyshyn,Ladaysha,Magnus,Alan
Stefanyshyn,Peter,Magnus,Diamond,Stefanyshyn,Albert
Magnus,Shaina,Stefanyshyn,Kaina,Magnus,Cristopher
Stefanyshyn,Larry,Magnus,Diamond,Stefanyshyn,Albert
Magnus,Makenzi,Stefanyshyn,Kaina,Magnus,Cristopher
Magnus,Oneil,Stefanyshyn,Allegra,Magnus,Kareem
Magnus,Elida,Stefanyshyn,Kaina,Magnus,Cristopher
Magnus,Clay,Stefanyshyn,Allegra,Magnus,Kareem
Magnus,Yasmin,Stefanyshyn,Kaina,Magnus,Cristopher
Magnus,Riley,Stefanyshyn,Allegra,Magnus,Kareem
Magnus,Malinda,Stefanyshyn,Kaina,Magnus,Cristopher
Magnus,Jakob,Stefanyshyn,Allegra,Magnus,Kareem
Magnus,Barbara,Stefanyshyn,Kaina,Magnus,Cristopher
Magnus,Devonta,Stefanyshyn,Allegra,Magnus,Kareem
Magnus,Tiffani,Stefanyshyn,Kaina,Magnus,Cristopher
Magnus,Gilberto,Stefanyshyn,Allegra,Magnus,Kareem
Magnus,Leann,Stefanyshyn,Elexus,Magnus,Javion
Magnus,Ty,Stefanyshyn,Allegra,Magnus,Kareem
Magnus,Breona,Stefanyshyn,Sheniqua,Magnus,Dantae
Magnus,Landen,Stefanyshyn,Allegra,Magnus,Kareem
Magnus,Sania,Stefanyshyn,Sheniqua,Magnus,Dantae
Magnus,Chance,Stefanyshyn,Ladaysha,Magnus,Alan
Magnus,Denise,Stefanyshyn,Sheniqua,Magnus,Dantae
Magnus,Denzell,Stefanyshyn,Ladaysha,Magnus,Alan
Magnus,Asya,Stefanyshyn,Sheniqua,Magnus,Dantae
Magnus,Byron,Stefanyshyn,Ladaysha,Magnus,Alan
Magnus,Aria,Truly,Harmony,Magnus,Idris
Magnus,Zaquan,Stefanyshyn,Kaina,Magnus,Cristopher
Magnus,Kiesha,Truly,Harmony,Magnus,Idris
Magnus,Nestor,Stefanyshyn,Kaina,Magnus,Cristopher
Magnus,Jaquana,Truly,Harmony,Magnus,Idris
Magnus,Brennen,Stefanyshyn,Kaina,Magnus,Cristopher
Magnus,Trinity,Truly,Harmony,Magnus,Idris
Magnus,Gilbert,Stefanyshyn,Kaina,Magnus,Cristopher
Magnus,Robyn,Truly,Harmony,Magnus,Idris
Magnus,Coby,Stefanyshyn,Kaina,Magnus,Cristopher
Magnus,Precious,Truly,Harmony,Magnus,Idris
Magnus,Hugh,Stefanyshyn,Elexus,Magnus,Javion
Magnus,Maddison,Truly,Carley,Magnus,Nolan
Magnus,Craig,Stefanyshyn,Elexus,Magnus,Javion
Magnus,Sydney,Truly,Carley,Magnus,Nolan
Magnus,Taylor,Stefanyshyn,Elexus,Magnus,Javion
Magnus,Lara,Truly,Carley,Magnus,Nolan
Magnus,Emerson,Stefanyshyn,Elexus,Magnus,Javion
Magnus,Bria,Truly,Carley,Magnus,Nolan
Magnus,Delonta,Stefanyshyn,Elexus,Magnus,Javion
Magnus,Destiney,Truly,Carley,Magnus,Nolan
Magnus,Jevin,Stefanyshyn,Elexus,Magnus,Javion
Magnus,Mykelle,Truly,Danae,Magnus,Britt
Magnus,Lionel,Stefanyshyn,Sheniqua,Magnus,Dantae
Magnus,Jennifer,Truly,Danae,Magnus,Britt
Magnus,Allen,Stefanyshyn,Sheniqua,Magnus,Dantae
Magnus,Jasmine,Truly,Danae,Magnus,Britt
Magnus,Trevor,Stefanyshyn,Sheniqua,Magnus,Dantae
Magnus,Hallie,Truly,Danae,Magnus,Britt
Magnus,Cyrus,Truly,Harmony,Magnus,Idris
Magnus,Keila,Shepherd,Kaylynn,Magnus,Mathew
Magnus,Drake,Truly,Harmony,Magnus,Idris
Magnus,Stacey,Shepherd,Kaylynn,Magnus,Mathew
Magnus,Jerryd,Truly,Harmony,Magnus,Idris
Magnus,Camisha,Shepherd,Kaylynn,Magnus,Mathew
Magnus,Dominique,Truly,Carley,Magnus,Nolan
Magnus,Kiarra,Shepherd,Breonna,Magnus,Daron
Magnus,Langston,Truly,Carley,Magnus,Nolan
Magnus,Esmeralda,Shepherd,Breonna,Magnus,Daron
Magnus,Branden,Truly,Carley,Magnus,Nolan
Magnus,Randi,Shepherd,Breonna,Magnus,Daron
Magnus,Dallin,Truly,Danae,Magnus,Britt
Magnus,Cynthia,Shepherd,Breonna,Magnus,Daron
Magnus,Jesus,Truly,Danae,Magnus,Britt
Magnus,Margarita,Shepherd,Breonna,Magnus,Daron
Magnus,Deonte,Truly,Danae,Magnus,Britt
Magnus,Savana,Shepherd,Breonna,Magnus,Daron
Magnus,Babyboy,Truly,Danae,Magnus,Britt
Magnus,Kaydee,Shepherd,Breonna,Magnus,Daron
Magnus,Bernardo,Truly,Danae,Magnus,Britt
Truly,Shari,Shepherd,Sky,Truly,Benito
Magnus,Joseph,Truly,Danae,Magnus,Britt
Truly,Dayana,Shepherd,Sky,Truly,Benito
Magnus,Frederick,Truly,Danae,Magnus,Britt
Truly,Cynthia,Shepherd,Sky,Truly,Benito
Magnus,Milton,Truly,Danae,Magnus,Britt
Truly,Sadia,Shepherd,Sky,Truly,Benito
Magnus,Elliot,Truly,Danae,Magnus,Britt
Truly,Tiffany,Shepherd,Sky,Truly,Benito
Magnus,Jack,Truly,Danae,Magnus,Britt
Truly,Lesly,Shepherd,Sky,Truly,Benito
Magnus,Lukas,Truly,Danae,Magnus,Britt
Truly,Breeanna,Shepherd,Sky,Truly,Benito
Magnus,Gerardo,Shepherd,Kaylynn,Magnus,Mathew
Truly,Maya,Shepherd,Sky,Truly,Benito
Magnus,Darryl,Shepherd,Kaylynn,Magnus,Mathew
Truly,Siera,Shepherd,Sky,Truly,Benito
Magnus,Anthony,Shepherd,Kaylynn,Magnus,Mathew
Truly,Lizette,Shepherd,Giovanna,Truly,Sahil
Magnus,Royce,Shepherd,Kaylynn,Magnus,Mathew
Truly,Priscilla,Shepherd,Giovanna,Truly,Sahil
Magnus,Jermaine,Shepherd,Kaylynn,Magnus,Mathew
Truly,Sharon,Shepherd,Giovanna,Truly,Sahil
Magnus,Lars,Shepherd,Kaylynn,Magnus,Mathew
Truly,Sean,Shepherd,Giovanna,Truly,Sahil
Magnus,Albert,Shepherd,Breonna,Magnus,Daron
Truly,Jania,Shepherd,Giovanna,Truly,Sahil
Magnus,Gannon,Shepherd,Breonna,Magnus,Daron
Truly,Mandy,Shepherd,Giovanna,Truly,Sahil
Magnus,Raul,Shepherd,Breonna,Magnus,Daron
Truly,Dixie,Shepherd,Giovanna,Truly,Sahil
Magnus,Oscar,Shepherd,Breonna,Magnus,Daron
Truly,Trevor,Shepherd,Giovanna,Truly,Sahil
Magnus,Jamison,Shepherd,Breonna,Magnus,Daron
Truly,Shenelly,Shepherd,Ivory,Truly,Jairo
Magnus,Matthew,Shepherd,Breonna,Magnus,Daron
Truly,Tristin,Shepherd,Ivory,Truly,Jairo
Magnus,Gonzalo,Shepherd,Breonna,Magnus,Daron
Truly,Holland,Shepherd,Ivory,Truly,Jairo
Magnus,Javier,Shepherd,Breonna,Magnus,Daron
Truly,Frances,Shepherd,Ivory,Truly,Jairo
Magnus,Jayson,Shepherd,Breonna,Magnus,Daron
Truly,Merissa,Shepherd,Ivory,Truly,Jairo
Truly,Kelson,Shepherd,Sky,Truly,Benito
Truly,Scarlett,Shepherd,Janay,Truly,Charles
Truly,Dean,Shepherd,Sky,Truly,Benito
Truly,Jazmine,Shepherd,Janay,Truly,Charles
Truly,Deante,Shepherd,Sky,Truly,Benito
Truly,Alexus,Shepherd,Janay,Truly,Charles
Truly,Jarred,Shepherd,Sky,Truly,Benito
Truly,Dalila,Shepherd,Janay,Truly,Charles
Truly,Kristopher,Shepherd,Sky,Truly,Benito
Truly,Kassidy,Shepherd,Janay,Truly,Charles
Truly,Collin,Shepherd,Sky,Truly,Benito
Truly,Calli,Shepherd,Janay,Truly,Charles
Truly,Jorge,Shepherd,Sky,Truly,Benito
Truly,Krista,Shepherd,Janay,Truly,Charles
Truly,Marcell,Shepherd,Sky,Truly,Benito
Truly,Sherry,Shepherd,Janay,Truly,Charles
Truly,Julian,Shepherd,Sky,Truly,Benito
Truly,Martha,Shepherd,Janay,Truly,Charles
Truly,Keegan,Shepherd,Giovanna,Truly,Sahil
Truly,Mckayla,Shepherd,Janay,Truly,Charles
Truly,Luciano,Shepherd,Giovanna,Truly,Sahil
Truly,Nina,Shepherd,Janay,Truly,Charles
Truly,Kahlil,Shepherd,Ivory,Truly,Jairo
Truly,Haylie,Shepherd,Janay,Truly,Charles
Truly,Mohamad,Shepherd,Ivory,Truly,Jairo
Truly,Abigail,Shepherd,Janay,Truly,Charles
Truly,Brenton,Shepherd,Ivory,Truly,Jairo
Truly,Logan,Shepherd,Payton,Truly,Marshall
Truly,Kristian,Shepherd,Ivory,Truly,Jairo
Truly,Renee,Shepherd,Payton,Truly,Marshall
Truly,Wesley,Shepherd,Ivory,Truly,Jairo
Truly,Jeffrey,Shepherd,Payton,Truly,Marshall
Truly,Brendon,Shepherd,Ivory,Truly,Jairo
Truly,Sky,Shepherd,Payton,Truly,Marshall
Truly,Rowan,Shepherd,Ivory,Truly,Jairo
Truly,Marivel,Shepherd,Payton,Truly,Marshall
Truly,Gonzalo,Shepherd,Ivory,Truly,Jairo
Truly,Mariela,Shepherd,Payton,Truly,Marshall
Truly,Cedric,Shepherd,Ivory,Truly,Jairo
Truly,Audra,Shepherd,Payton,Truly,Marshall
Truly,Quentin,Shepherd,Ivory,Truly,Jairo
Truly,Angel,Shepherd,Payton,Truly,Marshall
Truly,Deandre,Shepherd,Ivory,Truly,Jairo
Truly,Josie,Shepherd,Jaycee,Truly,Arjun
Truly,Jameson,Shepherd,Ivory,Truly,Jairo
Truly,Shanise,Shepherd,Jaycee,Truly,Arjun
Truly,Adonis,Shepherd,Ivory,Truly,Jairo
Truly,Karly,Shepherd,Jaycee,Truly,Arjun
Truly,Shea,Shepherd,Ivory,Truly,Jairo
Truly,Arlene,Shepherd,Jaycee,Truly,Arjun
Truly,Roy,Shepherd,Ivory,Truly,Jairo
Truly,Karah,Shepherd,Jaycee,Truly,Arjun
