Morgan,Braydon,Duffy,Chyanne,Morgan,Brennon
Fisher,Nora,Pierce,Shannon,Fisher,Kalon
Ferguson,Marielle,Thornton,Adrienne,Ferguson,Nicholaus
Taylor,Carli,Ride,Xiomara,Taylor,Tyson
Coolidge,Brendan,Mattingly,Payton,Coolidge,Cristopher
Piper,Chantal,Bridges,Essence,Piper,Derek
Olivas,Joey,Altman,Tamera,Olivas,Ezra
Runco,Sommer,Whitson,Cara,Runco,Patric
Ashby,Joseph,Reisman,Allyssa,Ashby,Clarence
Resnik,Marlee,Wilcutt,Irene,Resnik,Shmuel
Cameron,Jonah,Hilliard,Measia,Cameron,Cullen
Grabe,Eleni,Taylor,Caitriona,Grabe,Hunter
Akers,Tracy,Jernigan,Michelle,Akers,Emerson
Schweickart,Maia,Ochoa,Adrianne,Schweickart,Jason
Deardorff,Issac,Valheim,Sapphire,Deardorff,Diego
Bull,Emmily,Mattingly,Sinai,Bull,Cesar
Carr,Landon,Eisele,Ann,Carr,Alfredo
Carpenter,Denise,Weber,Darrian,Carpenter,Grady
Lockhart,Justin,Lenoir,Phoebe,Lockhart,Dominick
McCulley,Karla,Shepherd,Francis,McCulley,Jarvis
Camarda,Kristofer,Melnick,Rebecca,Camarda,Todd
Still,Valeria,Franklin,Isadora,Still,Alonzo
Morgan,Bryan,Fisher,Nora,Morgan,Braydon
Cleveland,Latoya,Currie,Dina,Cleveland,Shamar
Morgan,Rodney,Fisher,Nora,Morgan,Braydon
Linnehan,Gerardo,Zamka,Raegan,Linnehan,Tyren
Morgan,Dan,Fisher,Nora,Morgan,Braydon
Chiao,Carly,Grunsfeld,Sadie,Chiao,Mason
Morgan,Devonte,Fisher,Nora,Morgan,Braydon
Greene,Shakia,Duffy,Mari,Greene,Deandre
Morgan,Benny,Fisher,Nora,Morgan,Braydon
Schweickart,Alana,Apt,Shannon,Schweickart,Keshaun
Ferguson,Damien,Taylor,Carli,Ferguson,Marielle
Mitchell,Bree,Horowitz,Chyanne,Mitchell,Guadalupe
Ferguson,Jajuan,Taylor,Carli,Ferguson,Marielle
McKinley,Marisa,Hoover,Savana,McKinley,Rhett
Ferguson,Rory,Taylor,Carli,Ferguson,Marielle
Brand,Kasey,Melvin,Lexy,Brand,Jovonte
Ferguson,Benjamin,Taylor,Carli,Ferguson,Marielle
Morgan,Marina,Fisher,Nora,Morgan,Braydon
Coolidge,Elias,Piper,Chantal,Coolidge,Brendan
Morgan,Maire,Fisher,Nora,Morgan,Braydon
Coolidge,Justice,Piper,Chantal,Coolidge,Brendan
Morgan,Macy,Fisher,Nora,Morgan,Braydon
Coolidge,Jamal,Piper,Chantal,Coolidge,Brendan
Morgan,Sheniqua,Fisher,Nora,Morgan,Braydon
Coolidge,Parker,Piper,Chantal,Coolidge,Brendan
Morgan,Lea,Fisher,Nora,Morgan,Braydon
Coolidge,Raheem,Piper,Chantal,Coolidge,Brendan
Morgan,Toni,Fisher,Nora,Morgan,Braydon
Coolidge,Deante,Piper,Chantal,Coolidge,Brendan
Morgan,Joi,Fisher,Nora,Morgan,Braydon
Coolidge,Bobby,Piper,Chantal,Coolidge,Brendan
Morgan,Aleisha,Fisher,Nora,Morgan,Braydon
Coolidge,Michal,Piper,Chantal,Coolidge,Brendan
Morgan,Luna,Fisher,Nora,Morgan,Braydon
Olivas,Harrison,Runco,Sommer,Olivas,Joey
Morgan,Geraldine,Fisher,Nora,Morgan,Braydon
Olivas,Arturo,Runco,Sommer,Olivas,Joey
Morgan,Josephine,Fisher,Nora,Morgan,Braydon
Olivas,Davin,Runco,Sommer,Olivas,Joey
Morgan,Janie,Fisher,Nora,Morgan,Braydon
Olivas,Michel,Runco,Sommer,Olivas,Joey
Ferguson,Maryanna,Taylor,Carli,Ferguson,Marielle
Olivas,Ronny,Runco,Sommer,Olivas,Joey
Ferguson,Sarina,Taylor,Carli,Ferguson,Marielle
Olivas,Marcell,Runco,Sommer,Olivas,Joey
Ferguson,Tayler,Taylor,Carli,Ferguson,Marielle
Olivas,Jerryd,Runco,Sommer,Olivas,Joey
Ferguson,Sandra,Taylor,Carli,Ferguson,Marielle
Olivas,Rowan,Runco,Sommer,Olivas,Joey
Ferguson,Paula,Taylor,Carli,Ferguson,Marielle
Ashby,Chance,Resnik,Marlee,Ashby,Joseph
Ferguson,Melisa,Taylor,Carli,Ferguson,Marielle
Ashby,Shea,Resnik,Marlee,Ashby,Joseph
Ferguson,Ivelisse,Taylor,Carli,Ferguson,Marielle
Ashby,Ahmad,Resnik,Marlee,Ashby,Joseph
Ferguson,Niki,Taylor,Carli,Ferguson,Marielle
Ashby,Reece,Resnik,Marlee,Ashby,Joseph
Ferguson,Casey,Taylor,Carli,Ferguson,Marielle
Ashby,Marcos,Resnik,Marlee,Ashby,Joseph
Ferguson,Lillie,Taylor,Carli,Ferguson,Marielle
Ashby,Xavier,Resnik,Marlee,Ashby,Joseph
Coolidge,Laura,Piper,Chantal,Coolidge,Brendan
Ashby,Hakeem,Resnik,Marlee,Ashby,Joseph
Coolidge,Sharon,Piper,Chantal,Coolidge,Brendan
Ashby,Bernard,Resnik,Marlee,Ashby,Joseph
Coolidge,Marivel,Piper,Chantal,Coolidge,Brendan
Cameron,Latrell,Grabe,Eleni,Cameron,Jonah
Coolidge,Lindsay,Piper,Chantal,Coolidge,Brendan
Cameron,Caleb,Grabe,Eleni,Cameron,Jonah
Coolidge,Diane,Piper,Chantal,Coolidge,Brendan
Cameron,Anders,Grabe,Eleni,Cameron,Jonah
Coolidge,Kendall,Piper,Chantal,Coolidge,Brendan
Cameron,Gustavo,Grabe,Eleni,Cameron,Jonah
Coolidge,Jaylynn,Piper,Chantal,Coolidge,Brendan
Akers,Forrest,Schweickart,Maia,Akers,Tracy
Coolidge,Hailey,Piper,Chantal,Coolidge,Brendan
Akers,Ali,Schweickart,Maia,Akers,Tracy
Coolidge,Misty,Piper,Chantal,Coolidge,Brendan
Akers,Gavin,Schweickart,Maia,Akers,Tracy
Olivas,Wendy,Runco,Sommer,Olivas,Joey
Akers,Jonathon,Schweickart,Maia,Akers,Tracy
Olivas,Ariel,Runco,Sommer,Olivas,Joey
Akers,Noel,Schweickart,Maia,Akers,Tracy
Olivas,Scarlett,Runco,Sommer,Olivas,Joey
Akers,Aron,Schweickart,Maia,Akers,Tracy
Olivas,Tristin,Runco,Sommer,Olivas,Joey
Akers,Wayne,Schweickart,Maia,Akers,Tracy
Olivas,Clair,Runco,Sommer,Olivas,Joey
Akers,Randy,Schweickart,Maia,Akers,Tracy
Olivas,Kaitlin,Runco,Sommer,Olivas,Joey
Deardorff,Truman,Bull,Emmily,Deardorff,Issac
Olivas,Kyana,Runco,Sommer,Olivas,Joey
Deardorff,Marielle,Bull,Emmily,Deardorff,Issac
Olivas,Judy,Runco,Sommer,Olivas,Joey
Deardorff,Rashaun,Bull,Emmily,Deardorff,Issac
Olivas,Rita,Runco,Sommer,Olivas,Joey
Deardorff,Lance,Bull,Emmily,Deardorff,Issac
Olivas,Genesis,Runco,Sommer,Olivas,Joey
Deardorff,Maverick,Bull,Emmily,Deardorff,Issac
Olivas,Karena,Runco,Sommer,Olivas,Joey
Deardorff,Cole,Bull,Emmily,Deardorff,Issac
Olivas,Shari,Runco,Sommer,Olivas,Joey
Deardorff,Terance,Bull,Emmily,Deardorff,Issac
Ashby,Kallee,Resnik,Marlee,Ashby,Joseph
Carr,Brian,Carpenter,Denise,Carr,Landon
Ashby,Sonya,Resnik,Marlee,Ashby,Joseph
Carr,Abdiel,Carpenter,Denise,Carr,Landon
Ashby,Veronica,Resnik,Marlee,Ashby,Joseph
Carr,Nathaniel,Carpenter,Denise,Carr,Landon
Ashby,Jodie,Resnik,Marlee,Ashby,Joseph
Carr,Trevin,Carpenter,Denise,Carr,Landon
Ashby,Kristie,Resnik,Marlee,Ashby,Joseph
Lockhart,Perry,McCulley,Karla,Lockhart,Justin
Ashby,Briana,Resnik,Marlee,Ashby,Joseph
Lockhart,Zakery,McCulley,Karla,Lockhart,Justin
Ashby,Jania,Resnik,Marlee,Ashby,Joseph
Lockhart,Brannon,McCulley,Karla,Lockhart,Justin
Ashby,Paris,Resnik,Marlee,Ashby,Joseph
Lockhart,Kahlil,McCulley,Karla,Lockhart,Justin
Ashby,Stephany,Resnik,Marlee,Ashby,Joseph
Lockhart,Alberto,McCulley,Karla,Lockhart,Justin
Ashby,Serena,Resnik,Marlee,Ashby,Joseph
Lockhart,Devonte,McCulley,Karla,Lockhart,Justin
Ashby,Marycather,Resnik,Marlee,Ashby,Joseph
Lockhart,Nigel,McCulley,Karla,Lockhart,Justin
Ashby,Ryann,Resnik,Marlee,Ashby,Joseph
Camarda,Ralph,Still,Valeria,Camarda,Kristofer
Cameron,Janie,Grabe,Eleni,Cameron,Jonah
Camarda,Maliki,Still,Valeria,Camarda,Kristofer
Cameron,Desiree,Grabe,Eleni,Cameron,Jonah
Camarda,Tayler,Still,Valeria,Camarda,Kristofer
Cameron,Kailee,Grabe,Eleni,Cameron,Jonah
Camarda,Ashton,Still,Valeria,Camarda,Kristofer
Cameron,Baby,Grabe,Eleni,Cameron,Jonah
Camarda,Bradlee,Still,Valeria,Camarda,Kristofer
Cameron,Tynia,Grabe,Eleni,Cameron,Jonah
Camarda,Heriberto,Still,Valeria,Camarda,Kristofer
Cameron,Salina,Grabe,Eleni,Cameron,Jonah
Camarda,Ben,Still,Valeria,Camarda,Kristofer
Cameron,Morgen,Grabe,Eleni,Cameron,Jonah
Camarda,Latrell,Still,Valeria,Camarda,Kristofer
Cameron,Maggie,Grabe,Eleni,Cameron,Jonah
Camarda,Robert,Still,Valeria,Camarda,Kristofer
Akers,Holland,Schweickart,Maia,Akers,Tracy
Camarda,Reese,Still,Valeria,Camarda,Kristofer
Akers,Lianna,Schweickart,Maia,Akers,Tracy
Camarda,Kenyon,Still,Valeria,Camarda,Kristofer
Deardorff,Latasha,Bull,Emmily,Deardorff,Issac
Camarda,Bernardo,Still,Valeria,Camarda,Kristofer
Deardorff,Leann,Bull,Emmily,Deardorff,Issac
Camarda,Zackary,Still,Valeria,Camarda,Kristofer
Deardorff,Miranda,Bull,Emmily,Deardorff,Issac
Camarda,Alfred,Still,Valeria,Camarda,Kristofer
Deardorff,Kasey,Bull,Emmily,Deardorff,Issac
Camarda,Milton,Still,Valeria,Camarda,Kristofer
Deardorff,Brandy,Bull,Emmily,Deardorff,Issac
Morgan,Kody,Cleveland,Latoya,Morgan,Bryan
Carr,Rocio,Carpenter,Denise,Carr,Landon
Morgan,Maliki,Cleveland,Latoya,Morgan,Bryan
Carr,Jasmine,Carpenter,Denise,Carr,Landon
Morgan,Brock,Linnehan,Gerardo,Morgan,Rodney
Carr,Devany,Carpenter,Denise,Carr,Landon
Morgan,Miguel,Linnehan,Gerardo,Morgan,Rodney
Carr,Hallie,Carpenter,Denise,Carr,Landon
Morgan,Noe,Linnehan,Gerardo,Morgan,Rodney
Carr,Ashley,Carpenter,Denise,Carr,Landon
Morgan,Terence,Linnehan,Gerardo,Morgan,Rodney
Lockhart,Kelci,McCulley,Karla,Lockhart,Justin
Morgan,Lionel,Linnehan,Gerardo,Morgan,Rodney
Lockhart,Raegan,McCulley,Karla,Lockhart,Justin
Morgan,Leonardo,Linnehan,Gerardo,Morgan,Rodney
Lockhart,Sasha,McCulley,Karla,Lockhart,Justin
Morgan,Ernesto,Linnehan,Gerardo,Morgan,Rodney
Lockhart,Milena,McCulley,Karla,Lockhart,Justin
Morgan,Steven,Linnehan,Gerardo,Morgan,Rodney
Camarda,Cassidy,Still,Valeria,Camarda,Kristofer
Morgan,Marshall,Linnehan,Gerardo,Morgan,Rodney
Camarda,Cierra,Still,Valeria,Camarda,Kristofer
Morgan,Jamari,Linnehan,Gerardo,Morgan,Rodney
Camarda,Tabitha,Still,Valeria,Camarda,Kristofer
Morgan,Myron,Linnehan,Gerardo,Morgan,Rodney
Camarda,Lyric,Still,Valeria,Camarda,Kristofer
Morgan,Angelo,Chiao,Carly,Morgan,Dan
Morgan,Jane,Cleveland,Latoya,Morgan,Bryan
Morgan,Spencer,Chiao,Carly,Morgan,Dan
Morgan,Ashtyn,Cleveland,Latoya,Morgan,Bryan
Morgan,Trent,Chiao,Carly,Morgan,Dan
Morgan,Kira,Cleveland,Latoya,Morgan,Bryan
Morgan,Peter,Greene,Shakia,Morgan,Devonte
Morgan,Dylan,Cleveland,Latoya,Morgan,Bryan
Morgan,Jamir,Greene,Shakia,Morgan,Devonte
Morgan,Donisha,Linnehan,Gerardo,Morgan,Rodney
Morgan,Cristian,Greene,Shakia,Morgan,Devonte
Morgan,Sylvia,Linnehan,Gerardo,Morgan,Rodney
Morgan,Damon,Greene,Shakia,Morgan,Devonte
Morgan,Latosha,Linnehan,Gerardo,Morgan,Rodney
Morgan,Damion,Greene,Shakia,Morgan,Devonte
Morgan,Judith,Linnehan,Gerardo,Morgan,Rodney
Morgan,Sebastien,Schweickart,Alana,Morgan,Benny
Morgan,Imani,Linnehan,Gerardo,Morgan,Rodney
Morgan,Brenden,Schweickart,Alana,Morgan,Benny
Morgan,Carson,Linnehan,Gerardo,Morgan,Rodney
Morgan,Carl,Schweickart,Alana,Morgan,Benny
Morgan,Vivian,Linnehan,Gerardo,Morgan,Rodney
Morgan,Fernando,Schweickart,Alana,Morgan,Benny
Morgan,Shenelly,Linnehan,Gerardo,Morgan,Rodney
Morgan,Montana,Schweickart,Alana,Morgan,Benny
Morgan,Alysha,Linnehan,Gerardo,Morgan,Rodney
Morgan,Ray,Schweickart,Alana,Morgan,Benny
Morgan,Gwendolyn,Chiao,Carly,Morgan,Dan
Ferguson,Nathanael,Mitchell,Bree,Ferguson,Damien
Morgan,Madilyn,Chiao,Carly,Morgan,Dan
Ferguson,Jaylon,Mitchell,Bree,Ferguson,Damien
Morgan,Summer,Chiao,Carly,Morgan,Dan
Ferguson,Lars,Mitchell,Bree,Ferguson,Damien
Morgan,Sheri,Greene,Shakia,Morgan,Devonte
Ferguson,Grayson,Mitchell,Bree,Ferguson,Damien
Morgan,Chantal,Greene,Shakia,Morgan,Devonte
Ferguson,Clay,Mitchell,Bree,Ferguson,Damien
Morgan,Makayla,Greene,Shakia,Morgan,Devonte
Ferguson,Dennis,Mitchell,Bree,Ferguson,Damien
Morgan,Destiny,Greene,Shakia,Morgan,Devonte
Ferguson,Shareef,Mitchell,Bree,Ferguson,Damien
Morgan,Jessenia,Schweickart,Alana,Morgan,Benny
Ferguson,Maurice,McKinley,Marisa,Ferguson,Jajuan
Morgan,Jaymie,Schweickart,Alana,Morgan,Benny
Ferguson,Enoch,McKinley,Marisa,Ferguson,Jajuan
Morgan,Salena,Schweickart,Alana,Morgan,Benny
Ferguson,Juan,McKinley,Marisa,Ferguson,Jajuan
Morgan,Elaine,Schweickart,Alana,Morgan,Benny
Ferguson,Darrin,McKinley,Marisa,Ferguson,Jajuan
Morgan,Blake,Schweickart,Alana,Morgan,Benny
Ferguson,Kendrick,McKinley,Marisa,Ferguson,Jajuan
Morgan,Miriam,Schweickart,Alana,Morgan,Benny
Ferguson,Chandler,McKinley,Marisa,Ferguson,Jajuan
Morgan,Erin,Schweickart,Alana,Morgan,Benny
Ferguson,Frank,McKinley,Marisa,Ferguson,Jajuan
Morgan,Chelsea,Schweickart,Alana,Morgan,Benny
Ferguson,Trent,McKinley,Marisa,Ferguson,Jajuan
Morgan,Angelina,Schweickart,Alana,Morgan,Benny
Ferguson,Kurtis,McKinley,Marisa,Ferguson,Jajuan
Morgan,Chaya,Schweickart,Alana,Morgan,Benny
Ferguson,Brennon,McKinley,Marisa,Ferguson,Jajuan
Ferguson,Cynthia,Mitchell,Bree,Ferguson,Damien
Ferguson,Milton,Brand,Kasey,Ferguson,Rory
Ferguson,Ramona,Mitchell,Bree,Ferguson,Damien
Ferguson,Marcus,Brand,Kasey,Ferguson,Rory
Ferguson,Mariah,Mitchell,Bree,Ferguson,Damien
Ferguson,Shmuel,Brand,Kasey,Ferguson,Rory
Ferguson,Kaelyn,Mitchell,Bree,Ferguson,Damien
Ferguson,Alex,Brand,Kasey,Ferguson,Rory
Ferguson,Phoebe,McKinley,Marisa,Ferguson,Jajuan
Ferguson,Campbell,Morgan,Marina,Ferguson,Benjamin
Ferguson,Kerri,McKinley,Marisa,Ferguson,Jajuan
Ferguson,Andre,Morgan,Marina,Ferguson,Benjamin
Ferguson,Erin,McKinley,Marisa,Ferguson,Jajuan
Ferguson,Khalil,Morgan,Marina,Ferguson,Benjamin
Ferguson,Chantel,McKinley,Marisa,Ferguson,Jajuan
Ferguson,Michel,Morgan,Marina,Ferguson,Benjamin
Ferguson,Xandria,McKinley,Marisa,Ferguson,Jajuan
Coolidge,Nadav,Morgan,Maire,Coolidge,Elias
Ferguson,Carmen,McKinley,Marisa,Ferguson,Jajuan
Coolidge,Jeremy,Morgan,Maire,Coolidge,Elias
Ferguson,Eryn,McKinley,Marisa,Ferguson,Jajuan
Coolidge,Julius,Morgan,Maire,Coolidge,Elias
Ferguson,Cassandra,McKinley,Marisa,Ferguson,Jajuan
Coolidge,Deion,Morgan,Maire,Coolidge,Elias
Ferguson,Alissa,Brand,Kasey,Ferguson,Rory
Coolidge,Pedro,Morgan,Macy,Coolidge,Justice
Ferguson,Chelsea,Brand,Kasey,Ferguson,Rory
Coolidge,Efren,Morgan,Macy,Coolidge,Justice
Ferguson,Symone,Morgan,Marina,Ferguson,Benjamin
Coolidge,Kirkland,Morgan,Sheniqua,Coolidge,Jamal
Ferguson,Adrianna,Morgan,Marina,Ferguson,Benjamin
Coolidge,Zachary,Morgan,Sheniqua,Coolidge,Jamal
Ferguson,Katheryn,Morgan,Marina,Ferguson,Benjamin
Coolidge,Franklin,Morgan,Sheniqua,Coolidge,Jamal
Ferguson,Maritza,Morgan,Marina,Ferguson,Benjamin
Coolidge,Gage,Morgan,Sheniqua,Coolidge,Jamal
Ferguson,Mahogany,Morgan,Marina,Ferguson,Benjamin
Coolidge,Donovan,Morgan,Lea,Coolidge,Parker
Coolidge,Cecelia,Morgan,Maire,Coolidge,Elias
Coolidge,Jake,Morgan,Lea,Coolidge,Parker
Coolidge,Ciera,Morgan,Maire,Coolidge,Elias
Coolidge,Forest,Morgan,Lea,Coolidge,Parker
Coolidge,Maranda,Morgan,Maire,Coolidge,Elias
Coolidge,Moshe,Morgan,Lea,Coolidge,Parker
Coolidge,Shanyce,Morgan,Maire,Coolidge,Elias
Coolidge,Paul,Morgan,Lea,Coolidge,Parker
Coolidge,Alaina,Morgan,Maire,Coolidge,Elias
Coolidge,Alec,Morgan,Lea,Coolidge,Parker
Coolidge,Marianne,Morgan,Maire,Coolidge,Elias
Coolidge,Lauren,Morgan,Lea,Coolidge,Parker
Coolidge,Keirra,Morgan,Maire,Coolidge,Elias
Coolidge,Houston,Morgan,Lea,Coolidge,Parker
Coolidge,Marianna,Morgan,Macy,Coolidge,Justice
Coolidge,Shayne,Morgan,Lea,Coolidge,Parker
Coolidge,Rani,Morgan,Macy,Coolidge,Justice
Coolidge,Perry,Morgan,Lea,Coolidge,Parker
Coolidge,Tatum,Morgan,Macy,Coolidge,Justice
Coolidge,Deric,Morgan,Toni,Coolidge,Raheem
Coolidge,Karli,Morgan,Macy,Coolidge,Justice
Coolidge,Markell,Morgan,Toni,Coolidge,Raheem
Coolidge,Micaela,Morgan,Macy,Coolidge,Justice
Coolidge,Larry,Morgan,Toni,Coolidge,Raheem
Coolidge,Tayler,Morgan,Macy,Coolidge,Justice
Coolidge,Zachariah,Morgan,Toni,Coolidge,Raheem
Coolidge,Stacie,Morgan,Macy,Coolidge,Justice
Coolidge,Sutton,Morgan,Toni,Coolidge,Raheem
Coolidge,Estefani,Morgan,Sheniqua,Coolidge,Jamal
Coolidge,Demonte,Morgan,Joi,Coolidge,Deante
Coolidge,Raquel,Morgan,Sheniqua,Coolidge,Jamal
Coolidge,Danny,Morgan,Joi,Coolidge,Deante
Coolidge,Mykelle,Morgan,Sheniqua,Coolidge,Jamal
Coolidge,Claudio,Morgan,Joi,Coolidge,Deante
Coolidge,Berenice,Morgan,Sheniqua,Coolidge,Jamal
Coolidge,Henry,Morgan,Joi,Coolidge,Deante
Coolidge,Kelsie,Morgan,Sheniqua,Coolidge,Jamal
Coolidge,Jamel,Morgan,Joi,Coolidge,Deante
Coolidge,Lauryn,Morgan,Sheniqua,Coolidge,Jamal
Coolidge,Curtis,Morgan,Joi,Coolidge,Deante
Coolidge,Lianna,Morgan,Lea,Coolidge,Parker
Coolidge,Milton,Morgan,Joi,Coolidge,Deante
Coolidge,Jaquana,Morgan,Lea,Coolidge,Parker
Coolidge,Robert,Morgan,Joi,Coolidge,Deante
Coolidge,Camisha,Morgan,Lea,Coolidge,Parker
Coolidge,Harold,Morgan,Aleisha,Coolidge,Bobby
Coolidge,Kiesha,Morgan,Lea,Coolidge,Parker
Coolidge,Antavius,Morgan,Aleisha,Coolidge,Bobby
Coolidge,Benita,Morgan,Lea,Coolidge,Parker
Coolidge,Treshaun,Morgan,Aleisha,Coolidge,Bobby
Coolidge,Yvonne,Morgan,Toni,Coolidge,Raheem
Coolidge,Terrell,Morgan,Aleisha,Coolidge,Bobby
Coolidge,Kaci,Morgan,Toni,Coolidge,Raheem
Coolidge,Charles,Morgan,Aleisha,Coolidge,Bobby
Coolidge,Gilda,Morgan,Toni,Coolidge,Raheem
Coolidge,Emilio,Morgan,Aleisha,Coolidge,Bobby
Coolidge,Malika,Morgan,Toni,Coolidge,Raheem
Coolidge,Casey,Morgan,Aleisha,Coolidge,Bobby
Coolidge,Patience,Morgan,Toni,Coolidge,Raheem
Coolidge,Oren,Morgan,Luna,Coolidge,Michal
Coolidge,Cristal,Morgan,Toni,Coolidge,Raheem
Kalon,Pierce,Shannon,Taylor,Tyson
Olivas,Alex,Morgan,Geraldine,Olivas,Harrison
Coolidge,Noah,Morgan,Toni,Coolidge,Raheem
Olivas,Hayden,Morgan,Geraldine,Olivas,Harrison
Coolidge,Meredith,Morgan,Joi,Coolidge,Deante
Olivas,Corbin,Morgan,Josephine,Olivas,Arturo
Coolidge,Guadalupe,Morgan,Joi,Coolidge,Deante
Olivas,Deontae,Morgan,Josephine,Olivas,Arturo
Coolidge,Austin,Morgan,Joi,Coolidge,Deante
Olivas,Raymond,Morgan,Josephine,Olivas,Arturo
Coolidge,Lily,Morgan,Joi,Coolidge,Deante
Olivas,Graham,Morgan,Janie,Olivas,Davin
Coolidge,Ravin,Morgan,Aleisha,Coolidge,Bobby
Olivas,Orlando,Morgan,Janie,Olivas,Davin
Coolidge,Kallee,Morgan,Aleisha,Coolidge,Bobby
Olivas,Baby,Morgan,Janie,Olivas,Davin
Coolidge,Aidan,Morgan,Aleisha,Coolidge,Bobby
Olivas,Darnell,Morgan,Janie,Olivas,Davin
Coolidge,Holly,Morgan,Aleisha,Coolidge,Bobby
Olivas,Devonta,Morgan,Janie,Olivas,Davin
Coolidge,Shyla,Morgan,Aleisha,Coolidge,Bobby
Olivas,Sheldon,Ferguson,Maryanna,Olivas,Michel
Coolidge,Carson,Morgan,Aleisha,Coolidge,Bobby
Olivas,Bronson,Ferguson,Sarina,Olivas,Ronny
Coolidge,Breanna,Morgan,Aleisha,Coolidge,Bobby
Olivas,Javon,Ferguson,Sarina,Olivas,Ronny
Coolidge,Angle,Morgan,Aleisha,Coolidge,Bobby
Olivas,Alek,Ferguson,Sarina,Olivas,Ronny
Coolidge,Katia,Morgan,Aleisha,Coolidge,Bobby
Olivas,Cole,Ferguson,Sarina,Olivas,Ronny
Coolidge,Saige,Morgan,Luna,Coolidge,Michal
Olivas,Dakotah,Ferguson,Sarina,Olivas,Ronny
Olivas,Logan,Morgan,Geraldine,Olivas,Harrison
Olivas,Vernon,Ferguson,Sarina,Olivas,Ronny
Olivas,Synthia,Morgan,Geraldine,Olivas,Harrison
Olivas,Kamau,Ferguson,Sarina,Olivas,Ronny
Olivas,Flor,Morgan,Geraldine,Olivas,Harrison
Olivas,Derrick,Ferguson,Sarina,Olivas,Ronny
Olivas,Leticia,Morgan,Josephine,Olivas,Arturo
Olivas,Alfred,Ferguson,Sarina,Olivas,Ronny
Olivas,Angelika,Morgan,Josephine,Olivas,Arturo
Olivas,Nicholas,Ferguson,Sarina,Olivas,Ronny
Olivas,Dominique,Morgan,Josephine,Olivas,Arturo
Olivas,Kelson,Ferguson,Tayler,Olivas,Marcell
Olivas,Kaycee,Morgan,Josephine,Olivas,Arturo
Olivas,Demarco,Ferguson,Tayler,Olivas,Marcell
Olivas,Malina,Morgan,Josephine,Olivas,Arturo
Olivas,Brennan,Ferguson,Tayler,Olivas,Marcell
Olivas,Isamar,Morgan,Janie,Olivas,Davin
Olivas,Jon,Ferguson,Tayler,Olivas,Marcell
Olivas,Savana,Morgan,Janie,Olivas,Davin
Olivas,Bryson,Ferguson,Tayler,Olivas,Marcell
Olivas,Nathaly,Morgan,Janie,Olivas,Davin
Olivas,San,Ferguson,Tayler,Olivas,Marcell
Olivas,Irma,Morgan,Janie,Olivas,Davin
Olivas,Eddie,Ferguson,Tayler,Olivas,Marcell
Olivas,Kitana,Morgan,Janie,Olivas,Davin
Olivas,Caleb,Ferguson,Tayler,Olivas,Marcell
Olivas,Malia,Ferguson,Maryanna,Olivas,Michel
Olivas,Randall,Ferguson,Sandra,Olivas,Jerryd
Olivas,Gabriella,Ferguson,Maryanna,Olivas,Michel
Olivas,Marques,Ferguson,Sandra,Olivas,Jerryd
Olivas,Sasha,Ferguson,Sarina,Olivas,Ronny
Olivas,Leo,Ferguson,Sandra,Olivas,Jerryd
Olivas,Shane,Ferguson,Sarina,Olivas,Ronny
Olivas,Tevin,Ferguson,Sandra,Olivas,Jerryd
Olivas,Dakota,Ferguson,Sarina,Olivas,Ronny
Olivas,Deangelo,Ferguson,Sandra,Olivas,Jerryd
Olivas,Janie,Ferguson,Sarina,Olivas,Ronny
Olivas,Britt,Ferguson,Sandra,Olivas,Jerryd
Olivas,Brittney,Ferguson,Sarina,Olivas,Ronny
Olivas,Neal,Ferguson,Paula,Olivas,Rowan
Olivas,Clare,Ferguson,Sarina,Olivas,Ronny
Olivas,Mathew,Ferguson,Paula,Olivas,Rowan
Olivas,Abagail,Ferguson,Sarina,Olivas,Ronny
Ashby,Raul,Ferguson,Melisa,Ashby,Chance
Olivas,Karley,Ferguson,Sarina,Olivas,Ronny
Ashby,Dangelo,Ferguson,Melisa,Ashby,Chance
Olivas,Molli,Ferguson,Tayler,Olivas,Marcell
Ashby,Demarco,Ferguson,Melisa,Ashby,Chance
Olivas,Paige,Ferguson,Tayler,Olivas,Marcell
Ashby,Steve,Ferguson,Melisa,Ashby,Chance
Olivas,Jazmin,Ferguson,Sandra,Olivas,Jerryd
Ashby,Malachi,Ferguson,Ivelisse,Ashby,Shea
Olivas,Thalia,Ferguson,Sandra,Olivas,Jerryd
Ashby,Markell,Ferguson,Ivelisse,Ashby,Shea
Olivas,Demi,Ferguson,Sandra,Olivas,Jerryd
Ashby,Albert,Ferguson,Ivelisse,Ashby,Shea
Olivas,Anita,Ferguson,Sandra,Olivas,Jerryd
Ashby,Colton,Ferguson,Ivelisse,Ashby,Shea
Olivas,Briana,Ferguson,Sandra,Olivas,Jerryd
Ashby,Perry,Ferguson,Ivelisse,Ashby,Shea
Olivas,Loren,Ferguson,Sandra,Olivas,Jerryd
Ashby,Tracy,Ferguson,Ivelisse,Ashby,Shea
Olivas,Tyra,Ferguson,Paula,Olivas,Rowan
Ashby,Rashad,Ferguson,Ivelisse,Ashby,Shea
Olivas,Breona,Ferguson,Paula,Olivas,Rowan
Ashby,Humberto,Ferguson,Ivelisse,Ashby,Shea
Olivas,Alma,Ferguson,Paula,Olivas,Rowan
Ashby,Grady,Ferguson,Ivelisse,Ashby,Shea
Ashby,Chase,Ferguson,Melisa,Ashby,Chance
Ashby,Kendrick,Ferguson,Ivelisse,Ashby,Shea
Ashby,Mikayla,Ferguson,Melisa,Ashby,Chance
Ashby,Charly,Ferguson,Ivelisse,Ashby,Shea
Ashby,Micayla,Ferguson,Melisa,Ashby,Chance
Ashby,Richie,Ferguson,Niki,Ashby,Ahmad
Ashby,Lilibeth,Ferguson,Ivelisse,Ashby,Shea
Ashby,Ross,Ferguson,Niki,Ashby,Ahmad
Ashby,Zulema,Ferguson,Ivelisse,Ashby,Shea
Ashby,Derrick,Ferguson,Niki,Ashby,Ahmad
Ashby,Marisa,Ferguson,Ivelisse,Ashby,Shea
Ashby,Cruz,Ferguson,Niki,Ashby,Ahmad
Ashby,Marcia,Ferguson,Ivelisse,Ashby,Shea
Ashby,Nelson,Ferguson,Niki,Ashby,Ahmad
Ashby,Kaycee,Ferguson,Ivelisse,Ashby,Shea
Ashby,Gonzalo,Ferguson,Niki,Ashby,Ahmad
Ashby,Kristen,Ferguson,Ivelisse,Ashby,Shea
Ashby,Arian,Ferguson,Niki,Ashby,Ahmad
Ashby,Shelly,Ferguson,Ivelisse,Ashby,Shea
Ashby,Beau,Ferguson,Niki,Ashby,Ahmad
Ashby,Karissa,Ferguson,Ivelisse,Ashby,Shea
Ashby,Brent,Ferguson,Niki,Ashby,Ahmad
Ashby,Constance,Ferguson,Niki,Ashby,Ahmad
Ashby,Patrick,Ferguson,Casey,Ashby,Reece
Ashby,Genevieve,Ferguson,Niki,Ashby,Ahmad
Ashby,Alfred,Ferguson,Casey,Ashby,Reece
Ashby,Tia,Ferguson,Niki,Ashby,Ahmad
Ashby,Travis,Ferguson,Casey,Ashby,Reece
Ashby,Maggie,Ferguson,Niki,Ashby,Ahmad
Ashby,Tyson,Ferguson,Casey,Ashby,Reece
Ashby,Shoshana,Ferguson,Niki,Ashby,Ahmad
Ashby,Ramiro,Ferguson,Casey,Ashby,Reece
Ashby,Aleisha,Ferguson,Niki,Ashby,Ahmad
Ashby,Cooper,Ferguson,Casey,Ashby,Reece
Ashby,Rian,Ferguson,Niki,Ashby,Ahmad
Ashby,Yuri,Ferguson,Casey,Ashby,Reece
Ashby,Makaila,Ferguson,Niki,Ashby,Ahmad
Ashby,Dean,Ferguson,Casey,Ashby,Reece
Ashby,Porsha,Ferguson,Niki,Ashby,Ahmad
Ashby,Phillip,Ferguson,Lillie,Ashby,Marcos
Ashby,Kyle,Ferguson,Niki,Ashby,Ahmad
Ashby,Timothy,Ferguson,Lillie,Ashby,Marcos
Ashby,Candy,Ferguson,Niki,Ashby,Ahmad
Ashby,Wayne,Ferguson,Lillie,Ashby,Marcos
Ashby,Terri,Ferguson,Casey,Ashby,Reece
Ashby,Dominic,Ferguson,Lillie,Ashby,Marcos
Ashby,Jamie,Ferguson,Casey,Ashby,Reece
Ashby,Kelvin,Coolidge,Laura,Ashby,Xavier
Ashby,Destini,Ferguson,Casey,Ashby,Reece
Ashby,George,Coolidge,Laura,Ashby,Xavier
Ashby,Leana,Ferguson,Lillie,Ashby,Marcos
Ashby,Lance,Coolidge,Laura,Ashby,Xavier
Ashby,Eliana,Ferguson,Lillie,Ashby,Marcos
Ashby,Jamel,Coolidge,Laura,Ashby,Xavier
Ashby,Ali,Ferguson,Lillie,Ashby,Marcos
Ashby,Gerald,Coolidge,Sharon,Ashby,Hakeem
Ashby,Jazmine,Coolidge,Sharon,Ashby,Hakeem
Ashby,Payton,Coolidge,Sharon,Ashby,Hakeem
Ashby,Tarah,Coolidge,Sharon,Ashby,Hakeem
Ashby,Luis,Coolidge,Sharon,Ashby,Hakeem
Ashby,Daja,Coolidge,Sharon,Ashby,Hakeem
Ashby,Russell,Coolidge,Sharon,Ashby,Hakeem
Ashby,Mariana,Coolidge,Sharon,Ashby,Hakeem
Ashby,Adalberto,Coolidge,Sharon,Ashby,Hakeem
Ashby,Nadine,Coolidge,Sharon,Ashby,Hakeem
Ashby,Hugh,Coolidge,Sharon,Ashby,Hakeem
Ashby,Zenia,Coolidge,Marivel,Ashby,Bernard
Ashby,Keanu,Coolidge,Sharon,Ashby,Hakeem
Ashby,Dallas,Coolidge,Marivel,Ashby,Bernard
Ashby,Rolando,Coolidge,Marivel,Ashby,Bernard
Ashby,Alysa,Coolidge,Marivel,Ashby,Bernard
Ashby,Cullen,Coolidge,Marivel,Ashby,Bernard
Ashby,Kaira,Coolidge,Marivel,Ashby,Bernard
Ashby,Liam,Coolidge,Marivel,Ashby,Bernard
Ashby,Yessenia,Coolidge,Marivel,Ashby,Bernard
Ashby,Alek,Coolidge,Marivel,Ashby,Bernard
Ashby,Joyce,Coolidge,Marivel,Ashby,Bernard
Ashby,Jordon,Coolidge,Marivel,Ashby,Bernard
Ashby,Doris,Coolidge,Marivel,Ashby,Bernard
Ashby,Allan,Coolidge,Marivel,Ashby,Bernard
Ashby,Kaydee,Coolidge,Marivel,Ashby,Bernard
Ashby,Francisco,Coolidge,Marivel,Ashby,Bernard
Cameron,Mariana,Coolidge,Lindsay,Cameron,Latrell
Cameron,Darrin,Coolidge,Lindsay,Cameron,Latrell
Cameron,Paxton,Coolidge,Lindsay,Cameron,Latrell
Cameron,Stanley,Coolidge,Lindsay,Cameron,Latrell
Cameron,Lori,Coolidge,Lindsay,Cameron,Latrell
Cameron,George,Coolidge,Lindsay,Cameron,Latrell
Cameron,Lucia,Coolidge,Lindsay,Cameron,Latrell
Cameron,Terron,Coolidge,Lindsay,Cameron,Latrell
Cameron,Ayanna,Coolidge,Lindsay,Cameron,Latrell
Cameron,Jamar,Coolidge,Lindsay,Cameron,Latrell
Cameron,Loren,Coolidge,Lindsay,Cameron,Latrell
Cameron,Stephan,Coolidge,Lindsay,Cameron,Latrell
Cameron,Kelcee,Coolidge,Diane,Cameron,Caleb
Cameron,Easton,Coolidge,Lindsay,Cameron,Latrell
Cameron,Isabella,Coolidge,Kendall,Cameron,Anders
Cameron,Taylor,Coolidge,Lindsay,Cameron,Latrell
Cameron,Lizette,Coolidge,Kendall,Cameron,Anders
Cameron,Preston,Coolidge,Lindsay,Cameron,Latrell
Cameron,Myesha,Coolidge,Kendall,Cameron,Anders
Cameron,Dequan,Coolidge,Lindsay,Cameron,Latrell
Cameron,Sonya,Coolidge,Kendall,Cameron,Anders
Cameron,Gilberto,Coolidge,Diane,Cameron,Caleb
Cameron,Nathaly,Coolidge,Kendall,Cameron,Anders
Cameron,Giovanni,Coolidge,Diane,Cameron,Caleb
Cameron,Charlene,Coolidge,Kendall,Cameron,Anders
Cameron,Marques,Coolidge,Diane,Cameron,Caleb
Cameron,Sadie,Coolidge,Kendall,Cameron,Anders
Cameron,Chandler,Coolidge,Diane,Cameron,Caleb
Cameron,Scarlett,Coolidge,Kendall,Cameron,Anders
Cameron,Trevor,Coolidge,Diane,Cameron,Caleb
Cameron,Anna,Coolidge,Kendall,Cameron,Anders
Cameron,Gary,Coolidge,Diane,Cameron,Caleb
Cameron,Judith,Coolidge,Jaylynn,Cameron,Gustavo
Cameron,Eugene,Coolidge,Kendall,Cameron,Anders
Cameron,Diamond,Coolidge,Jaylynn,Cameron,Gustavo
Cameron,Silas,Coolidge,Kendall,Cameron,Anders
Cameron,Marivel,Coolidge,Jaylynn,Cameron,Gustavo
Cameron,Erich,Coolidge,Jaylynn,Cameron,Gustavo
Cameron,Mollie,Coolidge,Jaylynn,Cameron,Gustavo
Cameron,Johnathan,Coolidge,Jaylynn,Cameron,Gustavo
Cameron,Tiona,Coolidge,Jaylynn,Cameron,Gustavo
Cameron,Keanu,Coolidge,Jaylynn,Cameron,Gustavo
Cameron,Mariangeli,Coolidge,Jaylynn,Cameron,Gustavo
Cameron,Deante,Coolidge,Jaylynn,Cameron,Gustavo
Cameron,Aireona,Coolidge,Jaylynn,Cameron,Gustavo
Cameron,Cole,Coolidge,Jaylynn,Cameron,Gustavo
Cameron,Celia,Coolidge,Jaylynn,Cameron,Gustavo
Cameron,Shmuel,Coolidge,Jaylynn,Cameron,Gustavo
Akers,Beverly,Coolidge,Hailey,Akers,Forrest
Cameron,Cameron,Coolidge,Jaylynn,Cameron,Gustavo
Akers,Baylee,Coolidge,Hailey,Akers,Forrest
Cameron,Damon,Coolidge,Jaylynn,Cameron,Gustavo
Akers,Sky,Coolidge,Hailey,Akers,Forrest
Cameron,Moshe,Coolidge,Jaylynn,Cameron,Gustavo
Akers,Linnea,Coolidge,Hailey,Akers,Forrest
Cameron,Deshawn,Coolidge,Jaylynn,Cameron,Gustavo
Akers,Sadie,Coolidge,Hailey,Akers,Forrest
Akers,Leonard,Coolidge,Hailey,Akers,Forrest
Akers,Keanna,Coolidge,Misty,Akers,Ali
Akers,Austen,Coolidge,Hailey,Akers,Forrest
Akers,Zaria,Coolidge,Misty,Akers,Ali
Akers,Brennen,Coolidge,Hailey,Akers,Forrest
Akers,Shaina,Coolidge,Misty,Akers,Ali
Akers,Korey,Coolidge,Hailey,Akers,Forrest
Akers,Mandy,Coolidge,Misty,Akers,Ali
Akers,Wade,Coolidge,Hailey,Akers,Forrest
Akers,Diane,Coolidge,Misty,Akers,Ali
Akers,Raymond,Coolidge,Hailey,Akers,Forrest
Akers,Moesha,Coolidge,Misty,Akers,Ali
Akers,Oliver,Coolidge,Hailey,Akers,Forrest
Akers,Rochelle,Olivas,Wendy,Akers,Gavin
Akers,Jamal,Coolidge,Hailey,Akers,Forrest
Akers,Martha,Olivas,Wendy,Akers,Gavin
Akers,Mateo,Coolidge,Hailey,Akers,Forrest
Akers,Skye,Olivas,Wendy,Akers,Gavin
Akers,Kevin,Coolidge,Misty,Akers,Ali
Akers,Faith,Olivas,Ariel,Akers,Jonathon
Akers,Bennie,Coolidge,Misty,Akers,Ali
Akers,Tamra,Olivas,Ariel,Akers,Jonathon
Akers,Dreshaun,Coolidge,Misty,Akers,Ali
Akers,Jessika,Olivas,Ariel,Akers,Jonathon
Akers,Dusty,Coolidge,Misty,Akers,Ali
Akers,Ashlyn,Olivas,Ariel,Akers,Jonathon
Akers,Asa,Coolidge,Misty,Akers,Ali
Akers,Savanah,Olivas,Ariel,Akers,Jonathon
Akers,Hiram,Coolidge,Misty,Akers,Ali
Akers,Halie,Olivas,Scarlett,Akers,Noel
Akers,Martin,Coolidge,Misty,Akers,Ali
Akers,Keyondra,Olivas,Scarlett,Akers,Noel
Akers,Callum,Coolidge,Misty,Akers,Ali
Akers,Yasmeen,Olivas,Scarlett,Akers,Noel
Akers,Salvatore,Olivas,Wendy,Akers,Gavin
Akers,Trinity,Olivas,Scarlett,Akers,Noel
Akers,Nicholas,Olivas,Wendy,Akers,Gavin
Akers,Bree,Olivas,Scarlett,Akers,Noel
Akers,Garett,Olivas,Wendy,Akers,Gavin
Akers,Kaleigh,Olivas,Scarlett,Akers,Noel
Akers,Elmer,Olivas,Wendy,Akers,Gavin
Akers,Kelsey,Olivas,Scarlett,Akers,Noel
Akers,Lorenzo,Olivas,Ariel,Akers,Jonathon
Akers,Melisa,Olivas,Scarlett,Akers,Noel
Akers,Camden,Olivas,Ariel,Akers,Jonathon
Akers,Coralys,Olivas,Scarlett,Akers,Noel
Akers,Jordan,Olivas,Ariel,Akers,Jonathon
Akers,Meaghan,Olivas,Tristin,Akers,Aron
Akers,Grant,Olivas,Ariel,Akers,Jonathon
Akers,Cambria,Olivas,Tristin,Akers,Aron
Akers,River,Olivas,Ariel,Akers,Jonathon
Akers,Kaytlin,Olivas,Tristin,Akers,Aron
Akers,Reynaldo,Olivas,Ariel,Akers,Jonathon
Akers,Jana,Olivas,Tristin,Akers,Aron
Akers,Marques,Olivas,Scarlett,Akers,Noel
Akers,Carina,Olivas,Tristin,Akers,Aron
Akers,Bret,Olivas,Scarlett,Akers,Noel
Akers,Ellen,Olivas,Tristin,Akers,Aron
Akers,Freeman,Olivas,Scarlett,Akers,Noel
Akers,Jazmyne,Olivas,Tristin,Akers,Aron
Akers,Kirk,Olivas,Scarlett,Akers,Noel
Akers,Taelor,Olivas,Tristin,Akers,Aron
Akers,Theodore,Olivas,Scarlett,Akers,Noel
Akers,Britni,Olivas,Tristin,Akers,Aron
Akers,Josie,Olivas,Scarlett,Akers,Noel
Akers,Micaela,Olivas,Clair,Akers,Wayne
Akers,Joseph,Olivas,Scarlett,Akers,Noel
Akers,Latasha,Olivas,Clair,Akers,Wayne
Akers,Steve,Olivas,Scarlett,Akers,Noel
Akers,Adrianne,Olivas,Clair,Akers,Wayne
Akers,Augustus,Olivas,Scarlett,Akers,Noel
Akers,Caylee,Olivas,Clair,Akers,Wayne
Akers,Kylan,Olivas,Tristin,Akers,Aron
Akers,Kallee,Olivas,Clair,Akers,Wayne
Akers,Miguel,Olivas,Tristin,Akers,Aron
Akers,Kyndra,Olivas,Kaitlin,Akers,Randy
Akers,Jevin,Olivas,Tristin,Akers,Aron
Akers,Marlen,Olivas,Kaitlin,Akers,Randy
Akers,Kyler,Olivas,Tristin,Akers,Aron
Akers,Jada,Olivas,Kaitlin,Akers,Randy
Akers,Garret,Olivas,Tristin,Akers,Aron
Akers,Kaylie,Olivas,Kaitlin,Akers,Randy
Akers,Garin,Olivas,Clair,Akers,Wayne
Akers,Raquel,Olivas,Kaitlin,Akers,Randy
Akers,Johnathen,Olivas,Clair,Akers,Wayne
Deardorff,Marelyn,Olivas,Kyana,Deardorff,Truman
Akers,Reginald,Olivas,Clair,Akers,Wayne
Deardorff,Loren,Olivas,Kyana,Deardorff,Truman
Akers,Dion,Olivas,Clair,Akers,Wayne
Deardorff,Kaytlyn,Olivas,Kyana,Deardorff,Truman
Akers,Rene,Olivas,Clair,Akers,Wayne
Deardorff,Zaria,Olivas,Kyana,Deardorff,Truman
Akers,Tyrone,Olivas,Kaitlin,Akers,Randy
Deardorff,Allyssa,Olivas,Kyana,Deardorff,Truman
Akers,John,Olivas,Kaitlin,Akers,Randy
Deardorff,Jamiya,Olivas,Kyana,Deardorff,Truman
Akers,Rigoberto,Olivas,Kaitlin,Akers,Randy
Deardorff,Tyler,Olivas,Kyana,Deardorff,Truman
Akers,Louis,Olivas,Kaitlin,Akers,Randy
Deardorff,Lydia,Olivas,Judy,Deardorff,Marielle
Deardorff,Kenny,Olivas,Kyana,Deardorff,Truman
Deardorff,Tia,Olivas,Judy,Deardorff,Marielle
Deardorff,Ryen,Olivas,Kyana,Deardorff,Truman
Deardorff,Kassandra,Olivas,Judy,Deardorff,Marielle
Deardorff,Reynaldo,Olivas,Kyana,Deardorff,Truman
Deardorff,Elizabet,Olivas,Judy,Deardorff,Marielle
Deardorff,Cristobal,Olivas,Kyana,Deardorff,Truman
Deardorff,Hailee,Olivas,Judy,Deardorff,Marielle
Deardorff,Aiden,Olivas,Kyana,Deardorff,Truman
Deardorff,Sarina,Olivas,Judy,Deardorff,Marielle
Deardorff,Travon,Olivas,Judy,Deardorff,Marielle
Deardorff,Chase,Olivas,Judy,Deardorff,Marielle
Deardorff,Brayden,Olivas,Judy,Deardorff,Marielle
Deardorff,Breana,Olivas,Judy,Deardorff,Marielle
Deardorff,Josejuan,Olivas,Judy,Deardorff,Marielle
Deardorff,Itzel,Olivas,Rita,Deardorff,Rashaun
Deardorff,Zaquan,Olivas,Judy,Deardorff,Marielle
Deardorff,Jessa,Olivas,Rita,Deardorff,Rashaun
Deardorff,Rene,Olivas,Judy,Deardorff,Marielle
Deardorff,Emmalee,Olivas,Rita,Deardorff,Rashaun
Deardorff,Jordon,Olivas,Judy,Deardorff,Marielle
Deardorff,Benita,Olivas,Rita,Deardorff,Rashaun
Deardorff,Micheal,Olivas,Judy,Deardorff,Marielle
Deardorff,Aesha,Olivas,Genesis,Deardorff,Lance
Deardorff,Kendrick,Olivas,Judy,Deardorff,Marielle
Deardorff,Juanita,Olivas,Genesis,Deardorff,Lance
Deardorff,Dante,Olivas,Judy,Deardorff,Marielle
Deardorff,Natasha,Olivas,Karena,Deardorff,Maverick
Deardorff,Raul,Olivas,Judy,Deardorff,Marielle
Deardorff,Bailey,Olivas,Karena,Deardorff,Maverick
Deardorff,Jonathon,Olivas,Rita,Deardorff,Rashaun
Deardorff,Katheryn,Olivas,Karena,Deardorff,Maverick
Deardorff,Quintin,Olivas,Rita,Deardorff,Rashaun
Deardorff,Haleigh,Olivas,Karena,Deardorff,Maverick
Deardorff,Montana,Olivas,Rita,Deardorff,Rashaun
Deardorff,Trevor,Olivas,Karena,Deardorff,Maverick
Deardorff,Terrence,Olivas,Rita,Deardorff,Rashaun
Deardorff,Anthony,Olivas,Karena,Deardorff,Maverick
Deardorff,Levi,Olivas,Rita,Deardorff,Rashaun
Deardorff,Evelin,Olivas,Karena,Deardorff,Maverick
Deardorff,Fredy,Olivas,Rita,Deardorff,Rashaun
Deardorff,Molli,Olivas,Karena,Deardorff,Maverick
Deardorff,Kenyon,Olivas,Rita,Deardorff,Rashaun
Deardorff,Ivelisse,Olivas,Shari,Deardorff,Cole
Deardorff,San,Olivas,Rita,Deardorff,Rashaun
Deardorff,Mari,Olivas,Shari,Deardorff,Cole
Deardorff,Jaylen,Olivas,Genesis,Deardorff,Lance
Deardorff,Rita,Olivas,Shari,Deardorff,Cole
Deardorff,Ricky,Olivas,Genesis,Deardorff,Lance
Deardorff,Tessa,Olivas,Shari,Deardorff,Cole
Deardorff,Guadalupe,Olivas,Genesis,Deardorff,Lance
Deardorff,Shannon,Ashby,Kallee,Deardorff,Terance
Deardorff,Mohamed,Olivas,Genesis,Deardorff,Lance
Deardorff,Noelle,Ashby,Kallee,Deardorff,Terance
Deardorff,Jan,Olivas,Genesis,Deardorff,Lance
Deardorff,Dulce,Ashby,Kallee,Deardorff,Terance
Deardorff,Dandre,Olivas,Genesis,Deardorff,Lance
Deardorff,Sylvia,Ashby,Kallee,Deardorff,Terance
Deardorff,Desmond,Olivas,Genesis,Deardorff,Lance
Deardorff,Jayme,Ashby,Kallee,Deardorff,Terance
Deardorff,Sammie,Olivas,Karena,Deardorff,Maverick
Carr,Chantal,Ashby,Sonya,Carr,Brian
Deardorff,Deshawn,Olivas,Karena,Deardorff,Maverick
Carr,Reina,Ashby,Sonya,Carr,Brian
Deardorff,Isaias,Olivas,Karena,Deardorff,Maverick
Carr,Flor,Ashby,Sonya,Carr,Brian
Deardorff,Eberardo,Olivas,Karena,Deardorff,Maverick
Carr,Synthia,Ashby,Sonya,Carr,Brian
Deardorff,Daron,Olivas,Karena,Deardorff,Maverick
Carr,Francesca,Ashby,Veronica,Carr,Abdiel
Deardorff,Cruz,Olivas,Karena,Deardorff,Maverick
Carr,Shanna,Ashby,Veronica,Carr,Abdiel
Deardorff,Ben,Olivas,Shari,Deardorff,Cole
Carr,Amna,Ashby,Veronica,Carr,Abdiel
Deardorff,Wilfredo,Olivas,Shari,Deardorff,Cole
Carr,Viviana,Ashby,Veronica,Carr,Abdiel
Deardorff,Skylar,Olivas,Shari,Deardorff,Cole
Carr,Suleyma,Ashby,Veronica,Carr,Abdiel
Deardorff,Oren,Olivas,Shari,Deardorff,Cole
Carr,Faith,Ashby,Veronica,Carr,Abdiel
Deardorff,Peter,Ashby,Kallee,Deardorff,Terance
Carr,Maison,Ashby,Veronica,Carr,Abdiel
Deardorff,Migel,Ashby,Kallee,Deardorff,Terance
Carr,Gina,Ashby,Veronica,Carr,Abdiel
Deardorff,Edward,Ashby,Kallee,Deardorff,Terance
Carr,Elizabeth,Ashby,Veronica,Carr,Abdiel
Deardorff,Guillermo,Ashby,Kallee,Deardorff,Terance
Carr,Jadah,Ashby,Veronica,Carr,Abdiel
Deardorff,Tallon,Ashby,Kallee,Deardorff,Terance
Carr,Dallas,Ashby,Veronica,Carr,Abdiel
Deardorff,Khalid,Ashby,Kallee,Deardorff,Terance
Carr,Micah,Ashby,Veronica,Carr,Abdiel
Deardorff,David,Ashby,Kallee,Deardorff,Terance
Carr,Abigayle,Ashby,Jodie,Carr,Nathaniel
Deardorff,Nolan,Ashby,Kallee,Deardorff,Terance
Carr,Adrianne,Ashby,Jodie,Carr,Nathaniel
Deardorff,Savion,Ashby,Kallee,Deardorff,Terance
Carr,Ayesha,Ashby,Jodie,Carr,Nathaniel
Carr,Remington,Ashby,Sonya,Carr,Brian
Carr,Cassidy,Ashby,Jodie,Carr,Nathaniel
Carr,Corbin,Ashby,Sonya,Carr,Brian
Carr,Mikyla,Ashby,Jodie,Carr,Nathaniel
Carr,Tyran,Ashby,Sonya,Carr,Brian
Carr,Heather,Ashby,Jodie,Carr,Nathaniel
Carr,Armando,Ashby,Sonya,Carr,Brian
Carr,Ashly,Ashby,Jodie,Carr,Nathaniel
Carr,Leon,Ashby,Sonya,Carr,Brian
Carr,Joanne,Ashby,Jodie,Carr,Nathaniel
Carr,Bryant,Ashby,Sonya,Carr,Brian
Carr,Katie,Ashby,Jodie,Carr,Nathaniel
Carr,Neal,Ashby,Sonya,Carr,Brian
Carr,Charity,Ashby,Jodie,Carr,Nathaniel
Carr,Braxton,Ashby,Sonya,Carr,Brian
Carr,Adrianna,Ashby,Jodie,Carr,Nathaniel
Carr,Luke,Ashby,Veronica,Carr,Abdiel
Carr,Juliette,Ashby,Kristie,Carr,Trevin
Carr,Don,Ashby,Veronica,Carr,Abdiel
Carr,Gabriella,Ashby,Kristie,Carr,Trevin
Carr,Agustin,Ashby,Veronica,Carr,Abdiel
Carr,Morgen,Ashby,Kristie,Carr,Trevin
Carr,Pedro,Ashby,Veronica,Carr,Abdiel
Carr,Chardonnay,Ashby,Kristie,Carr,Trevin
Carr,Ralph,Ashby,Veronica,Carr,Abdiel
Carr,Kacie,Ashby,Kristie,Carr,Trevin
Carr,Joel,Ashby,Veronica,Carr,Abdiel
Carr,Kaelyn,Ashby,Kristie,Carr,Trevin
Carr,Heriberto,Ashby,Veronica,Carr,Abdiel
Carr,Latosha,Ashby,Kristie,Carr,Trevin
Carr,Callahan,Ashby,Jodie,Carr,Nathaniel
Carr,Georgia,Ashby,Kristie,Carr,Trevin
Carr,Deangelo,Ashby,Jodie,Carr,Nathaniel
Carr,Kennedy,Ashby,Kristie,Carr,Trevin
Carr,Bryson,Ashby,Jodie,Carr,Nathaniel
Carr,Jaden,Ashby,Kristie,Carr,Trevin
Carr,Connor,Ashby,Jodie,Carr,Nathaniel
Carr,Heidy,Ashby,Kristie,Carr,Trevin
Carr,Buford,Ashby,Jodie,Carr,Nathaniel
Lockhart,Alexandria,Ashby,Briana,Lockhart,Perry
Carr,Mario,Ashby,Jodie,Carr,Nathaniel
Lockhart,Neda,Ashby,Briana,Lockhart,Perry
Carr,Cade,Ashby,Kristie,Carr,Trevin
Lockhart,Ella,Ashby,Briana,Lockhart,Perry
Carr,Dillon,Ashby,Kristie,Carr,Trevin
Lockhart,Imelda,Ashby,Briana,Lockhart,Perry
Carr,Noe,Ashby,Kristie,Carr,Trevin
Lockhart,Kaina,Ashby,Briana,Lockhart,Perry
Carr,Jarod,Ashby,Kristie,Carr,Trevin
Lockhart,Alex,Ashby,Briana,Lockhart,Perry
Lockhart,Titus,Ashby,Briana,Lockhart,Perry
Lockhart,Chandler,Ashby,Briana,Lockhart,Perry
Lockhart,Jay,Ashby,Briana,Lockhart,Perry
Lockhart,Kendra,Ashby,Jania,Lockhart,Zakery
Lockhart,Arthur,Ashby,Briana,Lockhart,Perry
Lockhart,Lisette,Ashby,Jania,Lockhart,Zakery
Lockhart,Coby,Ashby,Briana,Lockhart,Perry
Lockhart,Whitney,Ashby,Jania,Lockhart,Zakery
Lockhart,Timothy,Ashby,Briana,Lockhart,Perry
Lockhart,Simone,Ashby,Paris,Lockhart,Brannon
Lockhart,Leroy,Ashby,Briana,Lockhart,Perry
Lockhart,Becca,Ashby,Paris,Lockhart,Brannon
Lockhart,Emerson,Ashby,Briana,Lockhart,Perry
Lockhart,Montana,Ashby,Paris,Lockhart,Brannon
Lockhart,Jaime,Ashby,Briana,Lockhart,Perry
Lockhart,Larissa,Ashby,Paris,Lockhart,Brannon
Lockhart,Dean,Ashby,Jania,Lockhart,Zakery
Lockhart,Janae,Ashby,Paris,Lockhart,Brannon
Lockhart,Angel,Ashby,Jania,Lockhart,Zakery
Lockhart,Jenny,Ashby,Paris,Lockhart,Brannon
Lockhart,Lauren,Ashby,Jania,Lockhart,Zakery
Lockhart,Nathalie,Ashby,Paris,Lockhart,Brannon
Lockhart,Rudy,Ashby,Jania,Lockhart,Zakery
Lockhart,Cherokee,Ashby,Paris,Lockhart,Brannon
Lockhart,Rafael,Ashby,Jania,Lockhart,Zakery
Lockhart,Kitana,Ashby,Paris,Lockhart,Brannon
Lockhart,Bradly,Ashby,Paris,Lockhart,Brannon
Lockhart,Asya,Ashby,Paris,Lockhart,Brannon
Lockhart,Kory,Ashby,Paris,Lockhart,Brannon
Lockhart,Susanna,Ashby,Paris,Lockhart,Brannon
Lockhart,Moises,Ashby,Paris,Lockhart,Brannon
Lockhart,Jane,Ashby,Paris,Lockhart,Brannon
Lockhart,Nicholaus,Ashby,Paris,Lockhart,Brannon
Lockhart,Mckenzie,Ashby,Paris,Lockhart,Brannon
Lockhart,Freeman,Ashby,Stephany,Lockhart,Kahlil
Lockhart,Tatianna,Ashby,Stephany,Lockhart,Kahlil
Lockhart,Olivier,Ashby,Stephany,Lockhart,Kahlil
Lockhart,Nicolette,Ashby,Stephany,Lockhart,Kahlil
Lockhart,Zackary,Ashby,Serena,Lockhart,Alberto
Lockhart,Emilee,Ashby,Serena,Lockhart,Alberto
Lockhart,Kegan,Ashby,Serena,Lockhart,Alberto
Lockhart,Damaris,Ashby,Serena,Lockhart,Alberto
Lockhart,Travis,Ashby,Serena,Lockhart,Alberto
Lockhart,Bailey,Ashby,Serena,Lockhart,Alberto
Lockhart,Tyran,Ashby,Serena,Lockhart,Alberto
Lockhart,Kristie,Ashby,Serena,Lockhart,Alberto
Lockhart,Dalton,Ashby,Serena,Lockhart,Alberto
Lockhart,Gilda,Ashby,Serena,Lockhart,Alberto
Lockhart,Alonzo,Ashby,Serena,Lockhart,Alberto
Lockhart,April,Ashby,Serena,Lockhart,Alberto
Lockhart,Kendall,Ashby,Serena,Lockhart,Alberto
Lockhart,Candice,Ashby,Serena,Lockhart,Alberto
Lockhart,Spencer,Ashby,Serena,Lockhart,Alberto
Lockhart,Fatima,Ashby,Serena,Lockhart,Alberto
Lockhart,Shane,Ashby,Serena,Lockhart,Alberto
Lockhart,Paloma,Ashby,Marycather,Lockhart,Devonte
Lockhart,Dimitri,Ashby,Serena,Lockhart,Alberto
Lockhart,Elaina,Ashby,Marycather,Lockhart,Devonte
Lockhart,Tad,Ashby,Serena,Lockhart,Alberto
Lockhart,Sophia,Ashby,Marycather,Lockhart,Devonte
Lockhart,Jason,Ashby,Marycather,Lockhart,Devonte
Lockhart,Christina,Ashby,Marycather,Lockhart,Devonte
Lockhart,Deondre,Ashby,Marycather,Lockhart,Devonte
Lockhart,Kyla,Ashby,Ryann,Lockhart,Nigel
Lockhart,Wyatt,Ashby,Marycather,Lockhart,Devonte
Lockhart,Keishla,Ashby,Ryann,Lockhart,Nigel
Lockhart,Weston,Ashby,Marycather,Lockhart,Devonte
Lockhart,Jesslyn,Ashby,Ryann,Lockhart,Nigel
Lockhart,Bjorn,Ashby,Marycather,Lockhart,Devonte
Lockhart,Kelley,Ashby,Ryann,Lockhart,Nigel
Lockhart,Seamus,Ashby,Marycather,Lockhart,Devonte
Lockhart,Elsa,Ashby,Ryann,Lockhart,Nigel
Lockhart,Jared,Ashby,Marycather,Lockhart,Devonte
Camarda,Jessika,Cameron,Janie,Camarda,Ralph
Lockhart,Nikolas,Ashby,Ryann,Lockhart,Nigel
Camarda,Janette,Cameron,Janie,Camarda,Ralph
Camarda,Bryce,Cameron,Janie,Camarda,Ralph
Camarda,Laurel,Cameron,Janie,Camarda,Ralph
Camarda,Damien,Cameron,Janie,Camarda,Ralph
Camarda,Christina,Cameron,Desiree,Camarda,Maliki
Camarda,Freddy,Cameron,Janie,Camarda,Ralph
Camarda,Krysta,Cameron,Desiree,Camarda,Maliki
Camarda,Hugh,Cameron,Desiree,Camarda,Maliki
Camarda,Malika,Cameron,Desiree,Camarda,Maliki
Camarda,Reuben,Cameron,Desiree,Camarda,Maliki
Camarda,Linda,Cameron,Desiree,Camarda,Maliki
Camarda,Rene,Cameron,Desiree,Camarda,Maliki
Camarda,Marcela,Cameron,Desiree,Camarda,Maliki
