Resnik,Tyrone,Adams,Annabel,Resnik,Emmett
Slayton,Angelina,Carr,Johanna,Slayton,Ernesto
Apt,Kolton,Blaha,Miranda,Apt,Luis
Ford,Sophie,Massimino,Chelsie,Ford,Diego
Hobaugh,Soren,Bassett,Elizabeth,Hobaugh,Mathieu
Ferguson,Alyson,Baker,Joceline,Ferguson,Kylan
Apt,Jan,Precour,Sienna,Apt,Alfred
Gregory,Kealani,Magnus,Adrian,Gregory,Gunner
Walz,Jerryd,Chawla,Heidy,Walz,Idris
Slayton,Kayle,Worden,Ayanna,Slayton,Quintin
Thagard,Javon,Fisher,Measia,Thagard,Nick
Lee,Genna,Horowitz,Jania,Lee,Mohamed
McArthur,Evan,Harbaugh,Sheila,McArthur,Kellen
Evans,Sarina,Eisele,Ivana,Evans,Sawyer
Altman,Neal,Engle,Lauryn,Altman,Daylon
McKinley,Rachelle,Godwin,Ellen,McKinley,Errol
Cleveland,Stewart,Brady,Nicolette,Cleveland,Damian
Wilcutt,Caylin,McDivitt,Elijah,Wilcutt,Dorian
Musgrave,Landon,Shepherd,Joi,Musgrave,Keeton
Cunningham,Gabriela,Baker,Isabella,Cunningham,Julian
Irwin,Derrick,Gemar,Malia,Irwin,Soren
Burbank,Breana,Kennedy,Dorothy,Burbank,Chris
Fabian,Dalton,Lincoln,Beverly,Fabian,Gene
Nixon,Hadley,McCulley,Spencer,Nixon,Hugh
Gruber,Rory,Wilson,Iridiana,Gruber,Cole
Poindexter,Nakia,McDivitt,Jensen,Poindexter,Sydney
Akers,Terron,Freeman,Jabria,Akers,Parker
Shriver,Marianna,Duffy,Terri,Shriver,Romeo
Kavandi,Sam,Grissom,Kerry,Kavandi,Glenn
Resnik,Elena,Slayton,Angelina,Resnik,Tyrone
Truly,Amari,Resnik,Essence,Truly,Adonis
Apt,Brittney,Ford,Sophie,Apt,Kolton
Resnik,Joan,Slayton,Angelina,Resnik,Tyrone
Apt,Calli,Ford,Sophie,Apt,Kolton
Resnik,Jessie,Slayton,Angelina,Resnik,Tyrone
Apt,Olga,Ford,Sophie,Apt,Kolton
Resnik,Demarcus,Slayton,Angelina,Resnik,Tyrone
Hobaugh,Sierra,Ferguson,Alyson,Hobaugh,Soren
Apt,Moses,Ford,Sophie,Apt,Kolton
Hobaugh,Paola,Ferguson,Alyson,Hobaugh,Soren
Apt,Melvin,Ford,Sophie,Apt,Kolton
Hobaugh,Shyla,Ferguson,Alyson,Hobaugh,Soren
Apt,Ameer,Ford,Sophie,Apt,Kolton
Apt,Shaina,Gregory,Kealani,Apt,Jan
Apt,Wylie,Ford,Sophie,Apt,Kolton
Apt,Katarina,Gregory,Kealani,Apt,Jan
Apt,Pierce,Ford,Sophie,Apt,Kolton
Walz,Joan,Slayton,Kayle,Walz,Jerryd
Apt,Saul,Ford,Sophie,Apt,Kolton
Walz,Stephany,Slayton,Kayle,Walz,Jerryd
Apt,Clifford,Gregory,Kealani,Apt,Jan
Walz,Sandra,Slayton,Kayle,Walz,Jerryd
Apt,Reed,Gregory,Kealani,Apt,Jan
Walz,Roxanne,Slayton,Kayle,Walz,Jerryd
Apt,Hakeem,Gregory,Kealani,Apt,Jan
Thagard,Frida,Lee,Genna,Thagard,Javon
Apt,Trevor,Gregory,Kealani,Apt,Jan
Thagard,Dakota,Lee,Genna,Thagard,Javon
Walz,Jace,Slayton,Kayle,Walz,Jerryd
Thagard,Melanie,Lee,Genna,Thagard,Javon
Walz,Marcos,Slayton,Kayle,Walz,Jerryd
Thagard,Kaylea,Lee,Genna,Thagard,Javon
Walz,Colton,Slayton,Kayle,Walz,Jerryd
Thagard,Brynn,Lee,Genna,Thagard,Javon
Walz,Jacky,Slayton,Kayle,Walz,Jerryd
Thagard,Alycia,Lee,Genna,Thagard,Javon
Thagard,Garrick,Lee,Genna,Thagard,Javon
Thagard,Lyric,Lee,Genna,Thagard,Javon
Thagard,Israel,Lee,Genna,Thagard,Javon
McArthur,Britni,Evans,Sarina,McArthur,Evan
Thagard,Parker,Lee,Genna,Thagard,Javon
McArthur,Sylvia,Evans,Sarina,McArthur,Evan
Thagard,Micah,Lee,Genna,Thagard,Javon
McArthur,Makenzi,Evans,Sarina,McArthur,Evan
Thagard,Raphael,Lee,Genna,Thagard,Javon
McArthur,Raegan,Evans,Sarina,McArthur,Evan
Thagard,Erin,Lee,Genna,Thagard,Javon
McArthur,Rani,Evans,Sarina,McArthur,Evan
Thagard,Brodie,Lee,Genna,Thagard,Javon
McArthur,Trista,Evans,Sarina,McArthur,Evan
Thagard,James,Lee,Genna,Thagard,Javon
McArthur,Karla,Evans,Sarina,McArthur,Evan
Thagard,Kade,Lee,Genna,Thagard,Javon
Altman,Alisha,McKinley,Rachelle,Altman,Neal
Thagard,Mauro,Lee,Genna,Thagard,Javon
Altman,Ann,McKinley,Rachelle,Altman,Neal
Thagard,Emilio,Lee,Genna,Thagard,Javon
Altman,Blair,McKinley,Rachelle,Altman,Neal
McArthur,Fredrick,Evans,Sarina,McArthur,Evan
Altman,Deborah,McKinley,Rachelle,Altman,Neal
McArthur,Garret,Evans,Sarina,McArthur,Evan
Altman,Kaylyn,McKinley,Rachelle,Altman,Neal
McArthur,Davin,Evans,Sarina,McArthur,Evan
Cleveland,Estrella,Wilcutt,Caylin,Cleveland,Stewart
McArthur,Cristian,Evans,Sarina,McArthur,Evan
Cleveland,Salena,Wilcutt,Caylin,Cleveland,Stewart
McArthur,Martin,Evans,Sarina,McArthur,Evan
Cleveland,Nichole,Wilcutt,Caylin,Cleveland,Stewart
McArthur,Shane,Evans,Sarina,McArthur,Evan
Cleveland,Loni,Wilcutt,Caylin,Cleveland,Stewart
McArthur,Gilbert,Evans,Sarina,McArthur,Evan
Cleveland,Margo,Wilcutt,Caylin,Cleveland,Stewart
McArthur,Rayquan,Evans,Sarina,McArthur,Evan
Cleveland,Cambria,Wilcutt,Caylin,Cleveland,Stewart
McArthur,Dakotah,Evans,Sarina,McArthur,Evan
Cleveland,Briana,Wilcutt,Caylin,Cleveland,Stewart
McArthur,Bret,Evans,Sarina,McArthur,Evan
Musgrave,Claire,Cunningham,Gabriela,Musgrave,Landon
McArthur,Ameer,Evans,Sarina,McArthur,Evan
Musgrave,Katelynn,Cunningham,Gabriela,Musgrave,Landon
McArthur,Jeremy,Evans,Sarina,McArthur,Evan
Musgrave,Emerald,Cunningham,Gabriela,Musgrave,Landon
McArthur,Zackery,Evans,Sarina,McArthur,Evan
Musgrave,Catalina,Cunningham,Gabriela,Musgrave,Landon
Altman,Shelby,McKinley,Rachelle,Altman,Neal
Musgrave,Janet,Cunningham,Gabriela,Musgrave,Landon
Altman,River,McKinley,Rachelle,Altman,Neal
Musgrave,Kaila,Cunningham,Gabriela,Musgrave,Landon
Altman,Edgardo,McKinley,Rachelle,Altman,Neal
Musgrave,Bryn,Cunningham,Gabriela,Musgrave,Landon
Altman,Babyboy,McKinley,Rachelle,Altman,Neal
Musgrave,Meredith,Cunningham,Gabriela,Musgrave,Landon
Cleveland,Ronny,Wilcutt,Caylin,Cleveland,Stewart
Musgrave,Katia,Cunningham,Gabriela,Musgrave,Landon
Cleveland,Rodrigo,Wilcutt,Caylin,Cleveland,Stewart
Musgrave,Sania,Cunningham,Gabriela,Musgrave,Landon
Cleveland,Deante,Wilcutt,Caylin,Cleveland,Stewart
Musgrave,Yamilex,Cunningham,Gabriela,Musgrave,Landon
Cleveland,Orlando,Wilcutt,Caylin,Cleveland,Stewart
Musgrave,Payton,Cunningham,Gabriela,Musgrave,Landon
Cleveland,Joel,Wilcutt,Caylin,Cleveland,Stewart
Irwin,Brenda,Burbank,Breana,Irwin,Derrick
Cleveland,Gordon,Wilcutt,Caylin,Cleveland,Stewart
Irwin,Bethany,Burbank,Breana,Irwin,Derrick
Cleveland,Kareem,Wilcutt,Caylin,Cleveland,Stewart
Fabian,Rocio,Nixon,Hadley,Fabian,Dalton
Cleveland,Zachery,Wilcutt,Caylin,Cleveland,Stewart
Fabian,Kirsten,Nixon,Hadley,Fabian,Dalton
Musgrave,Nick,Cunningham,Gabriela,Musgrave,Landon
Fabian,Marycather,Nixon,Hadley,Fabian,Dalton
Musgrave,Jose,Cunningham,Gabriela,Musgrave,Landon
Gruber,Lena,Poindexter,Nakia,Gruber,Rory
Musgrave,Noe,Cunningham,Gabriela,Musgrave,Landon
Gruber,Kylee,Poindexter,Nakia,Gruber,Rory
Musgrave,Donald,Cunningham,Gabriela,Musgrave,Landon
Gruber,Passion,Poindexter,Nakia,Gruber,Rory
Musgrave,Maliki,Cunningham,Gabriela,Musgrave,Landon
Gruber,Julissa,Poindexter,Nakia,Gruber,Rory
Musgrave,Terry,Cunningham,Gabriela,Musgrave,Landon
Akers,Savanah,Shriver,Marianna,Akers,Terron
Musgrave,Rhett,Cunningham,Gabriela,Musgrave,Landon
Akers,Brooke,Shriver,Marianna,Akers,Terron
Musgrave,Isaac,Cunningham,Gabriela,Musgrave,Landon
Akers,Kylie,Shriver,Marianna,Akers,Terron
Irwin,Jalil,Burbank,Breana,Irwin,Derrick
Akers,Lexus,Shriver,Marianna,Akers,Terron
Irwin,Deante,Burbank,Breana,Irwin,Derrick
Akers,Jessenia,Shriver,Marianna,Akers,Terron
Irwin,Jonathon,Burbank,Breana,Irwin,Derrick
Akers,Savana,Shriver,Marianna,Akers,Terron
Fabian,Emmett,Nixon,Hadley,Fabian,Dalton
Akers,Hallie,Shriver,Marianna,Akers,Terron
Gruber,Hayden,Poindexter,Nakia,Gruber,Rory
Akers,Skye,Shriver,Marianna,Akers,Terron
Gruber,Bradlee,Poindexter,Nakia,Gruber,Rory
Akers,Danae,Shriver,Marianna,Akers,Terron
Gruber,Harrison,Poindexter,Nakia,Gruber,Rory
Akers,Ashlee,Shriver,Marianna,Akers,Terron
Akers,Quanterriu,Shriver,Marianna,Akers,Terron
Kavandi,Aria,Resnik,Elena,Kavandi,Sam
Akers,Lance,Shriver,Marianna,Akers,Terron
Kavandi,Kaylea,Resnik,Elena,Kavandi,Sam
Akers,Slaten,Shriver,Marianna,Akers,Terron
Kavandi,Sadie,Resnik,Elena,Kavandi,Sam
Akers,Chris,Shriver,Marianna,Akers,Terron
Truly,Rochelle,Apt,Brittney,Truly,Amari
Akers,Kendall,Shriver,Marianna,Akers,Terron
Truly,Athena,Apt,Brittney,Truly,Amari
Akers,Adonis,Shriver,Marianna,Akers,Terron
Resnik,Celeste,Apt,Calli,Resnik,Joan
Akers,Trent,Shriver,Marianna,Akers,Terron
Resnik,Tatum,Apt,Calli,Resnik,Joan
Akers,Grayson,Shriver,Marianna,Akers,Terron
Resnik,Regina,Apt,Calli,Resnik,Joan
Akers,Izaiah,Shriver,Marianna,Akers,Terron
Resnik,Haylie,Apt,Calli,Resnik,Joan
Kavandi,Elliot,Resnik,Elena,Kavandi,Sam
Resnik,Hannah,Apt,Calli,Resnik,Joan
Kavandi,Jaron,Resnik,Elena,Kavandi,Sam
Resnik,Alesha,Apt,Calli,Resnik,Joan
Kavandi,Marvin,Resnik,Elena,Kavandi,Sam
Resnik,Tiara,Apt,Calli,Resnik,Joan
Truly,Freddy,Apt,Brittney,Truly,Amari
Resnik,Gabriela,Apt,Olga,Resnik,Jessie
Truly,Justin,Apt,Brittney,Truly,Amari
Resnik,Victoria,Apt,Olga,Resnik,Jessie
Truly,Erich,Apt,Brittney,Truly,Amari
Resnik,Briana,Apt,Olga,Resnik,Jessie
Truly,Mickey,Apt,Brittney,Truly,Amari
Resnik,Melisa,Apt,Olga,Resnik,Jessie
Truly,Jonathan,Apt,Brittney,Truly,Amari
Resnik,Alexandria,Hobaugh,Sierra,Resnik,Demarcus
Resnik,Conrad,Apt,Calli,Resnik,Joan
Resnik,Hattie,Hobaugh,Sierra,Resnik,Demarcus
Resnik,Hugo,Apt,Calli,Resnik,Joan
Resnik,Julie,Hobaugh,Sierra,Resnik,Demarcus
Resnik,Tallon,Apt,Calli,Resnik,Joan
Resnik,Angelique,Hobaugh,Sierra,Resnik,Demarcus
Resnik,Beau,Apt,Calli,Resnik,Joan
Resnik,Mikayla,Hobaugh,Sierra,Resnik,Demarcus
Resnik,Sebastien,Apt,Calli,Resnik,Joan
Apt,Tiona,Hobaugh,Paola,Apt,Moses
Resnik,Bruce,Apt,Calli,Resnik,Joan
Apt,Sheyla,Hobaugh,Paola,Apt,Moses
Resnik,Dashane,Apt,Calli,Resnik,Joan
Apt,Shania,Hobaugh,Paola,Apt,Moses
Resnik,Howard,Apt,Olga,Resnik,Jessie
Apt,Eliana,Hobaugh,Paola,Apt,Moses
Resnik,Darrell,Apt,Olga,Resnik,Jessie
Apt,Mykayla,Hobaugh,Paola,Apt,Moses
Resnik,Oren,Apt,Olga,Resnik,Jessie
Apt,Makenna,Hobaugh,Paola,Apt,Moses
Resnik,Nelson,Apt,Olga,Resnik,Jessie
Apt,Ashlyn,Hobaugh,Paola,Apt,Moses
Resnik,Jasen,Apt,Olga,Resnik,Jessie
Apt,Autumn,Hobaugh,Paola,Apt,Moses
Resnik,Elmer,Apt,Olga,Resnik,Jessie
Apt,Frances,Hobaugh,Paola,Apt,Moses
Resnik,Rodney,Apt,Olga,Resnik,Jessie
Apt,Hope,Hobaugh,Paola,Apt,Moses
Resnik,Brody,Apt,Olga,Resnik,Jessie
Apt,Chastity,Hobaugh,Shyla,Apt,Melvin
Resnik,Maverick,Apt,Olga,Resnik,Jessie
Apt,Avery,Hobaugh,Shyla,Apt,Melvin
Resnik,Zackery,Hobaugh,Sierra,Resnik,Demarcus
Apt,Kendra,Hobaugh,Shyla,Apt,Melvin
Resnik,Coy,Hobaugh,Sierra,Resnik,Demarcus
Apt,Alissa,Hobaugh,Shyla,Apt,Melvin
Resnik,Daequan,Hobaugh,Sierra,Resnik,Demarcus
Apt,Alexus,Hobaugh,Shyla,Apt,Melvin
Resnik,Colby,Hobaugh,Sierra,Resnik,Demarcus
Apt,Janesha,Apt,Shaina,Apt,Ameer
Resnik,Darrin,Hobaugh,Sierra,Resnik,Demarcus
Apt,Kristine,Apt,Shaina,Apt,Ameer
Apt,Roland,Hobaugh,Paola,Apt,Moses
Apt,Sania,Apt,Shaina,Apt,Ameer
Apt,Keeton,Hobaugh,Paola,Apt,Moses
Apt,Joleen,Apt,Shaina,Apt,Ameer
Apt,Olivier,Hobaugh,Paola,Apt,Moses
Apt,Madison,Apt,Shaina,Apt,Ameer
Apt,Jalen,Hobaugh,Paola,Apt,Moses
Apt,Isabella,Apt,Katarina,Apt,Wylie
Apt,Kegan,Hobaugh,Paola,Apt,Moses
Apt,Ida,Apt,Katarina,Apt,Wylie
Apt,Maverick,Hobaugh,Paola,Apt,Moses
Apt,Leah,Apt,Katarina,Apt,Wylie
Apt,Jace,Hobaugh,Paola,Apt,Moses
Apt,Synthia,Apt,Katarina,Apt,Wylie
Apt,Denver,Hobaugh,Paola,Apt,Moses
Apt,Lacey,Apt,Katarina,Apt,Wylie
Apt,Chris,Hobaugh,Paola,Apt,Moses
Apt,Cheryl,Walz,Joan,Apt,Pierce
Apt,Clinton,Hobaugh,Shyla,Apt,Melvin
Apt,Cierra,Walz,Joan,Apt,Pierce
Apt,Rayvon,Hobaugh,Shyla,Apt,Melvin
Apt,Mileena,Walz,Joan,Apt,Pierce
Apt,Westley,Hobaugh,Shyla,Apt,Melvin
Apt,Kassidy,Walz,Joan,Apt,Pierce
Apt,Layne,Hobaugh,Shyla,Apt,Melvin
Apt,Maureen,Walz,Stephany,Apt,Saul
Apt,Roman,Apt,Shaina,Apt,Ameer
Apt,Adrianna,Walz,Stephany,Apt,Saul
Apt,Shlomo,Apt,Shaina,Apt,Ameer
Apt,Alex,Walz,Stephany,Apt,Saul
Apt,Dwayne,Apt,Shaina,Apt,Ameer
Apt,Lenora,Walz,Stephany,Apt,Saul
Apt,Malachi,Apt,Shaina,Apt,Ameer
Apt,Alycia,Walz,Stephany,Apt,Saul
Apt,Bradly,Apt,Shaina,Apt,Ameer
Apt,Carolyn,Walz,Stephany,Apt,Saul
Apt,Seamus,Apt,Shaina,Apt,Ameer
Apt,Shea,Walz,Stephany,Apt,Saul
Apt,Ross,Apt,Shaina,Apt,Ameer
Apt,Chasity,Walz,Stephany,Apt,Saul
Apt,Sydney,Apt,Shaina,Apt,Ameer
Apt,Lexy,Walz,Stephany,Apt,Saul
Apt,Dantae,Apt,Katarina,Apt,Wylie
Apt,Phoebe,Walz,Stephany,Apt,Saul
Apt,Alberto,Apt,Katarina,Apt,Wylie
Apt,Simone,Walz,Stephany,Apt,Saul
Apt,Garrett,Apt,Katarina,Apt,Wylie
Apt,Kenia,Walz,Stephany,Apt,Saul
Apt,Christian,Apt,Katarina,Apt,Wylie
Apt,Ellie,Walz,Stephany,Apt,Saul
Apt,Marielle,Apt,Katarina,Apt,Wylie
Apt,Melody,Walz,Stephany,Apt,Saul
Apt,Drake,Apt,Katarina,Apt,Wylie
Apt,Rayven,Walz,Sandra,Apt,Clifford
Apt,Lorenzo,Apt,Katarina,Apt,Wylie
Apt,Brenna,Walz,Sandra,Apt,Clifford
Apt,Austyn,Apt,Katarina,Apt,Wylie
Apt,Kitana,Walz,Sandra,Apt,Clifford
Apt,Sunny,Apt,Katarina,Apt,Wylie
Apt,Precious,Walz,Sandra,Apt,Clifford
Apt,Marshall,Apt,Katarina,Apt,Wylie
Apt,Anthony,Walz,Sandra,Apt,Clifford
Apt,Chance,Walz,Joan,Apt,Pierce
Apt,Savana,Walz,Sandra,Apt,Clifford
Apt,Marquise,Walz,Joan,Apt,Pierce
Apt,Dina,Walz,Sandra,Apt,Clifford
Apt,Cooper,Walz,Joan,Apt,Pierce
Apt,Dasia,Walz,Sandra,Apt,Clifford
Apt,Henry,Walz,Joan,Apt,Pierce
Apt,Holli,Walz,Roxanne,Apt,Reed
Apt,Ron,Walz,Stephany,Apt,Saul
Apt,Reyna,Walz,Roxanne,Apt,Reed
Apt,Levi,Walz,Stephany,Apt,Saul
Apt,Eleni,Thagard,Frida,Apt,Hakeem
Apt,Reid,Walz,Stephany,Apt,Saul
Apt,Caylee,Thagard,Frida,Apt,Hakeem
Apt,Keanu,Walz,Stephany,Apt,Saul
Apt,Stormy,Thagard,Frida,Apt,Hakeem
Apt,Garret,Walz,Stephany,Apt,Saul
Apt,Chanelle,Thagard,Frida,Apt,Hakeem
Apt,Rory,Walz,Sandra,Apt,Clifford
Apt,Jasmin,Thagard,Frida,Apt,Hakeem
Apt,Tarik,Walz,Roxanne,Apt,Reed
Apt,Caitlan,Thagard,Dakota,Apt,Trevor
Apt,Trae,Walz,Roxanne,Apt,Reed
Apt,Diane,Thagard,Dakota,Apt,Trevor
Apt,Parker,Walz,Roxanne,Apt,Reed
Apt,Justine,Thagard,Dakota,Apt,Trevor
Apt,Jerome,Thagard,Frida,Apt,Hakeem
Apt,Camilla,Thagard,Dakota,Apt,Trevor
Apt,Nick,Thagard,Frida,Apt,Hakeem
Apt,Shiann,Thagard,Dakota,Apt,Trevor
Apt,Elias,Thagard,Frida,Apt,Hakeem
Apt,Jamiya,Thagard,Dakota,Apt,Trevor
Apt,Ariel,Thagard,Frida,Apt,Hakeem
Apt,Sierra,Thagard,Dakota,Apt,Trevor
Apt,Xavier,Thagard,Frida,Apt,Hakeem
Apt,Shiloh,Thagard,Dakota,Apt,Trevor
Apt,Darrin,Thagard,Frida,Apt,Hakeem
Apt,Kaley,Thagard,Dakota,Apt,Trevor
Apt,Erin,Thagard,Frida,Apt,Hakeem
Walz,Tiffani,Thagard,Melanie,Walz,Jace
Apt,Julius,Thagard,Frida,Apt,Hakeem
Walz,Stevie,Thagard,Melanie,Walz,Jace
Apt,Abdiel,Thagard,Frida,Apt,Hakeem
Walz,Becca,Thagard,Melanie,Walz,Jace
Apt,Abel,Thagard,Frida,Apt,Hakeem
Walz,Keirra,Thagard,Kaylea,Walz,Marcos
Apt,Owen,Thagard,Frida,Apt,Hakeem
Walz,Bryanna,Thagard,Kaylea,Walz,Marcos
Apt,Deshawn,Thagard,Frida,Apt,Hakeem
Walz,Callie,Thagard,Kaylea,Walz,Marcos
Apt,Alexander,Thagard,Dakota,Apt,Trevor
Walz,Camilla,Thagard,Brynn,Walz,Colton
Apt,Evan,Thagard,Dakota,Apt,Trevor
Walz,Regina,Thagard,Brynn,Walz,Colton
Apt,Kerrick,Thagard,Dakota,Apt,Trevor
Walz,Lynda,Thagard,Brynn,Walz,Colton
Walz,Roy,Thagard,Melanie,Walz,Jace
Walz,Leslie,Thagard,Brynn,Walz,Colton
Walz,Layne,Thagard,Melanie,Walz,Jace
Walz,Mikayla,Thagard,Brynn,Walz,Colton
Walz,Calib,Thagard,Melanie,Walz,Jace
Walz,Anamarie,Thagard,Brynn,Walz,Colton
Walz,Landen,Thagard,Kaylea,Walz,Marcos
Walz,Brianne,Thagard,Alycia,Walz,Jacky
Walz,Yovani,Thagard,Kaylea,Walz,Marcos
Walz,Naomi,Thagard,Alycia,Walz,Jacky
Walz,Raymond,Thagard,Brynn,Walz,Colton
Walz,Maya,Thagard,Alycia,Walz,Jacky
Walz,Maxwell,Thagard,Brynn,Walz,Colton
Walz,Patience,Thagard,Alycia,Walz,Jacky
Walz,Tyson,Thagard,Brynn,Walz,Colton
Walz,Annabel,Thagard,Alycia,Walz,Jacky
Walz,Ron,Thagard,Brynn,Walz,Colton
Thagard,Marcela,McArthur,Britni,Thagard,Garrick
Walz,Brock,Thagard,Brynn,Walz,Colton
Thagard,Jade,McArthur,Britni,Thagard,Garrick
Walz,Tyler,Thagard,Brynn,Walz,Colton
Thagard,Brenna,McArthur,Britni,Thagard,Garrick
Walz,Kendall,Thagard,Brynn,Walz,Colton
Thagard,Donisha,McArthur,Britni,Thagard,Garrick
Walz,Micah,Thagard,Brynn,Walz,Colton
Thagard,Alisha,McArthur,Britni,Thagard,Garrick
Walz,Lloyd,Thagard,Brynn,Walz,Colton
Thagard,Joanne,McArthur,Sylvia,Thagard,Israel
Walz,Donald,Thagard,Brynn,Walz,Colton
Thagard,Marina,McArthur,Sylvia,Thagard,Israel
Walz,Jabari,Thagard,Brynn,Walz,Colton
Thagard,Meagan,McArthur,Sylvia,Thagard,Israel
Walz,Larry,Thagard,Brynn,Walz,Colton
Thagard,Kirstin,McArthur,Sylvia,Thagard,Israel
Walz,Kegan,Thagard,Brynn,Walz,Colton
Thagard,Brianna,McArthur,Sylvia,Thagard,Israel
Walz,Braden,Thagard,Alycia,Walz,Jacky
Thagard,Yessica,McArthur,Makenzi,Thagard,Parker
Walz,Jake,Thagard,Alycia,Walz,Jacky
Thagard,Jami,McArthur,Makenzi,Thagard,Parker
Walz,Xzavier,Thagard,Alycia,Walz,Jacky
Thagard,Ryann,McArthur,Makenzi,Thagard,Parker
Emmett,Adams,Annabel,Slayton,Ernesto
Walz,Zaire,Thagard,Alycia,Walz,Jacky
Thagard,Christian,McArthur,Makenzi,Thagard,Parker
Walz,Joey,Thagard,Alycia,Walz,Jacky
Thagard,Jenny,McArthur,Makenzi,Thagard,Parker
Thagard,Shan,McArthur,Britni,Thagard,Garrick
Thagard,Keiarra,McArthur,Makenzi,Thagard,Parker
Thagard,Gilbert,McArthur,Britni,Thagard,Garrick
Thagard,Giuliana,McArthur,Makenzi,Thagard,Parker
Thagard,Myron,McArthur,Sylvia,Thagard,Israel
Thagard,Denise,McArthur,Makenzi,Thagard,Parker
Thagard,Devaughn,McArthur,Sylvia,Thagard,Israel
Thagard,Clara,McArthur,Raegan,Thagard,Micah
Thagard,Emmett,McArthur,Sylvia,Thagard,Israel
Thagard,Patricia,McArthur,Raegan,Thagard,Micah
Thagard,Jacori,McArthur,Sylvia,Thagard,Israel
Thagard,Shelby,McArthur,Raegan,Thagard,Micah
Thagard,Marquise,McArthur,Sylvia,Thagard,Israel
Thagard,Serena,McArthur,Raegan,Thagard,Micah
Thagard,Quintyn,McArthur,Sylvia,Thagard,Israel
Thagard,Thalia,McArthur,Raegan,Thagard,Micah
Thagard,Ricky,McArthur,Sylvia,Thagard,Israel
Thagard,Torrie,McArthur,Raegan,Thagard,Micah
Thagard,Ryland,McArthur,Sylvia,Thagard,Israel
Thagard,Kyana,McArthur,Rani,Thagard,Raphael
Thagard,Tevin,McArthur,Sylvia,Thagard,Israel
Thagard,Holland,McArthur,Rani,Thagard,Raphael
Thagard,Roland,McArthur,Sylvia,Thagard,Israel
Thagard,Valentina,McArthur,Rani,Thagard,Raphael
Thagard,Nickalus,McArthur,Sylvia,Thagard,Israel
Thagard,Serenity,McArthur,Trista,Thagard,Erin
Thagard,Brendon,McArthur,Makenzi,Thagard,Parker
Thagard,Marilyn,McArthur,Trista,Thagard,Erin
Thagard,Kahlil,McArthur,Makenzi,Thagard,Parker
Thagard,Rayna,McArthur,Trista,Thagard,Erin
Thagard,Agustin,McArthur,Makenzi,Thagard,Parker
Thagard,Gabrielle,McArthur,Karla,Thagard,Brodie
Thagard,Jacoby,McArthur,Makenzi,Thagard,Parker
Thagard,Kristie,McArthur,Karla,Thagard,Brodie
Thagard,Esteban,McArthur,Makenzi,Thagard,Parker
Thagard,Lynda,McArthur,Karla,Thagard,Brodie
Thagard,Geoffrey,McArthur,Raegan,Thagard,Micah
Thagard,Tianna,Altman,Alisha,Thagard,James
Thagard,Frederick,McArthur,Raegan,Thagard,Micah
Thagard,Jeanette,Altman,Alisha,Thagard,James
Thagard,Kevin,McArthur,Raegan,Thagard,Micah
Thagard,Allegra,Altman,Alisha,Thagard,James
Thagard,Salvador,McArthur,Raegan,Thagard,Micah
Thagard,Tasha,Altman,Alisha,Thagard,James
Thagard,Ivan,McArthur,Raegan,Thagard,Micah
Thagard,Katheryn,Altman,Alisha,Thagard,James
Thagard,Mohamad,McArthur,Raegan,Thagard,Micah
Thagard,Alexus,Altman,Alisha,Thagard,James
Thagard,Clifford,McArthur,Raegan,Thagard,Micah
Thagard,Jailene,Altman,Alisha,Thagard,James
Thagard,Noah,McArthur,Raegan,Thagard,Micah
Thagard,Chardonnay,Altman,Alisha,Thagard,James
Thagard,Timothy,McArthur,Raegan,Thagard,Micah
Thagard,Catalina,Altman,Alisha,Thagard,James
Thagard,Irfan,McArthur,Rani,Thagard,Raphael
Thagard,Marie,Altman,Alisha,Thagard,James
Thagard,Jalil,McArthur,Rani,Thagard,Raphael
Thagard,Ashli,Altman,Alisha,Thagard,James
Thagard,Alonzo,McArthur,Rani,Thagard,Raphael
Thagard,Josephine,Altman,Ann,Thagard,Kade
Thagard,Jajuan,McArthur,Rani,Thagard,Raphael
Thagard,Amina,Altman,Ann,Thagard,Kade
Thagard,Wade,McArthur,Trista,Thagard,Erin
Thagard,Marianne,Altman,Blair,Thagard,Mauro
Thagard,Kayvon,McArthur,Trista,Thagard,Erin
Thagard,Cheyann,Altman,Blair,Thagard,Mauro
Thagard,Alek,McArthur,Karla,Thagard,Brodie
Thagard,Corina,Altman,Deborah,Thagard,Emilio
Thagard,Nestor,McArthur,Karla,Thagard,Brodie
McArthur,Destiana,Thagard,Lyric,McArthur,Fredrick
Thagard,Jamari,McArthur,Karla,Thagard,Brodie
McArthur,Kaley,Thagard,Lyric,McArthur,Fredrick
Thagard,Pierce,McArthur,Karla,Thagard,Brodie
McArthur,Delanie,Thagard,Lyric,McArthur,Fredrick
Thagard,Danny,Altman,Alisha,Thagard,James
McArthur,Ashtyn,Altman,Kaylyn,McArthur,Garret
Thagard,Rayvon,Altman,Alisha,Thagard,James
McArthur,Molli,Altman,Kaylyn,McArthur,Garret
Thagard,Triston,Altman,Alisha,Thagard,James
McArthur,Luna,Altman,Kaylyn,McArthur,Garret
Thagard,Deleon,Altman,Alisha,Thagard,James
McArthur,Lily,Altman,Kaylyn,McArthur,Garret
Thagard,Trae,Altman,Alisha,Thagard,James
McArthur,Alicia,Altman,Kaylyn,McArthur,Garret
Thagard,Lorenzo,Altman,Ann,Thagard,Kade
McArthur,Alysia,Altman,Kaylyn,McArthur,Garret
Thagard,Demetrius,Altman,Blair,Thagard,Mauro
McArthur,Ashleigh,Altman,Kaylyn,McArthur,Garret
Thagard,Deontae,Altman,Blair,Thagard,Mauro
McArthur,Donisha,Altman,Kaylyn,McArthur,Garret
Thagard,Jerry,Altman,Blair,Thagard,Mauro
McArthur,Maura,Altman,Kaylyn,McArthur,Garret
Thagard,Luke,Altman,Blair,Thagard,Mauro
McArthur,Kali,Cleveland,Estrella,McArthur,Davin
Thagard,Yvan,Altman,Blair,Thagard,Mauro
McArthur,Nora,Cleveland,Estrella,McArthur,Davin
Thagard,Blaine,Altman,Deborah,Thagard,Emilio
McArthur,Lenora,Cleveland,Estrella,McArthur,Davin
Thagard,Michael,Altman,Deborah,Thagard,Emilio
McArthur,Charity,Cleveland,Estrella,McArthur,Davin
McArthur,Marcos,Thagard,Lyric,McArthur,Fredrick
McArthur,Louisa,Cleveland,Estrella,McArthur,Davin
McArthur,Reuben,Thagard,Lyric,McArthur,Fredrick
McArthur,Antonia,Cleveland,Estrella,McArthur,Davin
McArthur,Gregory,Thagard,Lyric,McArthur,Fredrick
McArthur,Ashli,Cleveland,Estrella,McArthur,Davin
McArthur,Ron,Thagard,Lyric,McArthur,Fredrick
McArthur,Lisette,Cleveland,Estrella,McArthur,Davin
McArthur,Max,Thagard,Lyric,McArthur,Fredrick
McArthur,Clara,Cleveland,Estrella,McArthur,Davin
McArthur,Gilberto,Altman,Kaylyn,McArthur,Garret
McArthur,Sage,Cleveland,Salena,McArthur,Cristian
McArthur,Ravon,Altman,Kaylyn,McArthur,Garret
McArthur,Irene,Cleveland,Salena,McArthur,Cristian
McArthur,Damian,Altman,Kaylyn,McArthur,Garret
McArthur,Lexy,Cleveland,Salena,McArthur,Cristian
McArthur,Terrence,Altman,Kaylyn,McArthur,Garret
McArthur,Ellen,Cleveland,Salena,McArthur,Cristian
McArthur,Grady,Altman,Kaylyn,McArthur,Garret
McArthur,Ciara,Cleveland,Nichole,McArthur,Martin
McArthur,Trenton,Altman,Kaylyn,McArthur,Garret
McArthur,Stevie,Cleveland,Nichole,McArthur,Martin
McArthur,Grant,Altman,Kaylyn,McArthur,Garret
McArthur,Emma,Cleveland,Nichole,McArthur,Martin
McArthur,Kolton,Altman,Kaylyn,McArthur,Garret
McArthur,Sydni,Cleveland,Nichole,McArthur,Martin
McArthur,Jordon,Cleveland,Estrella,McArthur,Davin
McArthur,Lexus,Cleveland,Nichole,McArthur,Martin
McArthur,Javon,Cleveland,Estrella,McArthur,Davin
McArthur,Haleigh,Cleveland,Nichole,McArthur,Martin
McArthur,Denver,Cleveland,Estrella,McArthur,Davin
McArthur,Rebecca,Cleveland,Loni,McArthur,Shane
McArthur,Malcolm,Cleveland,Estrella,McArthur,Davin
McArthur,Yajaira,Cleveland,Loni,McArthur,Shane
McArthur,Geoffrey,Cleveland,Estrella,McArthur,Davin
McArthur,Bethany,Cleveland,Loni,McArthur,Shane
McArthur,Devontae,Cleveland,Estrella,McArthur,Davin
McArthur,Alissa,Cleveland,Loni,McArthur,Shane
McArthur,Dequan,Cleveland,Estrella,McArthur,Davin
McArthur,Justina,Cleveland,Loni,McArthur,Shane
McArthur,Terrance,Cleveland,Estrella,McArthur,Davin
McArthur,Janay,Cleveland,Loni,McArthur,Shane
McArthur,Shamar,Cleveland,Estrella,McArthur,Davin
McArthur,Gabrielle,Cleveland,Margo,McArthur,Gilbert
McArthur,Michal,Cleveland,Nichole,McArthur,Martin
McArthur,Kristyn,Cleveland,Margo,McArthur,Gilbert
McArthur,James,Cleveland,Nichole,McArthur,Martin
McArthur,Camisha,Cleveland,Cambria,McArthur,Rayquan
McArthur,Ishmael,Cleveland,Nichole,McArthur,Martin
McArthur,Wendy,Cleveland,Cambria,McArthur,Rayquan
McArthur,Ezequiel,Cleveland,Nichole,McArthur,Martin
McArthur,Kyana,Cleveland,Cambria,McArthur,Rayquan
McArthur,Roy,Cleveland,Nichole,McArthur,Martin
McArthur,Coralys,Cleveland,Cambria,McArthur,Rayquan
McArthur,Austin,Cleveland,Nichole,McArthur,Martin
McArthur,Maisie,Cleveland,Cambria,McArthur,Rayquan
McArthur,Jayden,Cleveland,Nichole,McArthur,Martin
McArthur,Blaine,Cleveland,Cambria,McArthur,Rayquan
McArthur,Malachi,Cleveland,Nichole,McArthur,Martin
McArthur,Tara,Cleveland,Cambria,McArthur,Rayquan
McArthur,Alex,Cleveland,Nichole,McArthur,Martin
McArthur,Emely,Cleveland,Cambria,McArthur,Rayquan
McArthur,Stephon,Cleveland,Loni,McArthur,Shane
McArthur,Carmen,Cleveland,Cambria,McArthur,Rayquan
McArthur,Forrest,Cleveland,Loni,McArthur,Shane
McArthur,Breana,Cleveland,Cambria,McArthur,Rayquan
McArthur,Duncan,Cleveland,Margo,McArthur,Gilbert
McArthur,Tess,Cleveland,Briana,McArthur,Dakotah
McArthur,Jose,Cleveland,Cambria,McArthur,Rayquan
McArthur,Neda,Cleveland,Briana,McArthur,Dakotah
McArthur,Callahan,Cleveland,Cambria,McArthur,Rayquan
McArthur,Payton,Cleveland,Briana,McArthur,Dakotah
McArthur,Esau,Cleveland,Cambria,McArthur,Rayquan
McArthur,Giuliana,Cleveland,Briana,McArthur,Dakotah
McArthur,Britt,Cleveland,Cambria,McArthur,Rayquan
McArthur,Maranda,Cleveland,Briana,McArthur,Dakotah
McArthur,Brogan,Cleveland,Cambria,McArthur,Rayquan
McArthur,Shuntara,Cleveland,Briana,McArthur,Dakotah
McArthur,Glenn,Cleveland,Cambria,McArthur,Rayquan
McArthur,Cheyanne,Cleveland,Briana,McArthur,Dakotah
McArthur,Cruz,Cleveland,Cambria,McArthur,Rayquan
McArthur,Symone,Cleveland,Briana,McArthur,Dakotah
McArthur,Keith,Cleveland,Cambria,McArthur,Rayquan
McArthur,Jessenia,Cleveland,Briana,McArthur,Dakotah
McArthur,Benito,Cleveland,Cambria,McArthur,Rayquan
McArthur,Angelique,Cleveland,Briana,McArthur,Dakotah
McArthur,Rafael,Cleveland,Briana,McArthur,Dakotah
McArthur,Ashtin,Cleveland,Briana,McArthur,Dakotah
McArthur,Keon,Cleveland,Briana,McArthur,Dakotah
McArthur,Kaylee,Cleveland,Briana,McArthur,Dakotah
McArthur,Josejuan,Cleveland,Briana,McArthur,Dakotah
McArthur,Chyanne,Musgrave,Claire,McArthur,Bret
McArthur,Stephan,Cleveland,Briana,McArthur,Dakotah
McArthur,Lydia,Musgrave,Claire,McArthur,Bret
McArthur,Maliki,Cleveland,Briana,McArthur,Dakotah
McArthur,Priscilla,Musgrave,Claire,McArthur,Bret
McArthur,Bradlee,Cleveland,Briana,McArthur,Dakotah
McArthur,Ruby,Musgrave,Katelynn,McArthur,Ameer
McArthur,Ryland,Cleveland,Briana,McArthur,Dakotah
McArthur,Angel,Musgrave,Katelynn,McArthur,Ameer
McArthur,Torey,Cleveland,Briana,McArthur,Dakotah
McArthur,Shaye,Musgrave,Katelynn,McArthur,Ameer
McArthur,Christophe,Musgrave,Claire,McArthur,Bret
McArthur,Amberly,Musgrave,Katelynn,McArthur,Ameer
McArthur,Josie,Musgrave,Claire,McArthur,Bret
McArthur,Jania,Musgrave,Emerald,McArthur,Jeremy
McArthur,Joe,Musgrave,Claire,McArthur,Bret
McArthur,Angela,Musgrave,Emerald,McArthur,Jeremy
McArthur,Arnold,Musgrave,Katelynn,McArthur,Ameer
McArthur,Sabreen,Musgrave,Emerald,McArthur,Jeremy
McArthur,Savion,Musgrave,Katelynn,McArthur,Ameer
McArthur,Bridgette,Musgrave,Emerald,McArthur,Jeremy
McArthur,Izaiah,Musgrave,Katelynn,McArthur,Ameer
McArthur,Annika,Musgrave,Catalina,McArthur,Zackery
McArthur,Miles,Musgrave,Katelynn,McArthur,Ameer
Altman,Candace,Musgrave,Janet,Altman,Shelby
McArthur,Terry,Musgrave,Emerald,McArthur,Jeremy
Altman,Allana,Musgrave,Janet,Altman,Shelby
McArthur,Bill,Musgrave,Emerald,McArthur,Jeremy
Altman,Cecelia,Musgrave,Janet,Altman,Shelby
McArthur,Brent,Musgrave,Emerald,McArthur,Jeremy
Altman,Kacie,Musgrave,Janet,Altman,Shelby
McArthur,Gustavo,Musgrave,Emerald,McArthur,Jeremy
Altman,Corinne,Musgrave,Kaila,Altman,River
McArthur,Don,Musgrave,Emerald,McArthur,Jeremy
Altman,Klee,Musgrave,Kaila,Altman,River
McArthur,Nikolas,Musgrave,Emerald,McArthur,Jeremy
Altman,Victoria,Musgrave,Kaila,Altman,River
McArthur,Nelson,Musgrave,Emerald,McArthur,Jeremy
Altman,Chanel,Musgrave,Kaila,Altman,River
McArthur,Dyllon,Musgrave,Emerald,McArthur,Jeremy
Altman,Brionna,Musgrave,Kaila,Altman,River
McArthur,Corey,Musgrave,Catalina,McArthur,Zackery
Altman,Estela,Musgrave,Kaila,Altman,River
McArthur,Yvan,Musgrave,Catalina,McArthur,Zackery
Altman,Lizette,Musgrave,Kaila,Altman,River
McArthur,Diondre,Musgrave,Catalina,McArthur,Zackery
Altman,Chyanne,Musgrave,Kaila,Altman,River
McArthur,Jerome,Musgrave,Catalina,McArthur,Zackery
Altman,Macie,Musgrave,Kaila,Altman,River
McArthur,Jessee,Musgrave,Catalina,McArthur,Zackery
Altman,Hunter,Musgrave,Kaila,Altman,River
Altman,Hakeem,Musgrave,Janet,Altman,Shelby
Altman,Makena,Musgrave,Bryn,Altman,Edgardo
Altman,Asher,Musgrave,Kaila,Altman,River
Altman,Kali,Musgrave,Bryn,Altman,Edgardo
Altman,Braxton,Musgrave,Kaila,Altman,River
Altman,Johanna,Musgrave,Bryn,Altman,Edgardo
Altman,Antavius,Musgrave,Kaila,Altman,River
Altman,Rita,Musgrave,Bryn,Altman,Edgardo
Altman,Conner,Musgrave,Kaila,Altman,River
Altman,Tiani,Musgrave,Bryn,Altman,Edgardo
Altman,Demonte,Musgrave,Kaila,Altman,River
Altman,Taryn,Musgrave,Bryn,Altman,Edgardo
Altman,Ariel,Musgrave,Kaila,Altman,River
Altman,Baily,Musgrave,Bryn,Altman,Edgardo
Altman,Keanu,Musgrave,Kaila,Altman,River
Altman,Carla,Musgrave,Bryn,Altman,Edgardo
Altman,Landon,Musgrave,Kaila,Altman,River
Altman,Celena,Musgrave,Bryn,Altman,Edgardo
Altman,Sterling,Musgrave,Kaila,Altman,River
Altman,Sophia,Musgrave,Bryn,Altman,Edgardo
Altman,Clay,Musgrave,Bryn,Altman,Edgardo
Altman,Coralys,Musgrave,Meredith,Altman,Babyboy
Altman,Conrad,Musgrave,Bryn,Altman,Edgardo
Altman,Rhiannon,Musgrave,Meredith,Altman,Babyboy
Altman,Deante,Musgrave,Bryn,Altman,Edgardo
Altman,Cameron,Musgrave,Meredith,Altman,Babyboy
Altman,Tevin,Musgrave,Bryn,Altman,Edgardo
Altman,Ivory,Musgrave,Meredith,Altman,Babyboy
Altman,Jasen,Musgrave,Bryn,Altman,Edgardo
Cleveland,Zaria,Musgrave,Katia,Cleveland,Ronny
Altman,Karl,Musgrave,Bryn,Altman,Edgardo
Cleveland,Merideth,Musgrave,Katia,Cleveland,Ronny
Altman,Tom,Musgrave,Bryn,Altman,Edgardo
Cleveland,Jill,Musgrave,Katia,Cleveland,Ronny
Altman,Jackson,Musgrave,Bryn,Altman,Edgardo
Cleveland,Kaci,Musgrave,Sania,Cleveland,Rodrigo
Altman,Justyn,Musgrave,Bryn,Altman,Edgardo
Cleveland,Shuntara,Musgrave,Sania,Cleveland,Rodrigo
Altman,Howard,Musgrave,Bryn,Altman,Edgardo
Cleveland,Desiree,Musgrave,Sania,Cleveland,Rodrigo
Altman,Cesar,Musgrave,Meredith,Altman,Babyboy
Cleveland,Kyla,Musgrave,Sania,Cleveland,Rodrigo
Altman,Douglas,Musgrave,Meredith,Altman,Babyboy
Cleveland,Chasity,Musgrave,Sania,Cleveland,Rodrigo
Altman,Gage,Musgrave,Meredith,Altman,Babyboy
Cleveland,Janay,Musgrave,Sania,Cleveland,Rodrigo
Cleveland,Perry,Musgrave,Katia,Cleveland,Ronny
Cleveland,Lynette,Musgrave,Sania,Cleveland,Rodrigo
Cleveland,Tyrone,Musgrave,Katia,Cleveland,Ronny
Cleveland,Dalila,Musgrave,Sania,Cleveland,Rodrigo
Cleveland,Elliot,Musgrave,Katia,Cleveland,Ronny
Cleveland,Angelina,Musgrave,Sania,Cleveland,Rodrigo
Cleveland,Howard,Musgrave,Katia,Cleveland,Ronny
Cleveland,Amelia,Musgrave,Yamilex,Cleveland,Deante
Cleveland,Ravon,Musgrave,Sania,Cleveland,Rodrigo
Cleveland,Aishah,Musgrave,Yamilex,Cleveland,Deante
Cleveland,Dashane,Musgrave,Sania,Cleveland,Rodrigo
Cleveland,Maxine,Musgrave,Yamilex,Cleveland,Deante
Cleveland,Jean,Musgrave,Sania,Cleveland,Rodrigo
Cleveland,Yoana,Musgrave,Yamilex,Cleveland,Deante
Cleveland,Clint,Musgrave,Sania,Cleveland,Rodrigo
Cleveland,Mckenna,Musgrave,Yamilex,Cleveland,Deante
Cleveland,Hugo,Musgrave,Sania,Cleveland,Rodrigo
Cleveland,Estela,Musgrave,Payton,Cleveland,Orlando
Cleveland,Jaylen,Musgrave,Sania,Cleveland,Rodrigo
Cleveland,Sally,Musgrave,Payton,Cleveland,Orlando
Cleveland,Braydon,Musgrave,Sania,Cleveland,Rodrigo
Cleveland,Brittany,Irwin,Brenda,Cleveland,Joel
Cleveland,Jevon,Musgrave,Sania,Cleveland,Rodrigo
Cleveland,Lexus,Irwin,Brenda,Cleveland,Joel
Cleveland,Jeramie,Musgrave,Yamilex,Cleveland,Deante
Cleveland,Kaylin,Irwin,Brenda,Cleveland,Joel
Cleveland,Chase,Musgrave,Yamilex,Cleveland,Deante
Cleveland,Xochitl,Irwin,Brenda,Cleveland,Joel
Cleveland,Coleman,Musgrave,Yamilex,Cleveland,Deante
Cleveland,Brynn,Irwin,Brenda,Cleveland,Joel
Cleveland,Tyreek,Musgrave,Yamilex,Cleveland,Deante
Cleveland,Darian,Irwin,Brenda,Cleveland,Joel
Cleveland,Andrew,Musgrave,Yamilex,Cleveland,Deante
Cleveland,Autumn,Irwin,Bethany,Cleveland,Gordon
Cleveland,Mohamad,Musgrave,Payton,Cleveland,Orlando
Cleveland,Tasia,Irwin,Bethany,Cleveland,Gordon
Cleveland,Jeb,Musgrave,Payton,Cleveland,Orlando
Cleveland,Justice,Irwin,Bethany,Cleveland,Gordon
Cleveland,Rowan,Musgrave,Payton,Cleveland,Orlando
Cleveland,Mary,Irwin,Bethany,Cleveland,Gordon
Cleveland,Freddy,Musgrave,Payton,Cleveland,Orlando
Cleveland,Chanel,Irwin,Bethany,Cleveland,Gordon
Cleveland,Esteban,Irwin,Brenda,Cleveland,Joel
Cleveland,Kaycee,Irwin,Bethany,Cleveland,Gordon
Cleveland,Ariel,Irwin,Brenda,Cleveland,Joel
Cleveland,Harley,Irwin,Bethany,Cleveland,Gordon
Cleveland,Jeremy,Irwin,Brenda,Cleveland,Joel
Cleveland,Destiana,Fabian,Rocio,Cleveland,Kareem
Cleveland,Rodolfo,Irwin,Brenda,Cleveland,Joel
Cleveland,Amy,Fabian,Rocio,Cleveland,Kareem
Cleveland,Michal,Irwin,Brenda,Cleveland,Joel
Cleveland,Hailee,Fabian,Rocio,Cleveland,Kareem
Cleveland,Earl,Irwin,Brenda,Cleveland,Joel
Cleveland,Harlie,Fabian,Kirsten,Cleveland,Zachery
Cleveland,Willis,Irwin,Bethany,Cleveland,Gordon
Cleveland,Isabel,Fabian,Kirsten,Cleveland,Zachery
Cleveland,Jarrod,Irwin,Bethany,Cleveland,Gordon
Cleveland,Ana,Fabian,Kirsten,Cleveland,Zachery
Cleveland,Jacob,Irwin,Bethany,Cleveland,Gordon
Musgrave,Kalee,Fabian,Marycather,Musgrave,Nick
Cleveland,Branden,Irwin,Bethany,Cleveland,Gordon
Musgrave,Kiesha,Fabian,Marycather,Musgrave,Nick
Cleveland,Javonte,Irwin,Bethany,Cleveland,Gordon
Musgrave,Destiana,Fabian,Marycather,Musgrave,Nick
Cleveland,Gonzalo,Irwin,Bethany,Cleveland,Gordon
Musgrave,Mallory,Gruber,Lena,Musgrave,Jose
Cleveland,Humberto,Irwin,Bethany,Cleveland,Gordon
Musgrave,Elise,Gruber,Lena,Musgrave,Jose
Cleveland,Ward,Irwin,Bethany,Cleveland,Gordon
Musgrave,Tayler,Gruber,Lena,Musgrave,Jose
Cleveland,Savion,Irwin,Bethany,Cleveland,Gordon
Musgrave,Ashly,Gruber,Lena,Musgrave,Jose
Cleveland,Dante,Fabian,Rocio,Cleveland,Kareem
Musgrave,Jaquana,Gruber,Lena,Musgrave,Jose
Cleveland,Arthur,Fabian,Rocio,Cleveland,Kareem
Musgrave,Chandler,Gruber,Lena,Musgrave,Jose
Cleveland,Pedro,Fabian,Kirsten,Cleveland,Zachery
Musgrave,Allana,Gruber,Lena,Musgrave,Jose
Musgrave,Darren,Fabian,Marycather,Musgrave,Nick
Musgrave,Annemarie,Gruber,Lena,Musgrave,Jose
Musgrave,Quintyn,Fabian,Marycather,Musgrave,Nick
Musgrave,Kansas,Gruber,Kylee,Musgrave,Noe
Musgrave,Jonathon,Fabian,Marycather,Musgrave,Nick
Musgrave,Nadia,Gruber,Passion,Musgrave,Donald
Musgrave,Melvin,Fabian,Marycather,Musgrave,Nick
Musgrave,Rubi,Gruber,Julissa,Musgrave,Maliki
Musgrave,Terance,Fabian,Marycather,Musgrave,Nick
Musgrave,Stephania,Gruber,Julissa,Musgrave,Maliki
Musgrave,Jonah,Fabian,Marycather,Musgrave,Nick
Musgrave,Rianna,Gruber,Julissa,Musgrave,Maliki
Musgrave,Braeden,Fabian,Marycather,Musgrave,Nick
Musgrave,Janna,Gruber,Julissa,Musgrave,Maliki
Musgrave,Jovan,Fabian,Marycather,Musgrave,Nick
Musgrave,Keanna,Akers,Savanah,Musgrave,Terry
Musgrave,Blaine,Fabian,Marycather,Musgrave,Nick
Musgrave,Shawn,Akers,Savanah,Musgrave,Terry
Musgrave,Jon,Fabian,Marycather,Musgrave,Nick
Musgrave,Chantelle,Akers,Brooke,Musgrave,Rhett
Musgrave,Kolton,Fabian,Marycather,Musgrave,Nick
Musgrave,Rhiannon,Akers,Brooke,Musgrave,Rhett
Musgrave,Marques,Fabian,Marycather,Musgrave,Nick
Musgrave,Laquisha,Akers,Brooke,Musgrave,Rhett
Musgrave,Devaughn,Gruber,Lena,Musgrave,Jose
Musgrave,Janeth,Akers,Brooke,Musgrave,Rhett
Musgrave,Anthoni,Gruber,Lena,Musgrave,Jose
Musgrave,Eden,Akers,Brooke,Musgrave,Rhett
Musgrave,Trent,Gruber,Lena,Musgrave,Jose
Musgrave,Georgia,Akers,Brooke,Musgrave,Rhett
Musgrave,Reed,Gruber,Kylee,Musgrave,Noe
Musgrave,Adrianna,Akers,Brooke,Musgrave,Rhett
Musgrave,Arjun,Gruber,Kylee,Musgrave,Noe
Musgrave,Tehya,Akers,Brooke,Musgrave,Rhett
Musgrave,Westley,Gruber,Kylee,Musgrave,Noe
Musgrave,Kelly,Akers,Brooke,Musgrave,Rhett
Musgrave,Riley,Gruber,Passion,Musgrave,Donald
Musgrave,Gabriele,Akers,Kylie,Musgrave,Isaac
Musgrave,Humberto,Gruber,Passion,Musgrave,Donald
Musgrave,Carmen,Akers,Kylie,Musgrave,Isaac
Musgrave,Salvador,Gruber,Julissa,Musgrave,Maliki
Musgrave,Tatum,Akers,Kylie,Musgrave,Isaac
Musgrave,Tyrell,Gruber,Julissa,Musgrave,Maliki
Musgrave,Rachael,Akers,Kylie,Musgrave,Isaac
Musgrave,Justin,Gruber,Julissa,Musgrave,Maliki
Musgrave,Doris,Akers,Kylie,Musgrave,Isaac
Musgrave,Sahil,Gruber,Julissa,Musgrave,Maliki
Musgrave,Marie,Akers,Kylie,Musgrave,Isaac
Musgrave,Kieran,Gruber,Julissa,Musgrave,Maliki
Irwin,Crystal,Akers,Lexus,Irwin,Jalil
Musgrave,Terrell,Gruber,Julissa,Musgrave,Maliki
Irwin,Chelsea,Akers,Lexus,Irwin,Jalil
Musgrave,Everett,Gruber,Julissa,Musgrave,Maliki
Irwin,Zoey,Akers,Lexus,Irwin,Jalil
Musgrave,Denzel,Akers,Savanah,Musgrave,Terry
Irwin,Shanyce,Akers,Lexus,Irwin,Jalil
Musgrave,Henry,Akers,Brooke,Musgrave,Rhett
Irwin,Sara,Akers,Lexus,Irwin,Jalil
Musgrave,Coy,Akers,Brooke,Musgrave,Rhett
Irwin,Daniella,Akers,Lexus,Irwin,Jalil
Musgrave,Bradlee,Akers,Brooke,Musgrave,Rhett
Irwin,Liz,Akers,Lexus,Irwin,Jalil
Musgrave,Weston,Akers,Brooke,Musgrave,Rhett
Irwin,Yasmeen,Akers,Lexus,Irwin,Jalil
Musgrave,Jade,Akers,Brooke,Musgrave,Rhett
Irwin,Patsy,Akers,Lexus,Irwin,Jalil
Musgrave,Grant,Akers,Brooke,Musgrave,Rhett
Irwin,Marisol,Akers,Jessenia,Irwin,Deante
Musgrave,Gage,Akers,Kylie,Musgrave,Isaac
Irwin,Jenny,Akers,Jessenia,Irwin,Deante
Musgrave,Austen,Akers,Kylie,Musgrave,Isaac
Irwin,Jennie,Akers,Jessenia,Irwin,Deante
Musgrave,Enrique,Akers,Kylie,Musgrave,Isaac
Irwin,Alysa,Akers,Jessenia,Irwin,Deante
Musgrave,Spenser,Akers,Kylie,Musgrave,Isaac
Irwin,Torrie,Akers,Savana,Irwin,Jonathon
Irwin,Camron,Akers,Lexus,Irwin,Jalil
Irwin,Maryssa,Akers,Savana,Irwin,Jonathon
Irwin,Salvatore,Akers,Lexus,Irwin,Jalil
Irwin,Annie,Akers,Savana,Irwin,Jonathon
Irwin,Ignacio,Akers,Lexus,Irwin,Jalil
Irwin,Shelly,Akers,Savana,Irwin,Jonathon
Irwin,Joseph,Akers,Lexus,Irwin,Jalil
Fabian,Camila,Akers,Hallie,Fabian,Emmett
Irwin,Josie,Akers,Lexus,Irwin,Jalil
Fabian,Kira,Akers,Hallie,Fabian,Emmett
Irwin,Robert,Akers,Lexus,Irwin,Jalil
Fabian,Ashlee,Akers,Hallie,Fabian,Emmett
Irwin,Billy,Akers,Lexus,Irwin,Jalil
Fabian,Carra,Akers,Hallie,Fabian,Emmett
Irwin,Javon,Akers,Lexus,Irwin,Jalil
Fabian,Phoebe,Akers,Hallie,Fabian,Emmett
Irwin,Sawyer,Akers,Lexus,Irwin,Jalil
Fabian,Sheri,Akers,Hallie,Fabian,Emmett
Irwin,Emmett,Akers,Lexus,Irwin,Jalil
Fabian,Jayme,Akers,Hallie,Fabian,Emmett
Irwin,Aaron,Akers,Jessenia,Irwin,Deante
Fabian,Xian,Akers,Hallie,Fabian,Emmett
Irwin,Dominick,Akers,Jessenia,Irwin,Deante
Gruber,Tiona,Akers,Skye,Gruber,Hayden
Irwin,Alexander,Akers,Jessenia,Irwin,Deante
Gruber,Marion,Akers,Skye,Gruber,Hayden
Irwin,Montel,Akers,Savana,Irwin,Jonathon
Gruber,Tristin,Akers,Skye,Gruber,Hayden
Irwin,Parker,Akers,Savana,Irwin,Jonathon
Gruber,Kelcee,Akers,Skye,Gruber,Hayden
Irwin,Lorenzo,Akers,Savana,Irwin,Jonathon
Gruber,Nichelle,Akers,Skye,Gruber,Hayden
Irwin,James,Akers,Savana,Irwin,Jonathon
Gruber,Lenora,Akers,Skye,Gruber,Hayden
Irwin,Dyllon,Akers,Savana,Irwin,Jonathon
Gruber,Shakira,Akers,Danae,Gruber,Bradlee
Irwin,Royce,Akers,Savana,Irwin,Jonathon
Gruber,Aliyah,Akers,Ashlee,Gruber,Harrison
Irwin,Troy,Akers,Savana,Irwin,Jonathon
Gruber,Makayla,Akers,Ashlee,Gruber,Harrison
Irwin,Gerard,Akers,Savana,Irwin,Jonathon
Gruber,Sophie,Akers,Ashlee,Gruber,Harrison
Irwin,Isaias,Akers,Savana,Irwin,Jonathon
Gruber,Tayler,Akers,Ashlee,Gruber,Harrison
Fabian,William,Akers,Hallie,Fabian,Emmett
Gruber,Sania,Akers,Ashlee,Gruber,Harrison
Fabian,Joe,Akers,Hallie,Fabian,Emmett
Gruber,Elise,Akers,Ashlee,Gruber,Harrison
Fabian,Stewart,Akers,Hallie,Fabian,Emmett
Akers,Valeria,Kavandi,Aria,Akers,Quanterriu
Fabian,Francis,Akers,Hallie,Fabian,Emmett
Akers,Terri,Kavandi,Aria,Akers,Quanterriu
Fabian,Quintin,Akers,Hallie,Fabian,Emmett
Akers,Emilee,Kavandi,Aria,Akers,Quanterriu
Fabian,Antavius,Akers,Hallie,Fabian,Emmett
Akers,Holland,Kavandi,Aria,Akers,Quanterriu
Fabian,Tysheem,Akers,Hallie,Fabian,Emmett
Akers,Violet,Kavandi,Aria,Akers,Quanterriu
Fabian,Cesar,Akers,Hallie,Fabian,Emmett
Akers,Christine,Kavandi,Aria,Akers,Quanterriu
Fabian,Charles,Akers,Hallie,Fabian,Emmett
Akers,Alena,Kavandi,Aria,Akers,Quanterriu
Fabian,Griffin,Akers,Hallie,Fabian,Emmett
Akers,Allison,Kavandi,Kaylea,Akers,Lance
Fabian,Johnathon,Akers,Hallie,Fabian,Emmett
Akers,Carolyn,Kavandi,Kaylea,Akers,Lance
Gruber,Angel,Akers,Skye,Gruber,Hayden
Akers,Helena,Kavandi,Kaylea,Akers,Lance
Gruber,Garrett,Akers,Skye,Gruber,Hayden
Akers,Carley,Kavandi,Kaylea,Akers,Lance
Gruber,Davon,Akers,Danae,Gruber,Bradlee
Akers,Kerry,Kavandi,Kaylea,Akers,Lance
Gruber,Jose,Akers,Danae,Gruber,Bradlee
Akers,Vianey,Kavandi,Kaylea,Akers,Lance
Gruber,Zakery,Akers,Ashlee,Gruber,Harrison
Akers,Reyna,Kavandi,Kaylea,Akers,Lance
Gruber,Lee,Akers,Ashlee,Gruber,Harrison
Akers,Kaylie,Kavandi,Kaylea,Akers,Lance
Gruber,Jules,Akers,Ashlee,Gruber,Harrison
Akers,Kelly,Kavandi,Kaylea,Akers,Lance
Gruber,Deonta,Akers,Ashlee,Gruber,Harrison
Akers,Bertha,Kavandi,Kaylea,Akers,Lance
Gruber,Jason,Akers,Ashlee,Gruber,Harrison
Akers,Michelle,Kavandi,Kaylea,Akers,Lance
Gruber,Franklin,Akers,Ashlee,Gruber,Harrison
Akers,Karlee,Kavandi,Kaylea,Akers,Lance
Gruber,Micah,Akers,Ashlee,Gruber,Harrison
Akers,Aimee,Kavandi,Kaylea,Akers,Lance
