Robinson,Irvin,Bagian,Chanel,Robinson,Josue
Buchanan,Kendall,Kregel,Latosha,Buchanan,Saul
Adams,Brody,Harrison,Holli,Adams,Gerardo
Dunbar,Heidy,Buchli,Cindy,Dunbar,Harrison
Davis,Draven,Michel,Jeanette,Davis,Jamison
Weber,Nina,Onizuka,Synthia,Weber,Garin
Richards,Milton,Cutter,Teagan,Richards,Zackary
Allen,Kaila,McCulley,Kerry,Allen,Jairus
Chapman,Clay,McKinley,Anamarie,Chapman,Jackson
Hammond,Ryann,Wheelock,Terri,Hammond,Raekwon
Bagian,Cecil,Hilliard,Keosha,Bagian,Hakeem
Sega,Bailee,Jefferson,Savanna,Sega,Nickalus
McMonagle,Chaz,Ride,Raquel,McMonagle,Dayton
Lenoir,Yessenia,Kavandi,Ashlee,Lenoir,Austin
Carter,Rashaun,Coats,Tabitha,Carter,Barry
Schweickart,Dyamond,Richards,Louisa,Schweickart,Enoch
Holmquest,Ezequiel,Pogue,Rachel,Holmquest,Wesley
Cernan,Rebekah,Creighton,Carlye,Cernan,Rayquan
Lenoir,Latrell,Fincke,Zahra,Lenoir,Osvaldo
Hart,London,Creamer,Porsha,Hart,Phillip
Nowak,Gustavo,Ashby,Lucy,Nowak,Ameer
Pierce,Samira,Melvin,Rosa,Pierce,Lukas
Cunningham,Terrell,Brand,Annabel,Cunningham,Kristofer
McMonagle,Carson,Chaffee,Emerald,McMonagle,Chadwick
Wheelock,Kerrick,Schmitt,Randi,Wheelock,Jasper
Vanderhooven,Sara,Precour,Lexus,Vanderhooven,Jarrett
Robinson,Trae,Buchanan,Kendall,Robinson,Irvin
Forrester,Kaydee,Grant,Yuki,Forrester,Quanterriu
Robinson,Chaim,Buchanan,Kendall,Robinson,Irvin
England,Monique,Higginbotham,Amelia,England,Raheem
Robinson,Francis,Buchanan,Kendall,Robinson,Irvin
Cunningham,Evelyn,Oswald,Ciera,Cunningham,Mario
Adams,Ibrahim,Dunbar,Heidy,Adams,Brody
Apt,Natalya,Thornton,Johana,Apt,Daquan
Adams,Kahlil,Dunbar,Heidy,Adams,Brody
Robinson,Maddison,Buchanan,Kendall,Robinson,Irvin
Adams,Trae,Dunbar,Heidy,Adams,Brody
Robinson,Aja,Buchanan,Kendall,Robinson,Irvin
Adams,Kolton,Dunbar,Heidy,Adams,Brody
Robinson,Candice,Buchanan,Kendall,Robinson,Irvin
Davis,Jevin,Weber,Nina,Davis,Draven
Robinson,Anahi,Buchanan,Kendall,Robinson,Irvin
Davis,Seamus,Weber,Nina,Davis,Draven
Adams,Ashlee,Dunbar,Heidy,Adams,Brody
Davis,Jonathan,Weber,Nina,Davis,Draven
Adams,Ivana,Dunbar,Heidy,Adams,Brody
Davis,Ross,Weber,Nina,Davis,Draven
Adams,Maya,Dunbar,Heidy,Adams,Brody
Davis,Everett,Weber,Nina,Davis,Draven
Davis,Marie,Weber,Nina,Davis,Draven
Davis,Joseph,Weber,Nina,Davis,Draven
Davis,Dajah,Weber,Nina,Davis,Draven
Davis,Cristobal,Weber,Nina,Davis,Draven
Davis,Connie,Weber,Nina,Davis,Draven
Davis,Marcus,Weber,Nina,Davis,Draven
Davis,Darian,Weber,Nina,Davis,Draven
Richards,Forest,Allen,Kaila,Richards,Milton
Davis,Trinity,Weber,Nina,Davis,Draven
Richards,Bret,Allen,Kaila,Richards,Milton
Davis,Haley,Weber,Nina,Davis,Draven
Richards,Rakeem,Allen,Kaila,Richards,Milton
Richards,Isabelle,Allen,Kaila,Richards,Milton
Richards,Bruce,Allen,Kaila,Richards,Milton
Richards,Yuki,Allen,Kaila,Richards,Milton
Richards,Johnny,Allen,Kaila,Richards,Milton
Richards,Carli,Allen,Kaila,Richards,Milton
Chapman,Jacori,Hammond,Ryann,Chapman,Clay
Richards,Rebecca,Allen,Kaila,Richards,Milton
Chapman,Isaac,Hammond,Ryann,Chapman,Clay
Richards,April,Allen,Kaila,Richards,Milton
Chapman,Daniel,Hammond,Ryann,Chapman,Clay
Richards,Christina,Allen,Kaila,Richards,Milton
Chapman,Tracy,Hammond,Ryann,Chapman,Clay
Richards,Roxanne,Allen,Kaila,Richards,Milton
Bagian,Patric,Sega,Bailee,Bagian,Cecil
Chapman,Emmalee,Hammond,Ryann,Chapman,Clay
Bagian,Daryl,Sega,Bailee,Bagian,Cecil
Chapman,Bailey,Hammond,Ryann,Chapman,Clay
Bagian,Jasper,Sega,Bailee,Bagian,Cecil
Bagian,Nicole,Sega,Bailee,Bagian,Cecil
McMonagle,Dante,Lenoir,Yessenia,McMonagle,Chaz
Bagian,Macey,Sega,Bailee,Bagian,Cecil
McMonagle,Shaquille,Lenoir,Yessenia,McMonagle,Chaz
Bagian,Jocelyn,Sega,Bailee,Bagian,Cecil
McMonagle,Addison,Lenoir,Yessenia,McMonagle,Chaz
McMonagle,Mckenna,Lenoir,Yessenia,McMonagle,Chaz
McMonagle,Keith,Lenoir,Yessenia,McMonagle,Chaz
McMonagle,Graciela,Lenoir,Yessenia,McMonagle,Chaz
Carter,Brendan,Schweickart,Dyamond,Carter,Rashaun
McMonagle,Stacey,Lenoir,Yessenia,McMonagle,Chaz
Carter,Lamont,Schweickart,Dyamond,Carter,Rashaun
McMonagle,Tyra,Lenoir,Yessenia,McMonagle,Chaz
Carter,Jesse,Schweickart,Dyamond,Carter,Rashaun
McMonagle,Natalya,Lenoir,Yessenia,McMonagle,Chaz
Carter,William,Schweickart,Dyamond,Carter,Rashaun
McMonagle,Myra,Lenoir,Yessenia,McMonagle,Chaz
Carter,Dylon,Schweickart,Dyamond,Carter,Rashaun
McMonagle,Jaida,Lenoir,Yessenia,McMonagle,Chaz
Carter,Maverick,Schweickart,Dyamond,Carter,Rashaun
McMonagle,Kimberly,Lenoir,Yessenia,McMonagle,Chaz
Carter,Andy,Schweickart,Dyamond,Carter,Rashaun
McMonagle,Trisha,Lenoir,Yessenia,McMonagle,Chaz
Holmquest,Keagan,Cernan,Rebekah,Holmquest,Ezequiel
Carter,Yamilex,Schweickart,Dyamond,Carter,Rashaun
Holmquest,Marques,Cernan,Rebekah,Holmquest,Ezequiel
Carter,Haylee,Schweickart,Dyamond,Carter,Rashaun
Holmquest,Jasper,Cernan,Rebekah,Holmquest,Ezequiel
Carter,Danielle,Schweickart,Dyamond,Carter,Rashaun
Holmquest,Sutton,Cernan,Rebekah,Holmquest,Ezequiel
Holmquest,Rhiannon,Cernan,Rebekah,Holmquest,Ezequiel
Holmquest,Lee,Cernan,Rebekah,Holmquest,Ezequiel
Holmquest,Paulina,Cernan,Rebekah,Holmquest,Ezequiel
Holmquest,Vicente,Cernan,Rebekah,Holmquest,Ezequiel
Holmquest,Daphne,Cernan,Rebekah,Holmquest,Ezequiel
Lenoir,Jeramie,Hart,London,Lenoir,Latrell
Lenoir,Louisa,Hart,London,Lenoir,Latrell
Lenoir,Johnny,Hart,London,Lenoir,Latrell
Lenoir,Alaina,Hart,London,Lenoir,Latrell
Lenoir,Jordin,Hart,London,Lenoir,Latrell
Lenoir,Xian,Hart,London,Lenoir,Latrell
Lenoir,Quincy,Hart,London,Lenoir,Latrell
Lenoir,Aubree,Hart,London,Lenoir,Latrell
Nowak,Keshaun,Pierce,Samira,Nowak,Gustavo
Lenoir,Gabrielle,Hart,London,Lenoir,Latrell
Nowak,Jevon,Pierce,Samira,Nowak,Gustavo
Lenoir,Ellen,Hart,London,Lenoir,Latrell
Nowak,Stewart,Pierce,Samira,Nowak,Gustavo
Lenoir,Liliana,Hart,London,Lenoir,Latrell
Nowak,Dashane,Pierce,Samira,Nowak,Gustavo
Nowak,Kenzie,Pierce,Samira,Nowak,Gustavo
Nowak,Armando,Pierce,Samira,Nowak,Gustavo
Nowak,Jeanette,Pierce,Samira,Nowak,Gustavo
Nowak,Deandre,Pierce,Samira,Nowak,Gustavo
Nowak,Christy,Pierce,Samira,Nowak,Gustavo
Nowak,Maximilian,Pierce,Samira,Nowak,Gustavo
Nowak,Stormy,Pierce,Samira,Nowak,Gustavo
Cunningham,Thomas,McMonagle,Carson,Cunningham,Terrell
Nowak,Arianna,Pierce,Samira,Nowak,Gustavo
Cunningham,Zachery,McMonagle,Carson,Cunningham,Terrell
Nowak,Kaya,Pierce,Samira,Nowak,Gustavo
Cunningham,Alvin,McMonagle,Carson,Cunningham,Terrell
Cunningham,Anjelica,McMonagle,Carson,Cunningham,Terrell
Cunningham,Everett,McMonagle,Carson,Cunningham,Terrell
Cunningham,Rowan,McMonagle,Carson,Cunningham,Terrell
Cunningham,Marielle,McMonagle,Carson,Cunningham,Terrell
Cunningham,Kelli,McMonagle,Carson,Cunningham,Terrell
Cunningham,Shan,McMonagle,Carson,Cunningham,Terrell
Cunningham,Shaye,McMonagle,Carson,Cunningham,Terrell
Cunningham,Luke,McMonagle,Carson,Cunningham,Terrell
Cunningham,Isis,McMonagle,Carson,Cunningham,Terrell
Wheelock,Garin,Vanderhooven,Sara,Wheelock,Kerrick
Wheelock,Jesslyn,Vanderhooven,Sara,Wheelock,Kerrick
Wheelock,Trenton,Vanderhooven,Sara,Wheelock,Kerrick
Wheelock,Ali,Vanderhooven,Sara,Wheelock,Kerrick
Wheelock,Sammie,Vanderhooven,Sara,Wheelock,Kerrick
Wheelock,Rochelle,Vanderhooven,Sara,Wheelock,Kerrick
Wheelock,Sedrick,Vanderhooven,Sara,Wheelock,Kerrick
Wheelock,Graciela,Vanderhooven,Sara,Wheelock,Kerrick
Wheelock,Rand,Vanderhooven,Sara,Wheelock,Kerrick
Wheelock,Vianey,Vanderhooven,Sara,Wheelock,Kerrick
Robinson,Pedro,Forrester,Kaydee,Robinson,Trae
Wheelock,Candy,Vanderhooven,Sara,Wheelock,Kerrick
Robinson,Andrew,Forrester,Kaydee,Robinson,Trae
Robinson,Passion,Forrester,Kaydee,Robinson,Trae
Robinson,Eli,Forrester,Kaydee,Robinson,Trae
Robinson,Malina,Forrester,Kaydee,Robinson,Trae
Robinson,Mauricio,Forrester,Kaydee,Robinson,Trae
Robinson,Anneliese,England,Monique,Robinson,Chaim
Robinson,Tyrone,England,Monique,Robinson,Chaim
Robinson,Natalee,England,Monique,Robinson,Chaim
Robinson,Jeramie,England,Monique,Robinson,Chaim
Robinson,Tracy,England,Monique,Robinson,Chaim
Robinson,Mateo,England,Monique,Robinson,Chaim
Robinson,Audra,England,Monique,Robinson,Chaim
Robinson,Stephanie,England,Monique,Robinson,Chaim
Robinson,Odalys,England,Monique,Robinson,Chaim
Robinson,Darrion,England,Monique,Robinson,Chaim
Robinson,Lynn,England,Monique,Robinson,Chaim
Robinson,Parker,England,Monique,Robinson,Chaim
Robinson,Natasha,England,Monique,Robinson,Chaim
Robinson,Bretton,England,Monique,Robinson,Chaim
Robinson,Rosemarie,England,Monique,Robinson,Chaim
Robinson,Deonta,Cunningham,Evelyn,Robinson,Francis
Robinson,Merideth,England,Monique,Robinson,Chaim
Adams,Alek,Apt,Natalya,Adams,Ibrahim
Robinson,Kiera,Cunningham,Evelyn,Robinson,Francis
Adams,Jaquan,Apt,Natalya,Adams,Ibrahim
Robinson,Kenzie,Cunningham,Evelyn,Robinson,Francis
Adams,Kaleb,Apt,Natalya,Adams,Ibrahim
Adams,Kathleen,Apt,Natalya,Adams,Ibrahim
Adams,Shemar,Apt,Natalya,Adams,Ibrahim
Adams,Estefany,Robinson,Maddison,Adams,Kahlil
Adams,Addison,Robinson,Maddison,Adams,Kahlil
Adams,Norma,Robinson,Maddison,Adams,Kahlil
Adams,Chad,Robinson,Maddison,Adams,Kahlil
Adams,Mireya,Robinson,Maddison,Adams,Kahlil
Adams,Alfred,Robinson,Maddison,Adams,Kahlil
Adams,Yasmin,Robinson,Maddison,Adams,Kahlil
Adams,Isaiah,Robinson,Aja,Adams,Trae
Adams,Yasmine,Robinson,Maddison,Adams,Kahlil
Adams,Miles,Robinson,Candice,Adams,Kolton
Adams,Victoria,Robinson,Maddison,Adams,Kahlil
Adams,Michal,Robinson,Candice,Adams,Kolton
Adams,Taelor,Robinson,Maddison,Adams,Kahlil
Adams,Ismael,Robinson,Candice,Adams,Kolton
Adams,Adrian,Robinson,Maddison,Adams,Kahlil
Adams,Montana,Robinson,Candice,Adams,Kolton
Adams,Aerial,Robinson,Maddison,Adams,Kahlil
Adams,Camron,Robinson,Candice,Adams,Kolton
Adams,Kristin,Robinson,Maddison,Adams,Kahlil
Adams,Emilio,Robinson,Candice,Adams,Kolton
Adams,Roxanne,Robinson,Maddison,Adams,Kahlil
Davis,Keith,Robinson,Anahi,Davis,Jevin
Adams,Alaina,Robinson,Aja,Adams,Trae
Davis,Javon,Robinson,Anahi,Davis,Jevin
Adams,Kiara,Robinson,Aja,Adams,Trae
Davis,Mitchell,Robinson,Anahi,Davis,Jevin
Adams,Esther,Robinson,Candice,Adams,Kolton
Davis,Deante,Robinson,Anahi,Davis,Jevin
Adams,Jesica,Robinson,Candice,Adams,Kolton
Davis,Dallin,Robinson,Anahi,Davis,Jevin
Adams,Makala,Robinson,Candice,Adams,Kolton
Davis,Jajuan,Robinson,Anahi,Davis,Jevin
Adams,Marycather,Robinson,Candice,Adams,Kolton
Davis,Michel,Robinson,Anahi,Davis,Jevin
Davis,Jessa,Robinson,Anahi,Davis,Jevin
Davis,Kristopher,Robinson,Anahi,Davis,Jevin
Davis,Alycia,Robinson,Anahi,Davis,Jevin
Davis,Jawaun,Robinson,Anahi,Davis,Jevin
Davis,Hallie,Robinson,Anahi,Davis,Jevin
Davis,Jasper,Adams,Ashlee,Davis,Seamus
Davis,Miranda,Robinson,Anahi,Davis,Jevin
Davis,Conor,Adams,Ashlee,Davis,Seamus
Davis,Mari,Robinson,Anahi,Davis,Jevin
Davis,Jacques,Adams,Ashlee,Davis,Seamus
Davis,Nayeli,Robinson,Anahi,Davis,Jevin
Davis,Keon,Adams,Ashlee,Davis,Seamus
Davis,Ariana,Robinson,Anahi,Davis,Jevin
Davis,Erick,Adams,Ashlee,Davis,Seamus
Davis,Maryanne,Robinson,Anahi,Davis,Jevin
Davis,Hayden,Adams,Ashlee,Davis,Seamus
Davis,Anthony,Robinson,Anahi,Davis,Jevin
Davis,Seth,Adams,Ashlee,Davis,Seamus
Davis,Jaquana,Robinson,Anahi,Davis,Jevin
Davis,Trevon,Adams,Ashlee,Davis,Seamus
Davis,Ida,Robinson,Anahi,Davis,Jevin
Davis,Cade,Adams,Ivana,Davis,Jonathan
Davis,Caroline,Adams,Ashlee,Davis,Seamus
Davis,Hugh,Adams,Ivana,Davis,Jonathan
Davis,Emiley,Adams,Ashlee,Davis,Seamus
Davis,Ashton,Adams,Ivana,Davis,Jonathan
Davis,Sherry,Adams,Ashlee,Davis,Seamus
Davis,Jaylon,Adams,Ivana,Davis,Jonathan
Davis,Reina,Adams,Ivana,Davis,Jonathan
Davis,Neil,Adams,Ivana,Davis,Jonathan
Davis,Anjelica,Adams,Ivana,Davis,Jonathan
Davis,Micah,Adams,Ivana,Davis,Jonathan
Davis,Destany,Adams,Ivana,Davis,Jonathan
Davis,Wilson,Adams,Ivana,Davis,Jonathan
Davis,Miriam,Adams,Ivana,Davis,Jonathan
Davis,Drew,Adams,Ivana,Davis,Jonathan
Davis,Dania,Adams,Ivana,Davis,Jonathan
Davis,Coby,Adams,Ivana,Davis,Jonathan
Davis,Ladaysha,Adams,Ivana,Davis,Jonathan
Davis,Diego,Adams,Maya,Davis,Ross
Davis,Heather,Adams,Ivana,Davis,Jonathan
Davis,Bjorn,Adams,Maya,Davis,Ross
Davis,Tianna,Adams,Ivana,Davis,Jonathan
Davis,Alek,Adams,Maya,Davis,Ross
Davis,Sabrina,Adams,Ivana,Davis,Jonathan
Davis,Fredrick,Adams,Maya,Davis,Ross
Davis,Mollie,Adams,Maya,Davis,Ross
Davis,Arian,Adams,Maya,Davis,Ross
Davis,Kaitlin,Adams,Maya,Davis,Ross
Davis,Gary,Richards,Isabelle,Davis,Everett
Davis,Ivory,Adams,Maya,Davis,Ross
Davis,Amari,Richards,Isabelle,Davis,Everett
Davis,Ciara,Adams,Maya,Davis,Ross
Davis,Payton,Richards,Isabelle,Davis,Everett
Davis,Larissa,Adams,Maya,Davis,Ross
Davis,Cecil,Richards,Isabelle,Davis,Everett
Davis,Zoee,Richards,Isabelle,Davis,Everett
Davis,Zackary,Richards,Yuki,Davis,Joseph
Davis,Madison,Richards,Isabelle,Davis,Everett
Davis,Thaddeus,Richards,Yuki,Davis,Joseph
Davis,Malina,Richards,Isabelle,Davis,Everett
Davis,Rory,Richards,Yuki,Davis,Joseph
Davis,Jonae,Richards,Isabelle,Davis,Everett
Davis,Easton,Richards,Yuki,Davis,Joseph
Davis,Darrian,Richards,Isabelle,Davis,Everett
Davis,Gideon,Richards,Yuki,Davis,Joseph
Davis,Amy,Richards,Isabelle,Davis,Everett
Davis,Enoch,Richards,Yuki,Davis,Joseph
Davis,Zaria,Richards,Isabelle,Davis,Everett
Davis,Aspen,Richards,Yuki,Davis,Joseph
Davis,Allegra,Richards,Isabelle,Davis,Everett
Davis,Marcanthon,Richards,Yuki,Davis,Joseph
Davis,Josie,Richards,Yuki,Davis,Joseph
Davis,Ricardo,Richards,Carli,Davis,Cristobal
Davis,Monet,Richards,Yuki,Davis,Joseph
Davis,Freddy,Richards,Carli,Davis,Cristobal
Davis,Brandi,Richards,Yuki,Davis,Joseph
Davis,Ishmael,Richards,Rebecca,Davis,Marcus
Davis,Margaret,Richards,Yuki,Davis,Joseph
Richards,Kerrick,Davis,Marie,Richards,Forest
Davis,Christina,Richards,Yuki,Davis,Joseph
Richards,Jabari,Davis,Marie,Richards,Forest
Davis,Edith,Richards,Yuki,Davis,Joseph
Richards,Luis,Davis,Marie,Richards,Forest
Davis,Rayven,Richards,Yuki,Davis,Joseph
Richards,Jerome,Davis,Marie,Richards,Forest
Davis,Janie,Richards,Yuki,Davis,Joseph
Richards,Elmer,Davis,Marie,Richards,Forest
Davis,Dana,Richards,Yuki,Davis,Joseph
Richards,Justyn,Davis,Marie,Richards,Forest
Davis,Christy,Richards,Yuki,Davis,Joseph
Richards,Jacori,Davis,Marie,Richards,Forest
Davis,Amna,Richards,Yuki,Davis,Joseph
Richards,Gregory,Davis,Marie,Richards,Forest
Davis,Dixie,Richards,Carli,Davis,Cristobal
Richards,Rayquan,Davis,Marie,Richards,Forest
Davis,Jackie,Richards,Carli,Davis,Cristobal
Richards,Idris,Davis,Dajah,Richards,Bret
Davis,Myesha,Richards,Carli,Davis,Cristobal
Richards,Trace,Davis,Dajah,Richards,Bret
Davis,Micaela,Richards,Carli,Davis,Cristobal
Richards,Deangelo,Davis,Dajah,Richards,Bret
Davis,Lena,Richards,Carli,Davis,Cristobal
Richards,Quintin,Davis,Dajah,Richards,Bret
Davis,Maire,Richards,Carli,Davis,Cristobal
Richards,Allan,Davis,Dajah,Richards,Bret
Davis,Annmarie,Richards,Carli,Davis,Cristobal
Richards,Dion,Davis,Connie,Richards,Rakeem
Davis,Norma,Richards,Carli,Davis,Cristobal
Richards,Ivan,Davis,Connie,Richards,Rakeem
Davis,Jade,Richards,Rebecca,Davis,Marcus
Richards,Lashawn,Davis,Connie,Richards,Rakeem
Davis,Eileen,Richards,Rebecca,Davis,Marcus
Richards,Colby,Davis,Connie,Richards,Rakeem
Richards,Jadah,Davis,Marie,Richards,Forest
Richards,Ameer,Davis,Connie,Richards,Rakeem
Richards,Jazmyn,Davis,Marie,Richards,Forest
Richards,Steven,Davis,Connie,Richards,Rakeem
Richards,Aubrey,Davis,Marie,Richards,Forest
Richards,Benjamen,Davis,Connie,Richards,Rakeem
Richards,Noemi,Davis,Marie,Richards,Forest
Richards,Lane,Davis,Connie,Richards,Rakeem
Richards,Tehya,Davis,Marie,Richards,Forest
Richards,Trent,Davis,Connie,Richards,Rakeem
Richards,Sheri,Davis,Marie,Richards,Forest
Richards,Arturo,Davis,Darian,Richards,Bruce
Richards,Emilia,Davis,Marie,Richards,Forest
Richards,Erick,Davis,Darian,Richards,Bruce
Richards,Yasmin,Davis,Marie,Richards,Forest
Richards,Drew,Davis,Darian,Richards,Bruce
Richards,Zahra,Davis,Marie,Richards,Forest
Richards,Conner,Davis,Darian,Richards,Bruce
Richards,Eleni,Davis,Marie,Richards,Forest
Richards,Wesley,Davis,Darian,Richards,Bruce
Richards,Baily,Davis,Dajah,Richards,Bret
Richards,Jacques,Davis,Darian,Richards,Bruce
Richards,Shana,Davis,Dajah,Richards,Bret
Richards,Moises,Davis,Darian,Richards,Bruce
Richards,Porsha,Davis,Dajah,Richards,Bret
Richards,Neal,Davis,Darian,Richards,Bruce
Richards,Sydney,Davis,Dajah,Richards,Bret
Richards,Bailey,Davis,Darian,Richards,Bruce
Richards,Glenda,Davis,Dajah,Richards,Bret
Richards,Triston,Davis,Darian,Richards,Bruce
Richards,Kenzie,Davis,Dajah,Richards,Bret
Richards,Jose,Davis,Darian,Richards,Bruce
Richards,Breanne,Davis,Dajah,Richards,Bret
Richards,Darnell,Davis,Trinity,Richards,Johnny
Richards,Anna,Davis,Dajah,Richards,Bret
Richards,Peter,Davis,Trinity,Richards,Johnny
Richards,Kinsey,Davis,Connie,Richards,Rakeem
Richards,Cruz,Davis,Trinity,Richards,Johnny
Richards,Hannah,Davis,Connie,Richards,Rakeem
Richards,Noel,Davis,Trinity,Richards,Johnny
Richards,Tiara,Davis,Connie,Richards,Rakeem
Richards,Jean,Davis,Trinity,Richards,Johnny
Richards,Jessica,Davis,Connie,Richards,Rakeem
Richards,Kirk,Davis,Trinity,Richards,Johnny
Richards,Chelsea,Davis,Connie,Richards,Rakeem
Chapman,Kerry,Davis,Haley,Chapman,Jacori
Richards,Jocelyne,Davis,Connie,Richards,Rakeem
Chapman,Derick,Richards,Christina,Chapman,Daniel
Richards,Valeria,Davis,Connie,Richards,Rakeem
Chapman,Douglas,Richards,Christina,Chapman,Daniel
Richards,Kenna,Davis,Connie,Richards,Rakeem
Chapman,Elmer,Richards,Christina,Chapman,Daniel
Richards,Mariah,Davis,Connie,Richards,Rakeem
Chapman,Micheal,Richards,Christina,Chapman,Daniel
Richards,Katlyn,Davis,Connie,Richards,Rakeem
Chapman,Anthoni,Richards,Christina,Chapman,Daniel
Richards,Keely,Davis,Connie,Richards,Rakeem
Chapman,Raekwon,Richards,Christina,Chapman,Daniel
Richards,Sandy,Davis,Darian,Richards,Bruce
Chapman,Tristin,Richards,Christina,Chapman,Daniel
Richards,Elijah,Davis,Darian,Richards,Bruce
Chapman,Tate,Richards,Christina,Chapman,Daniel
Richards,Serenity,Davis,Darian,Richards,Bruce
Chapman,Connor,Richards,Christina,Chapman,Daniel
Richards,Jensen,Davis,Darian,Richards,Bruce
Chapman,Dante,Richards,Christina,Chapman,Daniel
Richards,Rosemary,Davis,Darian,Richards,Bruce
Chapman,Gary,Richards,Christina,Chapman,Daniel
Richards,Noelle,Davis,Darian,Richards,Bruce
Chapman,Ezequiel,Richards,Roxanne,Chapman,Tracy
Richards,Halie,Davis,Darian,Richards,Bruce
Chapman,Eugene,Richards,Roxanne,Chapman,Tracy
Richards,Georgia,Davis,Darian,Richards,Bruce
Chapman,Samuel,Richards,Roxanne,Chapman,Tracy
Richards,Carina,Davis,Darian,Richards,Bruce
Chapman,Kevin,Richards,Roxanne,Chapman,Tracy
Richards,Kaylyn,Davis,Trinity,Richards,Johnny
Bagian,Terrence,Chapman,Emmalee,Bagian,Patric
Richards,Devin,Davis,Trinity,Richards,Johnny
Bagian,Noah,Chapman,Emmalee,Bagian,Patric
Chapman,Nyasia,Davis,Haley,Chapman,Jacori
Bagian,Keenan,Chapman,Emmalee,Bagian,Patric
Chapman,Chloie,Davis,Haley,Chapman,Jacori
Bagian,Dylan,Chapman,Emmalee,Bagian,Patric
Chapman,Kelci,Davis,Haley,Chapman,Jacori
Bagian,Damien,Chapman,Emmalee,Bagian,Patric
Chapman,Raquel,Richards,April,Chapman,Isaac
Bagian,Dominick,Chapman,Emmalee,Bagian,Patric
Chapman,Marisa,Richards,April,Chapman,Isaac
Bagian,Drew,Chapman,Bailey,Bagian,Daryl
Chapman,Kirstie,Richards,April,Chapman,Isaac
Bagian,Shamar,Chapman,Bailey,Bagian,Daryl
Chapman,Lindsay,Richards,April,Chapman,Isaac
Bagian,Delonta,Chapman,Bailey,Bagian,Daryl
Chapman,Angelique,Richards,Christina,Chapman,Daniel
Bagian,Sawyer,McMonagle,Mckenna,Bagian,Jasper
Chapman,Marivel,Richards,Christina,Chapman,Daniel
Bagian,Wylie,McMonagle,Mckenna,Bagian,Jasper
Chapman,Mckenna,Richards,Christina,Chapman,Daniel
Bagian,Adonis,McMonagle,Mckenna,Bagian,Jasper
Chapman,Beverly,Richards,Christina,Chapman,Daniel
Bagian,Jake,McMonagle,Mckenna,Bagian,Jasper
Chapman,Janet,Richards,Christina,Chapman,Daniel
Bagian,Winston,McMonagle,Mckenna,Bagian,Jasper
Chapman,Genesis,Richards,Christina,Chapman,Daniel
Bagian,Ronald,McMonagle,Mckenna,Bagian,Jasper
Chapman,Halee,Richards,Christina,Chapman,Daniel
Bagian,Julio,McMonagle,Mckenna,Bagian,Jasper
Chapman,Kelley,Richards,Christina,Chapman,Daniel
McMonagle,Jamison,Bagian,Nicole,McMonagle,Dante
Chapman,Cody,Richards,Christina,Chapman,Daniel
McMonagle,Alfred,Bagian,Macey,McMonagle,Shaquille
Chapman,Barbara,Richards,Roxanne,Chapman,Tracy
McMonagle,Leroy,Bagian,Macey,McMonagle,Shaquille
Chapman,Aylin,Richards,Roxanne,Chapman,Tracy
McMonagle,Stefan,Bagian,Macey,McMonagle,Shaquille
Chapman,Marisol,Richards,Roxanne,Chapman,Tracy
McMonagle,Jacoby,Bagian,Macey,McMonagle,Shaquille
Chapman,Zulema,Richards,Roxanne,Chapman,Tracy
McMonagle,Adan,Bagian,Macey,McMonagle,Shaquille
Chapman,Rianna,Richards,Roxanne,Chapman,Tracy
McMonagle,Colin,Bagian,Macey,McMonagle,Shaquille
Bagian,Cristina,Chapman,Emmalee,Bagian,Patric
McMonagle,Russell,Bagian,Macey,McMonagle,Shaquille
Bagian,Bethany,Chapman,Emmalee,Bagian,Patric
McMonagle,Gerard,Bagian,Macey,McMonagle,Shaquille
Bagian,Kaycee,Chapman,Emmalee,Bagian,Patric
McMonagle,Shea,Bagian,Jocelyn,McMonagle,Addison
Bagian,Kaelyn,Chapman,Emmalee,Bagian,Patric
McMonagle,Lee,Bagian,Jocelyn,McMonagle,Addison
Bagian,Emmalee,Chapman,Emmalee,Bagian,Patric
McMonagle,Alonso,Carter,Yamilex,McMonagle,Keith
Bagian,Lila,Chapman,Emmalee,Bagian,Patric
McMonagle,Riley,Carter,Yamilex,McMonagle,Keith
Bagian,Ashtin,Chapman,Emmalee,Bagian,Patric
McMonagle,Albert,Carter,Yamilex,McMonagle,Keith
Bagian,Vanessa,Chapman,Emmalee,Bagian,Patric
McMonagle,Deondre,Carter,Yamilex,McMonagle,Keith
Bagian,Keara,Chapman,Emmalee,Bagian,Patric
McMonagle,Jalil,Carter,Yamilex,McMonagle,Keith
Bagian,Porsha,Chapman,Emmalee,Bagian,Patric
McMonagle,Ronald,Carter,Yamilex,McMonagle,Keith
Bagian,Nikki,Chapman,Emmalee,Bagian,Patric
Carter,Julius,McMonagle,Graciela,Carter,Brendan
Bagian,Jayla,Chapman,Emmalee,Bagian,Patric
Carter,Torey,McMonagle,Graciela,Carter,Brendan
Bagian,Maeghan,Chapman,Bailey,Bagian,Daryl
Carter,Stephen,McMonagle,Stacey,Carter,Lamont
Bagian,Zulema,Chapman,Bailey,Bagian,Daryl
Carter,Ravon,McMonagle,Tyra,Carter,Jesse
Bagian,Tabitha,Chapman,Bailey,Bagian,Daryl
Carter,Arjun,McMonagle,Tyra,Carter,Jesse
Bagian,Clare,McMonagle,Mckenna,Bagian,Jasper
Carter,Keagan,McMonagle,Tyra,Carter,Jesse
Bagian,Anne,McMonagle,Mckenna,Bagian,Jasper
Carter,Ezra,McMonagle,Tyra,Carter,Jesse
Bagian,Andrea,McMonagle,Mckenna,Bagian,Jasper
Carter,Yair,McMonagle,Tyra,Carter,Jesse
Bagian,Luz,McMonagle,Mckenna,Bagian,Jasper
Carter,Terrance,McMonagle,Tyra,Carter,Jesse
Bagian,Dianne,McMonagle,Mckenna,Bagian,Jasper
Carter,Thomas,McMonagle,Tyra,Carter,Jesse
Bagian,Kristina,McMonagle,Mckenna,Bagian,Jasper
Carter,Coby,McMonagle,Natalya,Carter,William
Bagian,Dayana,McMonagle,Mckenna,Bagian,Jasper
Carter,Ramiro,McMonagle,Natalya,Carter,William
Bagian,Ashanti,McMonagle,Mckenna,Bagian,Jasper
Carter,Shamar,McMonagle,Natalya,Carter,William
Bagian,Kerry,McMonagle,Mckenna,Bagian,Jasper
Carter,Keion,McMonagle,Natalya,Carter,William
Bagian,Lea,McMonagle,Mckenna,Bagian,Jasper
Carter,Jamal,McMonagle,Natalya,Carter,William
McMonagle,Nereida,Bagian,Nicole,McMonagle,Dante
Carter,Yvan,McMonagle,Natalya,Carter,William
McMonagle,Aishah,Bagian,Nicole,McMonagle,Dante
Carter,Max,McMonagle,Myra,Carter,Dylon
McMonagle,Jailene,Bagian,Nicole,McMonagle,Dante
Carter,Francesco,McMonagle,Myra,Carter,Dylon
McMonagle,Alyson,Bagian,Macey,McMonagle,Shaquille
Carter,Rolando,McMonagle,Myra,Carter,Dylon
McMonagle,Luz,Bagian,Macey,McMonagle,Shaquille
Carter,Gordon,McMonagle,Myra,Carter,Dylon
McMonagle,Sania,Bagian,Macey,McMonagle,Shaquille
Carter,Wanya,McMonagle,Jaida,Carter,Maverick
McMonagle,Tanisha,Bagian,Macey,McMonagle,Shaquille
Carter,Adonis,McMonagle,Jaida,Carter,Maverick
McMonagle,Juanita,Bagian,Macey,McMonagle,Shaquille
Carter,Salvador,McMonagle,Jaida,Carter,Maverick
McMonagle,April,Bagian,Macey,McMonagle,Shaquille
Carter,Marc,McMonagle,Kimberly,Carter,Andy
McMonagle,Measia,Bagian,Macey,McMonagle,Shaquille
Carter,Randall,McMonagle,Kimberly,Carter,Andy
McMonagle,Irma,Bagian,Macey,McMonagle,Shaquille
Carter,Isiah,McMonagle,Kimberly,Carter,Andy
McMonagle,Caitlan,Bagian,Macey,McMonagle,Shaquille
Carter,Christophe,McMonagle,Kimberly,Carter,Andy
McMonagle,Karly,Bagian,Macey,McMonagle,Shaquille
Holmquest,Maxwell,McMonagle,Trisha,Holmquest,Keagan
McMonagle,Mikala,Bagian,Macey,McMonagle,Shaquille
Holmquest,Leland,McMonagle,Trisha,Holmquest,Keagan
McMonagle,Leann,Bagian,Macey,McMonagle,Shaquille
Holmquest,Steve,McMonagle,Trisha,Holmquest,Keagan
McMonagle,Allegra,Bagian,Jocelyn,McMonagle,Addison
Holmquest,Jawaun,McMonagle,Trisha,Holmquest,Keagan
McMonagle,Kierra,Bagian,Jocelyn,McMonagle,Addison
Holmquest,Jonathon,McMonagle,Trisha,Holmquest,Keagan
McMonagle,Chanel,Bagian,Jocelyn,McMonagle,Addison
Holmquest,Shemar,McMonagle,Trisha,Holmquest,Keagan
McMonagle,Olga,Bagian,Jocelyn,McMonagle,Addison
Holmquest,Al,McMonagle,Trisha,Holmquest,Keagan
McMonagle,Tawny,Carter,Yamilex,McMonagle,Keith
Holmquest,Jameson,McMonagle,Trisha,Holmquest,Keagan
McMonagle,Megan,Carter,Yamilex,McMonagle,Keith
Holmquest,Shareef,McMonagle,Trisha,Holmquest,Keagan
McMonagle,Jazmon,Carter,Yamilex,McMonagle,Keith
Holmquest,Buford,McMonagle,Trisha,Holmquest,Keagan
McMonagle,Gabriel,Carter,Yamilex,McMonagle,Keith
Holmquest,Quinton,McMonagle,Trisha,Holmquest,Keagan
McMonagle,Janell,Carter,Yamilex,McMonagle,Keith
Holmquest,Jeremiah,Carter,Haylee,Holmquest,Marques
McMonagle,Caitlin,Carter,Yamilex,McMonagle,Keith
Holmquest,River,Carter,Haylee,Holmquest,Marques
McMonagle,Judith,Carter,Yamilex,McMonagle,Keith
Holmquest,John,Carter,Haylee,Holmquest,Marques
McMonagle,Maureen,Carter,Yamilex,McMonagle,Keith
Holmquest,Denver,Carter,Haylee,Holmquest,Marques
McMonagle,Lynn,Carter,Yamilex,McMonagle,Keith
Holmquest,Colby,Carter,Danielle,Holmquest,Jasper
McMonagle,Bethany,Carter,Yamilex,McMonagle,Keith
Holmquest,Rodrigo,Carter,Danielle,Holmquest,Jasper
Carter,Jade,McMonagle,Graciela,Carter,Brendan
Holmquest,Devonta,Lenoir,Louisa,Holmquest,Sutton
Carter,Cheyanne,McMonagle,Graciela,Carter,Brendan
Holmquest,Ravon,Lenoir,Louisa,Holmquest,Sutton
Carter,Abby,McMonagle,Stacey,Carter,Lamont
Holmquest,Keion,Lenoir,Louisa,Holmquest,Sutton
Carter,Harlie,McMonagle,Stacey,Carter,Lamont
Holmquest,Bill,Lenoir,Alaina,Holmquest,Lee
Carter,Estela,McMonagle,Tyra,Carter,Jesse
Holmquest,Bradley,Lenoir,Alaina,Holmquest,Lee
Carter,Tanya,McMonagle,Tyra,Carter,Jesse
Holmquest,Clint,Lenoir,Alaina,Holmquest,Lee
Carter,Casie,McMonagle,Tyra,Carter,Jesse
Holmquest,Mario,Lenoir,Alaina,Holmquest,Lee
Carter,Cali,McMonagle,Tyra,Carter,Jesse
Holmquest,Kurtis,Lenoir,Alaina,Holmquest,Lee
Carter,Mayra,McMonagle,Natalya,Carter,William
Holmquest,Dustin,Lenoir,Xian,Holmquest,Vicente
Carter,Yuki,McMonagle,Natalya,Carter,William
Holmquest,Kalon,Lenoir,Xian,Holmquest,Vicente
Carter,Brigid,McMonagle,Natalya,Carter,William
Holmquest,Beau,Lenoir,Xian,Holmquest,Vicente
Carter,Caroline,McMonagle,Natalya,Carter,William
Lenoir,Sammie,Holmquest,Rhiannon,Lenoir,Jeramie
Carter,Thalia,McMonagle,Natalya,Carter,William
Lenoir,Gunnar,Holmquest,Rhiannon,Lenoir,Jeramie
Carter,Holland,McMonagle,Natalya,Carter,William
Lenoir,Edwin,Holmquest,Rhiannon,Lenoir,Jeramie
Carter,Juanita,McMonagle,Myra,Carter,Dylon
Lenoir,Taquan,Holmquest,Rhiannon,Lenoir,Jeramie
Carter,Kira,McMonagle,Jaida,Carter,Maverick
Lenoir,Levi,Holmquest,Rhiannon,Lenoir,Jeramie
Carter,Pamela,McMonagle,Jaida,Carter,Maverick
Lenoir,Justyn,Holmquest,Rhiannon,Lenoir,Jeramie
Carter,Isabelle,McMonagle,Kimberly,Carter,Andy
Lenoir,Paul,Holmquest,Rhiannon,Lenoir,Jeramie
Carter,Randi,McMonagle,Kimberly,Carter,Andy
Lenoir,Brice,Holmquest,Rhiannon,Lenoir,Jeramie
Carter,Ashtin,McMonagle,Kimberly,Carter,Andy
Lenoir,Peter,Holmquest,Paulina,Lenoir,Johnny
Carter,Kaila,McMonagle,Kimberly,Carter,Andy
Lenoir,Lee,Holmquest,Daphne,Lenoir,Jordin
Holmquest,Tania,McMonagle,Trisha,Holmquest,Keagan
Lenoir,Theodore,Holmquest,Daphne,Lenoir,Jordin
Holmquest,Keanna,McMonagle,Trisha,Holmquest,Keagan
Lenoir,Frederic,Holmquest,Daphne,Lenoir,Jordin
Holmquest,Nakia,McMonagle,Trisha,Holmquest,Keagan
Lenoir,Deon,Holmquest,Daphne,Lenoir,Jordin
Holmquest,Tamisha,McMonagle,Trisha,Holmquest,Keagan
Lenoir,Alonzo,Holmquest,Daphne,Lenoir,Jordin
Holmquest,Breanna,McMonagle,Trisha,Holmquest,Keagan
Lenoir,Lawrence,Holmquest,Daphne,Lenoir,Jordin
Holmquest,Mckayla,McMonagle,Trisha,Holmquest,Keagan
Lenoir,Domonic,Holmquest,Daphne,Lenoir,Jordin
Holmquest,Wendy,Carter,Haylee,Holmquest,Marques
Lenoir,Darrin,Holmquest,Daphne,Lenoir,Jordin
Holmquest,Janelle,Carter,Haylee,Holmquest,Marques
Nowak,Marco,Lenoir,Aubree,Nowak,Keshaun
Holmquest,Hannah,Carter,Danielle,Holmquest,Jasper
Nowak,Isaac,Lenoir,Aubree,Nowak,Keshaun
Holmquest,Tatum,Lenoir,Louisa,Holmquest,Sutton
Nowak,Ted,Lenoir,Aubree,Nowak,Keshaun
Holmquest,Nereida,Lenoir,Louisa,Holmquest,Sutton
Nowak,Milton,Lenoir,Aubree,Nowak,Keshaun
Holmquest,Louisa,Lenoir,Louisa,Holmquest,Sutton
Nowak,Korey,Lenoir,Aubree,Nowak,Keshaun
Holmquest,Lilibeth,Lenoir,Alaina,Holmquest,Lee
Nowak,Marshall,Lenoir,Aubree,Nowak,Keshaun
Holmquest,Alexandria,Lenoir,Alaina,Holmquest,Lee
Nowak,Jessie,Lenoir,Aubree,Nowak,Keshaun
Holmquest,Yaritza,Lenoir,Alaina,Holmquest,Lee
Nowak,Michel,Lenoir,Gabrielle,Nowak,Jevon
Holmquest,Annalie,Lenoir,Alaina,Holmquest,Lee
Nowak,Bill,Lenoir,Gabrielle,Nowak,Jevon
Holmquest,Jamie,Lenoir,Alaina,Holmquest,Lee
Nowak,Timothy,Lenoir,Gabrielle,Nowak,Jevon
Holmquest,Whitney,Lenoir,Alaina,Holmquest,Lee
Nowak,Diondre,Lenoir,Gabrielle,Nowak,Jevon
Holmquest,Carla,Lenoir,Alaina,Holmquest,Lee
Nowak,Kolton,Lenoir,Gabrielle,Nowak,Jevon
Holmquest,Leana,Lenoir,Alaina,Holmquest,Lee
Nowak,Alec,Lenoir,Gabrielle,Nowak,Jevon
Holmquest,Malia,Lenoir,Alaina,Holmquest,Lee
Nowak,Dontae,Lenoir,Ellen,Nowak,Stewart
Holmquest,Delanie,Lenoir,Xian,Holmquest,Vicente
Nowak,Garrett,Lenoir,Ellen,Nowak,Stewart
Holmquest,Niyah,Lenoir,Xian,Holmquest,Vicente
Nowak,Desmond,Lenoir,Ellen,Nowak,Stewart
Holmquest,Haven,Lenoir,Xian,Holmquest,Vicente
Nowak,Brannon,Lenoir,Ellen,Nowak,Stewart
Lenoir,Krysta,Holmquest,Rhiannon,Lenoir,Jeramie
Nowak,Troy,Lenoir,Ellen,Nowak,Stewart
Lenoir,Felisha,Holmquest,Rhiannon,Lenoir,Jeramie
Nowak,Roman,Lenoir,Ellen,Nowak,Stewart
Lenoir,Jodie,Holmquest,Rhiannon,Lenoir,Jeramie
Nowak,Garett,Lenoir,Ellen,Nowak,Stewart
Lenoir,Trinity,Holmquest,Rhiannon,Lenoir,Jeramie
Nowak,Yovani,Lenoir,Ellen,Nowak,Stewart
Lenoir,Myra,Holmquest,Rhiannon,Lenoir,Jeramie
Nowak,Myles,Lenoir,Ellen,Nowak,Stewart
Lenoir,Kianna,Holmquest,Rhiannon,Lenoir,Jeramie
Nowak,Davin,Lenoir,Ellen,Nowak,Stewart
Lenoir,Tristan,Holmquest,Paulina,Lenoir,Johnny
Nowak,Dimitri,Lenoir,Ellen,Nowak,Stewart
Lenoir,Tiffanie,Holmquest,Paulina,Lenoir,Johnny
Nowak,Jamari,Lenoir,Liliana,Nowak,Dashane
Lenoir,Marisol,Holmquest,Daphne,Lenoir,Jordin
Nowak,Emiliano,Cunningham,Anjelica,Nowak,Armando
Lenoir,Banesa,Holmquest,Daphne,Lenoir,Jordin
Nowak,Domenic,Cunningham,Anjelica,Nowak,Armando
Lenoir,Shaniah,Holmquest,Daphne,Lenoir,Jordin
Nowak,Jawaun,Cunningham,Anjelica,Nowak,Armando
Lenoir,Sandra,Holmquest,Daphne,Lenoir,Jordin
Nowak,Ali,Cunningham,Anjelica,Nowak,Armando
Lenoir,Deyaneira,Holmquest,Daphne,Lenoir,Jordin
Nowak,Brogan,Cunningham,Rowan,Nowak,Deandre
Lenoir,Emerald,Holmquest,Daphne,Lenoir,Jordin
Nowak,Wilfredo,Cunningham,Rowan,Nowak,Deandre
Lenoir,Keira,Holmquest,Daphne,Lenoir,Jordin
Nowak,Cullen,Cunningham,Rowan,Nowak,Deandre
Lenoir,Toni,Nowak,Kenzie,Lenoir,Quincy
Nowak,Shaun,Cunningham,Rowan,Nowak,Deandre
Lenoir,Yasmine,Nowak,Kenzie,Lenoir,Quincy
Nowak,Buford,Cunningham,Rowan,Nowak,Deandre
Lenoir,Delanie,Nowak,Kenzie,Lenoir,Quincy
Nowak,Bronson,Cunningham,Rowan,Nowak,Deandre
Lenoir,Zoe,Nowak,Kenzie,Lenoir,Quincy
Nowak,Brian,Cunningham,Rowan,Nowak,Deandre
Lenoir,Isamar,Nowak,Kenzie,Lenoir,Quincy
Nowak,Reuben,Cunningham,Rowan,Nowak,Deandre
Nowak,Darrian,Lenoir,Aubree,Nowak,Keshaun
Nowak,Keaton,Cunningham,Kelli,Nowak,Maximilian
Nowak,Mercedes,Lenoir,Aubree,Nowak,Keshaun
Nowak,Jalen,Cunningham,Kelli,Nowak,Maximilian
Nowak,Anitra,Lenoir,Aubree,Nowak,Keshaun
Nowak,Jeffery,Cunningham,Kelli,Nowak,Maximilian
Nowak,Tiana,Lenoir,Aubree,Nowak,Keshaun
Nowak,Christophe,Cunningham,Kelli,Nowak,Maximilian
Nowak,Mackenna,Lenoir,Aubree,Nowak,Keshaun
Nowak,Demarco,Cunningham,Kelli,Nowak,Maximilian
Nowak,Michele,Lenoir,Aubree,Nowak,Keshaun
Nowak,Jeremiah,Cunningham,Kelli,Nowak,Maximilian
Nowak,Breanna,Lenoir,Gabrielle,Nowak,Jevon
Nowak,Dwayne,Cunningham,Kelli,Nowak,Maximilian
Nowak,Amna,Lenoir,Gabrielle,Nowak,Jevon
Nowak,Ethan,Cunningham,Kelli,Nowak,Maximilian
Nowak,Joi,Lenoir,Gabrielle,Nowak,Jevon
Nowak,Remington,Cunningham,Kelli,Nowak,Maximilian
Nowak,Caitlan,Lenoir,Gabrielle,Nowak,Jevon
Nowak,Jaylin,Cunningham,Kelli,Nowak,Maximilian
Nowak,Francesca,Lenoir,Ellen,Nowak,Stewart
Nowak,Salvador,Cunningham,Kelli,Nowak,Maximilian
Nowak,Clarissa,Lenoir,Ellen,Nowak,Stewart
Nowak,Anton,Cunningham,Kelli,Nowak,Maximilian
Nowak,Jabria,Lenoir,Ellen,Nowak,Stewart
Nowak,Alfonso,Cunningham,Kelli,Nowak,Maximilian
Nowak,Holland,Lenoir,Ellen,Nowak,Stewart
Cunningham,Neftaly,Nowak,Jeanette,Cunningham,Thomas
Nowak,Loren,Lenoir,Liliana,Nowak,Dashane
Cunningham,Jamal,Nowak,Jeanette,Cunningham,Thomas
Nowak,Emmalee,Lenoir,Liliana,Nowak,Dashane
Cunningham,Alberto,Nowak,Jeanette,Cunningham,Thomas
Nowak,Torrie,Lenoir,Liliana,Nowak,Dashane
Cunningham,Ivan,Nowak,Jeanette,Cunningham,Thomas
Nowak,Evelin,Lenoir,Liliana,Nowak,Dashane
Cunningham,Brendon,Nowak,Jeanette,Cunningham,Thomas
Nowak,Anamarie,Lenoir,Liliana,Nowak,Dashane
Cunningham,Terance,Nowak,Jeanette,Cunningham,Thomas
Nowak,Kirstin,Cunningham,Anjelica,Nowak,Armando
Cunningham,Don,Nowak,Jeanette,Cunningham,Thomas
Nowak,Margarita,Cunningham,Anjelica,Nowak,Armando
Cunningham,Wade,Nowak,Jeanette,Cunningham,Thomas
Nowak,Calandra,Cunningham,Anjelica,Nowak,Armando
Cunningham,Todd,Nowak,Jeanette,Cunningham,Thomas
Nowak,Julia,Cunningham,Anjelica,Nowak,Armando
Cunningham,Keanu,Nowak,Jeanette,Cunningham,Thomas
Nowak,Aria,Cunningham,Anjelica,Nowak,Armando
Cunningham,Ever,Nowak,Jeanette,Cunningham,Thomas
Nowak,Jade,Cunningham,Anjelica,Nowak,Armando
Cunningham,Joshua,Nowak,Christy,Cunningham,Zachery
Nowak,Frida,Cunningham,Rowan,Nowak,Deandre
Cunningham,Robert,Nowak,Christy,Cunningham,Zachery
Nowak,Katelin,Cunningham,Rowan,Nowak,Deandre
Cunningham,Barrett,Nowak,Stormy,Cunningham,Alvin
Nowak,Scarlett,Cunningham,Rowan,Nowak,Deandre
Cunningham,Kendrick,Nowak,Stormy,Cunningham,Alvin
Nowak,Cherie,Cunningham,Rowan,Nowak,Deandre
Cunningham,Erich,Nowak,Stormy,Cunningham,Alvin
Nowak,Janice,Cunningham,Rowan,Nowak,Deandre
Cunningham,Trevor,Nowak,Stormy,Cunningham,Alvin
Nowak,Mary,Cunningham,Rowan,Nowak,Deandre
Cunningham,Jevin,Nowak,Stormy,Cunningham,Alvin
Nowak,Elise,Cunningham,Rowan,Nowak,Deandre
Cunningham,Ethan,Nowak,Stormy,Cunningham,Alvin
Nowak,Daesha,Cunningham,Rowan,Nowak,Deandre
Cunningham,Brannon,Nowak,Stormy,Cunningham,Alvin
Nowak,Jaida,Cunningham,Rowan,Nowak,Deandre
Cunningham,Reese,Nowak,Stormy,Cunningham,Alvin
Nowak,Katlyn,Cunningham,Rowan,Nowak,Deandre
Cunningham,Brandon,Nowak,Arianna,Cunningham,Everett
Nowak,Hailee,Cunningham,Rowan,Nowak,Deandre
Cunningham,Trevin,Nowak,Kaya,Cunningham,Marielle
Nowak,Paris,Cunningham,Rowan,Nowak,Deandre
Cunningham,Norman,Nowak,Kaya,Cunningham,Marielle
Nowak,Chanelle,Cunningham,Kelli,Nowak,Maximilian
Cunningham,Brooks,Nowak,Kaya,Cunningham,Marielle
Nowak,Connie,Cunningham,Kelli,Nowak,Maximilian
Cunningham,Esteban,Nowak,Kaya,Cunningham,Marielle
Nowak,Carson,Cunningham,Kelli,Nowak,Maximilian
Cunningham,Cecil,Wheelock,Jesslyn,Cunningham,Shan
Nowak,Joleen,Cunningham,Kelli,Nowak,Maximilian
Cunningham,Raheem,Wheelock,Jesslyn,Cunningham,Shan
Nowak,Megan,Cunningham,Kelli,Nowak,Maximilian
Cunningham,Anders,Wheelock,Jesslyn,Cunningham,Shan
Cunningham,Elida,Nowak,Jeanette,Cunningham,Thomas
Cunningham,Carl,Wheelock,Jesslyn,Cunningham,Shan
Cunningham,Nora,Nowak,Jeanette,Cunningham,Thomas
Cunningham,Oscar,Wheelock,Ali,Cunningham,Luke
Cunningham,Abby,Nowak,Jeanette,Cunningham,Thomas
Cunningham,Tyrell,Wheelock,Ali,Cunningham,Luke
Cunningham,Maya,Nowak,Jeanette,Cunningham,Thomas
Cunningham,Baby,Wheelock,Ali,Cunningham,Luke
Cunningham,Kellie,Nowak,Jeanette,Cunningham,Thomas
Cunningham,Dequan,Wheelock,Ali,Cunningham,Luke
Cunningham,Alexandrea,Nowak,Jeanette,Cunningham,Thomas
Cunningham,Ross,Wheelock,Ali,Cunningham,Luke
Cunningham,Kathleen,Nowak,Jeanette,Cunningham,Thomas
Cunningham,Raul,Wheelock,Ali,Cunningham,Luke
Cunningham,Lauryn,Nowak,Jeanette,Cunningham,Thomas
Cunningham,Cullen,Wheelock,Ali,Cunningham,Luke
Cunningham,Ann,Nowak,Christy,Cunningham,Zachery
Cunningham,Anthony,Wheelock,Ali,Cunningham,Luke
Cunningham,Jamee,Nowak,Christy,Cunningham,Zachery
Cunningham,Tyren,Wheelock,Ali,Cunningham,Luke
Cunningham,Kansas,Nowak,Christy,Cunningham,Zachery
Wheelock,Augustus,Cunningham,Shaye,Wheelock,Garin
Cunningham,Tabatha,Nowak,Stormy,Cunningham,Alvin
Wheelock,Hakeem,Cunningham,Shaye,Wheelock,Garin
Cunningham,Terri,Nowak,Stormy,Cunningham,Alvin
Wheelock,Agustin,Cunningham,Shaye,Wheelock,Garin
Cunningham,Celia,Nowak,Stormy,Cunningham,Alvin
Wheelock,Dan,Cunningham,Shaye,Wheelock,Garin
Cunningham,Maribel,Nowak,Stormy,Cunningham,Alvin
Wheelock,Dorian,Cunningham,Shaye,Wheelock,Garin
Cunningham,Natalia,Nowak,Stormy,Cunningham,Alvin
Wheelock,Buford,Cunningham,Shaye,Wheelock,Garin
Cunningham,Kalsie,Nowak,Stormy,Cunningham,Alvin
Wheelock,Johan,Cunningham,Isis,Wheelock,Trenton
Cunningham,Mary,Nowak,Stormy,Cunningham,Alvin
Wheelock,Brodie,Cunningham,Isis,Wheelock,Trenton
Cunningham,Fabiola,Nowak,Stormy,Cunningham,Alvin
Wheelock,Enoch,Cunningham,Isis,Wheelock,Trenton
Cunningham,Jennah,Nowak,Arianna,Cunningham,Everett
Wheelock,Gavin,Cunningham,Isis,Wheelock,Trenton
Cunningham,Sage,Nowak,Arianna,Cunningham,Everett
Wheelock,Morgan,Cunningham,Isis,Wheelock,Trenton
Cunningham,Geraldine,Nowak,Arianna,Cunningham,Everett
Wheelock,Jamari,Cunningham,Isis,Wheelock,Trenton
Cunningham,Giuliana,Nowak,Arianna,Cunningham,Everett
Wheelock,Luke,Cunningham,Isis,Wheelock,Trenton
Cunningham,Marlee,Nowak,Arianna,Cunningham,Everett
Wheelock,Eddie,Cunningham,Isis,Wheelock,Trenton
Cunningham,Ashanti,Nowak,Kaya,Cunningham,Marielle
Wheelock,Barrett,Cunningham,Isis,Wheelock,Trenton
Cunningham,Brenda,Nowak,Kaya,Cunningham,Marielle
Wheelock,Fredrick,Cunningham,Isis,Wheelock,Trenton
Cunningham,Chardonnay,Wheelock,Jesslyn,Cunningham,Shan
Wheelock,Brody,Cunningham,Isis,Wheelock,Trenton
Cunningham,Dandrea,Wheelock,Jesslyn,Cunningham,Shan
Wheelock,Landon,Robinson,Passion,Wheelock,Sammie
Cunningham,Marianna,Wheelock,Jesslyn,Cunningham,Shan
Wheelock,Kody,Robinson,Passion,Wheelock,Sammie
Cunningham,Gianna,Wheelock,Jesslyn,Cunningham,Shan
Wheelock,Denver,Robinson,Passion,Wheelock,Sammie
Cunningham,Michaela,Wheelock,Jesslyn,Cunningham,Shan
Wheelock,Deshawn,Robinson,Passion,Wheelock,Sammie
Cunningham,Maritza,Wheelock,Jesslyn,Cunningham,Shan
Wheelock,Ahmad,Robinson,Passion,Wheelock,Sammie
Cunningham,Siobhan,Wheelock,Ali,Cunningham,Luke
Wheelock,Jawaun,Robinson,Passion,Wheelock,Sammie
Cunningham,Kitana,Wheelock,Ali,Cunningham,Luke
Wheelock,Kai,Robinson,Passion,Wheelock,Sammie
Cunningham,Lisa,Wheelock,Ali,Cunningham,Luke
Wheelock,Grant,Robinson,Malina,Wheelock,Sedrick
Cunningham,Alexandra,Wheelock,Ali,Cunningham,Luke
Wheelock,Guy,Robinson,Malina,Wheelock,Sedrick
Cunningham,Kendal,Wheelock,Ali,Cunningham,Luke
Wheelock,Blake,Robinson,Malina,Wheelock,Sedrick
Wheelock,Anahi,Cunningham,Shaye,Wheelock,Garin
Wheelock,Riley,Robinson,Anneliese,Wheelock,Rand
Wheelock,Magdalena,Cunningham,Shaye,Wheelock,Garin
Wheelock,Estevan,Robinson,Anneliese,Wheelock,Rand
Wheelock,Aleasha,Cunningham,Shaye,Wheelock,Garin
Wheelock,Ernesto,Robinson,Anneliese,Wheelock,Rand
Wheelock,Haven,Cunningham,Isis,Wheelock,Trenton
Wheelock,Jaylan,Robinson,Anneliese,Wheelock,Rand
Wheelock,Benita,Cunningham,Isis,Wheelock,Trenton
Wheelock,Clint,Robinson,Anneliese,Wheelock,Rand
Wheelock,Gerardo,Cunningham,Isis,Wheelock,Trenton
Wheelock,Deondre,Robinson,Anneliese,Wheelock,Rand
Wheelock,Alice,Cunningham,Isis,Wheelock,Trenton
Wheelock,Bill,Robinson,Anneliese,Wheelock,Rand
Wheelock,Zahra,Cunningham,Isis,Wheelock,Trenton
Robinson,Landin,Wheelock,Rochelle,Robinson,Pedro
Wheelock,Siobhan,Robinson,Passion,Wheelock,Sammie
Robinson,Dantae,Wheelock,Rochelle,Robinson,Pedro
Wheelock,Alesha,Robinson,Passion,Wheelock,Sammie
Robinson,Marvin,Wheelock,Rochelle,Robinson,Pedro
Wheelock,Sabreen,Robinson,Passion,Wheelock,Sammie
Robinson,Jakob,Wheelock,Rochelle,Robinson,Pedro
Wheelock,Shelby,Robinson,Passion,Wheelock,Sammie
Robinson,Marcus,Wheelock,Graciela,Robinson,Andrew
Wheelock,Cheyann,Robinson,Passion,Wheelock,Sammie
Robinson,Ezra,Wheelock,Graciela,Robinson,Andrew
Wheelock,Arlene,Robinson,Passion,Wheelock,Sammie
Robinson,Jared,Wheelock,Graciela,Robinson,Andrew
Wheelock,Jeanette,Robinson,Malina,Wheelock,Sedrick
Robinson,Cameron,Wheelock,Graciela,Robinson,Andrew
Wheelock,Breanna,Robinson,Malina,Wheelock,Sedrick
Robinson,Remington,Wheelock,Graciela,Robinson,Andrew
Wheelock,Natalia,Robinson,Malina,Wheelock,Sedrick
Robinson,Roberto,Wheelock,Graciela,Robinson,Andrew
Wheelock,Aylin,Robinson,Malina,Wheelock,Sedrick
Robinson,Shaun,Wheelock,Graciela,Robinson,Andrew
Wheelock,Kali,Robinson,Malina,Wheelock,Sedrick
Robinson,Devon,Wheelock,Graciela,Robinson,Andrew
Wheelock,Halie,Robinson,Malina,Wheelock,Sedrick
Robinson,Demonte,Wheelock,Vianey,Robinson,Eli
Wheelock,Sneha,Robinson,Malina,Wheelock,Sedrick
Robinson,Max,Wheelock,Vianey,Robinson,Eli
Wheelock,Kitana,Robinson,Anneliese,Wheelock,Rand
Robinson,Jules,Wheelock,Vianey,Robinson,Eli
Wheelock,Makenzi,Robinson,Anneliese,Wheelock,Rand
Robinson,Dillon,Wheelock,Vianey,Robinson,Eli
Wheelock,Liza,Robinson,Anneliese,Wheelock,Rand
Robinson,Landen,Wheelock,Vianey,Robinson,Eli
Wheelock,Katia,Robinson,Anneliese,Wheelock,Rand
Robinson,Franklin,Wheelock,Vianey,Robinson,Eli
Wheelock,Alisia,Robinson,Anneliese,Wheelock,Rand
Robinson,Jairus,Wheelock,Vianey,Robinson,Eli
Wheelock,Jackie,Robinson,Anneliese,Wheelock,Rand
Robinson,Shane,Wheelock,Vianey,Robinson,Eli
Wheelock,Viridiana,Robinson,Anneliese,Wheelock,Rand
Robinson,Salvatore,Wheelock,Vianey,Robinson,Eli
Wheelock,Amari,Robinson,Anneliese,Wheelock,Rand
Robinson,Jimmy,Wheelock,Vianey,Robinson,Eli
Robinson,Anitra,Wheelock,Rochelle,Robinson,Pedro
Robinson,Britton,Wheelock,Candy,Robinson,Mauricio
Robinson,Elyse,Wheelock,Rochelle,Robinson,Pedro
Robinson,Brady,Wheelock,Candy,Robinson,Mauricio
Robinson,Tamisha,Wheelock,Graciela,Robinson,Andrew
Robinson,Kenyon,Wheelock,Candy,Robinson,Mauricio
Robinson,Stacie,Wheelock,Graciela,Robinson,Andrew
Robinson,Danny,Wheelock,Candy,Robinson,Mauricio
Robinson,Rhiannon,Wheelock,Graciela,Robinson,Andrew
Robinson,Jacky,Wheelock,Candy,Robinson,Mauricio
Robinson,Ida,Wheelock,Graciela,Robinson,Andrew
Robinson,Romello,Wheelock,Candy,Robinson,Mauricio
Robinson,Kayleigh,Wheelock,Graciela,Robinson,Andrew
Robinson,Junior,Wheelock,Candy,Robinson,Mauricio
Robinson,Armani,Wheelock,Graciela,Robinson,Andrew
Robinson,August,Wheelock,Candy,Robinson,Mauricio
Robinson,Melanie,Wheelock,Vianey,Robinson,Eli
Robinson,Van,Wheelock,Candy,Robinson,Mauricio
Robinson,Lisa,Wheelock,Vianey,Robinson,Eli
Robinson,Alejandro,Wheelock,Candy,Robinson,Mauricio
Robinson,Jocelyn,Wheelock,Vianey,Robinson,Eli
Robinson,Kurtis,Wheelock,Candy,Robinson,Mauricio
Robinson,Silvia,Wheelock,Vianey,Robinson,Eli
Robinson,Lashawn,Wheelock,Candy,Robinson,Mauricio
Robinson,Aileen,Wheelock,Vianey,Robinson,Eli
