Zophar,Clifford,Reightler,Lexi,Zophar,Claudio
Bridges,Harmony,Burbank,Ashlee,Bridges,Lauren
Borman,Khalid,Chiao,Joselyn,Borman,Savion
Hobaugh,Erin,Vanderhooven,Asha,Hobaugh,Graham
Ashby,Alan,McCandless,Elyse,Ashby,Raul
Archambault,Karissa,Gernhardt,Kendall,Archambault,Arian
Cockrell,Jarrod,Jernigan,Tania,Cockrell,Eli
Buchli,Carra,Newman,Rose,Buchli,Joey
Coats,Brennan,Reisman,Krystan,Coats,Kapil
Buchli,Alina,Coleman,Presley,Buchli,Edgar
Tyler,Marques,Bassett,Tatum,Tyler,Jacob
Chapman,Keiarra,Covey,Queen,Chapman,Shelby
Phillips,Sidney,Peterson,Chelsey,Phillips,Deante
Taylor,Kaila,Archambault,Zenia,Taylor,Tyrone
Bassett,Jamar,Anders,Delilah,Bassett,Shawn
Altman,Cassie,Gibson,Autumn,Altman,Aleksandr
Kilrain,Tevin,White,Bernadette,Kilrain,Ibrahim
Gregory,Perla,Weber,Frida,Gregory,Coy
Jackson,Jonah,Cleveland,Helen,Jackson,Tate
Wolf,Lisa,Brandenstein,Precious,Wolf,Bret
White,Arturo,Givens,Grecia,White,Brendon
Brandenstein,Cali,Creighton,Dyamond,Brandenstein,Garett
Harrison,Payton,Henize,Jessa,Harrison,Zane
Thagard,Lesli,Harbaugh,Heidy,Thagard,Kenneth
Polansky,Garrett,Walz,Nina,Polansky,Jackson
Jett,Symone,Scobee,Halee,Jett,Kenny
Bluford,Brent,Barry,Kaylynn,Bluford,Jimmy
Dunbar,Maisie,Arthur,India,Dunbar,Ralph
Nixon,Yair,Johnson,Marcia,Nixon,Walker
Zophar,Heavenly,Bridges,Harmony,Zophar,Clifford
Voss,Kendrick,Tyler,Linnea,Voss,Colton
Zophar,Christina,Bridges,Harmony,Zophar,Clifford
Zophar,Francis,Bridges,Harmony,Zophar,Clifford
Zophar,Keishla,Bridges,Harmony,Zophar,Clifford
Zophar,Erich,Bridges,Harmony,Zophar,Clifford
Zophar,Samara,Bridges,Harmony,Zophar,Clifford
Zophar,Myles,Bridges,Harmony,Zophar,Clifford
Zophar,Madalyn,Bridges,Harmony,Zophar,Clifford
Zophar,Gary,Bridges,Harmony,Zophar,Clifford
Zophar,Nayeli,Bridges,Harmony,Zophar,Clifford
Zophar,Bryce,Bridges,Harmony,Zophar,Clifford
Zophar,Zandria,Bridges,Harmony,Zophar,Clifford
Zophar,Ahmad,Bridges,Harmony,Zophar,Clifford
Zophar,Bree,Bridges,Harmony,Zophar,Clifford
Zophar,Erik,Bridges,Harmony,Zophar,Clifford
Borman,Krystan,Hobaugh,Erin,Borman,Khalid
Zophar,Tevin,Bridges,Harmony,Zophar,Clifford
Borman,Julia,Hobaugh,Erin,Borman,Khalid
Zophar,Wade,Bridges,Harmony,Zophar,Clifford
Borman,Joselin,Hobaugh,Erin,Borman,Khalid
Zophar,Brenton,Bridges,Harmony,Zophar,Clifford
Borman,Valencia,Hobaugh,Erin,Borman,Khalid
Borman,Sebastian,Hobaugh,Erin,Borman,Khalid
Borman,Reyna,Hobaugh,Erin,Borman,Khalid
Borman,Josejuan,Hobaugh,Erin,Borman,Khalid
Borman,Kamri,Hobaugh,Erin,Borman,Khalid
Borman,Jamie,Hobaugh,Erin,Borman,Khalid
Borman,Emily,Hobaugh,Erin,Borman,Khalid
Borman,Ralph,Hobaugh,Erin,Borman,Khalid
Borman,Viridiana,Hobaugh,Erin,Borman,Khalid
Borman,Mark,Hobaugh,Erin,Borman,Khalid
Borman,Kristian,Hobaugh,Erin,Borman,Khalid
Borman,Jose,Hobaugh,Erin,Borman,Khalid
Borman,Kaydee,Hobaugh,Erin,Borman,Khalid
Borman,Gregory,Hobaugh,Erin,Borman,Khalid
Ashby,Queen,Archambault,Karissa,Ashby,Alan
Borman,Jay,Hobaugh,Erin,Borman,Khalid
Ashby,Anisha,Archambault,Karissa,Ashby,Alan
Borman,Bill,Hobaugh,Erin,Borman,Khalid
Ashby,Melanie,Archambault,Karissa,Ashby,Alan
Borman,Juancarlos,Hobaugh,Erin,Borman,Khalid
Ashby,Ceaira,Archambault,Karissa,Ashby,Alan
Ashby,Hayes,Archambault,Karissa,Ashby,Alan
Ashby,Bernadette,Archambault,Karissa,Ashby,Alan
Ashby,Ryland,Archambault,Karissa,Ashby,Alan
Cockrell,Patsy,Buchli,Carra,Cockrell,Jarrod
Ashby,Gustavo,Archambault,Karissa,Ashby,Alan
Cockrell,Amberly,Buchli,Carra,Cockrell,Jarrod
Ashby,Lawrence,Archambault,Karissa,Ashby,Alan
Cockrell,Athena,Buchli,Carra,Cockrell,Jarrod
Ashby,Angel,Archambault,Karissa,Ashby,Alan
Cockrell,Yasmin,Buchli,Carra,Cockrell,Jarrod
Cockrell,Arthur,Buchli,Carra,Cockrell,Jarrod
Cockrell,Christie,Buchli,Carra,Cockrell,Jarrod
Cockrell,Shelby,Buchli,Carra,Cockrell,Jarrod
Cockrell,Casie,Buchli,Carra,Cockrell,Jarrod
Cockrell,Lamont,Buchli,Carra,Cockrell,Jarrod
Cockrell,Jillian,Buchli,Carra,Cockrell,Jarrod
Cockrell,Erick,Buchli,Carra,Cockrell,Jarrod
Cockrell,Kenzie,Buchli,Carra,Cockrell,Jarrod
Cockrell,Quincy,Buchli,Carra,Cockrell,Jarrod
Cockrell,Cecilia,Buchli,Carra,Cockrell,Jarrod
Cockrell,Jack,Buchli,Carra,Cockrell,Jarrod
Cockrell,Elisabeth,Buchli,Carra,Cockrell,Jarrod
Cockrell,Tommy,Buchli,Carra,Cockrell,Jarrod
Cockrell,Lexi,Buchli,Carra,Cockrell,Jarrod
Coats,Rowan,Buchli,Alina,Coats,Brennan
Coats,Katerina,Buchli,Alina,Coats,Brennan
Coats,Zane,Buchli,Alina,Coats,Brennan
Coats,Kady,Buchli,Alina,Coats,Brennan
Tyler,Dallin,Chapman,Keiarra,Tyler,Marques
Coats,Carra,Buchli,Alina,Coats,Brennan
Tyler,Shawn,Chapman,Keiarra,Tyler,Marques
Coats,Lizette,Buchli,Alina,Coats,Brennan
Phillips,Johnathan,Taylor,Kaila,Phillips,Sidney
Tyler,Eryn,Chapman,Keiarra,Tyler,Marques
Phillips,Gerard,Taylor,Kaila,Phillips,Sidney
Tyler,Kelsie,Chapman,Keiarra,Tyler,Marques
Phillips,Brodie,Taylor,Kaila,Phillips,Sidney
Phillips,Jaimie,Taylor,Kaila,Phillips,Sidney
Phillips,Ezra,Taylor,Kaila,Phillips,Sidney
Phillips,Lilibeth,Taylor,Kaila,Phillips,Sidney
Bassett,Lance,Altman,Cassie,Bassett,Jamar
Bassett,Sade,Altman,Cassie,Bassett,Jamar
Bassett,Korey,Altman,Cassie,Bassett,Jamar
Bassett,Terra,Altman,Cassie,Bassett,Jamar
Bassett,Micah,Altman,Cassie,Bassett,Jamar
Bassett,Fiona,Altman,Cassie,Bassett,Jamar
Bassett,Sahil,Altman,Cassie,Bassett,Jamar
Bassett,Ciarra,Altman,Cassie,Bassett,Jamar
Bassett,Landen,Altman,Cassie,Bassett,Jamar
Kilrain,Ashton,Gregory,Perla,Kilrain,Tevin
Bassett,Torey,Altman,Cassie,Bassett,Jamar
Kilrain,Adrienne,Gregory,Perla,Kilrain,Tevin
Bassett,Stephen,Altman,Cassie,Bassett,Jamar
Kilrain,Aubrey,Gregory,Perla,Kilrain,Tevin
Bassett,Griffin,Altman,Cassie,Bassett,Jamar
Jackson,Sadia,Wolf,Lisa,Jackson,Jonah
Bassett,Abdiel,Altman,Cassie,Bassett,Jamar
Jackson,Jayla,Wolf,Lisa,Jackson,Jonah
Kilrain,Alexandro,Gregory,Perla,Kilrain,Tevin
Jackson,Keri,Wolf,Lisa,Jackson,Jonah
Kilrain,Trevon,Gregory,Perla,Kilrain,Tevin
White,Danika,Brandenstein,Cali,White,Arturo
Kilrain,Jalil,Gregory,Perla,Kilrain,Tevin
White,Caroline,Brandenstein,Cali,White,Arturo
Kilrain,Collin,Gregory,Perla,Kilrain,Tevin
Harrison,Halee,Thagard,Lesli,Harrison,Payton
Kilrain,Elvin,Gregory,Perla,Kilrain,Tevin
Harrison,Valerie,Thagard,Lesli,Harrison,Payton
Kilrain,Terrell,Gregory,Perla,Kilrain,Tevin
Harrison,Tania,Thagard,Lesli,Harrison,Payton
Kilrain,Garett,Gregory,Perla,Kilrain,Tevin
Harrison,Micah,Thagard,Lesli,Harrison,Payton
Jackson,Brenden,Wolf,Lisa,Jackson,Jonah
Harrison,Mary,Thagard,Lesli,Harrison,Payton
Jackson,Shane,Wolf,Lisa,Jackson,Jonah
Harrison,Dakota,Thagard,Lesli,Harrison,Payton
Jackson,Graham,Wolf,Lisa,Jackson,Jonah
Harrison,Francis,Thagard,Lesli,Harrison,Payton
White,Clay,Brandenstein,Cali,White,Arturo
Polansky,Joleen,Jett,Symone,Polansky,Garrett
White,Jevin,Brandenstein,Cali,White,Arturo
Polansky,Gabriel,Jett,Symone,Polansky,Garrett
Harrison,Tayler,Thagard,Lesli,Harrison,Payton
Polansky,Elijah,Jett,Symone,Polansky,Garrett
Harrison,Dreshaun,Thagard,Lesli,Harrison,Payton
Polansky,Helena,Jett,Symone,Polansky,Garrett
Harrison,Daniel,Thagard,Lesli,Harrison,Payton
Polansky,Lydia,Jett,Symone,Polansky,Garrett
Harrison,Rodney,Thagard,Lesli,Harrison,Payton
Polansky,Breonna,Jett,Symone,Polansky,Garrett
Harrison,Dale,Thagard,Lesli,Harrison,Payton
Polansky,Deborah,Jett,Symone,Polansky,Garrett
Harrison,Chris,Thagard,Lesli,Harrison,Payton
Polansky,Lourdes,Jett,Symone,Polansky,Garrett
Harrison,Eugene,Thagard,Lesli,Harrison,Payton
Polansky,Kori,Jett,Symone,Polansky,Garrett
Harrison,Arjun,Thagard,Lesli,Harrison,Payton
Polansky,Deanna,Jett,Symone,Polansky,Garrett
Harrison,Claudio,Thagard,Lesli,Harrison,Payton
Polansky,Fabiola,Jett,Symone,Polansky,Garrett
Harrison,Bronson,Thagard,Lesli,Harrison,Payton
Bluford,Danae,Dunbar,Maisie,Bluford,Brent
Polansky,Deion,Jett,Symone,Polansky,Garrett
Bluford,Ellie,Dunbar,Maisie,Bluford,Brent
Polansky,Reuben,Jett,Symone,Polansky,Garrett
Bluford,Alyssa,Dunbar,Maisie,Bluford,Brent
Polansky,Mckay,Jett,Symone,Polansky,Garrett
Bluford,Janice,Dunbar,Maisie,Bluford,Brent
Polansky,Julio,Jett,Symone,Polansky,Garrett
Bluford,Justice,Dunbar,Maisie,Bluford,Brent
Polansky,Spencer,Jett,Symone,Polansky,Garrett
Bluford,Daija,Dunbar,Maisie,Bluford,Brent
Polansky,Nathanael,Jett,Symone,Polansky,Garrett
Bluford,Hope,Dunbar,Maisie,Bluford,Brent
Polansky,Luke,Jett,Symone,Polansky,Garrett
Nixon,Kelli,Zophar,Heavenly,Nixon,Yair
Polansky,Peter,Jett,Symone,Polansky,Garrett
Nixon,Macie,Zophar,Heavenly,Nixon,Yair
Bluford,Gary,Dunbar,Maisie,Bluford,Brent
Nixon,Gloria,Zophar,Heavenly,Nixon,Yair
Bluford,Jacky,Dunbar,Maisie,Bluford,Brent
Nixon,Caitlan,Zophar,Heavenly,Nixon,Yair
Bluford,Rafael,Dunbar,Maisie,Bluford,Brent
Nixon,Desteny,Zophar,Heavenly,Nixon,Yair
Bluford,Menachem,Dunbar,Maisie,Bluford,Brent
Nixon,Mariam,Zophar,Heavenly,Nixon,Yair
Bluford,Jameson,Dunbar,Maisie,Bluford,Brent
Nixon,Siarra,Zophar,Heavenly,Nixon,Yair
Bluford,Brett,Dunbar,Maisie,Bluford,Brent
Nixon,Ella,Zophar,Heavenly,Nixon,Yair
Bluford,Benjamin,Dunbar,Maisie,Bluford,Brent
Nixon,Lauren,Zophar,Heavenly,Nixon,Yair
Bluford,Martin,Dunbar,Maisie,Bluford,Brent
Nixon,Tynia,Zophar,Heavenly,Nixon,Yair
Nixon,Walter,Zophar,Heavenly,Nixon,Yair
Nixon,Nathaly,Zophar,Heavenly,Nixon,Yair
Nixon,Keion,Zophar,Heavenly,Nixon,Yair
Voss,Mercedes,Zophar,Christina,Voss,Kendrick
Nixon,Marshall,Zophar,Heavenly,Nixon,Yair
Voss,Ida,Zophar,Christina,Voss,Kendrick
Nixon,Cyrus,Zophar,Heavenly,Nixon,Yair
Voss,Jessica,Zophar,Christina,Voss,Kendrick
Voss,Fred,Zophar,Christina,Voss,Kendrick
Voss,Caroline,Zophar,Christina,Voss,Kendrick
Voss,Keegan,Zophar,Christina,Voss,Kendrick
Voss,Camille,Zophar,Christina,Voss,Kendrick
Voss,Brandon,Zophar,Christina,Voss,Kendrick
Voss,Ixchel,Zophar,Christina,Voss,Kendrick
Voss,Jarvis,Zophar,Christina,Voss,Kendrick
Voss,Haleigh,Zophar,Christina,Voss,Kendrick
Voss,Lashawn,Zophar,Christina,Voss,Kendrick
Voss,Courteney,Zophar,Christina,Voss,Kendrick
Voss,Tommy,Zophar,Christina,Voss,Kendrick
Zophar,Sky,Borman,Krystan,Zophar,Francis
Voss,Dan,Zophar,Christina,Voss,Kendrick
Zophar,Susanna,Borman,Krystan,Zophar,Francis
Zophar,Emilio,Borman,Krystan,Zophar,Francis
Zophar,Lindsay,Borman,Krystan,Zophar,Francis
Zophar,Desmond,Borman,Julia,Zophar,Erich
Zophar,Jenniffer,Borman,Krystan,Zophar,Francis
Zophar,Diamond,Borman,Julia,Zophar,Erich
Zophar,Kelsi,Borman,Krystan,Zophar,Francis
Zophar,Chase,Borman,Julia,Zophar,Erich
Zophar,Priscilla,Borman,Krystan,Zophar,Francis
Zophar,Frederic,Borman,Julia,Zophar,Erich
Zophar,Corina,Borman,Julia,Zophar,Erich
Zophar,Marcanthon,Borman,Joselin,Zophar,Myles
Zophar,Elizabet,Borman,Julia,Zophar,Erich
Zophar,Shan,Borman,Joselin,Zophar,Myles
Zophar,Odalys,Borman,Julia,Zophar,Erich
Zophar,Peter,Borman,Joselin,Zophar,Myles
Zophar,Tanya,Borman,Julia,Zophar,Erich
Zophar,Spencer,Borman,Joselin,Zophar,Myles
Zophar,Aylin,Borman,Julia,Zophar,Erich
Zophar,Russell,Borman,Joselin,Zophar,Myles
Zophar,Maya,Borman,Joselin,Zophar,Myles
Zophar,Kellen,Borman,Joselin,Zophar,Myles
Zophar,Katrina,Borman,Joselin,Zophar,Myles
Zophar,Taylor,Borman,Joselin,Zophar,Myles
Zophar,Keirra,Borman,Joselin,Zophar,Myles
Zophar,Davin,Borman,Joselin,Zophar,Myles
Zophar,Laurel,Borman,Joselin,Zophar,Myles
Zophar,Jeremiah,Borman,Joselin,Zophar,Myles
Zophar,Shawn,Borman,Valencia,Zophar,Gary
Zophar,Addison,Borman,Valencia,Zophar,Gary
Zophar,Aerial,Borman,Valencia,Zophar,Gary
Zophar,Hayden,Borman,Valencia,Zophar,Gary
Zophar,Alma,Borman,Valencia,Zophar,Gary
Zophar,Kade,Borman,Valencia,Zophar,Gary
Zophar,Kailee,Borman,Valencia,Zophar,Gary
Zophar,Diego,Borman,Reyna,Zophar,Bryce
Zophar,Shaye,Borman,Valencia,Zophar,Gary
Zophar,Dantae,Borman,Reyna,Zophar,Bryce
Zophar,Berenice,Borman,Reyna,Zophar,Bryce
Zophar,Deric,Borman,Reyna,Zophar,Bryce
Zophar,Khaliah,Borman,Reyna,Zophar,Bryce
Zophar,Jason,Borman,Reyna,Zophar,Bryce
Zophar,Emma,Borman,Reyna,Zophar,Bryce
Zophar,Morgan,Borman,Reyna,Zophar,Bryce
Zophar,Keira,Borman,Reyna,Zophar,Bryce
Zophar,Montel,Borman,Reyna,Zophar,Bryce
Zophar,Clara,Borman,Reyna,Zophar,Bryce
Zophar,Rowan,Borman,Reyna,Zophar,Bryce
Zophar,Molly,Borman,Reyna,Zophar,Bryce
Zophar,Shaun,Borman,Kamri,Zophar,Ahmad
Zophar,Kendal,Borman,Reyna,Zophar,Bryce
Zophar,Wylie,Borman,Kamri,Zophar,Ahmad
Zophar,Frances,Borman,Reyna,Zophar,Bryce
Zophar,Daequan,Borman,Kamri,Zophar,Ahmad
Zophar,Rylee,Borman,Reyna,Zophar,Bryce
Zophar,Drew,Borman,Kamri,Zophar,Ahmad
Zophar,Jameisha,Borman,Reyna,Zophar,Bryce
Zophar,San,Borman,Kamri,Zophar,Ahmad
Zophar,Nicole,Borman,Kamri,Zophar,Ahmad
Zophar,Gilberto,Borman,Emily,Zophar,Erik
Zophar,Aileen,Borman,Kamri,Zophar,Ahmad
Zophar,Josejuan,Borman,Emily,Zophar,Erik
Zophar,Olivia,Borman,Kamri,Zophar,Ahmad
Zophar,Tristen,Borman,Viridiana,Zophar,Tevin
Zophar,Destiny,Borman,Kamri,Zophar,Ahmad
Zophar,Billy,Borman,Viridiana,Zophar,Tevin
Zophar,Mayra,Borman,Emily,Zophar,Erik
Zophar,Jevon,Borman,Viridiana,Zophar,Tevin
Zophar,Imelda,Borman,Emily,Zophar,Erik
Zophar,Domonic,Borman,Kristian,Zophar,Wade
Zophar,Brionna,Borman,Emily,Zophar,Erik
Zophar,Richard,Borman,Kristian,Zophar,Wade
Zophar,Jacklyn,Borman,Viridiana,Zophar,Tevin
Zophar,Leonard,Borman,Kristian,Zophar,Wade
Zophar,Carlye,Borman,Viridiana,Zophar,Tevin
Zophar,Tysheem,Borman,Kristian,Zophar,Wade
Zophar,Emilia,Borman,Viridiana,Zophar,Tevin
Zophar,Kapil,Borman,Kristian,Zophar,Wade
Zophar,Ceaira,Borman,Viridiana,Zophar,Tevin
Zophar,Michael,Borman,Kaydee,Zophar,Brenton
Zophar,Alysa,Borman,Kristian,Zophar,Wade
Zophar,Roman,Borman,Kaydee,Zophar,Brenton
Zophar,Meagan,Borman,Kristian,Zophar,Wade
Zophar,Tony,Borman,Kaydee,Zophar,Brenton
Zophar,Khyla,Borman,Kristian,Zophar,Wade
Zophar,Rasheed,Borman,Kaydee,Zophar,Brenton
Zophar,Michel,Borman,Kristian,Zophar,Wade
Zophar,Richie,Borman,Kaydee,Zophar,Brenton
Zophar,Joselin,Borman,Kristian,Zophar,Wade
Borman,Ignacio,Zophar,Keishla,Borman,Sebastian
Zophar,Kendyl,Borman,Kristian,Zophar,Wade
Borman,Dallas,Zophar,Keishla,Borman,Sebastian
Zophar,Gabriela,Borman,Kaydee,Zophar,Brenton
Borman,Justyn,Zophar,Keishla,Borman,Sebastian
Zophar,Charlene,Borman,Kaydee,Zophar,Brenton
Borman,Marquise,Zophar,Keishla,Borman,Sebastian
Zophar,Anna,Borman,Kaydee,Zophar,Brenton
Borman,Hunter,Zophar,Keishla,Borman,Sebastian
Zophar,Camilla,Borman,Kaydee,Zophar,Brenton
Borman,Neftaly,Zophar,Keishla,Borman,Sebastian
Zophar,Ashlynn,Borman,Kaydee,Zophar,Brenton
Borman,Kai,Zophar,Keishla,Borman,Sebastian
Zophar,Savana,Borman,Kaydee,Zophar,Brenton
Borman,Terance,Zophar,Keishla,Borman,Sebastian
Zophar,Ramona,Borman,Kaydee,Zophar,Brenton
Borman,Remington,Zophar,Keishla,Borman,Sebastian
Zophar,Kathleen,Borman,Kaydee,Zophar,Brenton
Borman,Franklin,Zophar,Samara,Borman,Josejuan
Zophar,Bryn,Borman,Kaydee,Zophar,Brenton
Borman,Forrest,Zophar,Samara,Borman,Josejuan
Zophar,Elyse,Borman,Kaydee,Zophar,Brenton
Borman,Aspen,Zophar,Samara,Borman,Josejuan
Borman,Anaya,Zophar,Keishla,Borman,Sebastian
Borman,Travon,Zophar,Samara,Borman,Josejuan
Borman,Xochitl,Zophar,Keishla,Borman,Sebastian
Borman,Antoine,Zophar,Samara,Borman,Josejuan
Borman,Adrian,Zophar,Samara,Borman,Josejuan
Borman,Javier,Zophar,Samara,Borman,Josejuan
Borman,Kylee,Zophar,Samara,Borman,Josejuan
Borman,Dante,Zophar,Madalyn,Borman,Jamie
Borman,Miracle,Zophar,Samara,Borman,Josejuan
Borman,Brian,Zophar,Madalyn,Borman,Jamie
Borman,Kelcee,Zophar,Samara,Borman,Josejuan
Borman,Jalil,Zophar,Madalyn,Borman,Jamie
Borman,Grecia,Zophar,Madalyn,Borman,Jamie
Borman,Brenden,Zophar,Madalyn,Borman,Jamie
Borman,Maricela,Zophar,Nayeli,Borman,Ralph
Borman,Louis,Zophar,Madalyn,Borman,Jamie
Borman,Tania,Zophar,Nayeli,Borman,Ralph
Borman,Javon,Zophar,Nayeli,Borman,Ralph
Borman,Lesley,Zophar,Nayeli,Borman,Ralph
Borman,Torey,Zophar,Nayeli,Borman,Ralph
Borman,Natalee,Zophar,Nayeli,Borman,Ralph
Borman,Ezra,Zophar,Nayeli,Borman,Ralph
Borman,Jane,Zophar,Nayeli,Borman,Ralph
Borman,Paris,Zophar,Nayeli,Borman,Ralph
Borman,Analisa,Zophar,Nayeli,Borman,Ralph
Borman,Domonic,Zophar,Nayeli,Borman,Ralph
Borman,Georgia,Zophar,Nayeli,Borman,Ralph
Borman,Shmuel,Zophar,Nayeli,Borman,Ralph
Borman,Amanda,Zophar,Nayeli,Borman,Ralph
Borman,Gerard,Zophar,Nayeli,Borman,Ralph
Borman,Leann,Zophar,Zandria,Borman,Mark
Borman,Kristopher,Zophar,Nayeli,Borman,Ralph
Borman,Chelsie,Zophar,Zandria,Borman,Mark
Borman,Johnny,Zophar,Zandria,Borman,Mark
Borman,Klarisa,Zophar,Zandria,Borman,Mark
Borman,Antavius,Zophar,Zandria,Borman,Mark
Borman,Marlena,Zophar,Zandria,Borman,Mark
Borman,Nolan,Zophar,Zandria,Borman,Mark
Borman,Blake,Zophar,Zandria,Borman,Mark
Borman,Craig,Zophar,Zandria,Borman,Mark
Borman,Clarissa,Zophar,Zandria,Borman,Mark
Borman,Daniel,Zophar,Zandria,Borman,Mark
Borman,Elsa,Zophar,Zandria,Borman,Mark
Borman,Tracy,Zophar,Zandria,Borman,Mark
Borman,Patsy,Zophar,Zandria,Borman,Mark
Borman,Destin,Zophar,Zandria,Borman,Mark
Borman,Justice,Zophar,Zandria,Borman,Mark
Borman,Leonardo,Zophar,Zandria,Borman,Mark
Borman,Monika,Zophar,Zandria,Borman,Mark
Borman,Jovonte,Zophar,Zandria,Borman,Mark
Borman,Gabriel,Zophar,Zandria,Borman,Mark
Borman,Darius,Zophar,Bree,Borman,Jose
Borman,Siarra,Zophar,Bree,Borman,Jose
Borman,Bobby,Zophar,Bree,Borman,Jose
Borman,Maricarmen,Zophar,Bree,Borman,Jose
Borman,Kegan,Zophar,Bree,Borman,Jose
Borman,Ciara,Zophar,Bree,Borman,Jose
Borman,Max,Zophar,Bree,Borman,Jose
Borman,Kali,Zophar,Bree,Borman,Jose
Borman,Zaquan,Zophar,Bree,Borman,Jose
Borman,Annalisa,Ashby,Queen,Borman,Gregory
Borman,Robert,Zophar,Bree,Borman,Jose
Borman,Alisia,Ashby,Queen,Borman,Gregory
Borman,Sydney,Ashby,Queen,Borman,Gregory
Borman,Promise,Ashby,Queen,Borman,Gregory
Borman,Bradly,Ashby,Queen,Borman,Gregory
Borman,Annabel,Ashby,Anisha,Borman,Jay
Borman,Chandler,Ashby,Queen,Borman,Gregory
Borman,Chasity,Ashby,Anisha,Borman,Jay
Borman,Angelo,Ashby,Queen,Borman,Gregory
Borman,Lyndsey,Ashby,Anisha,Borman,Jay
Borman,Xzavier,Ashby,Queen,Borman,Gregory
Borman,Mackenzie,Ashby,Anisha,Borman,Jay
Borman,Raekwon,Ashby,Queen,Borman,Gregory
Borman,Anne,Ashby,Anisha,Borman,Jay
Borman,Dominick,Ashby,Queen,Borman,Gregory
Borman,Christie,Ashby,Anisha,Borman,Jay
Borman,Christian,Ashby,Queen,Borman,Gregory
Borman,Brecken,Ashby,Melanie,Borman,Bill
Borman,Camron,Ashby,Queen,Borman,Gregory
Borman,Lizbeth,Ashby,Melanie,Borman,Bill
Borman,Dallin,Ashby,Anisha,Borman,Jay
Borman,Daniela,Ashby,Melanie,Borman,Bill
Borman,Kameron,Ashby,Anisha,Borman,Jay
Borman,Dana,Ashby,Melanie,Borman,Bill
Borman,Brett,Ashby,Anisha,Borman,Jay
Borman,Keely,Ashby,Melanie,Borman,Bill
Borman,Clinton,Ashby,Anisha,Borman,Jay
Borman,Alexa,Ashby,Ceaira,Borman,Juancarlos
Borman,Eduardo,Ashby,Anisha,Borman,Jay
Borman,Shanique,Ashby,Ceaira,Borman,Juancarlos
Borman,Wylie,Ashby,Anisha,Borman,Jay
Borman,Stephanie,Ashby,Ceaira,Borman,Juancarlos
Borman,Isaias,Ashby,Anisha,Borman,Jay
Borman,Domonique,Ashby,Ceaira,Borman,Juancarlos
Borman,Esau,Ashby,Anisha,Borman,Jay
Borman,Lynette,Ashby,Ceaira,Borman,Juancarlos
Borman,Reginald,Ashby,Anisha,Borman,Jay
Borman,Leandra,Ashby,Ceaira,Borman,Juancarlos
Borman,Ervin,Ashby,Anisha,Borman,Jay
Borman,Emilia,Ashby,Ceaira,Borman,Juancarlos
Borman,Sterling,Ashby,Anisha,Borman,Jay
Borman,Cailin,Ashby,Ceaira,Borman,Juancarlos
Borman,Keagan,Ashby,Anisha,Borman,Jay
Borman,Justine,Ashby,Ceaira,Borman,Juancarlos
Borman,Stephon,Ashby,Melanie,Borman,Bill
Borman,Tayler,Ashby,Ceaira,Borman,Juancarlos
Borman,Colbey,Ashby,Melanie,Borman,Bill
Borman,Marisela,Ashby,Ceaira,Borman,Juancarlos
Borman,Shaun,Ashby,Melanie,Borman,Bill
Borman,Elissa,Ashby,Ceaira,Borman,Juancarlos
Borman,Denzell,Ashby,Ceaira,Borman,Juancarlos
Borman,Leana,Ashby,Ceaira,Borman,Juancarlos
Borman,Kolton,Ashby,Ceaira,Borman,Juancarlos
Ashby,Krystan,Cockrell,Patsy,Ashby,Hayes
Borman,Raphael,Ashby,Ceaira,Borman,Juancarlos
Ashby,Keara,Cockrell,Patsy,Ashby,Hayes
Borman,Cristopher,Ashby,Ceaira,Borman,Juancarlos
Ashby,Coral,Cockrell,Amberly,Ashby,Ryland
Borman,Marvin,Ashby,Ceaira,Borman,Juancarlos
Ashby,Taryn,Cockrell,Amberly,Ashby,Ryland
Borman,Rakeem,Ashby,Ceaira,Borman,Juancarlos
Ashby,Daesha,Cockrell,Athena,Ashby,Gustavo
Ashby,Marshall,Cockrell,Patsy,Ashby,Hayes
Ashby,Jaden,Cockrell,Athena,Ashby,Gustavo
Ashby,Gilberto,Cockrell,Patsy,Ashby,Hayes
Ashby,Kristen,Cockrell,Yasmin,Ashby,Lawrence
Ashby,Tayler,Cockrell,Patsy,Ashby,Hayes
Ashby,Nathalia,Cockrell,Yasmin,Ashby,Lawrence
Ashby,George,Cockrell,Patsy,Ashby,Hayes
Ashby,Danika,Cockrell,Yasmin,Ashby,Lawrence
Ashby,Keagan,Cockrell,Amberly,Ashby,Ryland
Ashby,Samira,Cockrell,Yasmin,Ashby,Lawrence
Ashby,Jaleel,Cockrell,Amberly,Ashby,Ryland
Ashby,Merissa,Cockrell,Yasmin,Ashby,Lawrence
Ashby,Vincent,Cockrell,Athena,Ashby,Gustavo
Ashby,Siarra,Cockrell,Yasmin,Ashby,Lawrence
Ashby,Abdiel,Cockrell,Athena,Ashby,Gustavo
Ashby,Carol,Cockrell,Christie,Ashby,Angel
Ashby,Jerome,Cockrell,Athena,Ashby,Gustavo
Ashby,Jada,Cockrell,Christie,Ashby,Angel
Ashby,Griffin,Cockrell,Yasmin,Ashby,Lawrence
Cockrell,Hunter,Ashby,Bernadette,Cockrell,Arthur
Ashby,Chandler,Cockrell,Yasmin,Ashby,Lawrence
Cockrell,Armani,Ashby,Bernadette,Cockrell,Arthur
Ashby,Deleon,Cockrell,Yasmin,Ashby,Lawrence
Cockrell,Ivana,Ashby,Bernadette,Cockrell,Arthur
Ashby,Alfonso,Cockrell,Yasmin,Ashby,Lawrence
Cockrell,Ariel,Coats,Katerina,Cockrell,Shelby
Ashby,Gage,Cockrell,Yasmin,Ashby,Lawrence
Cockrell,Moriah,Coats,Katerina,Cockrell,Shelby
Ashby,Nickolas,Cockrell,Christie,Ashby,Angel
Cockrell,Jennah,Coats,Katerina,Cockrell,Shelby
Ashby,Ismael,Cockrell,Christie,Ashby,Angel
Cockrell,Carson,Coats,Katerina,Cockrell,Shelby
Ashby,Travon,Cockrell,Christie,Ashby,Angel
Cockrell,Sheri,Coats,Kady,Cockrell,Lamont
Ashby,Greyson,Cockrell,Christie,Ashby,Angel
Cockrell,Sophia,Coats,Kady,Cockrell,Lamont
Cockrell,Sedrick,Ashby,Bernadette,Cockrell,Arthur
Cockrell,Jennie,Coats,Kady,Cockrell,Lamont
Cockrell,Sunny,Ashby,Bernadette,Cockrell,Arthur
Cockrell,Aimee,Coats,Kady,Cockrell,Lamont
Cockrell,Justice,Ashby,Bernadette,Cockrell,Arthur
Cockrell,Vianey,Coats,Kady,Cockrell,Lamont
Cockrell,Kaleb,Ashby,Bernadette,Cockrell,Arthur
Cockrell,Christine,Coats,Kady,Cockrell,Lamont
Cockrell,Jovan,Ashby,Bernadette,Cockrell,Arthur
Cockrell,Khyla,Coats,Carra,Cockrell,Erick
Cockrell,Anthony,Ashby,Bernadette,Cockrell,Arthur
Cockrell,Joanne,Coats,Carra,Cockrell,Erick
Cockrell,Aidan,Ashby,Bernadette,Cockrell,Arthur
Cockrell,Maddison,Coats,Carra,Cockrell,Erick
Cockrell,Easton,Ashby,Bernadette,Cockrell,Arthur
Cockrell,Katerina,Coats,Carra,Cockrell,Erick
Cockrell,German,Coats,Katerina,Cockrell,Shelby
Cockrell,Janay,Coats,Carra,Cockrell,Erick
Cockrell,Brad,Coats,Katerina,Cockrell,Shelby
Cockrell,Ciara,Coats,Carra,Cockrell,Erick
Cockrell,Erin,Coats,Katerina,Cockrell,Shelby
Cockrell,Sierra,Coats,Carra,Cockrell,Erick
Cockrell,Joey,Coats,Katerina,Cockrell,Shelby
Cockrell,Tyra,Coats,Carra,Cockrell,Erick
Cockrell,Yakov,Coats,Katerina,Cockrell,Shelby
Cockrell,Anita,Coats,Carra,Cockrell,Erick
Cockrell,Migel,Coats,Kady,Cockrell,Lamont
Cockrell,Brooke,Coats,Lizette,Cockrell,Quincy
Cockrell,Tomas,Coats,Kady,Cockrell,Lamont
Cockrell,Cecelia,Coats,Lizette,Cockrell,Quincy
Cockrell,Zachery,Coats,Kady,Cockrell,Lamont
Cockrell,Tara,Coats,Lizette,Cockrell,Quincy
Cockrell,Clayton,Coats,Kady,Cockrell,Lamont
Cockrell,Yesenia,Coats,Lizette,Cockrell,Quincy
Cockrell,Lorenzo,Coats,Kady,Cockrell,Lamont
Cockrell,Alysa,Coats,Lizette,Cockrell,Quincy
Cockrell,Deon,Coats,Kady,Cockrell,Lamont
Cockrell,Minnie,Coats,Lizette,Cockrell,Quincy
Cockrell,Arjun,Coats,Kady,Cockrell,Lamont
Cockrell,Danika,Coats,Lizette,Cockrell,Quincy
Cockrell,Leonel,Coats,Kady,Cockrell,Lamont
Cockrell,Breana,Coats,Lizette,Cockrell,Quincy
Cockrell,Andres,Coats,Kady,Cockrell,Lamont
Cockrell,Caitlan,Coats,Lizette,Cockrell,Quincy
Cockrell,Camron,Coats,Carra,Cockrell,Erick
Cockrell,Ramona,Tyler,Eryn,Cockrell,Jack
Cockrell,Emmanuel,Coats,Carra,Cockrell,Erick
Cockrell,Yolanda,Tyler,Eryn,Cockrell,Jack
Cockrell,Aleksandr,Coats,Carra,Cockrell,Erick
Cockrell,Sienna,Tyler,Eryn,Cockrell,Jack
Cockrell,Courtney,Coats,Carra,Cockrell,Erick
Cockrell,Shea,Tyler,Eryn,Cockrell,Jack
Cockrell,Angelo,Coats,Carra,Cockrell,Erick
Cockrell,Brionna,Tyler,Eryn,Cockrell,Jack
Cockrell,Eberardo,Coats,Carra,Cockrell,Erick
Cockrell,Hadley,Tyler,Eryn,Cockrell,Jack
Cockrell,Billy,Coats,Carra,Cockrell,Erick
Cockrell,Tatianna,Tyler,Eryn,Cockrell,Jack
Cockrell,Geordan,Coats,Carra,Cockrell,Erick
Cockrell,Ashlyn,Tyler,Eryn,Cockrell,Jack
Cockrell,Chad,Coats,Lizette,Cockrell,Quincy
Cockrell,Siarra,Tyler,Eryn,Cockrell,Jack
Cockrell,Ramiro,Coats,Lizette,Cockrell,Quincy
Cockrell,Alisa,Tyler,Eryn,Cockrell,Jack
Cockrell,Drake,Coats,Lizette,Cockrell,Quincy
Cockrell,Gretchen,Tyler,Eryn,Cockrell,Jack
Cockrell,Dylon,Coats,Lizette,Cockrell,Quincy
Cockrell,Bailey,Tyler,Kelsie,Cockrell,Tommy
Cockrell,Ron,Coats,Lizette,Cockrell,Quincy
Cockrell,Emilia,Tyler,Kelsie,Cockrell,Tommy
Cockrell,Kayle,Coats,Lizette,Cockrell,Quincy
Cockrell,Caylin,Tyler,Kelsie,Cockrell,Tommy
Cockrell,Seth,Coats,Lizette,Cockrell,Quincy
Cockrell,Kyle,Tyler,Kelsie,Cockrell,Tommy
Cockrell,Jerry,Coats,Lizette,Cockrell,Quincy
Cockrell,Neda,Tyler,Kelsie,Cockrell,Tommy
Cockrell,Levi,Coats,Lizette,Cockrell,Quincy
Cockrell,Iesha,Tyler,Kelsie,Cockrell,Tommy
Cockrell,Kareem,Coats,Lizette,Cockrell,Quincy
Cockrell,Olga,Tyler,Kelsie,Cockrell,Tommy
Cockrell,Brendon,Tyler,Eryn,Cockrell,Jack
Cockrell,Samantha,Tyler,Kelsie,Cockrell,Tommy
Cockrell,Brooks,Tyler,Eryn,Cockrell,Jack
Coats,Sheniqua,Cockrell,Casie,Coats,Rowan
Cockrell,Kerrick,Tyler,Eryn,Cockrell,Jack
Coats,Cori,Cockrell,Casie,Coats,Rowan
Cockrell,Ethan,Tyler,Eryn,Cockrell,Jack
Coats,Sherridan,Cockrell,Casie,Coats,Rowan
Cockrell,Allan,Tyler,Eryn,Cockrell,Jack
Coats,Shawn,Cockrell,Casie,Coats,Rowan
Cockrell,Jarvis,Tyler,Eryn,Cockrell,Jack
Coats,Presley,Cockrell,Casie,Coats,Rowan
Cockrell,Ricky,Tyler,Eryn,Cockrell,Jack
Coats,Libby,Cockrell,Jillian,Coats,Zane
Cockrell,Tristin,Tyler,Eryn,Cockrell,Jack
Coats,Bryanna,Cockrell,Jillian,Coats,Zane
Cockrell,Leonardo,Tyler,Eryn,Cockrell,Jack
Coats,Beverly,Cockrell,Jillian,Coats,Zane
Cockrell,Isaias,Tyler,Kelsie,Cockrell,Tommy
Coats,Kallee,Cockrell,Jillian,Coats,Zane
Cockrell,Deanthony,Tyler,Kelsie,Cockrell,Tommy
Coats,Maryanna,Cockrell,Jillian,Coats,Zane
Cockrell,Jovon,Tyler,Kelsie,Cockrell,Tommy
Coats,Liana,Cockrell,Jillian,Coats,Zane
Cockrell,Jeff,Tyler,Kelsie,Cockrell,Tommy
Tyler,Dorian,Cockrell,Kenzie,Tyler,Dallin
Coats,Darryl,Cockrell,Casie,Coats,Rowan
Tyler,Madison,Cockrell,Kenzie,Tyler,Dallin
Coats,Stephan,Cockrell,Casie,Coats,Rowan
Tyler,Barbara,Cockrell,Kenzie,Tyler,Dallin
Coats,Campbell,Cockrell,Casie,Coats,Rowan
Tyler,Anitra,Cockrell,Kenzie,Tyler,Dallin
Coats,Hiram,Cockrell,Casie,Coats,Rowan
Tyler,Adrian,Cockrell,Kenzie,Tyler,Dallin
Coats,Chance,Cockrell,Casie,Coats,Rowan
Tyler,Shae,Cockrell,Kenzie,Tyler,Dallin
Coats,Lionel,Cockrell,Jillian,Coats,Zane
Tyler,Holly,Cockrell,Cecilia,Tyler,Shawn
Coats,Zachary,Cockrell,Jillian,Coats,Zane
Tyler,Joanna,Cockrell,Cecilia,Tyler,Shawn
Coats,Rahim,Cockrell,Jillian,Coats,Zane
Tyler,Beverly,Cockrell,Cecilia,Tyler,Shawn
Coats,Eddie,Cockrell,Jillian,Coats,Zane
Tyler,Magdalena,Cockrell,Cecilia,Tyler,Shawn
Coats,Demarco,Cockrell,Jillian,Coats,Zane
Tyler,Yasmin,Cockrell,Cecilia,Tyler,Shawn
Coats,Marcanthon,Cockrell,Jillian,Coats,Zane
Tyler,Arielle,Cockrell,Cecilia,Tyler,Shawn
Coats,Terrence,Cockrell,Jillian,Coats,Zane
Tyler,Ivelisse,Cockrell,Cecilia,Tyler,Shawn
Coats,Phillip,Cockrell,Jillian,Coats,Zane
Tyler,Keyshla,Cockrell,Cecilia,Tyler,Shawn
Coats,Melvin,Cockrell,Jillian,Coats,Zane
Phillips,Estefany,Cockrell,Elisabeth,Phillips,Johnathan
Coats,Reid,Cockrell,Jillian,Coats,Zane
Phillips,Rocio,Cockrell,Elisabeth,Phillips,Johnathan
Coats,Kaleb,Cockrell,Jillian,Coats,Zane
Phillips,Iman,Cockrell,Elisabeth,Phillips,Johnathan
Tyler,Jimmy,Cockrell,Kenzie,Tyler,Dallin
Phillips,Gretchen,Cockrell,Elisabeth,Phillips,Johnathan
Tyler,Jade,Cockrell,Kenzie,Tyler,Dallin
Phillips,Deserae,Cockrell,Elisabeth,Phillips,Johnathan
Tyler,Slaten,Cockrell,Kenzie,Tyler,Dallin
Phillips,Tonya,Cockrell,Elisabeth,Phillips,Johnathan
Tyler,Brody,Cockrell,Kenzie,Tyler,Dallin
Phillips,Rachelle,Cockrell,Elisabeth,Phillips,Johnathan
Tyler,Trevon,Cockrell,Kenzie,Tyler,Dallin
Phillips,Ruth,Cockrell,Elisabeth,Phillips,Johnathan
Tyler,Gerald,Cockrell,Kenzie,Tyler,Dallin
Phillips,Paula,Cockrell,Lexi,Phillips,Gerard
Tyler,Elias,Cockrell,Kenzie,Tyler,Dallin
Phillips,Meagan,Bassett,Sade,Phillips,Brodie
Tyler,Blaine,Cockrell,Cecilia,Tyler,Shawn
Phillips,Delanie,Bassett,Sade,Phillips,Brodie
Tyler,Paul,Cockrell,Cecilia,Tyler,Shawn
Phillips,Georgina,Bassett,Sade,Phillips,Brodie
Tyler,Kendall,Cockrell,Cecilia,Tyler,Shawn
Phillips,Patsy,Bassett,Sade,Phillips,Brodie
Phillips,Chaz,Cockrell,Elisabeth,Phillips,Johnathan
Phillips,Destini,Bassett,Terra,Phillips,Ezra
Phillips,Shan,Cockrell,Elisabeth,Phillips,Johnathan
Phillips,Josey,Bassett,Terra,Phillips,Ezra
Phillips,Terance,Cockrell,Elisabeth,Phillips,Johnathan
Phillips,Lexus,Bassett,Terra,Phillips,Ezra
Phillips,Moses,Cockrell,Elisabeth,Phillips,Johnathan
Phillips,Margo,Bassett,Terra,Phillips,Ezra
Phillips,Toby,Cockrell,Elisabeth,Phillips,Johnathan
Bassett,Eileen,Phillips,Jaimie,Bassett,Lance
Phillips,Emilio,Cockrell,Elisabeth,Phillips,Johnathan
Bassett,Kelly,Phillips,Jaimie,Bassett,Lance
Phillips,Ronald,Cockrell,Elisabeth,Phillips,Johnathan
Bassett,Camilla,Phillips,Jaimie,Bassett,Lance
Phillips,Reed,Cockrell,Lexi,Phillips,Gerard
Bassett,Beverly,Phillips,Lilibeth,Bassett,Korey
Phillips,Colbey,Cockrell,Lexi,Phillips,Gerard
Bassett,Dorothy,Phillips,Lilibeth,Bassett,Korey
Phillips,Marquis,Bassett,Sade,Phillips,Brodie
Bassett,Aylin,Phillips,Lilibeth,Bassett,Korey
Phillips,Luciano,Bassett,Sade,Phillips,Brodie
Bassett,Kaylin,Phillips,Lilibeth,Bassett,Korey
Phillips,Julian,Bassett,Sade,Phillips,Brodie
Bassett,Mariana,Phillips,Lilibeth,Bassett,Korey
Phillips,Austin,Bassett,Sade,Phillips,Brodie
Bassett,Mindy,Kilrain,Ashton,Bassett,Micah
Phillips,Alonzo,Bassett,Terra,Phillips,Ezra
Bassett,Rian,Kilrain,Ashton,Bassett,Micah
Phillips,Titus,Bassett,Terra,Phillips,Ezra
Bassett,Nikki,Kilrain,Ashton,Bassett,Micah
Phillips,Junior,Bassett,Terra,Phillips,Ezra
Bassett,Aisha,Kilrain,Ashton,Bassett,Micah
Phillips,Dominique,Bassett,Terra,Phillips,Ezra
Bassett,Guadalupe,Kilrain,Ashton,Bassett,Micah
Phillips,Ever,Bassett,Terra,Phillips,Ezra
Bassett,Nathaly,Kilrain,Ashton,Bassett,Micah
Phillips,Xavier,Bassett,Terra,Phillips,Ezra
Bassett,Ciera,Kilrain,Ashton,Bassett,Micah
Phillips,Jamar,Bassett,Terra,Phillips,Ezra
Bassett,Britni,Kilrain,Adrienne,Bassett,Sahil
Bassett,Claudio,Phillips,Jaimie,Bassett,Lance
Bassett,Marianne,Kilrain,Adrienne,Bassett,Sahil
Bassett,Aspen,Phillips,Jaimie,Bassett,Lance
Bassett,Darcy,Kilrain,Adrienne,Bassett,Sahil
Bassett,Neftaly,Phillips,Jaimie,Bassett,Lance
Bassett,Sarina,Kilrain,Adrienne,Bassett,Sahil
Bassett,Payton,Phillips,Jaimie,Bassett,Lance
Bassett,Madilyn,Kilrain,Adrienne,Bassett,Sahil
Bassett,Lamonte,Phillips,Lilibeth,Bassett,Korey
Bassett,Zaria,Kilrain,Adrienne,Bassett,Sahil
Bassett,Rashad,Phillips,Lilibeth,Bassett,Korey
Bassett,Margo,Kilrain,Aubrey,Bassett,Landen
Bassett,John,Kilrain,Ashton,Bassett,Micah
Bassett,Tiyanna,Kilrain,Aubrey,Bassett,Landen
Bassett,Raekwon,Kilrain,Ashton,Bassett,Micah
Bassett,Keely,Jackson,Sadia,Bassett,Torey
Bassett,Jeb,Kilrain,Ashton,Bassett,Micah
Bassett,Devyn,Jackson,Sadia,Bassett,Torey
Bassett,Tavon,Kilrain,Ashton,Bassett,Micah
Bassett,Kiana,Jackson,Sadia,Bassett,Torey
Bassett,Wylie,Kilrain,Ashton,Bassett,Micah
Bassett,Laurel,Jackson,Sadia,Bassett,Torey
Bassett,Chad,Kilrain,Ashton,Bassett,Micah
Bassett,Annemarie,Jackson,Sadia,Bassett,Torey
Bassett,Deonta,Kilrain,Ashton,Bassett,Micah
Bassett,Kaili,Jackson,Sadia,Bassett,Torey
Bassett,Ervin,Kilrain,Ashton,Bassett,Micah
Bassett,Tierra,Jackson,Sadia,Bassett,Torey
Bassett,Richard,Kilrain,Ashton,Bassett,Micah
Bassett,Angelina,Jackson,Sadia,Bassett,Torey
Bassett,Emiliano,Kilrain,Ashton,Bassett,Micah
Bassett,Rose,Jackson,Jayla,Bassett,Stephen
Bassett,Juancarlos,Kilrain,Ashton,Bassett,Micah
Bassett,Jameisha,Jackson,Jayla,Bassett,Stephen
Bassett,Ameer,Kilrain,Ashton,Bassett,Micah
Bassett,Avery,Jackson,Jayla,Bassett,Stephen
Bassett,Callahan,Kilrain,Adrienne,Bassett,Sahil
Bassett,Gabriella,Jackson,Jayla,Bassett,Stephen
Bassett,Brogan,Kilrain,Adrienne,Bassett,Sahil
Bassett,Emmily,Jackson,Jayla,Bassett,Stephen
Bassett,Humberto,Kilrain,Adrienne,Bassett,Sahil
Bassett,Jazmyne,Jackson,Jayla,Bassett,Stephen
Bassett,Lukas,Kilrain,Adrienne,Bassett,Sahil
Bassett,Yasmeen,Jackson,Jayla,Bassett,Stephen
Bassett,Domenic,Kilrain,Adrienne,Bassett,Sahil
Bassett,Noel,Jackson,Jayla,Bassett,Stephen
Bassett,Leonardo,Kilrain,Adrienne,Bassett,Sahil
Bassett,Debra,Jackson,Jayla,Bassett,Stephen
Bassett,Hiram,Kilrain,Adrienne,Bassett,Sahil
Bassett,Kortney,Jackson,Jayla,Bassett,Stephen
Bassett,Tommy,Kilrain,Aubrey,Bassett,Landen
Bassett,Brandi,Jackson,Jayla,Bassett,Stephen
Bassett,Dimitri,Kilrain,Aubrey,Bassett,Landen
Bassett,Kaylah,Jackson,Jayla,Bassett,Stephen
Bassett,Roy,Jackson,Sadia,Bassett,Torey
Bassett,Emily,Jackson,Jayla,Bassett,Stephen
Bassett,Leon,Jackson,Sadia,Bassett,Torey
Bassett,Ashton,Jackson,Jayla,Bassett,Stephen
Bassett,Jamal,Jackson,Sadia,Bassett,Torey
Bassett,Rani,Jackson,Keri,Bassett,Griffin
Bassett,Wesley,Jackson,Jayla,Bassett,Stephen
Bassett,Gilda,Jackson,Keri,Bassett,Griffin
Bassett,Tyson,Jackson,Jayla,Bassett,Stephen
Bassett,Stefanie,Jackson,Keri,Bassett,Griffin
Bassett,Keon,Jackson,Keri,Bassett,Griffin
Bassett,Sara,Jackson,Keri,Bassett,Griffin
Bassett,Bradly,Jackson,Keri,Bassett,Griffin
Bassett,Melisa,Jackson,Keri,Bassett,Griffin
Bassett,Cyrus,Jackson,Keri,Bassett,Griffin
Bassett,Judy,Jackson,Keri,Bassett,Griffin
Bassett,Emerson,Jackson,Keri,Bassett,Griffin
Bassett,Kelli,Jackson,Keri,Bassett,Griffin
Bassett,Conor,Jackson,Keri,Bassett,Griffin
Bassett,Reina,Jackson,Keri,Bassett,Griffin
Bassett,Reginald,Jackson,Keri,Bassett,Griffin
Bassett,Janeth,Jackson,Keri,Bassett,Griffin
Bassett,Philip,Jackson,Keri,Bassett,Griffin
Bassett,Amna,White,Danika,Bassett,Abdiel
Bassett,Samuel,Jackson,Keri,Bassett,Griffin
Bassett,Estefany,White,Danika,Bassett,Abdiel
Bassett,Chris,Jackson,Keri,Bassett,Griffin
Bassett,Aidan,White,Danika,Bassett,Abdiel
Bassett,Rhett,White,Danika,Bassett,Abdiel
Bassett,Cassandra,White,Danika,Bassett,Abdiel
Bassett,Jaron,White,Danika,Bassett,Abdiel
Bassett,Alayna,White,Danika,Bassett,Abdiel
Bassett,Kirkland,White,Danika,Bassett,Abdiel
Kilrain,Stephanie,Bassett,Fiona,Kilrain,Alexandro
Bassett,Shamar,White,Danika,Bassett,Abdiel
Kilrain,Keiarra,Bassett,Fiona,Kilrain,Alexandro
Kilrain,Tony,Bassett,Fiona,Kilrain,Alexandro
Kilrain,Janice,Bassett,Fiona,Kilrain,Alexandro
Kilrain,Ervin,Bassett,Fiona,Kilrain,Alexandro
Kilrain,Brigitte,Bassett,Fiona,Kilrain,Alexandro
Kilrain,Patrick,Bassett,Ciarra,Kilrain,Trevon
Kilrain,Hailey,Bassett,Fiona,Kilrain,Alexandro
Kilrain,Noel,Bassett,Ciarra,Kilrain,Trevon
Kilrain,Tatum,White,Caroline,Kilrain,Jalil
Kilrain,Braydon,Bassett,Ciarra,Kilrain,Trevon
Kilrain,Serena,White,Caroline,Kilrain,Jalil
Kilrain,Daniel,White,Caroline,Kilrain,Jalil
Kilrain,Charlotte,White,Caroline,Kilrain,Jalil
Kilrain,Darrion,White,Caroline,Kilrain,Jalil
Kilrain,Samantha,White,Caroline,Kilrain,Jalil
Kilrain,Frederic,White,Caroline,Kilrain,Jalil
Kilrain,Ivy,White,Caroline,Kilrain,Jalil
Kilrain,Langston,White,Caroline,Kilrain,Jalil
Kilrain,Spencer,White,Caroline,Kilrain,Jalil
Kilrain,Branden,White,Caroline,Kilrain,Jalil
Kilrain,Maxine,White,Caroline,Kilrain,Jalil
Kilrain,Coleman,Harrison,Halee,Kilrain,Collin
Kilrain,Johana,White,Caroline,Kilrain,Jalil
Kilrain,Morgan,Harrison,Halee,Kilrain,Collin
Kilrain,Antoinette,Harrison,Halee,Kilrain,Collin
Kilrain,Barry,Harrison,Valerie,Kilrain,Elvin
Kilrain,Kendal,Harrison,Halee,Kilrain,Collin
Kilrain,Theodore,Harrison,Valerie,Kilrain,Elvin
Kilrain,Jada,Harrison,Valerie,Kilrain,Elvin
Kilrain,Marlon,Harrison,Valerie,Kilrain,Elvin
Kilrain,Christie,Harrison,Valerie,Kilrain,Elvin
Kilrain,Estevan,Harrison,Valerie,Kilrain,Elvin
Kilrain,Alicia,Harrison,Valerie,Kilrain,Elvin
Kilrain,Jordin,Harrison,Tania,Kilrain,Terrell
Kilrain,Alyson,Harrison,Valerie,Kilrain,Elvin
Kilrain,Derrick,Harrison,Tania,Kilrain,Terrell
Kilrain,Carla,Harrison,Valerie,Kilrain,Elvin
Kilrain,Alek,Harrison,Tania,Kilrain,Terrell
Kilrain,Lea,Harrison,Tania,Kilrain,Terrell
Kilrain,Eric,Harrison,Tania,Kilrain,Terrell
Kilrain,Kenia,Harrison,Tania,Kilrain,Terrell
Kilrain,Duncan,Harrison,Tania,Kilrain,Terrell
Kilrain,Kayland,Harrison,Micah,Kilrain,Garett
Kilrain,Elias,Harrison,Tania,Kilrain,Terrell
Kilrain,Meghan,Harrison,Micah,Kilrain,Garett
Kilrain,Quanterriu,Harrison,Tania,Kilrain,Terrell
Kilrain,Erin,Harrison,Micah,Kilrain,Garett
Kilrain,Alex,Harrison,Tania,Kilrain,Terrell
Kilrain,Estefani,Harrison,Micah,Kilrain,Garett
Kilrain,Niko,Harrison,Tania,Kilrain,Terrell
Kilrain,Shauna,Harrison,Micah,Kilrain,Garett
Kilrain,Colby,Harrison,Micah,Kilrain,Garett
Kilrain,Krista,Harrison,Micah,Kilrain,Garett
Kilrain,Brodie,Harrison,Micah,Kilrain,Garett
Jackson,Jacquelyn,Harrison,Mary,Jackson,Brenden
Kilrain,Tylar,Harrison,Micah,Kilrain,Garett
Jackson,Reyna,Harrison,Mary,Jackson,Brenden
Kilrain,Nigel,Harrison,Micah,Kilrain,Garett
Jackson,Elyse,Harrison,Mary,Jackson,Brenden
Kilrain,Brian,Harrison,Micah,Kilrain,Garett
Jackson,Felisha,Harrison,Mary,Jackson,Brenden
Kilrain,Landon,Harrison,Micah,Kilrain,Garett
Jackson,Kasey,Harrison,Mary,Jackson,Brenden
Kilrain,Jules,Harrison,Micah,Kilrain,Garett
Jackson,Gwendolyn,Harrison,Mary,Jackson,Brenden
Kilrain,Ted,Harrison,Micah,Kilrain,Garett
Jackson,Daisy,Harrison,Mary,Jackson,Brenden
Jackson,Jerryd,Harrison,Mary,Jackson,Brenden
Jackson,Nereida,Harrison,Mary,Jackson,Brenden
Jackson,Coleman,Harrison,Mary,Jackson,Brenden
Jackson,Zaria,Harrison,Mary,Jackson,Brenden
Jackson,Shareef,Harrison,Mary,Jackson,Brenden
Jackson,Destany,Harrison,Mary,Jackson,Brenden
Jackson,Keshaun,Harrison,Mary,Jackson,Brenden
Jackson,Montana,Harrison,Dakota,Jackson,Shane
Jackson,Charles,Harrison,Mary,Jackson,Brenden
Jackson,Itzel,Harrison,Dakota,Jackson,Shane
Jackson,Kapil,Harrison,Mary,Jackson,Brenden
Jackson,Crystal,Harrison,Dakota,Jackson,Shane
Jackson,Wylie,Harrison,Mary,Jackson,Brenden
Jackson,Esmeralda,Harrison,Francis,Jackson,Graham
Jackson,Deontae,Harrison,Mary,Jackson,Brenden
Jackson,Vianey,Harrison,Francis,Jackson,Graham
Jackson,Pablo,Harrison,Mary,Jackson,Brenden
Jackson,Shawna,Harrison,Francis,Jackson,Graham
Jackson,Elijah,Harrison,Dakota,Jackson,Shane
White,Charlotte,Polansky,Joleen,White,Clay
Jackson,Trenton,Harrison,Dakota,Jackson,Shane
White,Noah,Polansky,Joleen,White,Clay
Jackson,Kaleb,Harrison,Dakota,Jackson,Shane
White,Zoe,Polansky,Joleen,White,Clay
Jackson,Peter,Harrison,Dakota,Jackson,Shane
White,Kaila,Polansky,Joleen,White,Clay
Jackson,Abdiel,Harrison,Dakota,Jackson,Shane
White,Sydni,Polansky,Joleen,White,Clay
Jackson,Zane,Harrison,Dakota,Jackson,Shane
White,Diane,Polansky,Joleen,White,Clay
Jackson,Oscar,Harrison,Dakota,Jackson,Shane
White,Meagan,Polansky,Joleen,White,Clay
Jackson,Justin,Harrison,Francis,Jackson,Graham
White,Kaitlin,Polansky,Joleen,White,Clay
Jackson,Patrick,Harrison,Francis,Jackson,Graham
White,Samara,Polansky,Joleen,White,Clay
Jackson,Reece,Harrison,Francis,Jackson,Graham
White,Clarissa,Polansky,Joleen,White,Clay
Jackson,Ignacio,Harrison,Francis,Jackson,Graham
White,Serena,Polansky,Joleen,White,Clay
Jackson,Ben,Harrison,Francis,Jackson,Graham
White,Mercedes,Polansky,Gabriel,White,Jevin
White,Conner,Polansky,Joleen,White,Clay
White,Gabriela,Polansky,Gabriel,White,Jevin
White,Jaleel,Polansky,Joleen,White,Clay
White,Marlen,Polansky,Gabriel,White,Jevin
White,Jovan,Polansky,Joleen,White,Clay
White,Sinai,Polansky,Gabriel,White,Jevin
White,Tony,Polansky,Joleen,White,Clay
White,Kimberly,Polansky,Gabriel,White,Jevin
White,Trevor,Polansky,Joleen,White,Clay
White,Estefania,Polansky,Gabriel,White,Jevin
White,Bryant,Polansky,Joleen,White,Clay
Harrison,Asha,Polansky,Elijah,Harrison,Tayler
White,Patric,Polansky,Joleen,White,Clay
Harrison,Tasia,Polansky,Elijah,Harrison,Tayler
White,Karl,Polansky,Gabriel,White,Jevin
Harrison,Savanah,Polansky,Elijah,Harrison,Tayler
White,Jerome,Polansky,Gabriel,White,Jevin
Harrison,Anthony,Polansky,Elijah,Harrison,Tayler
White,Edwin,Polansky,Gabriel,White,Jevin
Harrison,Gabriella,Polansky,Helena,Harrison,Dreshaun
White,Demarco,Polansky,Gabriel,White,Jevin
Harrison,Imani,Polansky,Lydia,Harrison,Daniel
Harrison,Benito,Polansky,Elijah,Harrison,Tayler
Harrison,Xiomara,Polansky,Lydia,Harrison,Daniel
Harrison,Kirk,Polansky,Elijah,Harrison,Tayler
Harrison,Queen,Polansky,Lydia,Harrison,Daniel
Harrison,Bill,Polansky,Elijah,Harrison,Tayler
Harrison,Cristal,Polansky,Lydia,Harrison,Daniel
Harrison,Devan,Polansky,Helena,Harrison,Dreshaun
Harrison,Alexia,Polansky,Breonna,Harrison,Rodney
Harrison,Morgan,Polansky,Helena,Harrison,Dreshaun
Harrison,Siarra,Polansky,Breonna,Harrison,Rodney
Harrison,Kolton,Polansky,Lydia,Harrison,Daniel
Harrison,Celia,Polansky,Breonna,Harrison,Rodney
Harrison,Kenyon,Polansky,Lydia,Harrison,Daniel
Harrison,Ramona,Polansky,Breonna,Harrison,Rodney
Harrison,Efren,Polansky,Lydia,Harrison,Daniel
Harrison,Jaden,Polansky,Breonna,Harrison,Rodney
Harrison,Wylie,Polansky,Lydia,Harrison,Daniel
Harrison,Xochitl,Polansky,Breonna,Harrison,Rodney
Harrison,Cade,Polansky,Lydia,Harrison,Daniel
Harrison,Corinne,Polansky,Breonna,Harrison,Rodney
Harrison,Jeffery,Polansky,Lydia,Harrison,Daniel
Harrison,Xandria,Polansky,Breonna,Harrison,Rodney
Harrison,Randy,Polansky,Lydia,Harrison,Daniel
Harrison,Alondra,Polansky,Breonna,Harrison,Rodney
