Polansky,Lionel,Veach,Stephany,Polansky,Payton
Mitchell,Rochelle,Grabe,Evangelina,Mitchell,Nickolas
Currie,Randall,Searfoss,Kitana,Currie,Frederick
Chiao,Fatima,Sullivan,Kenzie,Chiao,Victor
Taylor,Camden,McCool,Angelique,Taylor,Luke
Weber,Zoey,Kennedy,Nina,Weber,Travis
Cernan,Sammie,Brand,Kiara,Cernan,Peyton
Hartsfield,Yadira,Gorie,Tianna,Hartsfield,Demetrius
Wetherbee,Tom,Fullerton,Stella,Wetherbee,Fred
Pffaff,Chantelle,Frick,Casandra,Pffaff,Luciano
Ewing,Shemar,Duffy,Tiffani,Ewing,Bryan
Pflugel,Frances,Bagian,Maura,Pflugel,Osvaldo
Morin,Donald,Casper,Suzanne,Morin,Gordon
Stewart,Kaylie,Mattingly,Baylee,Stewart,Alexander
Lounge,Lorenzo,Lockhart,Darcy,Lounge,Tyrell
Griggs,Reyna,Scobee,Baily,Griggs,Kalon
Lousma,Griffin,Creighton,Tiffanie,Lousma,Rashaun
Edwards,Chelsea,Swanson,Kaytlyn,Edwards,Chase
Walz,Jonathon,Duffy,Diamond,Walz,Ali
Irwin,Emilee,Grunsfeld,Marisela,Irwin,Clay
Young,Johnathon,Carter,Patsy,Young,Raheem
Kilrain,Giovanna,Springer,Lourdes,Kilrain,Sterling
Cooper,Leonardo,Frump,Theresa,Cooper,Tysen
Hilliard,Marlee,McNair,Makala,Hilliard,Alexandro
Mastracchio,Marvin,Chamitoff,Athena,Mastracchio,Jorge
Lawrence,Alyson,Cunningham,Edith,Lawrence,Tobias
Gernhardt,Denzell,Haise,Coralys,Gernhardt,Brodie
Burbank,Laurel,Stefanyshyn,Mattie,Burbank,Bryce
Polansky,Deleon,Mitchell,Rochelle,Polansky,Lionel
See,Sadia,McBride,Tarah,See,Erich
Polansky,Charlie,Mitchell,Rochelle,Polansky,Lionel
Sturckow,Shayla,Truman,Jillian,Sturckow,Justice
Polansky,Brett,Mitchell,Rochelle,Polansky,Lionel
Polansky,Anika,Mitchell,Rochelle,Polansky,Lionel
Polansky,Al,Mitchell,Rochelle,Polansky,Lionel
Polansky,Karena,Mitchell,Rochelle,Polansky,Lionel
Polansky,Lauren,Mitchell,Rochelle,Polansky,Lionel
Currie,Bailee,Chiao,Fatima,Currie,Randall
Polansky,Billy,Mitchell,Rochelle,Polansky,Lionel
Currie,Maricarmen,Chiao,Fatima,Currie,Randall
Polansky,Travis,Mitchell,Rochelle,Polansky,Lionel
Currie,Kaytlyn,Chiao,Fatima,Currie,Randall
Polansky,Fred,Mitchell,Rochelle,Polansky,Lionel
Currie,Alysia,Chiao,Fatima,Currie,Randall
Polansky,Cullen,Mitchell,Rochelle,Polansky,Lionel
Currie,Amanda,Chiao,Fatima,Currie,Randall
Polansky,Quinton,Mitchell,Rochelle,Polansky,Lionel
Currie,Lea,Chiao,Fatima,Currie,Randall
Polansky,Cade,Mitchell,Rochelle,Polansky,Lionel
Taylor,Mariana,Weber,Zoey,Taylor,Camden
Currie,Dion,Chiao,Fatima,Currie,Randall
Taylor,Mckinzie,Weber,Zoey,Taylor,Camden
Currie,Graham,Chiao,Fatima,Currie,Randall
Cernan,Yajayra,Hartsfield,Yadira,Cernan,Sammie
Currie,Vinh,Chiao,Fatima,Currie,Randall
Cernan,Shanyce,Hartsfield,Yadira,Cernan,Sammie
Currie,Tyson,Chiao,Fatima,Currie,Randall
Cernan,Brandi,Hartsfield,Yadira,Cernan,Sammie
Currie,Skylar,Chiao,Fatima,Currie,Randall
Cernan,Rachelle,Hartsfield,Yadira,Cernan,Sammie
Currie,Bradlee,Chiao,Fatima,Currie,Randall
Cernan,Francisca,Hartsfield,Yadira,Cernan,Sammie
Currie,Kamau,Chiao,Fatima,Currie,Randall
Cernan,Linnea,Hartsfield,Yadira,Cernan,Sammie
Currie,Jayson,Chiao,Fatima,Currie,Randall
Cernan,Ayla,Hartsfield,Yadira,Cernan,Sammie
Currie,Quintyn,Chiao,Fatima,Currie,Randall
Cernan,Luna,Hartsfield,Yadira,Cernan,Sammie
Currie,Darius,Chiao,Fatima,Currie,Randall
Cernan,Diamond,Hartsfield,Yadira,Cernan,Sammie
Taylor,Kirkland,Weber,Zoey,Taylor,Camden
Wetherbee,Kerri,Pffaff,Chantelle,Wetherbee,Tom
Taylor,Bretton,Weber,Zoey,Taylor,Camden
Wetherbee,Heavenly,Pffaff,Chantelle,Wetherbee,Tom
Taylor,Logan,Weber,Zoey,Taylor,Camden
Wetherbee,Regan,Pffaff,Chantelle,Wetherbee,Tom
Taylor,Shan,Weber,Zoey,Taylor,Camden
Wetherbee,Mariela,Pffaff,Chantelle,Wetherbee,Tom
Taylor,Yakov,Weber,Zoey,Taylor,Camden
Ewing,Arianna,Pflugel,Frances,Ewing,Shemar
Cernan,Kyle,Hartsfield,Yadira,Cernan,Sammie
Ewing,Jensen,Pflugel,Frances,Ewing,Shemar
Cernan,Royce,Hartsfield,Yadira,Cernan,Sammie
Morin,Stormy,Stewart,Kaylie,Morin,Donald
Cernan,Jakob,Hartsfield,Yadira,Cernan,Sammie
Morin,Aria,Stewart,Kaylie,Morin,Donald
Cernan,Jashua,Hartsfield,Yadira,Cernan,Sammie
Morin,Sabreen,Stewart,Kaylie,Morin,Donald
Cernan,Barrett,Hartsfield,Yadira,Cernan,Sammie
Morin,Britney,Stewart,Kaylie,Morin,Donald
Cernan,Patric,Hartsfield,Yadira,Cernan,Sammie
Morin,Macy,Stewart,Kaylie,Morin,Donald
Cernan,Hiram,Hartsfield,Yadira,Cernan,Sammie
Morin,Mercedes,Stewart,Kaylie,Morin,Donald
Cernan,Greyson,Hartsfield,Yadira,Cernan,Sammie
Morin,Alma,Stewart,Kaylie,Morin,Donald
Cernan,Dyllon,Hartsfield,Yadira,Cernan,Sammie
Morin,Zoe,Stewart,Kaylie,Morin,Donald
Wetherbee,Dylan,Pffaff,Chantelle,Wetherbee,Tom
Morin,Lianna,Stewart,Kaylie,Morin,Donald
Wetherbee,Jawaun,Pffaff,Chantelle,Wetherbee,Tom
Morin,Bryanna,Stewart,Kaylie,Morin,Donald
Wetherbee,Pierce,Pffaff,Chantelle,Wetherbee,Tom
Lounge,Rocio,Griggs,Reyna,Lounge,Lorenzo
Wetherbee,Philip,Pffaff,Chantelle,Wetherbee,Tom
Lounge,Jenae,Griggs,Reyna,Lounge,Lorenzo
Wetherbee,Augustus,Pffaff,Chantelle,Wetherbee,Tom
Lounge,Cherokee,Griggs,Reyna,Lounge,Lorenzo
Wetherbee,Mohammed,Pffaff,Chantelle,Wetherbee,Tom
Lounge,Carra,Griggs,Reyna,Lounge,Lorenzo
Ewing,Devaughn,Pflugel,Frances,Ewing,Shemar
Lounge,Jewel,Griggs,Reyna,Lounge,Lorenzo
Ewing,Rayquan,Pflugel,Frances,Ewing,Shemar
Lousma,Makayla,Edwards,Chelsea,Lousma,Griffin
Ewing,Lukas,Pflugel,Frances,Ewing,Shemar
Lousma,Shauna,Edwards,Chelsea,Lousma,Griffin
Ewing,Nicolas,Pflugel,Frances,Ewing,Shemar
Lousma,Shane,Edwards,Chelsea,Lousma,Griffin
Morin,Sammie,Stewart,Kaylie,Morin,Donald
Lousma,Amy,Edwards,Chelsea,Lousma,Griffin
Morin,Nicolas,Stewart,Kaylie,Morin,Donald
Lousma,Greer,Edwards,Chelsea,Lousma,Griffin
Morin,Chaim,Stewart,Kaylie,Morin,Donald
Lousma,Salena,Edwards,Chelsea,Lousma,Griffin
Morin,Marquise,Stewart,Kaylie,Morin,Donald
Walz,Kourtney,Irwin,Emilee,Walz,Jonathon
Morin,Ernesto,Stewart,Kaylie,Morin,Donald
Walz,Stephanie,Irwin,Emilee,Walz,Jonathon
Morin,Bradley,Stewart,Kaylie,Morin,Donald
Walz,Danielle,Irwin,Emilee,Walz,Jonathon
Morin,Elvin,Stewart,Kaylie,Morin,Donald
Young,Carla,Kilrain,Giovanna,Young,Johnathon
Morin,Alan,Stewart,Kaylie,Morin,Donald
Young,Mackenna,Kilrain,Giovanna,Young,Johnathon
Morin,Johnny,Stewart,Kaylie,Morin,Donald
Young,Cassidy,Kilrain,Giovanna,Young,Johnathon
Morin,Adan,Stewart,Kaylie,Morin,Donald
Young,Margaret,Kilrain,Giovanna,Young,Johnathon
Lounge,Ignacio,Griggs,Reyna,Lounge,Lorenzo
Young,Mia,Kilrain,Giovanna,Young,Johnathon
Lousma,Michal,Edwards,Chelsea,Lousma,Griffin
Young,Harley,Kilrain,Giovanna,Young,Johnathon
Lousma,Jajuan,Edwards,Chelsea,Lousma,Griffin
Young,Destiney,Kilrain,Giovanna,Young,Johnathon
Lousma,Martin,Edwards,Chelsea,Lousma,Griffin
Cooper,Karen,Hilliard,Marlee,Cooper,Leonardo
Lousma,Jarred,Edwards,Chelsea,Lousma,Griffin
Cooper,Shaniah,Hilliard,Marlee,Cooper,Leonardo
Walz,Stefan,Irwin,Emilee,Walz,Jonathon
Cooper,Stefanie,Hilliard,Marlee,Cooper,Leonardo
Walz,Gary,Irwin,Emilee,Walz,Jonathon
Cooper,Iris,Hilliard,Marlee,Cooper,Leonardo
Walz,Simon,Irwin,Emilee,Walz,Jonathon
Cooper,Brianne,Hilliard,Marlee,Cooper,Leonardo
Young,Sebastian,Kilrain,Giovanna,Young,Johnathon
Cooper,Priscilla,Hilliard,Marlee,Cooper,Leonardo
Young,Angelo,Kilrain,Giovanna,Young,Johnathon
Cooper,Heidy,Hilliard,Marlee,Cooper,Leonardo
Young,Ricardo,Kilrain,Giovanna,Young,Johnathon
Mastracchio,Synthia,Lawrence,Alyson,Mastracchio,Marvin
Young,Jair,Kilrain,Giovanna,Young,Johnathon
Gernhardt,Michel,Burbank,Laurel,Gernhardt,Denzell
Young,Caleb,Kilrain,Giovanna,Young,Johnathon
Gernhardt,Noel,Burbank,Laurel,Gernhardt,Denzell
Young,Jackson,Kilrain,Giovanna,Young,Johnathon
Gernhardt,Kyana,Burbank,Laurel,Gernhardt,Denzell
Young,Wade,Kilrain,Giovanna,Young,Johnathon
Gernhardt,Gabrielle,Burbank,Laurel,Gernhardt,Denzell
Young,Dyllon,Kilrain,Giovanna,Young,Johnathon
Gernhardt,Tiffani,Burbank,Laurel,Gernhardt,Denzell
Young,Nelson,Kilrain,Giovanna,Young,Johnathon
Gernhardt,Tyra,Burbank,Laurel,Gernhardt,Denzell
Young,Kristopher,Kilrain,Giovanna,Young,Johnathon
Polansky,Chelsey,See,Sadia,Polansky,Deleon
Young,Keenan,Kilrain,Giovanna,Young,Johnathon
Polansky,Deja,See,Sadia,Polansky,Deleon
Young,Idris,Kilrain,Giovanna,Young,Johnathon
Polansky,Jodie,See,Sadia,Polansky,Deleon
Young,Zackary,Kilrain,Giovanna,Young,Johnathon
Polansky,Alessandra,See,Sadia,Polansky,Deleon
Cooper,Kylan,Hilliard,Marlee,Cooper,Leonardo
Polansky,Kaitlynn,See,Sadia,Polansky,Deleon
Cooper,Adalberto,Hilliard,Marlee,Cooper,Leonardo
Polansky,Eryn,See,Sadia,Polansky,Deleon
Cooper,Zackary,Hilliard,Marlee,Cooper,Leonardo
Polansky,Tia,See,Sadia,Polansky,Deleon
Cooper,Jacky,Hilliard,Marlee,Cooper,Leonardo
Polansky,Kaytlin,Sturckow,Shayla,Polansky,Charlie
Cooper,Ben,Hilliard,Marlee,Cooper,Leonardo
Polansky,Taelor,Sturckow,Shayla,Polansky,Charlie
Cooper,Dillon,Hilliard,Marlee,Cooper,Leonardo
Polansky,Alani,Sturckow,Shayla,Polansky,Charlie
Mastracchio,Alan,Lawrence,Alyson,Mastracchio,Marvin
Polansky,Maren,Sturckow,Shayla,Polansky,Charlie
Mastracchio,Christophe,Lawrence,Alyson,Mastracchio,Marvin
Polansky,Edith,Sturckow,Shayla,Polansky,Charlie
Mastracchio,Dakotah,Lawrence,Alyson,Mastracchio,Marvin
Polansky,Shekinah,Sturckow,Shayla,Polansky,Charlie
Mastracchio,Alden,Lawrence,Alyson,Mastracchio,Marvin
Polansky,Judy,Sturckow,Shayla,Polansky,Charlie
Mastracchio,Gustavo,Lawrence,Alyson,Mastracchio,Marvin
Polansky,Jana,Currie,Bailee,Polansky,Brett
Mastracchio,Devin,Lawrence,Alyson,Mastracchio,Marvin
Polansky,Tatiana,Currie,Bailee,Polansky,Brett
Mastracchio,Cody,Lawrence,Alyson,Mastracchio,Marvin
Polansky,Elisa,Currie,Bailee,Polansky,Brett
Mastracchio,Hector,Lawrence,Alyson,Mastracchio,Marvin
Polansky,Valencia,Currie,Bailee,Polansky,Brett
Mastracchio,Montana,Lawrence,Alyson,Mastracchio,Marvin
Polansky,Linnea,Currie,Bailee,Polansky,Brett
Mastracchio,Ernesto,Lawrence,Alyson,Mastracchio,Marvin
Polansky,Gabriele,Currie,Maricarmen,Polansky,Al
Gernhardt,Nathaniel,Burbank,Laurel,Gernhardt,Denzell
Polansky,Ladaysha,Currie,Maricarmen,Polansky,Al
Gernhardt,Jimmy,Burbank,Laurel,Gernhardt,Denzell
Polansky,Nia,Currie,Maricarmen,Polansky,Al
Gernhardt,Diego,Burbank,Laurel,Gernhardt,Denzell
Polansky,Shawna,Currie,Maricarmen,Polansky,Al
Gernhardt,Damon,Burbank,Laurel,Gernhardt,Denzell
Polansky,Janice,Currie,Maricarmen,Polansky,Al
Gernhardt,Edward,Burbank,Laurel,Gernhardt,Denzell
Polansky,Jadah,Currie,Kaytlyn,Polansky,Lauren
Gernhardt,Angelo,Burbank,Laurel,Gernhardt,Denzell
Polansky,Rosemarie,Currie,Kaytlyn,Polansky,Lauren
Polansky,Brody,See,Sadia,Polansky,Deleon
Polansky,Ashly,Currie,Kaytlyn,Polansky,Lauren
Polansky,Anibal,See,Sadia,Polansky,Deleon
Polansky,Alice,Currie,Kaytlyn,Polansky,Lauren
Polansky,Josiah,See,Sadia,Polansky,Deleon
Polansky,Mckayla,Currie,Alysia,Polansky,Billy
Polansky,Jacques,See,Sadia,Polansky,Deleon
Polansky,Sarahmarie,Currie,Alysia,Polansky,Billy
Polansky,Caleb,See,Sadia,Polansky,Deleon
Polansky,Madalyn,Currie,Alysia,Polansky,Billy
Polansky,Jacori,See,Sadia,Polansky,Deleon
Polansky,Angelika,Currie,Alysia,Polansky,Billy
Polansky,Tayler,Sturckow,Shayla,Polansky,Charlie
Polansky,Kiarra,Currie,Alysia,Polansky,Billy
Polansky,Jonah,Sturckow,Shayla,Polansky,Charlie
Polansky,Allie,Currie,Alysia,Polansky,Billy
Polansky,George,Sturckow,Shayla,Polansky,Charlie
Polansky,Ayanna,Currie,Alysia,Polansky,Billy
Polansky,Quincy,Sturckow,Shayla,Polansky,Charlie
Polansky,Kylie,Currie,Amanda,Polansky,Travis
Polansky,Jamie,Sturckow,Shayla,Polansky,Charlie
Polansky,Chantel,Currie,Amanda,Polansky,Travis
Polansky,Jasen,Sturckow,Shayla,Polansky,Charlie
Polansky,Fatima,Currie,Amanda,Polansky,Travis
Polansky,Johnathon,Currie,Bailee,Polansky,Brett
Polansky,Kiersten,Currie,Amanda,Polansky,Travis
Polansky,Hayden,Currie,Bailee,Polansky,Brett
Polansky,Rubi,Currie,Amanda,Polansky,Travis
Polansky,Devonta,Currie,Bailee,Polansky,Brett
Polansky,Haylee,Currie,Lea,Polansky,Fred
Polansky,Jevon,Currie,Maricarmen,Polansky,Al
Polansky,Naomi,Taylor,Mariana,Polansky,Cullen
Polansky,Garin,Currie,Maricarmen,Polansky,Al
Polansky,Taylor,Taylor,Mariana,Polansky,Cullen
Polansky,Bret,Currie,Maricarmen,Polansky,Al
Polansky,Tracy,Taylor,Mariana,Polansky,Cullen
Polansky,Sean,Currie,Maricarmen,Polansky,Al
Polansky,Jada,Taylor,Mariana,Polansky,Cullen
Polansky,Dane,Currie,Maricarmen,Polansky,Al
Polansky,Barbara,Taylor,Mariana,Polansky,Cullen
Polansky,Ty,Currie,Maricarmen,Polansky,Al
Polansky,Gladys,Taylor,Mariana,Polansky,Cullen
Polansky,Alberto,Currie,Maricarmen,Polansky,Al
Polansky,Jamee,Taylor,Mariana,Polansky,Cullen
Polansky,Sedrick,Currie,Maricarmen,Polansky,Al
Polansky,Bryn,Taylor,Mckinzie,Polansky,Quinton
Polansky,Erich,Currie,Maricarmen,Polansky,Al
Polansky,Shawn,Taylor,Mckinzie,Polansky,Quinton
Polansky,Collin,Currie,Kaytlyn,Polansky,Lauren
Polansky,Tyler,Taylor,Mckinzie,Polansky,Quinton
Polansky,Aidan,Currie,Kaytlyn,Polansky,Lauren
Polansky,Rita,Taylor,Mckinzie,Polansky,Quinton
Polansky,Glenn,Currie,Kaytlyn,Polansky,Lauren
Polansky,Blair,Cernan,Yajayra,Polansky,Cade
Polansky,Ladarius,Currie,Kaytlyn,Polansky,Lauren
Polansky,Jania,Cernan,Yajayra,Polansky,Cade
Polansky,Paris,Currie,Kaytlyn,Polansky,Lauren
Polansky,Alysa,Cernan,Yajayra,Polansky,Cade
Polansky,Jamir,Currie,Kaytlyn,Polansky,Lauren
Polansky,Jaymi,Cernan,Yajayra,Polansky,Cade
Polansky,Gideon,Currie,Alysia,Polansky,Billy
Polansky,Shamaria,Cernan,Yajayra,Polansky,Cade
Polansky,Armani,Currie,Alysia,Polansky,Billy
Currie,Nicolle,Polansky,Anika,Currie,Dion
Polansky,Khalid,Currie,Alysia,Polansky,Billy
Currie,Noelle,Polansky,Anika,Currie,Dion
Polansky,Oneil,Currie,Alysia,Polansky,Billy
Currie,Jaymi,Polansky,Anika,Currie,Dion
Polansky,Hayes,Currie,Alysia,Polansky,Billy
Currie,Linnea,Polansky,Karena,Currie,Graham
Polansky,Neil,Currie,Alysia,Polansky,Billy
Currie,Erika,Polansky,Karena,Currie,Graham
Polansky,Jeffery,Currie,Amanda,Polansky,Travis
Currie,Khaila,Polansky,Karena,Currie,Graham
Polansky,Harrison,Currie,Amanda,Polansky,Travis
Currie,Lourdes,Cernan,Shanyce,Currie,Vinh
Polansky,Shaquille,Currie,Amanda,Polansky,Travis
Currie,Marcia,Cernan,Shanyce,Currie,Vinh
Polansky,Darian,Currie,Amanda,Polansky,Travis
Currie,Emily,Cernan,Brandi,Currie,Tyson
Polansky,Andy,Currie,Amanda,Polansky,Travis
Currie,Kimberly,Cernan,Brandi,Currie,Tyson
Polansky,Willie,Currie,Amanda,Polansky,Travis
Currie,Meagan,Cernan,Brandi,Currie,Tyson
Polansky,Theodore,Currie,Amanda,Polansky,Travis
Currie,Shaina,Cernan,Brandi,Currie,Tyson
Polansky,Britton,Currie,Lea,Polansky,Fred
Currie,Leticia,Cernan,Brandi,Currie,Tyson
Polansky,Allan,Currie,Lea,Polansky,Fred
Currie,Kristen,Cernan,Brandi,Currie,Tyson
Polansky,Jarrod,Taylor,Mariana,Polansky,Cullen
Currie,Jalen,Cernan,Brandi,Currie,Tyson
Polansky,Javen,Taylor,Mariana,Polansky,Cullen
Currie,Aireona,Cernan,Brandi,Currie,Tyson
Polansky,Austyn,Taylor,Mckinzie,Polansky,Quinton
Currie,Francisca,Cernan,Brandi,Currie,Tyson
Polansky,David,Taylor,Mckinzie,Polansky,Quinton
Currie,Renee,Cernan,Rachelle,Currie,Skylar
Polansky,Nicholas,Taylor,Mckinzie,Polansky,Quinton
Currie,Kaylin,Cernan,Rachelle,Currie,Skylar
Polansky,Stephen,Taylor,Mckinzie,Polansky,Quinton
Currie,Mckenzie,Cernan,Rachelle,Currie,Skylar
Polansky,Brock,Cernan,Yajayra,Polansky,Cade
Currie,Alexandria,Cernan,Rachelle,Currie,Skylar
Polansky,Matthew,Cernan,Yajayra,Polansky,Cade
Currie,Melisa,Cernan,Rachelle,Currie,Skylar
Polansky,Isaac,Cernan,Yajayra,Polansky,Cade
Currie,Cara,Cernan,Rachelle,Currie,Skylar
Polansky,Howard,Cernan,Yajayra,Polansky,Cade
Currie,Kendal,Cernan,Francisca,Currie,Bradlee
Polansky,Dan,Cernan,Yajayra,Polansky,Cade
Currie,Analisa,Cernan,Francisca,Currie,Bradlee
Polansky,Conor,Cernan,Yajayra,Polansky,Cade
Currie,Madalyn,Cernan,Francisca,Currie,Bradlee
Currie,Dillon,Polansky,Anika,Currie,Dion
Currie,Christina,Cernan,Francisca,Currie,Bradlee
Currie,Francesco,Polansky,Anika,Currie,Dion
Currie,Zoi,Cernan,Francisca,Currie,Bradlee
Currie,Norman,Polansky,Anika,Currie,Dion
Currie,Jada,Cernan,Linnea,Currie,Kamau
Currie,Montana,Polansky,Anika,Currie,Dion
Currie,Kaira,Cernan,Linnea,Currie,Kamau
Currie,Bret,Polansky,Anika,Currie,Dion
Currie,Jania,Cernan,Linnea,Currie,Kamau
Currie,Earl,Polansky,Anika,Currie,Dion
Currie,Shiloh,Cernan,Linnea,Currie,Kamau
Currie,Alejandro,Polansky,Anika,Currie,Dion
Currie,Jessenia,Cernan,Linnea,Currie,Kamau
Currie,Abdiel,Polansky,Anika,Currie,Dion
Currie,Deja,Cernan,Linnea,Currie,Kamau
Currie,Marielle,Polansky,Karena,Currie,Graham
Currie,Melody,Cernan,Linnea,Currie,Kamau
Currie,Marquise,Polansky,Karena,Currie,Graham
Currie,Madelyne,Cernan,Linnea,Currie,Kamau
Currie,Landen,Polansky,Karena,Currie,Graham
Currie,Tessa,Cernan,Ayla,Currie,Jayson
Currie,Jordin,Polansky,Karena,Currie,Graham
Currie,Christian,Cernan,Ayla,Currie,Jayson
Currie,Camron,Polansky,Karena,Currie,Graham
Currie,Marli,Cernan,Ayla,Currie,Jayson
Currie,Clifford,Polansky,Karena,Currie,Graham
Currie,Carissa,Cernan,Luna,Currie,Quintyn
Currie,Devan,Polansky,Karena,Currie,Graham
Currie,Jamee,Cernan,Luna,Currie,Quintyn
Currie,Bronson,Cernan,Shanyce,Currie,Vinh
Currie,Lindsay,Cernan,Luna,Currie,Quintyn
Currie,Kieran,Cernan,Shanyce,Currie,Vinh
Currie,Yamilex,Cernan,Luna,Currie,Quintyn
Currie,Layne,Cernan,Brandi,Currie,Tyson
Currie,Lakeisha,Cernan,Luna,Currie,Quintyn
Currie,Camden,Cernan,Brandi,Currie,Tyson
Currie,Lorena,Cernan,Luna,Currie,Quintyn
Currie,Jair,Cernan,Brandi,Currie,Tyson
Currie,Trevor,Cernan,Diamond,Currie,Darius
Currie,Elias,Cernan,Brandi,Currie,Tyson
Currie,Sunny,Cernan,Diamond,Currie,Darius
Currie,Dallas,Cernan,Brandi,Currie,Tyson
Currie,Kyle,Cernan,Diamond,Currie,Darius
Currie,Joe,Cernan,Brandi,Currie,Tyson
Currie,Essence,Cernan,Diamond,Currie,Darius
Currie,Jaylin,Cernan,Rachelle,Currie,Skylar
Taylor,Klee,Wetherbee,Kerri,Taylor,Kirkland
Currie,Zachariah,Cernan,Rachelle,Currie,Skylar
Taylor,Mindy,Wetherbee,Kerri,Taylor,Kirkland
Currie,Malik,Cernan,Rachelle,Currie,Skylar
Taylor,Katlyn,Wetherbee,Kerri,Taylor,Kirkland
Currie,Chaim,Cernan,Rachelle,Currie,Skylar
Taylor,Stephany,Wetherbee,Kerri,Taylor,Kirkland
Currie,Reece,Cernan,Francisca,Currie,Bradlee
Taylor,Sade,Wetherbee,Kerri,Taylor,Kirkland
Currie,Spenser,Cernan,Francisca,Currie,Bradlee
Taylor,Krysta,Wetherbee,Kerri,Taylor,Kirkland
Currie,Jakob,Cernan,Francisca,Currie,Bradlee
Taylor,Katy,Wetherbee,Heavenly,Taylor,Bretton
Currie,Erich,Cernan,Francisca,Currie,Bradlee
Taylor,Yamilex,Wetherbee,Heavenly,Taylor,Bretton
Currie,Roland,Cernan,Francisca,Currie,Bradlee
Taylor,Jaymee,Wetherbee,Heavenly,Taylor,Bretton
Currie,Salvador,Cernan,Linnea,Currie,Kamau
Taylor,Riley,Wetherbee,Regan,Taylor,Logan
Currie,Denver,Cernan,Linnea,Currie,Kamau
Taylor,Kinsey,Wetherbee,Regan,Taylor,Logan
Currie,Jovan,Cernan,Linnea,Currie,Kamau
Taylor,Felicia,Wetherbee,Regan,Taylor,Logan
Currie,Joel,Cernan,Linnea,Currie,Kamau
Taylor,Farrah,Wetherbee,Regan,Taylor,Logan
Currie,Davon,Cernan,Linnea,Currie,Kamau
Taylor,Kaila,Wetherbee,Regan,Taylor,Logan
Currie,Wanya,Cernan,Linnea,Currie,Kamau
Taylor,Gabriel,Wetherbee,Regan,Taylor,Logan
Currie,Adan,Cernan,Linnea,Currie,Kamau
Taylor,Raegan,Wetherbee,Regan,Taylor,Logan
Currie,Jaron,Cernan,Ayla,Currie,Jayson
Taylor,Nakia,Wetherbee,Regan,Taylor,Logan
Currie,Mohamad,Cernan,Ayla,Currie,Jayson
Taylor,Clara,Wetherbee,Regan,Taylor,Logan
Currie,Maximilian,Cernan,Ayla,Currie,Jayson
Taylor,Amanda,Wetherbee,Mariela,Taylor,Shan
Currie,Tyrone,Cernan,Ayla,Currie,Jayson
Taylor,Dayna,Wetherbee,Mariela,Taylor,Shan
Currie,Simon,Cernan,Ayla,Currie,Jayson
Taylor,Noel,Wetherbee,Mariela,Taylor,Shan
Currie,Carlos,Cernan,Ayla,Currie,Jayson
Taylor,Brecken,Wetherbee,Mariela,Taylor,Shan
Currie,Menachem,Cernan,Ayla,Currie,Jayson
Taylor,Esmeralda,Wetherbee,Mariela,Taylor,Shan
Currie,Kody,Cernan,Ayla,Currie,Jayson
Taylor,Bridgette,Wetherbee,Mariela,Taylor,Shan
Currie,Bradly,Cernan,Ayla,Currie,Jayson
Taylor,Estefany,Ewing,Arianna,Taylor,Yakov
Currie,Lashawn,Cernan,Luna,Currie,Quintyn
Taylor,Talia,Ewing,Arianna,Taylor,Yakov
Currie,Soren,Cernan,Diamond,Currie,Darius
Taylor,Holly,Ewing,Arianna,Taylor,Yakov
Currie,Emmanuel,Cernan,Diamond,Currie,Darius
Taylor,Mikala,Ewing,Arianna,Taylor,Yakov
Currie,Kirkland,Cernan,Diamond,Currie,Darius
Taylor,Milena,Ewing,Arianna,Taylor,Yakov
Currie,Sebastien,Cernan,Diamond,Currie,Darius
Cernan,Micah,Ewing,Jensen,Cernan,Kyle
Currie,Terry,Cernan,Diamond,Currie,Darius
Cernan,Kelley,Ewing,Jensen,Cernan,Kyle
Taylor,Darien,Wetherbee,Kerri,Taylor,Kirkland
Cernan,Rebekah,Morin,Stormy,Cernan,Royce
Taylor,Brad,Wetherbee,Kerri,Taylor,Kirkland
Cernan,Diana,Morin,Stormy,Cernan,Royce
Taylor,Gerald,Wetherbee,Kerri,Taylor,Kirkland
Cernan,Julianne,Morin,Stormy,Cernan,Royce
Taylor,Lamonte,Wetherbee,Kerri,Taylor,Kirkland
Cernan,Jackie,Morin,Stormy,Cernan,Royce
Taylor,Alexandro,Wetherbee,Kerri,Taylor,Kirkland
Cernan,Luisa,Morin,Stormy,Cernan,Royce
Taylor,Jarred,Wetherbee,Heavenly,Taylor,Bretton
Cernan,Deserae,Morin,Stormy,Cernan,Royce
Taylor,Norman,Wetherbee,Regan,Taylor,Logan
Cernan,Xandria,Morin,Stormy,Cernan,Royce
Taylor,Fernando,Wetherbee,Regan,Taylor,Logan
Cernan,Alyssa,Morin,Aria,Cernan,Jakob
Taylor,Byron,Wetherbee,Regan,Taylor,Logan
Cernan,Carla,Morin,Aria,Cernan,Jakob
Taylor,Zachariah,Wetherbee,Regan,Taylor,Logan
Cernan,Eileen,Morin,Sabreen,Cernan,Jashua
Taylor,Spencer,Wetherbee,Mariela,Taylor,Shan
Cernan,Katy,Morin,Sabreen,Cernan,Jashua
Taylor,Weston,Wetherbee,Mariela,Taylor,Shan
Cernan,Tori,Morin,Sabreen,Cernan,Jashua
Taylor,Garrett,Wetherbee,Mariela,Taylor,Shan
Cernan,Haylie,Morin,Sabreen,Cernan,Jashua
Taylor,Israel,Wetherbee,Mariela,Taylor,Shan
Cernan,Evelyn,Morin,Sabreen,Cernan,Jashua
Taylor,Benjamin,Wetherbee,Mariela,Taylor,Shan
Cernan,Lydia,Morin,Sabreen,Cernan,Jashua
Taylor,Lance,Wetherbee,Mariela,Taylor,Shan
Cernan,Mattea,Morin,Sabreen,Cernan,Jashua
Taylor,Angelo,Ewing,Arianna,Taylor,Yakov
Cernan,Paulina,Morin,Sabreen,Cernan,Jashua
Taylor,Jorge,Ewing,Arianna,Taylor,Yakov
Cernan,Bridget,Morin,Sabreen,Cernan,Jashua
Taylor,Giovanni,Ewing,Arianna,Taylor,Yakov
Cernan,Jeanette,Morin,Sabreen,Cernan,Jashua
Taylor,Darrell,Ewing,Arianna,Taylor,Yakov
Cernan,Trinity,Morin,Sabreen,Cernan,Jashua
Taylor,Fred,Ewing,Arianna,Taylor,Yakov
Cernan,Miriam,Morin,Sabreen,Cernan,Jashua
Cernan,Elmer,Ewing,Jensen,Cernan,Kyle
Cernan,Lexy,Morin,Sabreen,Cernan,Jashua
Cernan,Westley,Ewing,Jensen,Cernan,Kyle
Cernan,Tiffany,Morin,Sabreen,Cernan,Jashua
Cernan,Donte,Ewing,Jensen,Cernan,Kyle
Cernan,Claudia,Morin,Britney,Cernan,Barrett
Cernan,Aspen,Ewing,Jensen,Cernan,Kyle
Cernan,Shaina,Morin,Britney,Cernan,Barrett
Cernan,Joshua,Ewing,Jensen,Cernan,Kyle
Cernan,Janie,Morin,Macy,Cernan,Patric
Cernan,Cristobal,Ewing,Jensen,Cernan,Kyle
Cernan,Kyla,Morin,Macy,Cernan,Patric
Cernan,Jacques,Ewing,Jensen,Cernan,Kyle
Cernan,Monica,Morin,Macy,Cernan,Patric
Cernan,Brice,Ewing,Jensen,Cernan,Kyle
Cernan,Mikyla,Morin,Macy,Cernan,Patric
Cernan,Albert,Morin,Stormy,Cernan,Royce
Cernan,Cristina,Morin,Macy,Cernan,Patric
Cernan,Kurtis,Morin,Stormy,Cernan,Royce
Cernan,Nicolette,Morin,Macy,Cernan,Patric
Cernan,Keion,Morin,Stormy,Cernan,Royce
Cernan,Sara,Morin,Macy,Cernan,Patric
Cernan,Alexander,Morin,Stormy,Cernan,Royce
Cernan,Josey,Morin,Macy,Cernan,Patric
Cernan,Leonard,Morin,Stormy,Cernan,Royce
Cernan,Amari,Morin,Macy,Cernan,Patric
Cernan,River,Morin,Stormy,Cernan,Royce
Cernan,Lyndsey,Morin,Macy,Cernan,Patric
Cernan,Noel,Morin,Stormy,Cernan,Royce
Cernan,Britney,Morin,Macy,Cernan,Patric
Cernan,Fred,Morin,Aria,Cernan,Jakob
Cernan,Kaitlynn,Morin,Macy,Cernan,Patric
Cernan,Hayden,Morin,Aria,Cernan,Jakob
Cernan,Yessica,Morin,Macy,Cernan,Patric
Cernan,Izaiah,Morin,Sabreen,Cernan,Jashua
Cernan,Promise,Morin,Mercedes,Cernan,Hiram
Cernan,Lamar,Morin,Sabreen,Cernan,Jashua
Cernan,Dania,Morin,Mercedes,Cernan,Hiram
Cernan,Randall,Morin,Sabreen,Cernan,Jashua
Cernan,Tatianna,Morin,Mercedes,Cernan,Hiram
Cernan,Jeramie,Morin,Sabreen,Cernan,Jashua
Cernan,Lora,Morin,Alma,Cernan,Greyson
Cernan,Ever,Morin,Sabreen,Cernan,Jashua
Cernan,Lucy,Morin,Alma,Cernan,Greyson
Cernan,Deondre,Morin,Sabreen,Cernan,Jashua
Cernan,Felisha,Morin,Alma,Cernan,Greyson
Cernan,Kirkland,Morin,Britney,Cernan,Barrett
Cernan,Heavenly,Morin,Alma,Cernan,Greyson
Cernan,Montana,Morin,Britney,Cernan,Barrett
Cernan,Marcela,Morin,Alma,Cernan,Greyson
Cernan,Deon,Morin,Britney,Cernan,Barrett
Cernan,Mary,Morin,Zoe,Cernan,Dyllon
Cernan,Braden,Morin,Britney,Cernan,Barrett
Wetherbee,Destany,Morin,Lianna,Wetherbee,Dylan
Cernan,Kaleb,Morin,Britney,Cernan,Barrett
Wetherbee,Irene,Morin,Lianna,Wetherbee,Dylan
Cernan,Skyler,Morin,Macy,Cernan,Patric
Wetherbee,Michaela,Morin,Bryanna,Wetherbee,Jawaun
Cernan,Wanya,Morin,Macy,Cernan,Patric
Wetherbee,Stacey,Morin,Bryanna,Wetherbee,Jawaun
Cernan,Marcello,Morin,Macy,Cernan,Patric
Wetherbee,Gabriele,Morin,Bryanna,Wetherbee,Jawaun
Cernan,Landin,Morin,Macy,Cernan,Patric
Wetherbee,Sylvia,Morin,Bryanna,Wetherbee,Jawaun
Cernan,Devonte,Morin,Macy,Cernan,Patric
Wetherbee,Kirstin,Morin,Bryanna,Wetherbee,Jawaun
Cernan,Enoch,Morin,Mercedes,Cernan,Hiram
Wetherbee,Jenae,Lounge,Rocio,Wetherbee,Pierce
Cernan,Markus,Morin,Alma,Cernan,Greyson
Wetherbee,Melinda,Lounge,Rocio,Wetherbee,Pierce
Cernan,Cameron,Morin,Alma,Cernan,Greyson
Wetherbee,Chase,Lounge,Rocio,Wetherbee,Pierce
Cernan,Shamar,Morin,Alma,Cernan,Greyson
Wetherbee,Macey,Lounge,Rocio,Wetherbee,Pierce
Cernan,Justin,Morin,Alma,Cernan,Greyson
Wetherbee,Keyondra,Lounge,Rocio,Wetherbee,Pierce
Cernan,Jonah,Morin,Alma,Cernan,Greyson
Wetherbee,Rian,Lounge,Rocio,Wetherbee,Pierce
Cernan,Kylan,Morin,Alma,Cernan,Greyson
Wetherbee,Kaytlin,Lounge,Rocio,Wetherbee,Pierce
Cernan,Sterling,Morin,Alma,Cernan,Greyson
Wetherbee,Makenzie,Lounge,Jenae,Wetherbee,Philip
Cernan,Emerson,Morin,Alma,Cernan,Greyson
Wetherbee,Aileen,Lounge,Jenae,Wetherbee,Philip
Cernan,Branden,Morin,Alma,Cernan,Greyson
Wetherbee,Sharae,Lounge,Jenae,Wetherbee,Philip
Cernan,Zaquan,Morin,Zoe,Cernan,Dyllon
Wetherbee,Danica,Lounge,Jenae,Wetherbee,Philip
Cernan,Truman,Morin,Zoe,Cernan,Dyllon
Wetherbee,Casandra,Lounge,Cherokee,Wetherbee,Augustus
Cernan,Jaime,Morin,Zoe,Cernan,Dyllon
Wetherbee,Monika,Lounge,Cherokee,Wetherbee,Augustus
Wetherbee,Raekwon,Morin,Lianna,Wetherbee,Dylan
Wetherbee,Iesha,Lounge,Cherokee,Wetherbee,Augustus
Wetherbee,Taylor,Morin,Lianna,Wetherbee,Dylan
Wetherbee,Kendra,Lounge,Cherokee,Wetherbee,Augustus
Wetherbee,Chance,Morin,Lianna,Wetherbee,Dylan
Wetherbee,Haylee,Lounge,Cherokee,Wetherbee,Augustus
Wetherbee,Maleek,Morin,Lianna,Wetherbee,Dylan
Wetherbee,Irma,Lounge,Cherokee,Wetherbee,Augustus
Wetherbee,Seamus,Morin,Lianna,Wetherbee,Dylan
Wetherbee,Kendyl,Lounge,Cherokee,Wetherbee,Augustus
Wetherbee,Bretton,Morin,Lianna,Wetherbee,Dylan
Wetherbee,Kitana,Lounge,Cherokee,Wetherbee,Augustus
Wetherbee,Branden,Morin,Bryanna,Wetherbee,Jawaun
Wetherbee,Jabria,Lounge,Cherokee,Wetherbee,Augustus
Wetherbee,Adalberto,Morin,Bryanna,Wetherbee,Jawaun
Wetherbee,Klarisa,Lounge,Carra,Wetherbee,Mohammed
Wetherbee,Malachi,Morin,Bryanna,Wetherbee,Jawaun
Wetherbee,Keiarra,Lounge,Carra,Wetherbee,Mohammed
Wetherbee,Manuel,Morin,Bryanna,Wetherbee,Jawaun
Wetherbee,Kendall,Lounge,Carra,Wetherbee,Mohammed
Wetherbee,Orion,Morin,Bryanna,Wetherbee,Jawaun
Ewing,Alannah,Lounge,Jewel,Ewing,Devaughn
Wetherbee,Darrion,Morin,Bryanna,Wetherbee,Jawaun
Ewing,Aliyah,Lounge,Jewel,Ewing,Devaughn
Wetherbee,Micah,Morin,Bryanna,Wetherbee,Jawaun
Ewing,Xena,Lounge,Jewel,Ewing,Devaughn
Wetherbee,Darrin,Morin,Bryanna,Wetherbee,Jawaun
Ewing,Ansley,Lounge,Jewel,Ewing,Devaughn
Wetherbee,Steven,Lounge,Rocio,Wetherbee,Pierce
Ewing,Natalya,Lounge,Jewel,Ewing,Devaughn
Wetherbee,Gilbert,Lounge,Rocio,Wetherbee,Pierce
Ewing,Fiona,Lousma,Makayla,Ewing,Rayquan
Wetherbee,Frederic,Lounge,Jenae,Wetherbee,Philip
Ewing,Krysta,Lousma,Makayla,Ewing,Rayquan
Wetherbee,Elijah,Lounge,Jenae,Wetherbee,Philip
Ewing,Jessie,Lousma,Makayla,Ewing,Rayquan
Wetherbee,Jeffrey,Lounge,Cherokee,Wetherbee,Augustus
Ewing,Danica,Lousma,Makayla,Ewing,Rayquan
Wetherbee,Brent,Lounge,Cherokee,Wetherbee,Augustus
Ewing,Asya,Lousma,Makayla,Ewing,Rayquan
Wetherbee,Wilmer,Lounge,Cherokee,Wetherbee,Augustus
Ewing,Lynette,Lousma,Makayla,Ewing,Rayquan
Wetherbee,Shmuel,Lounge,Cherokee,Wetherbee,Augustus
Ewing,Debra,Lousma,Shauna,Ewing,Lukas
Wetherbee,Preston,Lounge,Cherokee,Wetherbee,Augustus
Ewing,Valentina,Lousma,Shane,Ewing,Nicolas
Wetherbee,Noe,Lounge,Cherokee,Wetherbee,Augustus
Ewing,Presley,Lousma,Shane,Ewing,Nicolas
Wetherbee,Sean,Lounge,Cherokee,Wetherbee,Augustus
Ewing,Leeann,Lousma,Shane,Ewing,Nicolas
Wetherbee,Mason,Lounge,Cherokee,Wetherbee,Augustus
Ewing,Breanne,Lousma,Shane,Ewing,Nicolas
Wetherbee,Caden,Lounge,Cherokee,Wetherbee,Augustus
Ewing,Maribel,Lousma,Shane,Ewing,Nicolas
Wetherbee,Destin,Lounge,Carra,Wetherbee,Mohammed
Ewing,Destiana,Lousma,Shane,Ewing,Nicolas
Wetherbee,Kerrick,Lounge,Carra,Wetherbee,Mohammed
Ewing,Kaylie,Lousma,Shane,Ewing,Nicolas
Wetherbee,Lloyd,Lounge,Carra,Wetherbee,Mohammed
Ewing,Octavia,Lousma,Shane,Ewing,Nicolas
Ewing,Dayton,Lounge,Jewel,Ewing,Devaughn
Ewing,Shakira,Lousma,Shane,Ewing,Nicolas
Ewing,Jordan,Lounge,Jewel,Ewing,Devaughn
Ewing,Sabrina,Lousma,Shane,Ewing,Nicolas
Ewing,Ayub,Lounge,Jewel,Ewing,Devaughn
Ewing,Laquisha,Lousma,Shane,Ewing,Nicolas
Ewing,Tyren,Lousma,Makayla,Ewing,Rayquan
Morin,Kayleen,Lousma,Amy,Morin,Sammie
Ewing,Grant,Lousma,Makayla,Ewing,Rayquan
Morin,Antonia,Lousma,Amy,Morin,Sammie
Ewing,Brady,Lousma,Makayla,Ewing,Rayquan
Morin,Claudia,Lousma,Greer,Morin,Nicolas
Ewing,Johnathon,Lousma,Makayla,Ewing,Rayquan
Morin,Morgen,Lousma,Greer,Morin,Nicolas
Ewing,Jeffery,Lousma,Shauna,Ewing,Lukas
Morin,Jayla,Lousma,Greer,Morin,Nicolas
Ewing,Deonte,Lousma,Shauna,Ewing,Lukas
Morin,Lizbeth,Lousma,Greer,Morin,Nicolas
Ewing,Gavin,Lousma,Shane,Ewing,Nicolas
Morin,Nakia,Lousma,Greer,Morin,Nicolas
Ewing,Reid,Lousma,Shane,Ewing,Nicolas
Morin,Amelia,Lousma,Greer,Morin,Nicolas
Ewing,Dexter,Lousma,Shane,Ewing,Nicolas
Morin,Kenya,Lousma,Greer,Morin,Nicolas
Ewing,Marcos,Lousma,Shane,Ewing,Nicolas
Morin,Kiesha,Lousma,Greer,Morin,Nicolas
Ewing,Alonso,Lousma,Shane,Ewing,Nicolas
Morin,Cayla,Lousma,Greer,Morin,Nicolas
Ewing,Manuel,Lousma,Shane,Ewing,Nicolas
Morin,Riley,Lousma,Greer,Morin,Nicolas
Morin,Daequan,Lousma,Amy,Morin,Sammie
Morin,Niki,Lousma,Greer,Morin,Nicolas
Morin,Jacob,Lousma,Amy,Morin,Sammie
Morin,Joceline,Lousma,Salena,Morin,Chaim
Morin,Darrell,Lousma,Greer,Morin,Nicolas
Morin,Taylorann,Lousma,Salena,Morin,Chaim
Morin,Oliver,Lousma,Greer,Morin,Nicolas
Morin,Nadine,Walz,Kourtney,Morin,Marquise
Morin,Dakotah,Lousma,Greer,Morin,Nicolas
Morin,Caitlynn,Walz,Kourtney,Morin,Marquise
Morin,Stefan,Lousma,Greer,Morin,Nicolas
Morin,Jessa,Walz,Kourtney,Morin,Marquise
Morin,Hunter,Lousma,Greer,Morin,Nicolas
Morin,Khaliah,Walz,Kourtney,Morin,Marquise
Morin,Isidro,Lousma,Greer,Morin,Nicolas
Morin,Dixie,Walz,Stephanie,Morin,Ernesto
Morin,Brayden,Lousma,Greer,Morin,Nicolas
Morin,Joselin,Walz,Stephanie,Morin,Ernesto
Morin,Junior,Lousma,Greer,Morin,Nicolas
Morin,Kristen,Walz,Stephanie,Morin,Ernesto
Morin,Roy,Lousma,Greer,Morin,Nicolas
Morin,Margarita,Walz,Stephanie,Morin,Ernesto
Morin,Dedrick,Lousma,Salena,Morin,Chaim
Morin,Maison,Walz,Stephanie,Morin,Ernesto
Morin,Corey,Walz,Kourtney,Morin,Marquise
Morin,Noah,Walz,Stephanie,Morin,Ernesto
Morin,Julio,Walz,Kourtney,Morin,Marquise
Morin,Anabel,Walz,Stephanie,Morin,Ernesto
Morin,Felipe,Walz,Kourtney,Morin,Marquise
Morin,Jensen,Walz,Stephanie,Morin,Ernesto
Morin,Quinn,Walz,Kourtney,Morin,Marquise
Morin,Maura,Walz,Stephanie,Morin,Ernesto
Morin,Cesar,Walz,Kourtney,Morin,Marquise
Morin,Kathryn,Walz,Stephanie,Morin,Ernesto
Morin,Leo,Walz,Kourtney,Morin,Marquise
Morin,Kara,Walz,Danielle,Morin,Bradley
Morin,Harry,Walz,Stephanie,Morin,Ernesto
Morin,Lilly,Walz,Danielle,Morin,Bradley
Morin,Jalil,Walz,Stephanie,Morin,Ernesto
Morin,Lila,Young,Carla,Morin,Elvin
Morin,Menachem,Walz,Stephanie,Morin,Ernesto
Morin,Marianne,Young,Carla,Morin,Elvin
Morin,Malcolm,Walz,Danielle,Morin,Bradley
Morin,Marion,Young,Carla,Morin,Elvin
Morin,Jules,Walz,Danielle,Morin,Bradley
Morin,Felicia,Young,Carla,Morin,Elvin
Morin,Esau,Walz,Danielle,Morin,Bradley
Morin,Lakeisha,Young,Carla,Morin,Elvin
Morin,Tyreek,Walz,Danielle,Morin,Bradley
Morin,Breanne,Young,Carla,Morin,Elvin
Morin,Marcos,Walz,Danielle,Morin,Bradley
Morin,Marelyn,Young,Carla,Morin,Elvin
Morin,Roland,Walz,Danielle,Morin,Bradley
Morin,Jaclyn,Young,Carla,Morin,Elvin
Morin,Leland,Walz,Danielle,Morin,Bradley
Morin,Lourdes,Young,Carla,Morin,Elvin
Morin,Maliki,Young,Carla,Morin,Elvin
Morin,Tania,Young,Carla,Morin,Elvin
Morin,Britton,Young,Carla,Morin,Elvin
Morin,Cristina,Young,Carla,Morin,Elvin
Morin,Travis,Young,Carla,Morin,Elvin
Morin,Meagan,Young,Mackenna,Morin,Alan
Morin,Lars,Young,Carla,Morin,Elvin
Morin,Maryann,Young,Mackenna,Morin,Alan
Morin,Lance,Young,Carla,Morin,Elvin
Morin,Trisha,Young,Mackenna,Morin,Alan
Morin,Tre,Young,Carla,Morin,Elvin
Morin,Stella,Young,Mackenna,Morin,Alan
Morin,Lionel,Young,Carla,Morin,Elvin
Morin,Kylee,Young,Mackenna,Morin,Alan
Morin,Spenser,Young,Carla,Morin,Elvin
Morin,Mayra,Young,Mackenna,Morin,Alan
Morin,Andre,Young,Carla,Morin,Elvin
Morin,Brianna,Young,Mackenna,Morin,Alan
Morin,Deandre,Young,Mackenna,Morin,Alan
Morin,Drew,Young,Mackenna,Morin,Alan
Morin,Campbell,Young,Mackenna,Morin,Alan
Morin,Yamilex,Young,Mackenna,Morin,Alan
Morin,Paris,Young,Mackenna,Morin,Alan
Morin,Karla,Young,Mackenna,Morin,Alan
Morin,Shlomo,Young,Mackenna,Morin,Alan
Morin,Kandice,Young,Cassidy,Morin,Johnny
Morin,Keagan,Young,Mackenna,Morin,Alan
Morin,Keanna,Young,Cassidy,Morin,Johnny
Morin,Hassan,Young,Mackenna,Morin,Alan
Morin,Giselle,Young,Cassidy,Morin,Johnny
Morin,Howard,Young,Mackenna,Morin,Alan
Morin,Amina,Young,Cassidy,Morin,Johnny
Morin,Dominique,Young,Mackenna,Morin,Alan
Morin,Sharae,Young,Cassidy,Morin,Johnny
Morin,Nigel,Young,Cassidy,Morin,Johnny
Morin,Cecelia,Young,Cassidy,Morin,Johnny
Morin,Alonso,Young,Cassidy,Morin,Johnny
Morin,Libby,Young,Cassidy,Morin,Johnny
Morin,Carson,Young,Cassidy,Morin,Johnny
Morin,Alondra,Young,Cassidy,Morin,Johnny
Morin,Bronson,Young,Cassidy,Morin,Johnny
Morin,Kianna,Young,Margaret,Morin,Adan
Morin,Tristin,Young,Cassidy,Morin,Johnny
Morin,Sharon,Young,Margaret,Morin,Adan
Morin,Harold,Young,Cassidy,Morin,Johnny
Morin,Essence,Young,Margaret,Morin,Adan
Morin,Kelton,Young,Cassidy,Morin,Johnny
Morin,Keyshla,Young,Margaret,Morin,Adan
Morin,Guadalupe,Young,Cassidy,Morin,Johnny
Morin,Marisela,Young,Margaret,Morin,Adan
Morin,Anthoni,Young,Cassidy,Morin,Johnny
Morin,Aundrea,Young,Margaret,Morin,Adan
Morin,Clarence,Young,Cassidy,Morin,Johnny
Morin,Brooke,Young,Margaret,Morin,Adan
Morin,Kristian,Young,Margaret,Morin,Adan
Lounge,Stefanie,Young,Mia,Lounge,Ignacio
Morin,Khalid,Young,Margaret,Morin,Adan
Lounge,Shamaria,Young,Mia,Lounge,Ignacio
Lounge,Joel,Young,Mia,Lounge,Ignacio
Lounge,Daniella,Young,Mia,Lounge,Ignacio
Lounge,Clayton,Young,Mia,Lounge,Ignacio
Lounge,Lucia,Young,Mia,Lounge,Ignacio
Lounge,Habram,Young,Mia,Lounge,Ignacio
Lounge,Jodie,Young,Mia,Lounge,Ignacio
Lounge,Kody,Young,Mia,Lounge,Ignacio
Lounge,Karyna,Young,Mia,Lounge,Ignacio
Lounge,Jarvis,Young,Mia,Lounge,Ignacio
Lounge,Makala,Young,Mia,Lounge,Ignacio
Lounge,Darnell,Young,Mia,Lounge,Ignacio
Lounge,Mandi,Young,Mia,Lounge,Ignacio
Lounge,Cullen,Young,Mia,Lounge,Ignacio
Lounge,Tiyanna,Young,Mia,Lounge,Ignacio
Lounge,Dantae,Young,Mia,Lounge,Ignacio
Lounge,Desiree,Young,Mia,Lounge,Ignacio
Lousma,Latrell,Young,Harley,Lousma,Michal
Lounge,Shelley,Young,Mia,Lounge,Ignacio
Lousma,Fabian,Young,Harley,Lousma,Michal
Lounge,Natalie,Young,Mia,Lounge,Ignacio
Lousma,Ariel,Young,Harley,Lousma,Michal
Lousma,Elexus,Young,Harley,Lousma,Michal
Lousma,Kenny,Young,Destiney,Lousma,Jajuan
Lousma,Molly,Young,Harley,Lousma,Michal
Lousma,Skyler,Young,Destiney,Lousma,Jajuan
Lousma,Niki,Young,Destiney,Lousma,Jajuan
Lousma,Grayson,Young,Destiney,Lousma,Jajuan
Lousma,Michaela,Young,Destiney,Lousma,Jajuan
Lousma,Deonta,Young,Destiney,Lousma,Jajuan
Lousma,Micayla,Young,Destiney,Lousma,Jajuan
Lousma,Neil,Young,Destiney,Lousma,Jajuan
Lousma,Maddison,Young,Destiney,Lousma,Jajuan
Lousma,Augustus,Cooper,Karen,Lousma,Martin
Lousma,Anahi,Young,Destiney,Lousma,Jajuan
Lousma,Jorge,Cooper,Shaniah,Lousma,Jarred
Lousma,Kirstin,Cooper,Karen,Lousma,Martin
Lousma,Gerard,Cooper,Shaniah,Lousma,Jarred
Lousma,Josey,Cooper,Karen,Lousma,Martin
Lousma,Kai,Cooper,Shaniah,Lousma,Jarred
Lousma,Jamiya,Cooper,Karen,Lousma,Martin
Lousma,Jarrod,Cooper,Shaniah,Lousma,Jarred
Lousma,Autumn,Cooper,Karen,Lousma,Martin
Walz,Geordan,Cooper,Stefanie,Walz,Stefan
Lousma,Caylin,Cooper,Karen,Lousma,Martin
Walz,Gunner,Cooper,Stefanie,Walz,Stefan
Lousma,Libby,Cooper,Karen,Lousma,Martin
Walz,Sergio,Cooper,Stefanie,Walz,Stefan
Lousma,Margo,Cooper,Shaniah,Lousma,Jarred
Walz,Erik,Cooper,Stefanie,Walz,Stefan
Lousma,Deandrea,Cooper,Shaniah,Lousma,Jarred
Walz,Shmuel,Cooper,Iris,Walz,Gary
Lousma,Geraldine,Cooper,Shaniah,Lousma,Jarred
Walz,Francisco,Cooper,Iris,Walz,Gary
Lousma,Lesly,Cooper,Shaniah,Lousma,Jarred
Walz,Elias,Cooper,Iris,Walz,Gary
Walz,Malia,Cooper,Stefanie,Walz,Stefan
Walz,Lamont,Cooper,Iris,Walz,Gary
Walz,Ryann,Cooper,Stefanie,Walz,Stefan
Walz,Mauricio,Cooper,Iris,Walz,Gary
Walz,Maire,Cooper,Stefanie,Walz,Stefan
Walz,Jacob,Cooper,Iris,Walz,Gary
Walz,Shelley,Cooper,Stefanie,Walz,Stefan
Walz,Irfan,Cooper,Brianne,Walz,Simon
Walz,Nia,Cooper,Stefanie,Walz,Stefan
Walz,Kahlil,Cooper,Brianne,Walz,Simon
Walz,Tyler,Cooper,Stefanie,Walz,Stefan
Walz,Alan,Cooper,Brianne,Walz,Simon
Walz,Marli,Cooper,Stefanie,Walz,Stefan
Walz,Rowan,Cooper,Brianne,Walz,Simon
Walz,Domonique,Cooper,Stefanie,Walz,Stefan
Young,Buford,Cooper,Priscilla,Young,Sebastian
Walz,Benita,Cooper,Stefanie,Walz,Stefan
Young,Darnell,Cooper,Priscilla,Young,Sebastian
Walz,Ilana,Cooper,Stefanie,Walz,Stefan
Young,Tyler,Cooper,Heidy,Young,Angelo
Walz,Anahi,Cooper,Iris,Walz,Gary
Young,Morgan,Cooper,Heidy,Young,Angelo
Walz,Kristyn,Cooper,Iris,Walz,Gary
Young,Nathanael,Cooper,Heidy,Young,Angelo
Walz,Annemarie,Cooper,Iris,Walz,Gary
Young,Baby,Mastracchio,Synthia,Young,Ricardo
Walz,Moesha,Cooper,Iris,Walz,Gary
Young,Claudio,Mastracchio,Synthia,Young,Ricardo
Walz,Shakira,Cooper,Brianne,Walz,Simon
Young,Calvin,Mastracchio,Synthia,Young,Ricardo
Walz,Kierstin,Cooper,Brianne,Walz,Simon
Young,Denzell,Mastracchio,Synthia,Young,Ricardo
Walz,Anita,Cooper,Brianne,Walz,Simon
Young,Troy,Mastracchio,Synthia,Young,Ricardo
Young,Mattie,Cooper,Priscilla,Young,Sebastian
Young,Tyreek,Mastracchio,Synthia,Young,Ricardo
Young,Alison,Cooper,Heidy,Young,Angelo
Young,Zackery,Mastracchio,Synthia,Young,Ricardo
Young,Analisa,Cooper,Heidy,Young,Angelo
Young,Brenton,Mastracchio,Synthia,Young,Ricardo
Young,Jazmine,Cooper,Heidy,Young,Angelo
Young,Jacob,Gernhardt,Michel,Young,Jair
Young,Emma,Cooper,Heidy,Young,Angelo
Young,Quentin,Gernhardt,Michel,Young,Jair
Young,Christa,Cooper,Heidy,Young,Angelo
Young,Shelby,Gernhardt,Michel,Young,Jair
Young,Cori,Cooper,Heidy,Young,Angelo
Young,Efrain,Gernhardt,Michel,Young,Jair
Young,Mollie,Cooper,Heidy,Young,Angelo
Young,Kalon,Gernhardt,Michel,Young,Jair
Young,Skylar,Cooper,Heidy,Young,Angelo
Young,Dexter,Gernhardt,Michel,Young,Jair
Young,Skye,Mastracchio,Synthia,Young,Ricardo
Young,Gilberto,Gernhardt,Michel,Young,Jair
Young,Yazmin,Mastracchio,Synthia,Young,Ricardo
Young,Maurice,Gernhardt,Noel,Young,Caleb
Young,Caroline,Mastracchio,Synthia,Young,Ricardo
Young,Dakotah,Gernhardt,Noel,Young,Caleb
Young,Connie,Mastracchio,Synthia,Young,Ricardo
Young,Johnathen,Gernhardt,Noel,Young,Caleb
Young,Melanie,Mastracchio,Synthia,Young,Ricardo
Young,Quinton,Gernhardt,Noel,Young,Caleb
Young,Chantal,Mastracchio,Synthia,Young,Ricardo
Young,Nicholaus,Gernhardt,Noel,Young,Caleb
Young,Annalisa,Gernhardt,Michel,Young,Jair
Young,Braden,Gernhardt,Noel,Young,Caleb
Young,Bobbie,Gernhardt,Michel,Young,Jair
Young,Dustin,Gernhardt,Noel,Young,Caleb
Young,Kaitlin,Gernhardt,Michel,Young,Jair
Young,Jermaine,Gernhardt,Noel,Young,Caleb
Young,Savana,Gernhardt,Michel,Young,Jair
Young,Dangelo,Gernhardt,Noel,Young,Caleb
Young,Adrianna,Gernhardt,Michel,Young,Jair
Young,Ibrahim,Gernhardt,Noel,Young,Caleb
Young,Kristyn,Gernhardt,Michel,Young,Jair
Young,Brennan,Gernhardt,Kyana,Young,Jackson
Young,Kitana,Gernhardt,Michel,Young,Jair
Young,Donte,Gernhardt,Kyana,Young,Jackson
Young,Rian,Gernhardt,Michel,Young,Jair
Young,Stevan,Gernhardt,Kyana,Young,Jackson
Young,Ixchel,Gernhardt,Michel,Young,Jair
Young,Tylar,Gernhardt,Gabrielle,Young,Wade
Young,Barbara,Gernhardt,Michel,Young,Jair
Young,Abdiel,Gernhardt,Gabrielle,Young,Wade
Young,Brielle,Gernhardt,Noel,Young,Caleb
Young,Ryan,Gernhardt,Gabrielle,Young,Wade
Young,Francis,Gernhardt,Noel,Young,Caleb
Young,Bennie,Gernhardt,Gabrielle,Young,Wade
Young,Haleigh,Gernhardt,Noel,Young,Caleb
Young,Kendall,Gernhardt,Gabrielle,Young,Wade
Young,Veronica,Gernhardt,Noel,Young,Caleb
Young,Humberto,Gernhardt,Gabrielle,Young,Wade
Young,Lakeisha,Gernhardt,Noel,Young,Caleb
Young,Jarrod,Gernhardt,Gabrielle,Young,Wade
Young,Kara,Gernhardt,Gabrielle,Young,Wade
Young,Hugo,Gernhardt,Gabrielle,Young,Wade
Young,Teagan,Gernhardt,Gabrielle,Young,Wade
Young,Sterling,Gernhardt,Gabrielle,Young,Wade
Young,Louisa,Gernhardt,Gabrielle,Young,Wade
Young,Kayvon,Gernhardt,Gabrielle,Young,Wade
Young,Tamra,Gernhardt,Gabrielle,Young,Wade
