Hoover,Andres,Tanner,Klee,Hoover,Myron
Lawrence,Patience,Franklin,Shane,Lawrence,Liam
Cutter,Rahim,Lousma,Keishla,Cutter,Reed
McKinley,Kathryn,Engle,Ashly,McKinley,Clinton
Halsell,Allen,Runco,Neda,Halsell,Francesco
Scobee,Leigh,Adams,Alyssa,Scobee,Walker
Noriega,Adan,Curbeam,Mariana,Noriega,Gabriel
Lindsey,Kristian,Engle,Queen,Lindsey,Brandon
Jemison,Mohamed,Frick,Annmarie,Jemison,Alden
Fincke,Beverly,Woodward,Susana,Fincke,Johnny
Melroy,German,Deckard,Aishah,Melroy,Eddie
Holmquest,Keyshla,Weitz,Taylorann,Holmquest,Griffin
Magnus,Romello,Gardner,Esmeralda,Magnus,Austin
Wilcutt,Kayla,Schweickart,Iesha,Wilcutt,Craig
Nixon,Joseph,O'Leary,Tatiana,Nixon,Preston
Hire,Aliyah,Fossum,Rosemarie,Hire,Patrick
Still,Jonathon,Pierce,Alexandria,Still,Douglas
Greene,Niyah,Lincoln,Nichole,Greene,Gabriel
Gemar,Cory,Forrester,Doris,Gemar,Benjamen
Loria,Maureen,Anderson,Keiarra,Loria,Douglas
Curbeam,Rolando,Onizuka,Dorothy,Curbeam,Spencer
Chilton,Yajaira,Spring,Kristine,Chilton,Jairo
Resnik,Alvin,Mitchell,Destany,Resnik,Jabari
Aldrin,Kailey,Jones,Lillie,Aldrin,Adrian
Hoover,George,Lawrence,Patience,Hoover,Andres
Lenoir,Zoi,Melvin,Tessa,Lenoir,Malik
Hoover,Andy,Lawrence,Patience,Hoover,Andres
Henricks,Daphne,Grant,Destiny,Henricks,Tad
Hoover,Bretton,Lawrence,Patience,Hoover,Andres
Stafford,Lorena,Currie,Norma,Stafford,Samual
Hoover,Maximillia,Lawrence,Patience,Hoover,Andres
Deckard,Robyn,Franklin,Ashlee,Deckard,Evan
Hoover,Brennen,Lawrence,Patience,Hoover,Andres
Cabana,Mallory,Hart,Estrella,Cabana,Blake
Hoover,Arnold,Lawrence,Patience,Hoover,Andres
Forrester,Harlie,Hayes,Candice,Forrester,Keith
Hoover,Cesar,Lawrence,Patience,Hoover,Andres
Hoover,Breona,Lawrence,Patience,Hoover,Andres
Hoover,Ulysses,Lawrence,Patience,Hoover,Andres
Hoover,Shelley,Lawrence,Patience,Hoover,Andres
Hoover,Deonta,Lawrence,Patience,Hoover,Andres
Hoover,Roxanne,Lawrence,Patience,Hoover,Andres
Hoover,Denzel,Lawrence,Patience,Hoover,Andres
Hoover,Carla,Lawrence,Patience,Hoover,Andres
Hoover,Niko,Lawrence,Patience,Hoover,Andres
Hoover,Shakira,Lawrence,Patience,Hoover,Andres
Cutter,Wilmer,McKinley,Kathryn,Cutter,Rahim
Hoover,Clare,Lawrence,Patience,Hoover,Andres
Cutter,Hayes,McKinley,Kathryn,Cutter,Rahim
Hoover,Lorena,Lawrence,Patience,Hoover,Andres
Cutter,Tyrell,McKinley,Kathryn,Cutter,Rahim
Hoover,Markia,Lawrence,Patience,Hoover,Andres
Cutter,Jessie,McKinley,Kathryn,Cutter,Rahim
Cutter,Stefanie,McKinley,Kathryn,Cutter,Rahim
Cutter,Tyran,McKinley,Kathryn,Cutter,Rahim
Cutter,Tiara,McKinley,Kathryn,Cutter,Rahim
Cutter,Zakery,McKinley,Kathryn,Cutter,Rahim
Cutter,Carmela,McKinley,Kathryn,Cutter,Rahim
Cutter,Mitchell,McKinley,Kathryn,Cutter,Rahim
Cutter,Stacie,McKinley,Kathryn,Cutter,Rahim
Cutter,William,McKinley,Kathryn,Cutter,Rahim
Cutter,Breonna,McKinley,Kathryn,Cutter,Rahim
Halsell,Jon,Scobee,Leigh,Halsell,Allen
Cutter,Shaina,McKinley,Kathryn,Cutter,Rahim
Halsell,Dominique,Scobee,Leigh,Halsell,Allen
Cutter,Symphony,McKinley,Kathryn,Cutter,Rahim
Halsell,Ramon,Scobee,Leigh,Halsell,Allen
Cutter,Nell,McKinley,Kathryn,Cutter,Rahim
Noriega,Owen,Lindsey,Kristian,Noriega,Adan
Halsell,Caylee,Scobee,Leigh,Halsell,Allen
Noriega,Lane,Lindsey,Kristian,Noriega,Adan
Noriega,Cailin,Lindsey,Kristian,Noriega,Adan
Noriega,Layne,Lindsey,Kristian,Noriega,Adan
Noriega,Elizabeth,Lindsey,Kristian,Noriega,Adan
Noriega,Danny,Lindsey,Kristian,Noriega,Adan
Noriega,Claire,Lindsey,Kristian,Noriega,Adan
Jemison,Junior,Fincke,Beverly,Jemison,Mohamed
Noriega,Nancy,Lindsey,Kristian,Noriega,Adan
Jemison,Dennis,Fincke,Beverly,Jemison,Mohamed
Noriega,Cody,Lindsey,Kristian,Noriega,Adan
Jemison,Alfonso,Fincke,Beverly,Jemison,Mohamed
Noriega,Tiffanie,Lindsey,Kristian,Noriega,Adan
Jemison,Nigel,Fincke,Beverly,Jemison,Mohamed
Noriega,Shyla,Lindsey,Kristian,Noriega,Adan
Jemison,Kareem,Fincke,Beverly,Jemison,Mohamed
Noriega,Mackenzie,Lindsey,Kristian,Noriega,Adan
Jemison,Toby,Fincke,Beverly,Jemison,Mohamed
Noriega,Kady,Lindsey,Kristian,Noriega,Adan
Jemison,Skylar,Fincke,Beverly,Jemison,Mohamed
Noriega,Mia,Lindsey,Kristian,Noriega,Adan
Jemison,Bryant,Fincke,Beverly,Jemison,Mohamed
Noriega,Brianna,Lindsey,Kristian,Noriega,Adan
Melroy,Rhett,Holmquest,Keyshla,Melroy,German
Noriega,Genevieve,Lindsey,Kristian,Noriega,Adan
Melroy,Dangelo,Holmquest,Keyshla,Melroy,German
Noriega,Margaret,Lindsey,Kristian,Noriega,Adan
Melroy,Jake,Holmquest,Keyshla,Melroy,German
Noriega,Banesa,Lindsey,Kristian,Noriega,Adan
Melroy,Roy,Holmquest,Keyshla,Melroy,German
Jemison,Beverly,Fincke,Beverly,Jemison,Mohamed
Melroy,Baby,Holmquest,Keyshla,Melroy,German
Jemison,Marilyn,Fincke,Beverly,Jemison,Mohamed
Melroy,Lawrence,Holmquest,Keyshla,Melroy,German
Jemison,Brooke,Fincke,Beverly,Jemison,Mohamed
Melroy,Jeremy,Holmquest,Keyshla,Melroy,German
Jemison,Joelle,Fincke,Beverly,Jemison,Mohamed
Melroy,Brendon,Holmquest,Keyshla,Melroy,German
Jemison,Kaycee,Fincke,Beverly,Jemison,Mohamed
Melroy,Myles,Holmquest,Keyshla,Melroy,German
Melroy,Berenice,Holmquest,Keyshla,Melroy,German
Magnus,Moses,Wilcutt,Kayla,Magnus,Romello
Melroy,Aylin,Holmquest,Keyshla,Melroy,German
Magnus,Justice,Wilcutt,Kayla,Magnus,Romello
Melroy,Kelci,Holmquest,Keyshla,Melroy,German
Magnus,Shan,Wilcutt,Kayla,Magnus,Romello
Melroy,Logan,Holmquest,Keyshla,Melroy,German
Magnus,Noe,Wilcutt,Kayla,Magnus,Romello
Melroy,Karishma,Holmquest,Keyshla,Melroy,German
Magnus,Gerard,Wilcutt,Kayla,Magnus,Romello
Melroy,Jordan,Holmquest,Keyshla,Melroy,German
Still,Daron,Greene,Niyah,Still,Jonathon
Melroy,Markia,Holmquest,Keyshla,Melroy,German
Still,Jan,Greene,Niyah,Still,Jonathon
Melroy,Tiara,Holmquest,Keyshla,Melroy,German
Still,Jayden,Greene,Niyah,Still,Jonathon
Melroy,Emerald,Holmquest,Keyshla,Melroy,German
Still,Menachem,Greene,Niyah,Still,Jonathon
Melroy,Kyana,Holmquest,Keyshla,Melroy,German
Still,Ricardo,Greene,Niyah,Still,Jonathon
Melroy,Ivana,Holmquest,Keyshla,Melroy,German
Still,Jarod,Greene,Niyah,Still,Jonathon
Magnus,Tanna,Wilcutt,Kayla,Magnus,Romello
Still,Donovan,Greene,Niyah,Still,Jonathon
Nixon,April,Hire,Aliyah,Nixon,Joseph
Gemar,Cameron,Loria,Maureen,Gemar,Cory
Nixon,Luna,Hire,Aliyah,Nixon,Joseph
Gemar,Donte,Loria,Maureen,Gemar,Cory
Nixon,Maricela,Hire,Aliyah,Nixon,Joseph
Gemar,Daron,Loria,Maureen,Gemar,Cory
Still,Brenna,Greene,Niyah,Still,Jonathon
Gemar,Antonio,Loria,Maureen,Gemar,Cory
Still,Melinda,Greene,Niyah,Still,Jonathon
Gemar,Tevin,Loria,Maureen,Gemar,Cory
Still,Clarissa,Greene,Niyah,Still,Jonathon
Gemar,Jace,Loria,Maureen,Gemar,Cory
Still,Brecken,Greene,Niyah,Still,Jonathon
Curbeam,Shaquille,Chilton,Yajaira,Curbeam,Rolando
Still,Camille,Greene,Niyah,Still,Jonathon
Curbeam,Ronnie,Chilton,Yajaira,Curbeam,Rolando
Still,Irene,Greene,Niyah,Still,Jonathon
Curbeam,Ezra,Chilton,Yajaira,Curbeam,Rolando
Still,Casey,Greene,Niyah,Still,Jonathon
Curbeam,Chaim,Chilton,Yajaira,Curbeam,Rolando
Still,Destini,Greene,Niyah,Still,Jonathon
Curbeam,Nigel,Chilton,Yajaira,Curbeam,Rolando
Still,Brigid,Greene,Niyah,Still,Jonathon
Curbeam,Noel,Chilton,Yajaira,Curbeam,Rolando
Still,Emerald,Greene,Niyah,Still,Jonathon
Curbeam,Brodie,Chilton,Yajaira,Curbeam,Rolando
Gemar,Autumn,Loria,Maureen,Gemar,Cory
Curbeam,Jamal,Chilton,Yajaira,Curbeam,Rolando
Gemar,Shanise,Loria,Maureen,Gemar,Cory
Resnik,Jamir,Aldrin,Kailey,Resnik,Alvin
Gemar,Marisela,Loria,Maureen,Gemar,Cory
Resnik,Bo,Aldrin,Kailey,Resnik,Alvin
Gemar,Jamee,Loria,Maureen,Gemar,Cory
Resnik,Patrick,Aldrin,Kailey,Resnik,Alvin
Gemar,Shae,Loria,Maureen,Gemar,Cory
Resnik,Benny,Aldrin,Kailey,Resnik,Alvin
Curbeam,Jaqueline,Chilton,Yajaira,Curbeam,Rolando
Resnik,Mickey,Aldrin,Kailey,Resnik,Alvin
Curbeam,Marcela,Chilton,Yajaira,Curbeam,Rolando
Hoover,Tristin,Lenoir,Zoi,Hoover,George
Curbeam,Kyndra,Chilton,Yajaira,Curbeam,Rolando
Hoover,Bill,Lenoir,Zoi,Hoover,George
Curbeam,Synthia,Chilton,Yajaira,Curbeam,Rolando
Hoover,Bret,Lenoir,Zoi,Hoover,George
Resnik,Julianne,Aldrin,Kailey,Resnik,Alvin
Hoover,Wylie,Lenoir,Zoi,Hoover,George
Hoover,Rosemary,Lenoir,Zoi,Hoover,George
Hoover,Carlos,Lenoir,Zoi,Hoover,George
Hoover,Marilyn,Lenoir,Zoi,Hoover,George
Hoover,Winston,Lenoir,Zoi,Hoover,George
Hoover,Khaliah,Lenoir,Zoi,Hoover,George
Hoover,Aspen,Lenoir,Zoi,Hoover,George
Hoover,Bobbie,Lenoir,Zoi,Hoover,George
Hoover,Brendan,Henricks,Daphne,Hoover,Andy
Hoover,Alissa,Lenoir,Zoi,Hoover,George
Hoover,Emmanuel,Henricks,Daphne,Hoover,Andy
Hoover,Kiesha,Lenoir,Zoi,Hoover,George
Hoover,Martin,Henricks,Daphne,Hoover,Andy
Hoover,Naomi,Lenoir,Zoi,Hoover,George
Hoover,Jace,Stafford,Lorena,Hoover,Bretton
Hoover,Kinsey,Lenoir,Zoi,Hoover,George
Hoover,Leo,Stafford,Lorena,Hoover,Bretton
Hoover,India,Lenoir,Zoi,Hoover,George
Hoover,Harry,Stafford,Lorena,Hoover,Bretton
Hoover,Molli,Lenoir,Zoi,Hoover,George
Hoover,Raekwon,Stafford,Lorena,Hoover,Bretton
Hoover,Adrianna,Stafford,Lorena,Hoover,Bretton
Hoover,Lamonte,Stafford,Lorena,Hoover,Bretton
Hoover,Nathalie,Stafford,Lorena,Hoover,Bretton
Hoover,Yobani,Deckard,Robyn,Hoover,Maximillia
Hoover,Alisa,Stafford,Lorena,Hoover,Bretton
Hoover,Dakotah,Deckard,Robyn,Hoover,Maximillia
Hoover,Madeline,Stafford,Lorena,Hoover,Bretton
Hoover,Hayden,Cabana,Mallory,Hoover,Brennen
Hoover,Nichelle,Deckard,Robyn,Hoover,Maximillia
Hoover,Vernon,Cabana,Mallory,Hoover,Brennen
Hoover,Gloria,Cabana,Mallory,Hoover,Brennen
Hoover,Bobby,Cabana,Mallory,Hoover,Brennen
Hoover,Kiara,Cabana,Mallory,Hoover,Brennen
Hoover,Jakob,Cabana,Mallory,Hoover,Brennen
Hoover,Janessa,Cabana,Mallory,Hoover,Brennen
Hoover,Jonah,Cabana,Mallory,Hoover,Brennen
Hoover,London,Cabana,Mallory,Hoover,Brennen
Hoover,Cedric,Cabana,Mallory,Hoover,Brennen
Hoover,Nina,Cabana,Mallory,Hoover,Brennen
Hoover,Sedrick,Cabana,Mallory,Hoover,Brennen
Hoover,Jessa,Cabana,Mallory,Hoover,Brennen
Hoover,Rand,Forrester,Harlie,Hoover,Arnold
Hoover,Maribel,Cabana,Mallory,Hoover,Brennen
Hoover,Gunner,Forrester,Harlie,Hoover,Arnold
Hoover,Genesis,Forrester,Harlie,Hoover,Arnold
Hoover,Chad,Forrester,Harlie,Hoover,Arnold
Hoover,Christine,Forrester,Harlie,Hoover,Arnold
Hoover,Clayton,Forrester,Harlie,Hoover,Arnold
Hoover,Shanyce,Forrester,Harlie,Hoover,Arnold
Hoover,Reese,Cutter,Stefanie,Hoover,Cesar
Hoover,Elena,Forrester,Harlie,Hoover,Arnold
Hoover,Dorian,Cutter,Stefanie,Hoover,Cesar
Hoover,Yamilex,Cutter,Stefanie,Hoover,Cesar
Hoover,Ivan,Cutter,Stefanie,Hoover,Cesar
Hoover,Itati,Cutter,Stefanie,Hoover,Cesar
Hoover,Patric,Cutter,Tiara,Hoover,Ulysses
Hoover,Pamela,Cutter,Stefanie,Hoover,Cesar
Hoover,Daequan,Cutter,Tiara,Hoover,Ulysses
Hoover,Luisa,Cutter,Tiara,Hoover,Ulysses
Hoover,Rory,Cutter,Carmela,Hoover,Deonta
Hoover,Marcela,Cutter,Carmela,Hoover,Deonta
Hoover,Danny,Cutter,Carmela,Hoover,Deonta
Hoover,Cortney,Cutter,Carmela,Hoover,Deonta
Hoover,Emerson,Cutter,Carmela,Hoover,Deonta
Hoover,Rosalinda,Cutter,Carmela,Hoover,Deonta
Hoover,Kerrick,Cutter,Carmela,Hoover,Deonta
Hoover,Shanise,Cutter,Carmela,Hoover,Deonta
Hoover,Johnathen,Cutter,Carmela,Hoover,Deonta
Hoover,Arielle,Cutter,Carmela,Hoover,Deonta
Hoover,Rene,Cutter,Carmela,Hoover,Deonta
Hoover,Tiani,Cutter,Carmela,Hoover,Deonta
Hoover,Geoffrey,Cutter,Carmela,Hoover,Deonta
Hoover,Ali,Cutter,Carmela,Hoover,Deonta
Hoover,Rayvon,Cutter,Carmela,Hoover,Deonta
Hoover,Xena,Cutter,Stacie,Hoover,Denzel
Hoover,Dennis,Cutter,Carmela,Hoover,Deonta
Hoover,Gladys,Cutter,Stacie,Hoover,Denzel
Hoover,Byron,Cutter,Stacie,Hoover,Denzel
Hoover,Chantel,Cutter,Stacie,Hoover,Denzel
Hoover,Colbey,Cutter,Stacie,Hoover,Denzel
Hoover,Janelle,Cutter,Stacie,Hoover,Denzel
Hoover,Brenden,Cutter,Stacie,Hoover,Denzel
Hoover,Kirstin,Cutter,Stacie,Hoover,Denzel
Hoover,Luke,Cutter,Stacie,Hoover,Denzel
Hoover,Nora,Cutter,Stacie,Hoover,Denzel
Hoover,Stephen,Cutter,Stacie,Hoover,Denzel
Hoover,Jensen,Cutter,Stacie,Hoover,Denzel
Hoover,Jed,Cutter,Stacie,Hoover,Denzel
Hoover,Elisa,Cutter,Stacie,Hoover,Denzel
Hoover,Marquise,Cutter,Stacie,Hoover,Denzel
Hoover,Briana,Cutter,Stacie,Hoover,Denzel
Hoover,Stevan,Cutter,Breonna,Hoover,Niko
Hoover,Sara,Cutter,Stacie,Hoover,Denzel
Hoover,Dustin,Cutter,Breonna,Hoover,Niko
Hoover,Emerald,Cutter,Breonna,Hoover,Niko
Hoover,Aiden,Cutter,Breonna,Hoover,Niko
Hoover,Edith,Cutter,Breonna,Hoover,Niko
Cutter,Manuel,Hoover,Breona,Cutter,Wilmer
Hoover,Bayleigh,Cutter,Breonna,Hoover,Niko
Cutter,German,Hoover,Breona,Cutter,Wilmer
Cutter,Bryana,Hoover,Breona,Cutter,Wilmer
Cutter,Conor,Hoover,Breona,Cutter,Wilmer
Cutter,Daniela,Hoover,Breona,Cutter,Wilmer
Cutter,Torey,Hoover,Breona,Cutter,Wilmer
Cutter,Martha,Hoover,Breona,Cutter,Wilmer
Cutter,Kurt,Hoover,Breona,Cutter,Wilmer
Cutter,Alexandrea,Hoover,Breona,Cutter,Wilmer
Cutter,Quintin,Hoover,Breona,Cutter,Wilmer
Cutter,Noah,Hoover,Breona,Cutter,Wilmer
Cutter,Noel,Hoover,Breona,Cutter,Wilmer
Cutter,Randi,Hoover,Breona,Cutter,Wilmer
Cutter,Peyton,Hoover,Shelley,Cutter,Hayes
Cutter,Bree,Hoover,Shelley,Cutter,Hayes
Cutter,Todd,Hoover,Shelley,Cutter,Hayes
Cutter,Alma,Hoover,Shelley,Cutter,Hayes
Cutter,Yovani,Hoover,Shelley,Cutter,Hayes
Cutter,Kiera,Hoover,Shelley,Cutter,Hayes
Cutter,Westley,Hoover,Shelley,Cutter,Hayes
Cutter,Estefani,Hoover,Shelley,Cutter,Hayes
Cutter,Hudson,Hoover,Shelley,Cutter,Hayes
Cutter,Adele,Hoover,Shelley,Cutter,Hayes
Cutter,Marques,Hoover,Shelley,Cutter,Hayes
Cutter,Madalyn,Hoover,Shelley,Cutter,Hayes
Cutter,Tylar,Hoover,Shelley,Cutter,Hayes
Cutter,Margarita,Hoover,Shelley,Cutter,Hayes
Cutter,Joel,Hoover,Roxanne,Cutter,Tyrell
Cutter,Marlena,Hoover,Shelley,Cutter,Hayes
Cutter,Corey,Hoover,Roxanne,Cutter,Tyrell
Cutter,Chantal,Hoover,Roxanne,Cutter,Tyrell
Cutter,Brett,Hoover,Roxanne,Cutter,Tyrell
Cutter,Kimberly,Hoover,Roxanne,Cutter,Tyrell
Cutter,Dylan,Hoover,Carla,Cutter,Jessie
Cutter,Josie,Hoover,Roxanne,Cutter,Tyrell
Cutter,Terron,Hoover,Carla,Cutter,Jessie
Cutter,Raquel,Hoover,Roxanne,Cutter,Tyrell
Cutter,Mohammed,Hoover,Carla,Cutter,Jessie
Cutter,Dasia,Hoover,Roxanne,Cutter,Tyrell
Cutter,Remington,Hoover,Carla,Cutter,Jessie
Cutter,Arlene,Hoover,Roxanne,Cutter,Tyrell
Cutter,Cullen,Hoover,Shakira,Cutter,Tyran
Cutter,Kendyl,Hoover,Carla,Cutter,Jessie
Cutter,Dalton,Hoover,Shakira,Cutter,Tyran
Cutter,Isabelle,Hoover,Carla,Cutter,Jessie
Cutter,Demonte,Hoover,Shakira,Cutter,Tyran
Cutter,Itzel,Hoover,Carla,Cutter,Jessie
Cutter,Logan,Hoover,Clare,Cutter,Zakery
Cutter,Joi,Hoover,Carla,Cutter,Jessie
Cutter,Taylor,Hoover,Clare,Cutter,Zakery
Cutter,Elyse,Hoover,Carla,Cutter,Jessie
Cutter,Ever,Hoover,Clare,Cutter,Zakery
Cutter,Patricia,Hoover,Carla,Cutter,Jessie
Cutter,Tony,Hoover,Clare,Cutter,Zakery
Cutter,Kandice,Hoover,Carla,Cutter,Jessie
Cutter,Trae,Hoover,Clare,Cutter,Zakery
Cutter,Jaden,Hoover,Carla,Cutter,Jessie
Cutter,Jayce,Hoover,Clare,Cutter,Zakery
Cutter,Becca,Hoover,Carla,Cutter,Jessie
Cutter,Eduardo,Hoover,Clare,Cutter,Zakery
Cutter,Aerial,Hoover,Carla,Cutter,Jessie
Cutter,Stephen,Hoover,Clare,Cutter,Zakery
Cutter,Coralys,Hoover,Shakira,Cutter,Tyran
Cutter,Rhett,Hoover,Clare,Cutter,Zakery
Cutter,Sarai,Hoover,Shakira,Cutter,Tyran
Cutter,Fernando,Hoover,Clare,Cutter,Zakery
Cutter,Ana,Hoover,Shakira,Cutter,Tyran
Cutter,Dontae,Hoover,Lorena,Cutter,Mitchell
Cutter,Tamisha,Hoover,Shakira,Cutter,Tyran
Cutter,Miguel,Hoover,Lorena,Cutter,Mitchell
Cutter,Reyanna,Hoover,Shakira,Cutter,Tyran
Cutter,Gonzalo,Hoover,Lorena,Cutter,Mitchell
Cutter,Ashli,Hoover,Clare,Cutter,Zakery
Cutter,Trevon,Hoover,Lorena,Cutter,Mitchell
Cutter,Kaydee,Hoover,Clare,Cutter,Zakery
Cutter,Garrison,Hoover,Lorena,Cutter,Mitchell
Cutter,Debbie,Hoover,Clare,Cutter,Zakery
Cutter,Darren,Hoover,Lorena,Cutter,Mitchell
Cutter,Janna,Hoover,Clare,Cutter,Zakery
Cutter,Jaylin,Hoover,Lorena,Cutter,Mitchell
Cutter,Gilda,Hoover,Clare,Cutter,Zakery
Cutter,Garett,Hoover,Lorena,Cutter,Mitchell
Cutter,Mariela,Hoover,Clare,Cutter,Zakery
Cutter,Kai,Hoover,Lorena,Cutter,Mitchell
Cutter,Valeria,Hoover,Clare,Cutter,Zakery
Cutter,Chris,Hoover,Lorena,Cutter,Mitchell
Cutter,Kyla,Hoover,Clare,Cutter,Zakery
Cutter,Jose,Hoover,Markia,Cutter,William
Cutter,Allyssa,Hoover,Lorena,Cutter,Mitchell
Cutter,Landin,Hoover,Markia,Cutter,William
Cutter,Aliyah,Hoover,Lorena,Cutter,Mitchell
Halsell,Rene,Cutter,Shaina,Halsell,Jon
Cutter,Carmelita,Hoover,Lorena,Cutter,Mitchell
Halsell,Abdiel,Cutter,Shaina,Halsell,Jon
Cutter,Melanie,Hoover,Lorena,Cutter,Mitchell
Halsell,Spencer,Cutter,Shaina,Halsell,Jon
Cutter,Karissa,Hoover,Lorena,Cutter,Mitchell
Halsell,Andrew,Cutter,Shaina,Halsell,Jon
Cutter,Ali,Hoover,Lorena,Cutter,Mitchell
Halsell,Estevan,Cutter,Shaina,Halsell,Jon
Cutter,Jhane,Hoover,Lorena,Cutter,Mitchell
Halsell,Jade,Cutter,Shaina,Halsell,Jon
Cutter,Robin,Hoover,Lorena,Cutter,Mitchell
Halsell,Marcello,Cutter,Shaina,Halsell,Jon
Cutter,Coral,Hoover,Lorena,Cutter,Mitchell
Halsell,Clifford,Cutter,Symphony,Halsell,Dominique
Cutter,Isamar,Hoover,Markia,Cutter,William
Halsell,Garrison,Cutter,Symphony,Halsell,Dominique
Cutter,Jamie,Hoover,Markia,Cutter,William
Halsell,Cooper,Cutter,Symphony,Halsell,Dominique
Cutter,Christina,Hoover,Markia,Cutter,William
Halsell,Darren,Cutter,Symphony,Halsell,Dominique
Cutter,Shari,Hoover,Markia,Cutter,William
Halsell,Frankie,Cutter,Symphony,Halsell,Dominique
Halsell,Kimberly,Cutter,Shaina,Halsell,Jon
Halsell,Javier,Cutter,Symphony,Halsell,Dominique
Halsell,Annalie,Cutter,Shaina,Halsell,Jon
Halsell,Keanu,Cutter,Symphony,Halsell,Dominique
Halsell,Abbey,Cutter,Shaina,Halsell,Jon
Halsell,Yair,Cutter,Symphony,Halsell,Dominique
Halsell,Kelsi,Cutter,Shaina,Halsell,Jon
Halsell,Bret,Cutter,Symphony,Halsell,Dominique
Halsell,Kristin,Cutter,Shaina,Halsell,Jon
Halsell,Christen,Cutter,Symphony,Halsell,Dominique
Halsell,Makenzie,Cutter,Shaina,Halsell,Jon
Halsell,Dane,Cutter,Symphony,Halsell,Dominique
Halsell,Joyce,Cutter,Shaina,Halsell,Jon
Halsell,Slaten,Cutter,Symphony,Halsell,Dominique
Halsell,Rubi,Cutter,Shaina,Halsell,Jon
Halsell,Al,Cutter,Symphony,Halsell,Dominique
Halsell,Laurel,Cutter,Symphony,Halsell,Dominique
Halsell,Silas,Cutter,Symphony,Halsell,Dominique
Halsell,Clara,Cutter,Symphony,Halsell,Dominique
Halsell,Jace,Cutter,Symphony,Halsell,Dominique
Halsell,Kailee,Cutter,Symphony,Halsell,Dominique
Halsell,Sahil,Cutter,Nell,Halsell,Ramon
Halsell,Elena,Cutter,Symphony,Halsell,Dominique
Halsell,Zev,Cutter,Nell,Halsell,Ramon
Halsell,Camille,Cutter,Symphony,Halsell,Dominique
Halsell,Denzell,Cutter,Nell,Halsell,Ramon
Halsell,Siearra,Cutter,Nell,Halsell,Ramon
Halsell,Javon,Cutter,Nell,Halsell,Ramon
Halsell,Jean,Cutter,Nell,Halsell,Ramon
Noriega,Richie,Halsell,Caylee,Noriega,Owen
Halsell,Janice,Cutter,Nell,Halsell,Ramon
Noriega,Ismael,Halsell,Caylee,Noriega,Owen
Noriega,Breanne,Halsell,Caylee,Noriega,Owen
Noriega,Steven,Jemison,Beverly,Noriega,Lane
Noriega,Ashlynn,Halsell,Caylee,Noriega,Owen
Noriega,Tysheem,Jemison,Beverly,Noriega,Lane
Noriega,Kaitlyn,Halsell,Caylee,Noriega,Owen
Noriega,Amari,Jemison,Beverly,Noriega,Lane
Noriega,Desaree,Jemison,Beverly,Noriega,Lane
Noriega,Benjamen,Jemison,Marilyn,Noriega,Layne
Noriega,Mackenna,Jemison,Beverly,Noriega,Lane
Noriega,Daxton,Jemison,Marilyn,Noriega,Layne
Noriega,Erika,Jemison,Beverly,Noriega,Lane
Noriega,Frederick,Jemison,Marilyn,Noriega,Layne
Noriega,Lora,Jemison,Beverly,Noriega,Lane
Noriega,Valentin,Jemison,Marilyn,Noriega,Layne
Noriega,Kenia,Jemison,Beverly,Noriega,Lane
Noriega,Alonso,Jemison,Marilyn,Noriega,Layne
Noriega,Lexi,Jemison,Beverly,Noriega,Lane
Noriega,Jacori,Jemison,Brooke,Noriega,Danny
Noriega,Joceline,Jemison,Beverly,Noriega,Lane
Noriega,Kenny,Jemison,Brooke,Noriega,Danny
Noriega,Chantel,Jemison,Beverly,Noriega,Lane
Jemison,Isiah,Noriega,Cailin,Jemison,Junior
Noriega,Queen,Jemison,Beverly,Noriega,Lane
Jemison,Olivier,Noriega,Cailin,Jemison,Junior
Noriega,Cecelia,Jemison,Marilyn,Noriega,Layne
Jemison,Seth,Noriega,Cailin,Jemison,Junior
Noriega,Darian,Jemison,Marilyn,Noriega,Layne
Jemison,Josie,Noriega,Cailin,Jemison,Junior
Noriega,Xiomara,Jemison,Marilyn,Noriega,Layne
Jemison,Wilfredo,Noriega,Cailin,Jemison,Junior
Noriega,Christy,Jemison,Marilyn,Noriega,Layne
Jemison,Marshall,Noriega,Cailin,Jemison,Junior
Noriega,Ivana,Jemison,Marilyn,Noriega,Layne
Jemison,Vicente,Noriega,Elizabeth,Jemison,Dennis
Noriega,Deyaneira,Jemison,Brooke,Noriega,Danny
Jemison,Clinton,Noriega,Elizabeth,Jemison,Dennis
Noriega,Shania,Jemison,Brooke,Noriega,Danny
Jemison,Yvan,Noriega,Elizabeth,Jemison,Dennis
Noriega,Amina,Jemison,Brooke,Noriega,Danny
Jemison,Braden,Noriega,Elizabeth,Jemison,Dennis
Jemison,Dalila,Noriega,Cailin,Jemison,Junior
Jemison,Fredrick,Noriega,Elizabeth,Jemison,Dennis
Jemison,Elijah,Noriega,Cailin,Jemison,Junior
Jemison,Callahan,Noriega,Elizabeth,Jemison,Dennis
Jemison,Ilana,Noriega,Cailin,Jemison,Junior
Jemison,Roland,Noriega,Elizabeth,Jemison,Dennis
Jemison,Shamaria,Noriega,Elizabeth,Jemison,Dennis
Jemison,Kristopher,Noriega,Elizabeth,Jemison,Dennis
Jemison,Aylin,Noriega,Elizabeth,Jemison,Dennis
Jemison,Korey,Noriega,Elizabeth,Jemison,Dennis
Jemison,Yajayra,Noriega,Elizabeth,Jemison,Dennis
Jemison,Jade,Noriega,Claire,Jemison,Alfonso
Jemison,Bria,Noriega,Elizabeth,Jemison,Dennis
Jemison,Kevon,Noriega,Claire,Jemison,Alfonso
Jemison,Haven,Noriega,Elizabeth,Jemison,Dennis
Jemison,Esau,Noriega,Claire,Jemison,Alfonso
Jemison,Kiera,Noriega,Elizabeth,Jemison,Dennis
Jemison,Amari,Noriega,Claire,Jemison,Alfonso
Jemison,Savannah,Noriega,Elizabeth,Jemison,Dennis
Jemison,Jaylan,Noriega,Claire,Jemison,Alfonso
Jemison,Lindsey,Noriega,Elizabeth,Jemison,Dennis
Jemison,Gerald,Noriega,Claire,Jemison,Alfonso
Jemison,Marcela,Noriega,Elizabeth,Jemison,Dennis
Jemison,Rodolfo,Noriega,Nancy,Jemison,Nigel
Jemison,Elana,Noriega,Claire,Jemison,Alfonso
Jemison,Rowan,Noriega,Nancy,Jemison,Nigel
Jemison,Danielle,Noriega,Claire,Jemison,Alfonso
Jemison,Israel,Noriega,Tiffanie,Jemison,Toby
Jemison,Quinn,Noriega,Claire,Jemison,Alfonso
Jemison,Jarvis,Noriega,Tiffanie,Jemison,Toby
Jemison,Keiarra,Noriega,Claire,Jemison,Alfonso
Jemison,Cory,Noriega,Tiffanie,Jemison,Toby
Jemison,Liza,Noriega,Claire,Jemison,Alfonso
Jemison,David,Noriega,Shyla,Jemison,Skylar
Jemison,Kayley,Noriega,Claire,Jemison,Alfonso
Jemison,Jawaun,Noriega,Shyla,Jemison,Skylar
Jemison,Carina,Noriega,Claire,Jemison,Alfonso
Jemison,Jordon,Noriega,Shyla,Jemison,Skylar
Jemison,Janeth,Noriega,Claire,Jemison,Alfonso
Jemison,Kaleb,Noriega,Shyla,Jemison,Skylar
Jemison,Kalee,Noriega,Claire,Jemison,Alfonso
Jemison,Irfan,Noriega,Mackenzie,Jemison,Bryant
Jemison,Kasey,Noriega,Claire,Jemison,Alfonso
Melroy,Conor,Noriega,Kady,Melroy,Rhett
Jemison,Emmily,Noriega,Claire,Jemison,Alfonso
Melroy,Joshua,Noriega,Kady,Melroy,Rhett
Jemison,Sydney,Noriega,Claire,Jemison,Alfonso
Melroy,Grayson,Noriega,Kady,Melroy,Rhett
Jemison,Mandi,Noriega,Nancy,Jemison,Nigel
Melroy,Trent,Noriega,Kady,Melroy,Rhett
Jemison,Karli,Noriega,Nancy,Jemison,Nigel
Melroy,Weston,Noriega,Kady,Melroy,Rhett
Jemison,Regan,Noriega,Cody,Jemison,Kareem
Melroy,Gerald,Noriega,Kady,Melroy,Rhett
Jemison,Ashton,Noriega,Cody,Jemison,Kareem
Melroy,Julio,Noriega,Kady,Melroy,Rhett
Jemison,Baby,Noriega,Cody,Jemison,Kareem
Melroy,Sahil,Noriega,Kady,Melroy,Rhett
Jemison,Jordan,Noriega,Tiffanie,Jemison,Toby
Melroy,Justin,Noriega,Kady,Melroy,Rhett
Jemison,Alyson,Noriega,Tiffanie,Jemison,Toby
Melroy,Israel,Noriega,Kady,Melroy,Rhett
Jemison,Ayla,Noriega,Tiffanie,Jemison,Toby
Melroy,Sammie,Noriega,Kady,Melroy,Rhett
Jemison,Riley,Noriega,Shyla,Jemison,Skylar
Melroy,Jessee,Noriega,Mia,Melroy,Dangelo
Jemison,Sarah,Noriega,Shyla,Jemison,Skylar
Melroy,Mathew,Noriega,Mia,Melroy,Dangelo
Jemison,Trisha,Noriega,Shyla,Jemison,Skylar
Melroy,Lauren,Noriega,Mia,Melroy,Dangelo
Jemison,Haiden,Noriega,Shyla,Jemison,Skylar
Melroy,Ali,Noriega,Mia,Melroy,Dangelo
Jemison,Camilla,Noriega,Shyla,Jemison,Skylar
Melroy,Rahim,Noriega,Mia,Melroy,Dangelo
Jemison,Reilly,Noriega,Shyla,Jemison,Skylar
Melroy,Ameer,Noriega,Mia,Melroy,Dangelo
Jemison,Mckinzie,Noriega,Mackenzie,Jemison,Bryant
Melroy,Keeton,Noriega,Mia,Melroy,Dangelo
Jemison,Esmeralda,Noriega,Mackenzie,Jemison,Bryant
Melroy,Pierce,Noriega,Mia,Melroy,Dangelo
Melroy,Judith,Noriega,Kady,Melroy,Rhett
Melroy,Dallin,Noriega,Mia,Melroy,Dangelo
Melroy,Grecia,Noriega,Kady,Melroy,Rhett
Melroy,Rolando,Noriega,Mia,Melroy,Dangelo
Melroy,Sabrina,Noriega,Kady,Melroy,Rhett
Melroy,Kenny,Noriega,Mia,Melroy,Dangelo
Melroy,Tara,Noriega,Kady,Melroy,Rhett
Melroy,Christophe,Noriega,Brianna,Melroy,Jake
Melroy,Lena,Noriega,Kady,Melroy,Rhett
Melroy,Keegan,Noriega,Brianna,Melroy,Jake
Melroy,Tayla,Noriega,Kady,Melroy,Rhett
Melroy,Gerard,Noriega,Brianna,Melroy,Jake
Melroy,Maya,Noriega,Kady,Melroy,Rhett
Melroy,Antoine,Noriega,Brianna,Melroy,Jake
Melroy,Harley,Noriega,Kady,Melroy,Rhett
Melroy,Jeffery,Noriega,Brianna,Melroy,Jake
Melroy,Maisie,Noriega,Mia,Melroy,Dangelo
Melroy,Hiram,Noriega,Genevieve,Melroy,Roy
Melroy,Shaina,Noriega,Mia,Melroy,Dangelo
Melroy,Deon,Noriega,Genevieve,Melroy,Roy
Melroy,Vivien,Noriega,Mia,Melroy,Dangelo
Melroy,Oren,Noriega,Genevieve,Melroy,Roy
Melroy,Erin,Noriega,Mia,Melroy,Dangelo
Melroy,Titus,Noriega,Genevieve,Melroy,Roy
Melroy,Angelina,Noriega,Brianna,Melroy,Jake
Melroy,Darrell,Noriega,Genevieve,Melroy,Roy
Melroy,Elena,Noriega,Brianna,Melroy,Jake
Melroy,Jeff,Noriega,Genevieve,Melroy,Roy
Melroy,Annalisa,Noriega,Brianna,Melroy,Jake
Melroy,Theodore,Noriega,Genevieve,Melroy,Roy
Melroy,Kerry,Noriega,Brianna,Melroy,Jake
Melroy,Omar,Noriega,Genevieve,Melroy,Roy
Melroy,Katelyn,Noriega,Brianna,Melroy,Jake
Melroy,Elmer,Noriega,Margaret,Melroy,Baby
Melroy,Regan,Noriega,Genevieve,Melroy,Roy
Melroy,Jarrod,Noriega,Margaret,Melroy,Baby
Melroy,Suzanna,Noriega,Genevieve,Melroy,Roy
Melroy,Demonte,Noriega,Margaret,Melroy,Baby
Melroy,Karah,Noriega,Genevieve,Melroy,Roy
Melroy,Maleek,Noriega,Margaret,Melroy,Baby
Melroy,Shakia,Noriega,Genevieve,Melroy,Roy
Melroy,Brooks,Noriega,Margaret,Melroy,Baby
Melroy,Desaree,Noriega,Genevieve,Melroy,Roy
Melroy,Scott,Noriega,Margaret,Melroy,Baby
Melroy,Lillie,Noriega,Genevieve,Melroy,Roy
Melroy,Arnold,Noriega,Banesa,Melroy,Lawrence
Melroy,Joan,Noriega,Genevieve,Melroy,Roy
Melroy,Dante,Jemison,Joelle,Melroy,Jeremy
Melroy,Chelsea,Noriega,Genevieve,Melroy,Roy
Melroy,Matthew,Jemison,Joelle,Melroy,Jeremy
Melroy,Caylee,Noriega,Genevieve,Melroy,Roy
Melroy,Lee,Jemison,Joelle,Melroy,Jeremy
Melroy,Mary,Noriega,Margaret,Melroy,Baby
Melroy,Enrique,Jemison,Joelle,Melroy,Jeremy
Melroy,Beatriz,Noriega,Margaret,Melroy,Baby
Melroy,Killian,Jemison,Joelle,Melroy,Jeremy
Melroy,Trista,Noriega,Margaret,Melroy,Baby
Melroy,Zev,Jemison,Joelle,Melroy,Jeremy
Melroy,Macy,Noriega,Margaret,Melroy,Baby
Melroy,Demetrius,Jemison,Joelle,Melroy,Jeremy
Melroy,Guadalupe,Noriega,Margaret,Melroy,Baby
Melroy,Alexandro,Jemison,Joelle,Melroy,Jeremy
Melroy,Zoey,Noriega,Margaret,Melroy,Baby
Melroy,Brendan,Jemison,Joelle,Melroy,Jeremy
Melroy,Melody,Noriega,Margaret,Melroy,Baby
Melroy,Noel,Jemison,Kaycee,Melroy,Brendon
Melroy,Carolyn,Noriega,Margaret,Melroy,Baby
Melroy,Deandre,Jemison,Kaycee,Melroy,Brendon
Melroy,Keely,Noriega,Margaret,Melroy,Baby
Melroy,Deangelo,Jemison,Kaycee,Melroy,Brendon
Melroy,Presley,Noriega,Banesa,Melroy,Lawrence
Melroy,Terrell,Jemison,Kaycee,Melroy,Brendon
Melroy,Mikayla,Noriega,Banesa,Melroy,Lawrence
Melroy,Nick,Jemison,Kaycee,Melroy,Brendon
Melroy,Carson,Jemison,Joelle,Melroy,Jeremy
Melroy,Shan,Jemison,Kaycee,Melroy,Brendon
Melroy,Kayle,Jemison,Joelle,Melroy,Jeremy
Melroy,Shareef,Jemison,Kaycee,Melroy,Brendon
Melroy,Blaze,Jemison,Joelle,Melroy,Jeremy
Melroy,Joseph,Jemison,Kaycee,Melroy,Brendon
Melroy,Karyna,Jemison,Joelle,Melroy,Jeremy
Melroy,Daylon,Jemison,Kaycee,Melroy,Brendon
Melroy,Suleyma,Jemison,Joelle,Melroy,Jeremy
Melroy,Josie,Jemison,Kaycee,Melroy,Brendon
Melroy,Destany,Jemison,Kaycee,Melroy,Brendon
Melroy,Dalton,Magnus,Tanna,Melroy,Myles
Melroy,Shelly,Jemison,Kaycee,Melroy,Brendon
Melroy,Deonta,Magnus,Tanna,Melroy,Myles
Melroy,Dayna,Jemison,Kaycee,Melroy,Brendon
Melroy,Armando,Magnus,Tanna,Melroy,Myles
Melroy,Sheri,Jemison,Kaycee,Melroy,Brendon
Melroy,Harry,Magnus,Tanna,Melroy,Myles
Melroy,Heidy,Jemison,Kaycee,Melroy,Brendon
Magnus,Devaughn,Melroy,Berenice,Magnus,Moses
Melroy,Tonya,Jemison,Kaycee,Melroy,Brendon
Magnus,Darrion,Melroy,Berenice,Magnus,Moses
Melroy,Marli,Jemison,Kaycee,Melroy,Brendon
Magnus,Zackary,Melroy,Aylin,Magnus,Justice
Melroy,Stacie,Jemison,Kaycee,Melroy,Brendon
Magnus,Sterling,Melroy,Aylin,Magnus,Justice
Melroy,Myra,Magnus,Tanna,Melroy,Myles
Magnus,Josejuan,Melroy,Aylin,Magnus,Justice
Melroy,Shari,Magnus,Tanna,Melroy,Myles
Magnus,Grayson,Melroy,Aylin,Magnus,Justice
Melroy,Diana,Magnus,Tanna,Melroy,Myles
Magnus,Lorenzo,Melroy,Aylin,Magnus,Justice
Magnus,Michele,Melroy,Berenice,Magnus,Moses
Magnus,Abel,Melroy,Aylin,Magnus,Justice
Magnus,Christian,Melroy,Berenice,Magnus,Moses
Magnus,Alex,Melroy,Aylin,Magnus,Justice
Magnus,Karissa,Melroy,Aylin,Magnus,Justice
Magnus,Walker,Melroy,Aylin,Magnus,Justice
Magnus,Clarissa,Melroy,Aylin,Magnus,Justice
Magnus,Campbell,Melroy,Aylin,Magnus,Justice
Magnus,Shelbi,Melroy,Aylin,Magnus,Justice
Magnus,Forest,Melroy,Aylin,Magnus,Justice
Magnus,Eleni,Melroy,Kelci,Magnus,Shan
Magnus,Addison,Melroy,Aylin,Magnus,Justice
Magnus,Monet,Melroy,Kelci,Magnus,Shan
Magnus,Lionel,Melroy,Aylin,Magnus,Justice
Magnus,Kyana,Melroy,Kelci,Magnus,Shan
Magnus,Jameson,Melroy,Aylin,Magnus,Justice
Magnus,Sherridan,Melroy,Kelci,Magnus,Shan
Magnus,Deandre,Melroy,Aylin,Magnus,Justice
Magnus,Ella,Melroy,Kelci,Magnus,Shan
Magnus,Devante,Melroy,Kelci,Magnus,Shan
Magnus,Yasmine,Melroy,Kelci,Magnus,Shan
Magnus,Kendrick,Melroy,Kelci,Magnus,Shan
Magnus,Hallie,Melroy,Kelci,Magnus,Shan
Magnus,Markus,Melroy,Kelci,Magnus,Shan
Magnus,Mariangeli,Melroy,Logan,Magnus,Noe
Magnus,Andrew,Melroy,Kelci,Magnus,Shan
Magnus,Nicolette,Melroy,Logan,Magnus,Noe
Magnus,Markell,Melroy,Kelci,Magnus,Shan
Magnus,Makaila,Melroy,Logan,Magnus,Noe
Magnus,Joshua,Melroy,Kelci,Magnus,Shan
Magnus,Quinn,Melroy,Logan,Magnus,Noe
Magnus,Royce,Melroy,Kelci,Magnus,Shan
Magnus,Odalys,Melroy,Logan,Magnus,Noe
Magnus,Jarrett,Melroy,Kelci,Magnus,Shan
Magnus,Kyla,Melroy,Logan,Magnus,Noe
Magnus,Jeb,Melroy,Kelci,Magnus,Shan
Magnus,Madelyne,Melroy,Logan,Magnus,Noe
Magnus,Rogelio,Melroy,Logan,Magnus,Noe
Magnus,Mandi,Melroy,Logan,Magnus,Noe
Magnus,Bjorn,Melroy,Logan,Magnus,Noe
Magnus,Mariam,Melroy,Logan,Magnus,Noe
Magnus,Rory,Melroy,Logan,Magnus,Noe
Magnus,Ciera,Melroy,Logan,Magnus,Noe
Magnus,Braeden,Melroy,Logan,Magnus,Noe
Magnus,Morgan,Melroy,Logan,Magnus,Noe
Magnus,Patric,Melroy,Logan,Magnus,Noe
Magnus,Hana,Melroy,Karishma,Magnus,Gerard
Magnus,Travon,Melroy,Karishma,Magnus,Gerard
Magnus,Amari,Melroy,Karishma,Magnus,Gerard
Magnus,Jasper,Melroy,Karishma,Magnus,Gerard
Magnus,Isadora,Melroy,Karishma,Magnus,Gerard
Magnus,Yuri,Melroy,Karishma,Magnus,Gerard
Magnus,Shanice,Melroy,Karishma,Magnus,Gerard
Magnus,Craig,Melroy,Karishma,Magnus,Gerard
Still,Ivy,Melroy,Jordan,Still,Daron
Magnus,Emmanuel,Melroy,Karishma,Magnus,Gerard
Still,Marlen,Melroy,Jordan,Still,Daron
Still,Jake,Melroy,Jordan,Still,Daron
Still,Moriah,Melroy,Jordan,Still,Daron
Still,Brannon,Melroy,Jordan,Still,Daron
Still,Fiona,Melroy,Jordan,Still,Daron
Still,Tallon,Melroy,Jordan,Still,Daron
Still,Aubrey,Melroy,Jordan,Still,Daron
Still,Joel,Melroy,Jordan,Still,Daron
Still,Chandler,Melroy,Markia,Still,Jan
Still,Jajuan,Melroy,Jordan,Still,Daron
Still,Aleah,Melroy,Markia,Still,Jan
Still,Shelby,Melroy,Jordan,Still,Daron
Still,Kaila,Melroy,Markia,Still,Jan
Still,Tucker,Melroy,Jordan,Still,Daron
Still,Adrianne,Melroy,Markia,Still,Jan
Still,Braeden,Melroy,Jordan,Still,Daron
Still,Terra,Melroy,Markia,Still,Jan
Still,Migel,Melroy,Jordan,Still,Daron
Still,Shiloh,Melroy,Markia,Still,Jan
Still,Mitchel,Melroy,Jordan,Still,Daron
Still,Sheniqua,Melroy,Markia,Still,Jan
Still,Sergio,Melroy,Markia,Still,Jan
Still,Celina,Melroy,Markia,Still,Jan
Still,Leonardo,Melroy,Markia,Still,Jan
Still,Estefani,Melroy,Markia,Still,Jan
Still,Ronald,Melroy,Markia,Still,Jan
Still,Maritza,Melroy,Tiara,Still,Jayden
Still,Tyree,Melroy,Markia,Still,Jan
Still,Sally,Melroy,Tiara,Still,Jayden
Still,Killian,Melroy,Markia,Still,Jan
Still,Carina,Melroy,Tiara,Still,Jayden
Still,Zachery,Melroy,Markia,Still,Jan
Still,Rian,Melroy,Emerald,Still,Menachem
Still,Franklin,Melroy,Markia,Still,Jan
Still,Ayanna,Melroy,Emerald,Still,Menachem
Still,Romello,Melroy,Markia,Still,Jan
Still,Libby,Melroy,Emerald,Still,Menachem
Still,Ulysses,Melroy,Markia,Still,Jan
Still,Jenny,Melroy,Emerald,Still,Menachem
Still,Roman,Melroy,Markia,Still,Jan
Still,Anthony,Melroy,Emerald,Still,Menachem
Still,Conner,Melroy,Tiara,Still,Jayden
Still,Chynna,Melroy,Emerald,Still,Menachem
Still,Bret,Melroy,Tiara,Still,Jayden
Still,Siera,Melroy,Emerald,Still,Menachem
Still,Reynaldo,Melroy,Emerald,Still,Menachem
Still,Andrea,Melroy,Emerald,Still,Menachem
Still,Kegan,Melroy,Emerald,Still,Menachem
Still,Tabitha,Melroy,Emerald,Still,Menachem
Still,Joseph,Melroy,Emerald,Still,Menachem
Still,Shaye,Melroy,Emerald,Still,Menachem
Still,Isaiah,Melroy,Emerald,Still,Menachem
Still,Micayla,Melroy,Emerald,Still,Menachem
Still,Hayden,Melroy,Emerald,Still,Menachem
Still,Ivana,Melroy,Emerald,Still,Menachem
Still,Ricky,Melroy,Emerald,Still,Menachem
Still,Christie,Melroy,Emerald,Still,Menachem
Still,Fred,Melroy,Kyana,Still,Ricardo
Still,Ashton,Melroy,Kyana,Still,Ricardo
Still,Deon,Melroy,Ivana,Still,Jarod
Still,Carley,Melroy,Kyana,Still,Ricardo
Still,Noah,Melroy,Ivana,Still,Jarod
Still,Keyondra,Melroy,Ivana,Still,Jarod
Still,Leroy,Nixon,April,Still,Donovan
Still,Kayla,Melroy,Ivana,Still,Jarod
Still,Damien,Nixon,April,Still,Donovan
Still,Sapphire,Nixon,April,Still,Donovan
Still,Brett,Nixon,April,Still,Donovan
Still,Isis,Nixon,April,Still,Donovan
Still,Tommy,Nixon,April,Still,Donovan
Still,Aisha,Nixon,April,Still,Donovan
Still,Marc,Nixon,April,Still,Donovan
Still,Makala,Nixon,April,Still,Donovan
Gemar,Myles,Nixon,Luna,Gemar,Cameron
Still,Anneliese,Nixon,April,Still,Donovan
Gemar,Bretton,Nixon,Luna,Gemar,Cameron
Still,Katharine,Nixon,April,Still,Donovan
Gemar,Jon,Nixon,Luna,Gemar,Cameron
Gemar,Deandrea,Nixon,Luna,Gemar,Cameron
Gemar,Josue,Nixon,Luna,Gemar,Cameron
Gemar,Janae,Nixon,Luna,Gemar,Cameron
Gemar,Luis,Nixon,Luna,Gemar,Cameron
Gemar,Blanca,Nixon,Luna,Gemar,Cameron
Gemar,Kayvon,Nixon,Luna,Gemar,Cameron
Gemar,Elyse,Nixon,Luna,Gemar,Cameron
Gemar,Dylon,Nixon,Maricela,Gemar,Donte
Gemar,Breanna,Nixon,Luna,Gemar,Cameron
Gemar,Jovonte,Nixon,Maricela,Gemar,Donte
Gemar,Delilah,Nixon,Luna,Gemar,Cameron
Gemar,Omar,Nixon,Maricela,Gemar,Donte
Gemar,Nallely,Nixon,Luna,Gemar,Cameron
Gemar,Jake,Nixon,Maricela,Gemar,Donte
Gemar,Alana,Nixon,Luna,Gemar,Cameron
Gemar,Austin,Nixon,Maricela,Gemar,Donte
Gemar,Michal,Nixon,Maricela,Gemar,Donte
Gemar,Patrick,Still,Brenna,Gemar,Daron
Gemar,Kaylynn,Nixon,Maricela,Gemar,Donte
Gemar,Andres,Still,Brenna,Gemar,Daron
Gemar,Jaden,Nixon,Maricela,Gemar,Donte
Gemar,Garin,Still,Brenna,Gemar,Daron
Gemar,Alejandra,Nixon,Maricela,Gemar,Donte
Gemar,Kory,Still,Brenna,Gemar,Daron
Gemar,Gerardo,Nixon,Maricela,Gemar,Donte
Gemar,Bernardo,Still,Melinda,Gemar,Antonio
Gemar,Juanita,Nixon,Maricela,Gemar,Donte
Gemar,Ali,Still,Melinda,Gemar,Antonio
Gemar,Hannah,Still,Brenna,Gemar,Daron
Gemar,Sterling,Still,Melinda,Gemar,Antonio
Gemar,Shekinah,Still,Brenna,Gemar,Daron
Gemar,Julian,Still,Melinda,Gemar,Antonio
Gemar,Isadora,Still,Brenna,Gemar,Daron
Gemar,Deshawn,Still,Melinda,Gemar,Antonio
Gemar,Janice,Still,Brenna,Gemar,Daron
Gemar,Winston,Still,Clarissa,Gemar,Tevin
Gemar,Cortney,Still,Brenna,Gemar,Daron
Gemar,Babyboy,Still,Clarissa,Gemar,Tevin
Gemar,Callan,Still,Brenna,Gemar,Daron
Gemar,Glenn,Still,Clarissa,Gemar,Tevin
Gemar,Aaliyah,Still,Brenna,Gemar,Daron
Gemar,Keagan,Still,Brecken,Gemar,Jace
Gemar,Kaila,Still,Brenna,Gemar,Daron
Gemar,Brady,Still,Brecken,Gemar,Jace
Gemar,Samira,Still,Melinda,Gemar,Antonio
Gemar,Blaine,Still,Brecken,Gemar,Jace
Gemar,Reilly,Still,Melinda,Gemar,Antonio
Gemar,Andreas,Still,Brecken,Gemar,Jace
Gemar,Alexus,Still,Melinda,Gemar,Antonio
Gemar,Eugene,Still,Brecken,Gemar,Jace
Gemar,Hadley,Still,Melinda,Gemar,Antonio
Gemar,Reece,Still,Brecken,Gemar,Jace
Gemar,Brigitte,Still,Clarissa,Gemar,Tevin
Curbeam,Hector,Still,Camille,Curbeam,Shaquille
Gemar,Cindy,Still,Clarissa,Gemar,Tevin
Curbeam,Dandre,Still,Camille,Curbeam,Shaquille
Gemar,Josephine,Still,Clarissa,Gemar,Tevin
Curbeam,Christian,Still,Camille,Curbeam,Shaquille
Gemar,Kaylea,Still,Clarissa,Gemar,Tevin
Curbeam,Russell,Still,Camille,Curbeam,Shaquille
Gemar,Cody,Still,Clarissa,Gemar,Tevin
Curbeam,Brett,Still,Camille,Curbeam,Shaquille
Gemar,Guadalupe,Still,Clarissa,Gemar,Tevin
Curbeam,Samuel,Still,Camille,Curbeam,Shaquille
Gemar,Josie,Still,Clarissa,Gemar,Tevin
Curbeam,Bennett,Still,Camille,Curbeam,Shaquille
Gemar,Keyshla,Still,Brecken,Gemar,Jace
Curbeam,Romeo,Still,Camille,Curbeam,Shaquille
Gemar,Charlotte,Still,Brecken,Gemar,Jace
Curbeam,Lawrence,Still,Irene,Curbeam,Ronnie
Gemar,Allegra,Still,Brecken,Gemar,Jace
Curbeam,Tad,Still,Irene,Curbeam,Ronnie
Gemar,Latasha,Still,Brecken,Gemar,Jace
Curbeam,Cameron,Still,Irene,Curbeam,Ronnie
Gemar,Kacie,Still,Brecken,Gemar,Jace
Curbeam,Roberto,Still,Irene,Curbeam,Ronnie
Gemar,Lizette,Still,Brecken,Gemar,Jace
Curbeam,Devontae,Still,Irene,Curbeam,Ronnie
Gemar,Kayli,Still,Brecken,Gemar,Jace
Curbeam,Shareef,Still,Irene,Curbeam,Ronnie
Gemar,Carra,Still,Brecken,Gemar,Jace
Curbeam,Yair,Still,Irene,Curbeam,Ronnie
Gemar,Shayla,Still,Brecken,Gemar,Jace
Curbeam,Jamir,Still,Irene,Curbeam,Ronnie
Gemar,Hallie,Still,Brecken,Gemar,Jace
Curbeam,Simon,Still,Casey,Curbeam,Ezra
Gemar,Bridget,Still,Brecken,Gemar,Jace
Curbeam,Corey,Still,Casey,Curbeam,Ezra
Gemar,Yessenia,Still,Brecken,Gemar,Jace
Curbeam,Levi,Still,Casey,Curbeam,Ezra
Curbeam,Miriam,Still,Camille,Curbeam,Shaquille
Curbeam,Guadalupe,Still,Casey,Curbeam,Ezra
Curbeam,Aubrey,Still,Camille,Curbeam,Shaquille
Curbeam,Mariano,Still,Casey,Curbeam,Ezra
Curbeam,Colleen,Still,Camille,Curbeam,Shaquille
Curbeam,Cooper,Still,Casey,Curbeam,Ezra
Curbeam,Cara,Still,Camille,Curbeam,Shaquille
Curbeam,Karl,Still,Casey,Curbeam,Ezra
Curbeam,Iris,Still,Camille,Curbeam,Shaquille
Curbeam,Coleman,Still,Casey,Curbeam,Ezra
Curbeam,Krystle,Still,Camille,Curbeam,Shaquille
Curbeam,Kirk,Still,Casey,Curbeam,Ezra
Curbeam,Keisha,Still,Camille,Curbeam,Shaquille
Curbeam,Dalton,Still,Destini,Curbeam,Chaim
Curbeam,Katie,Still,Camille,Curbeam,Shaquille
Curbeam,Barry,Still,Destini,Curbeam,Chaim
Curbeam,Joi,Still,Camille,Curbeam,Shaquille
Curbeam,Dequan,Still,Destini,Curbeam,Chaim
Curbeam,Lenora,Still,Camille,Curbeam,Shaquille
Curbeam,Nolan,Still,Destini,Curbeam,Chaim
Curbeam,Sophie,Still,Camille,Curbeam,Shaquille
Curbeam,Ryland,Still,Destini,Curbeam,Chaim
Curbeam,Joanna,Still,Irene,Curbeam,Ronnie
Curbeam,Lorenzo,Still,Destini,Curbeam,Chaim
Curbeam,Sania,Still,Irene,Curbeam,Ronnie
Curbeam,Bradly,Still,Destini,Curbeam,Chaim
Curbeam,Lisa,Still,Irene,Curbeam,Ronnie
Curbeam,Ivan,Still,Destini,Curbeam,Chaim
Curbeam,Devyn,Still,Irene,Curbeam,Ronnie
Curbeam,Tobias,Still,Destini,Curbeam,Chaim
Curbeam,Renee,Still,Irene,Curbeam,Ronnie
Curbeam,Patrick,Still,Destini,Curbeam,Chaim
Curbeam,Leslie,Still,Irene,Curbeam,Ronnie
Curbeam,Isidro,Still,Destini,Curbeam,Chaim
Curbeam,Mikyla,Still,Irene,Curbeam,Ronnie
Curbeam,Dan,Still,Destini,Curbeam,Chaim
Curbeam,Jennah,Still,Irene,Curbeam,Ronnie
Curbeam,Elijah,Still,Destini,Curbeam,Chaim
Curbeam,Khaila,Still,Irene,Curbeam,Ronnie
Curbeam,Westley,Still,Brigid,Curbeam,Nigel
Curbeam,Amina,Still,Irene,Curbeam,Ronnie
Curbeam,Braydon,Still,Brigid,Curbeam,Nigel
Curbeam,Genna,Still,Irene,Curbeam,Ronnie
Curbeam,Tristin,Still,Brigid,Curbeam,Nigel
Curbeam,Annemarie,Still,Casey,Curbeam,Ezra
Curbeam,Ishmael,Still,Brigid,Curbeam,Nigel
Curbeam,Marianna,Still,Casey,Curbeam,Ezra
Curbeam,Dallin,Still,Brigid,Curbeam,Nigel
Curbeam,Anne,Still,Casey,Curbeam,Ezra
Curbeam,Jan,Still,Brigid,Curbeam,Nigel
Curbeam,Morgan,Still,Casey,Curbeam,Ezra
Curbeam,Samual,Still,Brigid,Curbeam,Nigel
Curbeam,Valentina,Still,Casey,Curbeam,Ezra
Curbeam,Bretton,Still,Brigid,Curbeam,Nigel
Curbeam,Brittani,Still,Casey,Curbeam,Ezra
Curbeam,Raheem,Still,Brigid,Curbeam,Nigel
Curbeam,Caitriona,Still,Casey,Curbeam,Ezra
Curbeam,Tucker,Still,Brigid,Curbeam,Nigel
Curbeam,Darcie,Still,Casey,Curbeam,Ezra
Curbeam,Dominick,Still,Brigid,Curbeam,Nigel
Curbeam,Deja,Still,Casey,Curbeam,Ezra
Curbeam,Mathew,Still,Brigid,Curbeam,Nigel
Curbeam,Sydney,Still,Casey,Curbeam,Ezra
Curbeam,Kirkland,Still,Brigid,Curbeam,Nigel
Curbeam,Yuki,Still,Destini,Curbeam,Chaim
Curbeam,Sebastian,Still,Emerald,Curbeam,Noel
Curbeam,Marion,Still,Destini,Curbeam,Chaim
