Gemar,Gavin,Franklin,Helena,Gemar,Jarvis
Frump,Annette,Adams,Saige,Frump,Benny
Taft,Patric,Aldrin,Desaree,Taft,Camden
Fullerton,Sylvia,Carey,Zaria,Fullerton,Dimitri
Still,Jason,Lindsey,Bria,Still,Javier
Reisman,Shoshana,Gernhardt,Mikayla,Reisman,Jamal
Collins,Shmuel,Seddon,Samira,Collins,Quinn
Schirra,Bree,Rominger,Octavia,Schirra,Dallas
Godwin,Taquan,Hayes,Nadia,Godwin,Tate
Patrick,Catherine,Borman,Peyton,Patrick,Houston
Bobko,Ronald,Caldeiro,Sidney,Bobko,Landen
Weitz,Promise,Buchanan,Jameisha,Weitz,Easton
Weber,Sutton,Barry,Octavia,Weber,Deondre
Stafford,Christian,Piper,Harlie,Stafford,Titus
Sega,Dan,Cockrell,Daphne,Sega,Kerry
Wilson,Estefania,Wheelock,Serenity,Wilson,Dedrick
Grout,Braxton,Hilmers,Morgen,Grout,Tyrone
Pettit,Anjelica,Chiao,Yadira,Pettit,Easton
Carter,Marco,Pogue,Beatriz,Carter,Rakeem
Hire,Ivana,Stewart,Kayle,Hire,Devon
Fisher,Ward,Walker,Emmalee,Fisher,Trevon
Hudson,Sheridan,Musgrave,Bernadette,Hudson,Angelo
Gemar,Sheldon,Frump,Annette,Gemar,Gavin
Cleave,Cherokee,Precour,Miracle,Cleave,Kolton
Gemar,Kade,Frump,Annette,Gemar,Gavin
Aldrin,Shakia,Runco,Ruth,Aldrin,Hayes
Gemar,Deshawn,Frump,Annette,Gemar,Gavin
Brandenstein,Jenae,Tyler,Jackie,Brandenstein,Vinh
Taft,Javon,Fullerton,Sylvia,Taft,Patric
Hayes,Sydni,Cooper,Camilla,Hayes,Dusty
Taft,Gunnar,Fullerton,Sylvia,Taft,Patric
Hire,Ivelisse,Patrick,Zandria,Hire,Conner
Taft,Colt,Fullerton,Sylvia,Taft,Patric
Taft,Jenny,Grant,Lynette,Taft,Stewart
Taft,Errol,Fullerton,Sylvia,Taft,Patric
Pffaff,Anitra,McBride,Mackenna,Pffaff,Toby
Taft,Tylar,Fullerton,Sylvia,Taft,Patric
Wetherbee,Marjorie,Schirra,Skye,Wetherbee,Winston
Taft,Shan,Fullerton,Sylvia,Taft,Patric
Gemar,Lydia,Frump,Annette,Gemar,Gavin
Taft,Shamar,Fullerton,Sylvia,Taft,Patric
Gemar,Lourdes,Frump,Annette,Gemar,Gavin
Taft,Perry,Fullerton,Sylvia,Taft,Patric
Gemar,Kaya,Frump,Annette,Gemar,Gavin
Taft,Cyrus,Fullerton,Sylvia,Taft,Patric
Taft,Tyra,Fullerton,Sylvia,Taft,Patric
Taft,Domenic,Fullerton,Sylvia,Taft,Patric
Taft,Coral,Fullerton,Sylvia,Taft,Patric
Still,Seamus,Reisman,Shoshana,Still,Jason
Taft,Christina,Fullerton,Sylvia,Taft,Patric
Still,Irfan,Reisman,Shoshana,Still,Jason
Taft,Chandler,Fullerton,Sylvia,Taft,Patric
Still,Jordin,Reisman,Shoshana,Still,Jason
Still,Allegra,Reisman,Shoshana,Still,Jason
Still,Darien,Reisman,Shoshana,Still,Jason
Still,Katherine,Reisman,Shoshana,Still,Jason
Still,Deion,Reisman,Shoshana,Still,Jason
Still,Brooklyn,Reisman,Shoshana,Still,Jason
Still,Alfonso,Reisman,Shoshana,Still,Jason
Still,Olivia,Reisman,Shoshana,Still,Jason
Still,Nicholaus,Reisman,Shoshana,Still,Jason
Still,Jade,Reisman,Shoshana,Still,Jason
Collins,Stephen,Schirra,Bree,Collins,Shmuel
Still,Isabelle,Reisman,Shoshana,Still,Jason
Collins,Nickolas,Schirra,Bree,Collins,Shmuel
Still,Malina,Reisman,Shoshana,Still,Jason
Collins,Shlomo,Schirra,Bree,Collins,Shmuel
Collins,Nathalia,Schirra,Bree,Collins,Shmuel
Collins,Jackson,Schirra,Bree,Collins,Shmuel
Collins,Diane,Schirra,Bree,Collins,Shmuel
Collins,Marcos,Schirra,Bree,Collins,Shmuel
Collins,Debora,Schirra,Bree,Collins,Shmuel
Collins,Simon,Schirra,Bree,Collins,Shmuel
Godwin,Kara,Patrick,Catherine,Godwin,Taquan
Collins,Rory,Schirra,Bree,Collins,Shmuel
Godwin,Halee,Patrick,Catherine,Godwin,Taquan
Collins,Mark,Schirra,Bree,Collins,Shmuel
Godwin,Ann,Patrick,Catherine,Godwin,Taquan
Godwin,Steve,Patrick,Catherine,Godwin,Taquan
Godwin,Banesa,Patrick,Catherine,Godwin,Taquan
Godwin,Willis,Patrick,Catherine,Godwin,Taquan
Godwin,Helena,Patrick,Catherine,Godwin,Taquan
Godwin,Byron,Patrick,Catherine,Godwin,Taquan
Godwin,Kiana,Patrick,Catherine,Godwin,Taquan
Godwin,Roman,Patrick,Catherine,Godwin,Taquan
Godwin,Keisha,Patrick,Catherine,Godwin,Taquan
Godwin,Neal,Patrick,Catherine,Godwin,Taquan
Godwin,Katelynn,Patrick,Catherine,Godwin,Taquan
Godwin,Forest,Patrick,Catherine,Godwin,Taquan
Bobko,Maura,Weitz,Promise,Bobko,Ronald
Godwin,Delonta,Patrick,Catherine,Godwin,Taquan
Bobko,Brooklyn,Weitz,Promise,Bobko,Ronald
Godwin,Trentin,Patrick,Catherine,Godwin,Taquan
Bobko,Kaila,Weitz,Promise,Bobko,Ronald
Weber,Earl,Stafford,Christian,Weber,Sutton
Bobko,Tiana,Weitz,Promise,Bobko,Ronald
Weber,Nicolas,Stafford,Christian,Weber,Sutton
Bobko,Shea,Weitz,Promise,Bobko,Ronald
Weber,Bjorn,Stafford,Christian,Weber,Sutton
Weber,Alyson,Stafford,Christian,Weber,Sutton
Weber,Julian,Stafford,Christian,Weber,Sutton
Weber,Paloma,Stafford,Christian,Weber,Sutton
Weber,Dallas,Stafford,Christian,Weber,Sutton
Weber,Shelby,Stafford,Christian,Weber,Sutton
Weber,Zachery,Stafford,Christian,Weber,Sutton
Weber,Samara,Stafford,Christian,Weber,Sutton
Weber,River,Stafford,Christian,Weber,Sutton
Weber,Mckenna,Stafford,Christian,Weber,Sutton
Sega,Alvaro,Wilson,Estefania,Sega,Dan
Weber,Casandra,Stafford,Christian,Weber,Sutton
Sega,Samual,Wilson,Estefania,Sega,Dan
Weber,Shanise,Stafford,Christian,Weber,Sutton
Sega,Jordan,Wilson,Estefania,Sega,Dan
Weber,Melinda,Stafford,Christian,Weber,Sutton
Sega,Micheal,Wilson,Estefania,Sega,Dan
Weber,Marilyn,Stafford,Christian,Weber,Sutton
Grout,Domonic,Pettit,Anjelica,Grout,Braxton
Weber,Aimee,Stafford,Christian,Weber,Sutton
Grout,Kevin,Pettit,Anjelica,Grout,Braxton
Weber,Angelica,Stafford,Christian,Weber,Sutton
Grout,Nickolas,Pettit,Anjelica,Grout,Braxton
Sega,Paxton,Wilson,Estefania,Sega,Dan
Grout,Damion,Pettit,Anjelica,Grout,Braxton
Sega,Madilyn,Wilson,Estefania,Sega,Dan
Carter,Maxwell,Hire,Ivana,Carter,Marco
Sega,Karena,Wilson,Estefania,Sega,Dan
Carter,Nick,Hire,Ivana,Carter,Marco
Sega,Maegan,Wilson,Estefania,Sega,Dan
Fisher,Kirk,Hudson,Sheridan,Fisher,Ward
Sega,Shaye,Wilson,Estefania,Sega,Dan
Fisher,Cristobal,Hudson,Sheridan,Fisher,Ward
Grout,Liliana,Pettit,Anjelica,Grout,Braxton
Fisher,Carlos,Hudson,Sheridan,Fisher,Ward
Grout,Talia,Pettit,Anjelica,Grout,Braxton
Gemar,Allan,Cleave,Cherokee,Gemar,Sheldon
Grout,Francesca,Pettit,Anjelica,Grout,Braxton
Gemar,Armani,Cleave,Cherokee,Gemar,Sheldon
Grout,Elyse,Pettit,Anjelica,Grout,Braxton
Gemar,Roger,Cleave,Cherokee,Gemar,Sheldon
Carter,Lilian,Hire,Ivana,Carter,Marco
Gemar,Maximillia,Cleave,Cherokee,Gemar,Sheldon
Carter,Genna,Hire,Ivana,Carter,Marco
Gemar,Ramon,Cleave,Cherokee,Gemar,Sheldon
Carter,Marcia,Hire,Ivana,Carter,Marco
Gemar,Gordon,Aldrin,Shakia,Gemar,Kade
Fisher,Sneha,Hudson,Sheridan,Fisher,Ward
Gemar,Latrell,Aldrin,Shakia,Gemar,Kade
Fisher,Haylee,Hudson,Sheridan,Fisher,Ward
Gemar,Jacob,Aldrin,Shakia,Gemar,Kade
Fisher,Yoana,Hudson,Sheridan,Fisher,Ward
Gemar,Dwayne,Aldrin,Shakia,Gemar,Kade
Fisher,Martha,Hudson,Sheridan,Fisher,Ward
Gemar,Rashad,Brandenstein,Jenae,Gemar,Deshawn
Fisher,Nicole,Hudson,Sheridan,Fisher,Ward
Gemar,Raheem,Brandenstein,Jenae,Gemar,Deshawn
Fisher,Kristin,Hudson,Sheridan,Fisher,Ward
Gemar,Ervin,Brandenstein,Jenae,Gemar,Deshawn
Gemar,Emely,Cleave,Cherokee,Gemar,Sheldon
Taft,Jamal,Hayes,Sydni,Taft,Javon
Gemar,Christine,Cleave,Cherokee,Gemar,Sheldon
Taft,Warren,Hayes,Sydni,Taft,Javon
Gemar,Margo,Cleave,Cherokee,Gemar,Sheldon
Taft,Jacob,Hayes,Sydni,Taft,Javon
Gemar,Patrice,Aldrin,Shakia,Gemar,Kade
Taft,Conor,Hayes,Sydni,Taft,Javon
Gemar,Sylvia,Aldrin,Shakia,Gemar,Kade
Taft,Trace,Hayes,Sydni,Taft,Javon
Gemar,Aisha,Aldrin,Shakia,Gemar,Kade
Taft,Jace,Hayes,Sydni,Taft,Javon
Gemar,Devyn,Aldrin,Shakia,Gemar,Kade
Taft,Valentine,Hayes,Sydni,Taft,Javon
Gemar,Cristal,Aldrin,Shakia,Gemar,Kade
Taft,Shlomo,Hire,Ivelisse,Taft,Gunnar
Gemar,Maren,Aldrin,Shakia,Gemar,Kade
Taft,Dalton,Hire,Ivelisse,Taft,Gunnar
Gemar,Rebekah,Aldrin,Shakia,Gemar,Kade
Taft,Benito,Hire,Ivelisse,Taft,Gunnar
Gemar,Myesha,Aldrin,Shakia,Gemar,Kade
Taft,Gordon,Hire,Ivelisse,Taft,Gunnar
Gemar,Keara,Aldrin,Shakia,Gemar,Kade
Taft,Christen,Hire,Ivelisse,Taft,Gunnar
Gemar,Stefanie,Aldrin,Shakia,Gemar,Kade
Taft,Oren,Hire,Ivelisse,Taft,Gunnar
Gemar,Debbie,Aldrin,Shakia,Gemar,Kade
Taft,Myron,Hire,Ivelisse,Taft,Gunnar
Gemar,Madison,Brandenstein,Jenae,Gemar,Deshawn
Taft,Lazaro,Hire,Ivelisse,Taft,Gunnar
Gemar,Alaina,Brandenstein,Jenae,Gemar,Deshawn
Taft,Myles,Hire,Ivelisse,Taft,Gunnar
Gemar,Yaritza,Brandenstein,Jenae,Gemar,Deshawn
Taft,Dantae,Taft,Jenny,Taft,Colt
Gemar,Brigitte,Brandenstein,Jenae,Gemar,Deshawn
Taft,Tallon,Taft,Jenny,Taft,Colt
Taft,Lexi,Hayes,Sydni,Taft,Javon
Taft,Brice,Taft,Jenny,Taft,Colt
Taft,Kortney,Hayes,Sydni,Taft,Javon
Taft,Truman,Taft,Jenny,Taft,Colt
Taft,Kierstin,Hayes,Sydni,Taft,Javon
Taft,Brennon,Taft,Jenny,Taft,Colt
Taft,Meredith,Hayes,Sydni,Taft,Javon
Taft,Dyllon,Taft,Jenny,Taft,Colt
Taft,Jenae,Hayes,Sydni,Taft,Javon
Taft,Arthur,Pffaff,Anitra,Taft,Errol
Taft,Delaney,Hayes,Sydni,Taft,Javon
Taft,Ariel,Pffaff,Anitra,Taft,Errol
Taft,Kaela,Hire,Ivelisse,Taft,Gunnar
Taft,Allan,Wetherbee,Marjorie,Taft,Tylar
Taft,Dina,Hire,Ivelisse,Taft,Gunnar
Taft,Ezra,Wetherbee,Marjorie,Taft,Tylar
Taft,Brittney,Hire,Ivelisse,Taft,Gunnar
Taft,Isiah,Wetherbee,Marjorie,Taft,Tylar
Taft,Elaina,Hire,Ivelisse,Taft,Gunnar
Taft,Toby,Wetherbee,Marjorie,Taft,Tylar
Taft,Brynn,Hire,Ivelisse,Taft,Gunnar
Taft,Carlos,Wetherbee,Marjorie,Taft,Tylar
Taft,Tonya,Hire,Ivelisse,Taft,Gunnar
Taft,Roland,Wetherbee,Marjorie,Taft,Tylar
Taft,Aundrea,Hire,Ivelisse,Taft,Gunnar
Taft,Dante,Wetherbee,Marjorie,Taft,Tylar
Taft,Melanie,Hire,Ivelisse,Taft,Gunnar
Taft,Colbey,Gemar,Lydia,Taft,Shan
Taft,Rosalinda,Hire,Ivelisse,Taft,Gunnar
Taft,German,Gemar,Lydia,Taft,Shan
Taft,Shaylee,Hire,Ivelisse,Taft,Gunnar
Taft,Devaughn,Gemar,Lydia,Taft,Shan
Taft,Astrid,Hire,Ivelisse,Taft,Gunnar
Taft,Moises,Gemar,Lourdes,Taft,Shamar
Taft,Madilyn,Taft,Jenny,Taft,Colt
Taft,Jabari,Gemar,Lourdes,Taft,Shamar
Taft,Gwendolyn,Taft,Jenny,Taft,Colt
Taft,Preston,Gemar,Lourdes,Taft,Shamar
Taft,Alison,Taft,Jenny,Taft,Colt
Taft,Terrance,Gemar,Lourdes,Taft,Shamar
Taft,Jeffrey,Taft,Jenny,Taft,Colt
Taft,Deandre,Gemar,Lourdes,Taft,Shamar
Taft,Alina,Pffaff,Anitra,Taft,Errol
Taft,Misael,Gemar,Lourdes,Taft,Shamar
Taft,Chase,Pffaff,Anitra,Taft,Errol
Taft,Dominique,Gemar,Lourdes,Taft,Shamar
Taft,Marcia,Pffaff,Anitra,Taft,Errol
Taft,Lionel,Gemar,Kaya,Taft,Perry
Taft,Shirley,Pffaff,Anitra,Taft,Errol
Taft,Duncan,Gemar,Kaya,Taft,Perry
Taft,Aliyah,Pffaff,Anitra,Taft,Errol
Taft,Kendall,Gemar,Kaya,Taft,Perry
Taft,Mindi,Wetherbee,Marjorie,Taft,Tylar
Taft,Walker,Gemar,Kaya,Taft,Perry
Taft,Chynna,Wetherbee,Marjorie,Taft,Tylar
Taft,Alan,Gemar,Kaya,Taft,Perry
Taft,Carissa,Wetherbee,Marjorie,Taft,Tylar
Taft,Kameron,Gemar,Kaya,Taft,Perry
Taft,Quinn,Wetherbee,Marjorie,Taft,Tylar
Taft,Harley,Gemar,Kaya,Taft,Perry
Taft,Kendal,Wetherbee,Marjorie,Taft,Tylar
Taft,Leo,Still,Allegra,Taft,Cyrus
Taft,Asha,Wetherbee,Marjorie,Taft,Tylar
Taft,Santana,Still,Allegra,Taft,Cyrus
Taft,Blaine,Wetherbee,Marjorie,Taft,Tylar
Taft,Tyree,Still,Allegra,Taft,Cyrus
Taft,Estrella,Gemar,Lydia,Taft,Shan
Taft,Dorian,Still,Allegra,Taft,Cyrus
Taft,Lenora,Gemar,Lydia,Taft,Shan
Taft,Raul,Still,Allegra,Taft,Cyrus
Taft,Iridiana,Gemar,Lydia,Taft,Shan
Taft,Shane,Still,Allegra,Taft,Cyrus
Taft,Abby,Gemar,Lydia,Taft,Shan
Taft,Vinh,Still,Allegra,Taft,Cyrus
Taft,Shelbi,Gemar,Lourdes,Taft,Shamar
Taft,Dominic,Still,Allegra,Taft,Cyrus
Taft,Caylee,Gemar,Lourdes,Taft,Shamar
Taft,Orion,Still,Katherine,Taft,Domenic
Taft,Drew,Gemar,Lourdes,Taft,Shamar
Taft,Nicholas,Still,Katherine,Taft,Domenic
Taft,Isamar,Gemar,Kaya,Taft,Perry
Taft,Bernard,Still,Katherine,Taft,Domenic
Taft,Kaydee,Gemar,Kaya,Taft,Perry
Still,Ezekiel,Taft,Tyra,Still,Seamus
Taft,Kaya,Gemar,Kaya,Taft,Perry
Still,Ahmed,Taft,Tyra,Still,Seamus
Taft,Nadine,Gemar,Kaya,Taft,Perry
Still,Nour,Taft,Tyra,Still,Seamus
Taft,Kaili,Gemar,Kaya,Taft,Perry
Still,Dylon,Taft,Tyra,Still,Seamus
Taft,Miracle,Gemar,Kaya,Taft,Perry
Still,Leonel,Taft,Tyra,Still,Seamus
Taft,Caitriona,Gemar,Kaya,Taft,Perry
Still,Miguel,Taft,Tyra,Still,Seamus
Taft,Kayley,Gemar,Kaya,Taft,Perry
Still,Don,Taft,Tyra,Still,Seamus
Taft,Tatum,Gemar,Kaya,Taft,Perry
Still,Rakeem,Taft,Tyra,Still,Seamus
Taft,Blake,Gemar,Kaya,Taft,Perry
Still,Cristopher,Taft,Coral,Still,Irfan
Taft,Marlee,Gemar,Kaya,Taft,Perry
Still,Ryland,Taft,Coral,Still,Irfan
Taft,Brittany,Still,Allegra,Taft,Cyrus
Still,Christian,Taft,Christina,Still,Jordin
Taft,Melody,Still,Allegra,Taft,Cyrus
Still,Jake,Taft,Christina,Still,Jordin
Taft,Samantha,Still,Allegra,Taft,Cyrus
Still,Carter,Taft,Christina,Still,Jordin
Taft,Mindy,Still,Allegra,Taft,Cyrus
Still,Kareem,Taft,Christina,Still,Jordin
Taft,Sheniqua,Still,Allegra,Taft,Cyrus
Still,Kirkland,Taft,Christina,Still,Jordin
Taft,Myesha,Still,Allegra,Taft,Cyrus
Still,Billy,Taft,Christina,Still,Jordin
Taft,Aubrie,Still,Allegra,Taft,Cyrus
Still,Vincent,Taft,Christina,Still,Jordin
Taft,Alicia,Still,Allegra,Taft,Cyrus
Still,Jaylan,Taft,Christina,Still,Jordin
Taft,Aria,Still,Allegra,Taft,Cyrus
Still,Gerald,Taft,Christina,Still,Jordin
Taft,Alisia,Still,Allegra,Taft,Cyrus
Still,Harrison,Taft,Chandler,Still,Darien
Taft,Alma,Still,Allegra,Taft,Cyrus
Still,Xzavier,Taft,Chandler,Still,Darien
Taft,Liana,Still,Allegra,Taft,Cyrus
Still,Zachary,Taft,Chandler,Still,Darien
Taft,Tristin,Still,Katherine,Taft,Domenic
Still,Branden,Taft,Chandler,Still,Darien
Taft,Angelina,Still,Katherine,Taft,Domenic
Still,Sidney,Taft,Chandler,Still,Darien
Taft,Ashtin,Still,Katherine,Taft,Domenic
Still,Steven,Taft,Chandler,Still,Darien
Taft,Sheyla,Still,Katherine,Taft,Domenic
Still,Marcanthon,Taft,Chandler,Still,Darien
Taft,Regina,Still,Katherine,Taft,Domenic
Still,Jamar,Collins,Nathalia,Still,Deion
Taft,Celia,Still,Katherine,Taft,Domenic
Still,Aleksandr,Collins,Nathalia,Still,Deion
Taft,Veronica,Still,Katherine,Taft,Domenic
Still,August,Collins,Nathalia,Still,Deion
Taft,Danielle,Still,Katherine,Taft,Domenic
Still,Tristan,Collins,Nathalia,Still,Deion
Taft,Esmeralda,Still,Katherine,Taft,Domenic
Still,Jamie,Collins,Diane,Still,Alfonso
Still,Kayley,Taft,Tyra,Still,Seamus
Still,Andre,Collins,Diane,Still,Alfonso
Still,Rayven,Taft,Tyra,Still,Seamus
Still,Kerrick,Collins,Diane,Still,Alfonso
Still,Liana,Taft,Tyra,Still,Seamus
Still,Mohamed,Collins,Diane,Still,Alfonso
Still,Jewel,Taft,Tyra,Still,Seamus
Still,Nathan,Collins,Diane,Still,Alfonso
Still,Yahaira,Taft,Tyra,Still,Seamus
Still,Thomas,Collins,Diane,Still,Alfonso
Still,Kaira,Taft,Tyra,Still,Seamus
Still,Yvan,Collins,Diane,Still,Alfonso
Still,Alyssa,Taft,Tyra,Still,Seamus
Still,Saxon,Collins,Diane,Still,Alfonso
Still,Ashlyn,Taft,Tyra,Still,Seamus
Still,Leon,Collins,Debora,Still,Nicholaus
Still,Flor,Taft,Coral,Still,Irfan
Still,Alvaro,Collins,Debora,Still,Nicholaus
Still,Leah,Taft,Coral,Still,Irfan
Collins,Rayquan,Still,Brooklyn,Collins,Stephen
Still,Cassidy,Taft,Coral,Still,Irfan
Collins,Maurice,Still,Brooklyn,Collins,Stephen
Still,Madelyne,Taft,Christina,Still,Jordin
Collins,Marlon,Still,Brooklyn,Collins,Stephen
Still,Ivelisse,Taft,Christina,Still,Jordin
Collins,Yuri,Still,Brooklyn,Collins,Stephen
Still,Sonia,Taft,Christina,Still,Jordin
Collins,Reginald,Still,Brooklyn,Collins,Stephen
Still,Sarah,Taft,Chandler,Still,Darien
Collins,Clay,Still,Brooklyn,Collins,Stephen
Still,Jalen,Taft,Chandler,Still,Darien
Collins,Graham,Still,Brooklyn,Collins,Stephen
Still,Paula,Collins,Nathalia,Still,Deion
Collins,Ladarius,Still,Brooklyn,Collins,Stephen
Still,Carina,Collins,Nathalia,Still,Deion
Collins,Zaire,Still,Brooklyn,Collins,Stephen
Still,Stacey,Collins,Nathalia,Still,Deion
Collins,Carlos,Still,Brooklyn,Collins,Stephen
Still,Anastasia,Collins,Nathalia,Still,Deion
Collins,Jeremiah,Still,Olivia,Collins,Nickolas
Still,Danica,Collins,Nathalia,Still,Deion
Collins,Lauren,Still,Olivia,Collins,Nickolas
Still,Tyeisha,Collins,Diane,Still,Alfonso
Collins,Brennan,Still,Jade,Collins,Shlomo
Still,Susanna,Collins,Diane,Still,Alfonso
Collins,Reed,Still,Jade,Collins,Shlomo
Still,Trinity,Collins,Diane,Still,Alfonso
Collins,Trentin,Still,Jade,Collins,Shlomo
Still,Chelsea,Collins,Diane,Still,Alfonso
Collins,Josejuan,Still,Jade,Collins,Shlomo
Still,Mercedes,Collins,Diane,Still,Alfonso
Collins,Neftaly,Still,Jade,Collins,Shlomo
Still,Ivana,Collins,Diane,Still,Alfonso
Collins,Manuel,Still,Isabelle,Collins,Jackson
Still,Keisha,Collins,Diane,Still,Alfonso
Collins,Rasheed,Still,Isabelle,Collins,Jackson
Still,Kailey,Collins,Diane,Still,Alfonso
Collins,Johan,Still,Isabelle,Collins,Jackson
Still,Shari,Collins,Diane,Still,Alfonso
Collins,Zachery,Still,Malina,Collins,Marcos
Still,Payton,Collins,Diane,Still,Alfonso
Collins,Corey,Godwin,Kara,Collins,Simon
Still,Keyshla,Collins,Diane,Still,Alfonso
Collins,Rudy,Godwin,Kara,Collins,Simon
Still,Kiersten,Collins,Debora,Still,Nicholaus
Collins,Jonathan,Godwin,Kara,Collins,Simon
Still,Maxine,Collins,Debora,Still,Nicholaus
Collins,Izaiah,Godwin,Halee,Collins,Rory
Still,Maisie,Collins,Debora,Still,Nicholaus
Collins,Marquise,Godwin,Halee,Collins,Rory
Still,Peyton,Collins,Debora,Still,Nicholaus
Collins,Marcell,Godwin,Halee,Collins,Rory
Still,Nell,Collins,Debora,Still,Nicholaus
Collins,Kelsey,Godwin,Ann,Collins,Mark
Still,Celena,Collins,Debora,Still,Nicholaus
Collins,Howard,Godwin,Ann,Collins,Mark
Collins,Liliana,Still,Brooklyn,Collins,Stephen
Collins,Isaac,Godwin,Ann,Collins,Mark
Collins,Carli,Still,Brooklyn,Collins,Stephen
Godwin,Adan,Bobko,Maura,Godwin,Steve
Collins,Desaree,Still,Brooklyn,Collins,Stephen
Godwin,Chaim,Bobko,Brooklyn,Godwin,Willis
Collins,Leandra,Still,Brooklyn,Collins,Stephen
Godwin,Dedrick,Bobko,Brooklyn,Godwin,Willis
Collins,Francis,Still,Brooklyn,Collins,Stephen
Godwin,Humberto,Bobko,Brooklyn,Godwin,Willis
Collins,Kelsee,Still,Brooklyn,Collins,Stephen
Godwin,Simon,Bobko,Brooklyn,Godwin,Willis
Collins,London,Still,Brooklyn,Collins,Stephen
Godwin,Edward,Bobko,Brooklyn,Godwin,Willis
Collins,Aria,Still,Brooklyn,Collins,Stephen
Godwin,Gustavo,Bobko,Brooklyn,Godwin,Willis
Collins,Darcie,Still,Brooklyn,Collins,Stephen
Godwin,Gage,Bobko,Brooklyn,Godwin,Willis
Collins,Charlotte,Still,Olivia,Collins,Nickolas
Godwin,Bryson,Bobko,Kaila,Godwin,Byron
Collins,Carmen,Still,Olivia,Collins,Nickolas
Godwin,Tracy,Bobko,Kaila,Godwin,Byron
Collins,Tyra,Still,Olivia,Collins,Nickolas
Godwin,Oren,Bobko,Kaila,Godwin,Byron
Collins,Tabitha,Still,Jade,Collins,Shlomo
Godwin,Perry,Bobko,Kaila,Godwin,Byron
Collins,Kate,Still,Jade,Collins,Shlomo
Godwin,Bernard,Bobko,Kaila,Godwin,Byron
Collins,Camelia,Still,Isabelle,Collins,Jackson
Godwin,Dontae,Bobko,Kaila,Godwin,Byron
Collins,Gladys,Still,Isabelle,Collins,Jackson
Godwin,Ahmed,Bobko,Kaila,Godwin,Byron
Collins,Ruby,Still,Isabelle,Collins,Jackson
Godwin,Alden,Bobko,Kaila,Godwin,Byron
Collins,Dandrea,Still,Isabelle,Collins,Jackson
Godwin,Nelson,Bobko,Tiana,Godwin,Roman
Collins,Roxana,Still,Isabelle,Collins,Jackson
Godwin,Stewart,Bobko,Tiana,Godwin,Roman
Collins,Shiloh,Still,Isabelle,Collins,Jackson
Godwin,Peter,Bobko,Tiana,Godwin,Roman
Collins,Jordyn,Still,Isabelle,Collins,Jackson
Godwin,Erin,Bobko,Tiana,Godwin,Roman
Collins,Josey,Still,Malina,Collins,Marcos
Godwin,Norman,Bobko,Tiana,Godwin,Roman
Collins,Linnea,Still,Malina,Collins,Marcos
Godwin,Erich,Bobko,Tiana,Godwin,Roman
Collins,Dorothy,Godwin,Kara,Collins,Simon
Godwin,Westley,Bobko,Tiana,Godwin,Roman
Collins,Kristian,Godwin,Ann,Collins,Mark
Godwin,Sedrick,Bobko,Tiana,Godwin,Roman
Collins,Josephine,Godwin,Ann,Collins,Mark
Godwin,Dantae,Bobko,Tiana,Godwin,Roman
Godwin,Siobhan,Bobko,Maura,Godwin,Steve
Godwin,Kelton,Bobko,Tiana,Godwin,Roman
Godwin,Candice,Bobko,Maura,Godwin,Steve
Godwin,Enoch,Bobko,Shea,Godwin,Neal
Godwin,Rianna,Bobko,Maura,Godwin,Steve
Godwin,Josiah,Bobko,Shea,Godwin,Neal
Godwin,Brianne,Bobko,Maura,Godwin,Steve
Godwin,Irfan,Bobko,Shea,Godwin,Neal
Godwin,Cheyann,Bobko,Brooklyn,Godwin,Willis
Godwin,Enrique,Bobko,Shea,Godwin,Neal
Godwin,Kelsy,Bobko,Brooklyn,Godwin,Willis
Godwin,Migel,Bobko,Shea,Godwin,Neal
Godwin,Rachelle,Bobko,Brooklyn,Godwin,Willis
Godwin,Kenyon,Bobko,Shea,Godwin,Neal
Godwin,Tabatha,Bobko,Brooklyn,Godwin,Willis
Godwin,Levi,Bobko,Shea,Godwin,Neal
Godwin,Brynn,Bobko,Brooklyn,Godwin,Willis
Godwin,Marshall,Bobko,Shea,Godwin,Neal
Godwin,Dana,Bobko,Brooklyn,Godwin,Willis
Godwin,Aspen,Bobko,Shea,Godwin,Neal
Godwin,Annika,Bobko,Brooklyn,Godwin,Willis
Godwin,Ishmael,Bobko,Shea,Godwin,Neal
Godwin,Michelle,Bobko,Brooklyn,Godwin,Willis
Godwin,Damion,Bobko,Shea,Godwin,Neal
Godwin,Haven,Bobko,Brooklyn,Godwin,Willis
Godwin,Anders,Bobko,Shea,Godwin,Neal
Godwin,Daphne,Bobko,Brooklyn,Godwin,Willis
Godwin,Richie,Weber,Alyson,Godwin,Forest
Godwin,Stephany,Bobko,Brooklyn,Godwin,Willis
Godwin,Lazaro,Weber,Alyson,Godwin,Forest
Godwin,Libby,Bobko,Kaila,Godwin,Byron
Godwin,Israel,Weber,Alyson,Godwin,Forest
Godwin,Kaley,Bobko,Kaila,Godwin,Byron
Godwin,Jarvis,Weber,Alyson,Godwin,Forest
Godwin,Brigitte,Bobko,Kaila,Godwin,Byron
Godwin,Jeremy,Weber,Alyson,Godwin,Forest
Godwin,Sarafina,Bobko,Kaila,Godwin,Byron
Godwin,Rayvon,Weber,Alyson,Godwin,Forest
Godwin,Erika,Bobko,Kaila,Godwin,Byron
Godwin,Cristopher,Weber,Alyson,Godwin,Forest
Godwin,Colleen,Bobko,Kaila,Godwin,Byron
Godwin,Clay,Weber,Alyson,Godwin,Forest
Godwin,Nina,Bobko,Kaila,Godwin,Byron
Godwin,Jaylen,Weber,Alyson,Godwin,Forest
Godwin,Brenda,Bobko,Kaila,Godwin,Byron
Godwin,Emiliano,Weber,Paloma,Godwin,Delonta
Godwin,Ashtin,Bobko,Kaila,Godwin,Byron
Godwin,Rayquan,Weber,Paloma,Godwin,Delonta
Godwin,Chelsea,Bobko,Kaila,Godwin,Byron
Godwin,Shareef,Weber,Paloma,Godwin,Delonta
Godwin,Keri,Bobko,Kaila,Godwin,Byron
Godwin,Korey,Weber,Paloma,Godwin,Delonta
Godwin,Bree,Bobko,Tiana,Godwin,Roman
Godwin,Salvatore,Weber,Paloma,Godwin,Delonta
Godwin,Kristi,Bobko,Tiana,Godwin,Roman
Godwin,Tucker,Weber,Paloma,Godwin,Delonta
Godwin,Mackenzie,Bobko,Tiana,Godwin,Roman
Godwin,Maximilian,Weber,Paloma,Godwin,Delonta
Godwin,Ciera,Bobko,Tiana,Godwin,Roman
Godwin,Agustin,Weber,Paloma,Godwin,Delonta
Godwin,Theresa,Bobko,Tiana,Godwin,Roman
Godwin,James,Weber,Paloma,Godwin,Delonta
Godwin,Kelli,Bobko,Tiana,Godwin,Roman
Godwin,Joe,Weber,Paloma,Godwin,Delonta
Godwin,Yuki,Bobko,Tiana,Godwin,Roman
Godwin,John,Weber,Paloma,Godwin,Delonta
Godwin,Ariel,Bobko,Tiana,Godwin,Roman
Godwin,David,Weber,Shelby,Godwin,Trentin
Godwin,Dalila,Bobko,Tiana,Godwin,Roman
Godwin,Jessee,Weber,Shelby,Godwin,Trentin
Godwin,Maxine,Bobko,Tiana,Godwin,Roman
Godwin,Jaime,Weber,Shelby,Godwin,Trentin
Godwin,Dandrea,Bobko,Shea,Godwin,Neal
Godwin,Bernardo,Weber,Shelby,Godwin,Trentin
Godwin,Wendy,Bobko,Shea,Godwin,Neal
Weber,Emmett,Godwin,Banesa,Weber,Earl
Godwin,Amanda,Bobko,Shea,Godwin,Neal
Weber,Glenn,Godwin,Banesa,Weber,Earl
Godwin,Brigid,Bobko,Shea,Godwin,Neal
Weber,Kahlil,Godwin,Banesa,Weber,Earl
Godwin,Sadia,Bobko,Shea,Godwin,Neal
Weber,Ever,Godwin,Banesa,Weber,Earl
Godwin,Roxana,Bobko,Shea,Godwin,Neal
Weber,Craig,Godwin,Banesa,Weber,Earl
Godwin,Tristan,Bobko,Shea,Godwin,Neal
Weber,Markell,Godwin,Banesa,Weber,Earl
Godwin,Aundrea,Weber,Alyson,Godwin,Forest
Weber,Jose,Godwin,Banesa,Weber,Earl
Godwin,Kristian,Weber,Alyson,Godwin,Forest
Weber,Tre,Godwin,Banesa,Weber,Earl
Godwin,Savannah,Weber,Alyson,Godwin,Forest
Weber,Brooks,Godwin,Banesa,Weber,Earl
Godwin,Janet,Weber,Alyson,Godwin,Forest
Weber,Jeb,Godwin,Banesa,Weber,Earl
Godwin,Annalisa,Weber,Alyson,Godwin,Forest
Weber,Dalton,Godwin,Helena,Weber,Nicolas
Godwin,Domonique,Weber,Alyson,Godwin,Forest
Weber,Johnathon,Godwin,Helena,Weber,Nicolas
Godwin,Reyna,Weber,Alyson,Godwin,Forest
Weber,Collin,Godwin,Helena,Weber,Nicolas
Godwin,Abigayle,Weber,Paloma,Godwin,Delonta
Weber,Kareem,Godwin,Helena,Weber,Nicolas
Godwin,April,Weber,Paloma,Godwin,Delonta
Weber,Leon,Godwin,Kiana,Weber,Bjorn
Godwin,Makaila,Weber,Paloma,Godwin,Delonta
Weber,Demarcus,Godwin,Kiana,Weber,Bjorn
Godwin,Lizette,Weber,Paloma,Godwin,Delonta
Weber,Curtis,Godwin,Kiana,Weber,Bjorn
Godwin,Glenda,Weber,Paloma,Godwin,Delonta
Weber,Dean,Godwin,Keisha,Weber,Julian
Godwin,Jaimie,Weber,Paloma,Godwin,Delonta
Weber,Tony,Godwin,Keisha,Weber,Julian
Godwin,Mara,Weber,Paloma,Godwin,Delonta
Weber,Rene,Godwin,Keisha,Weber,Julian
Godwin,Georgia,Weber,Shelby,Godwin,Trentin
Weber,Brennon,Godwin,Katelynn,Weber,Dallas
Godwin,Maura,Weber,Shelby,Godwin,Trentin
Weber,Wayne,Godwin,Katelynn,Weber,Dallas
Godwin,Dakota,Weber,Shelby,Godwin,Trentin
Weber,Bryant,Sega,Paxton,Weber,Zachery
Godwin,Deondra,Weber,Shelby,Godwin,Trentin
Weber,Oscar,Sega,Paxton,Weber,Zachery
Godwin,Anjelica,Weber,Shelby,Godwin,Trentin
Weber,Brice,Sega,Paxton,Weber,Zachery
Godwin,Mercedes,Weber,Shelby,Godwin,Trentin
Weber,Yobani,Sega,Paxton,Weber,Zachery
Godwin,Chelsy,Weber,Shelby,Godwin,Trentin
Weber,Cecil,Sega,Paxton,Weber,Zachery
Godwin,Mandi,Weber,Shelby,Godwin,Trentin
Weber,Kylan,Sega,Paxton,Weber,Zachery
Godwin,Caitlyn,Weber,Shelby,Godwin,Trentin
Weber,Kelsey,Sega,Madilyn,Weber,River
Godwin,Katharine,Weber,Shelby,Godwin,Trentin
Weber,August,Sega,Madilyn,Weber,River
Godwin,Alexandrea,Weber,Shelby,Godwin,Trentin
Weber,Rolando,Sega,Madilyn,Weber,River
Godwin,Maricela,Weber,Shelby,Godwin,Trentin
Weber,Howard,Sega,Madilyn,Weber,River
Godwin,Joan,Weber,Shelby,Godwin,Trentin
Weber,Alan,Sega,Madilyn,Weber,River
Godwin,Robyn,Weber,Shelby,Godwin,Trentin
Weber,Randy,Sega,Madilyn,Weber,River
Godwin,Loren,Weber,Shelby,Godwin,Trentin
Weber,Mathieu,Sega,Madilyn,Weber,River
Weber,Justice,Godwin,Banesa,Weber,Earl
Sega,Kevin,Weber,Samara,Sega,Alvaro
Weber,Sharon,Godwin,Banesa,Weber,Earl
Sega,Armando,Weber,Samara,Sega,Alvaro
Weber,Tanna,Godwin,Banesa,Weber,Earl
Sega,Cyrus,Weber,Samara,Sega,Alvaro
Weber,Patience,Godwin,Banesa,Weber,Earl
Sega,Karl,Weber,Mckenna,Sega,Samual
Weber,Lena,Godwin,Banesa,Weber,Earl
Sega,Bradlee,Weber,Mckenna,Sega,Samual
Weber,Perla,Godwin,Banesa,Weber,Earl
Sega,Aaron,Weber,Mckenna,Sega,Samual
Weber,Kirstin,Godwin,Banesa,Weber,Earl
Sega,Callum,Weber,Mckenna,Sega,Samual
Weber,Itati,Godwin,Banesa,Weber,Earl
Sega,Felipe,Weber,Mckenna,Sega,Samual
Weber,Presley,Godwin,Helena,Weber,Nicolas
Sega,Barry,Weber,Mckenna,Sega,Samual
Weber,Makenzie,Godwin,Helena,Weber,Nicolas
Sega,Kevon,Weber,Mckenna,Sega,Samual
Weber,Zabrina,Godwin,Helena,Weber,Nicolas
Sega,Marcus,Weber,Mckenna,Sega,Samual
Weber,Dena,Godwin,Helena,Weber,Nicolas
Sega,Edward,Weber,Mckenna,Sega,Samual
Weber,Katelin,Godwin,Helena,Weber,Nicolas
Sega,Chaim,Weber,Casandra,Sega,Jordan
Weber,Makenna,Godwin,Helena,Weber,Nicolas
Sega,Stefan,Weber,Casandra,Sega,Jordan
Weber,Baylee,Godwin,Helena,Weber,Nicolas
Sega,Michael,Weber,Casandra,Sega,Jordan
Weber,Aubree,Godwin,Helena,Weber,Nicolas
Sega,Philip,Weber,Casandra,Sega,Jordan
Weber,Helena,Godwin,Helena,Weber,Nicolas
Sega,Clayton,Weber,Casandra,Sega,Jordan
Weber,Salena,Godwin,Helena,Weber,Nicolas
Sega,Clay,Weber,Casandra,Sega,Jordan
Weber,Destinee,Godwin,Kiana,Weber,Bjorn
Sega,Leland,Weber,Casandra,Sega,Jordan
Weber,Veronica,Godwin,Kiana,Weber,Bjorn
Sega,Kaden,Weber,Casandra,Sega,Jordan
Weber,Torrie,Godwin,Kiana,Weber,Bjorn
Sega,Branden,Weber,Casandra,Sega,Jordan
Weber,Kiersten,Godwin,Kiana,Weber,Bjorn
Sega,Lionel,Weber,Shanise,Sega,Micheal
Weber,Lexus,Godwin,Keisha,Weber,Julian
Sega,Seamus,Weber,Shanise,Sega,Micheal
Weber,Kaitlyn,Godwin,Keisha,Weber,Julian
Sega,Koby,Weber,Shanise,Sega,Micheal
Weber,Rosemarie,Godwin,Keisha,Weber,Julian
Grout,Alexis,Weber,Melinda,Grout,Domonic
Weber,Shayna,Godwin,Keisha,Weber,Julian
Grout,Sydney,Weber,Melinda,Grout,Domonic
Weber,Kenyatta,Godwin,Keisha,Weber,Julian
Grout,Rene,Weber,Marilyn,Grout,Kevin
Weber,Candy,Godwin,Keisha,Weber,Julian
Grout,Mason,Weber,Marilyn,Grout,Kevin
Weber,Kierstin,Godwin,Keisha,Weber,Julian
Grout,Julius,Weber,Marilyn,Grout,Kevin
Weber,Irma,Godwin,Keisha,Weber,Julian
Grout,Anton,Weber,Marilyn,Grout,Kevin
Weber,Sabrina,Godwin,Keisha,Weber,Julian
Grout,Darrin,Weber,Marilyn,Grout,Kevin
Weber,Courtney,Godwin,Katelynn,Weber,Dallas
Grout,Marco,Weber,Marilyn,Grout,Kevin
Weber,Carolyn,Godwin,Katelynn,Weber,Dallas
Grout,Colby,Weber,Marilyn,Grout,Kevin
Weber,Yolanda,Sega,Paxton,Weber,Zachery
Grout,Elias,Weber,Marilyn,Grout,Kevin
Weber,Terra,Sega,Paxton,Weber,Zachery
Grout,Marquis,Weber,Aimee,Grout,Nickolas
Weber,Keira,Sega,Madilyn,Weber,River
Grout,Jalen,Weber,Aimee,Grout,Nickolas
Weber,Ravin,Sega,Madilyn,Weber,River
Grout,Rasheed,Weber,Aimee,Grout,Nickolas
Weber,Haleigh,Sega,Madilyn,Weber,River
Grout,Deshaun,Weber,Aimee,Grout,Nickolas
Weber,Darby,Sega,Madilyn,Weber,River
Grout,Terence,Weber,Aimee,Grout,Nickolas
Weber,Merissa,Sega,Madilyn,Weber,River
Grout,Denzel,Weber,Aimee,Grout,Nickolas
Weber,Destiney,Sega,Madilyn,Weber,River
Grout,Brock,Weber,Aimee,Grout,Nickolas
Sega,Kianna,Weber,Samara,Sega,Alvaro
Grout,Austen,Weber,Aimee,Grout,Nickolas
Sega,Jessica,Weber,Samara,Sega,Alvaro
Grout,Trae,Weber,Aimee,Grout,Nickolas
Sega,Itzel,Weber,Samara,Sega,Alvaro
Grout,Gilbert,Weber,Angelica,Grout,Damion
Sega,Ellie,Weber,Samara,Sega,Alvaro
Grout,Jamal,Weber,Angelica,Grout,Damion
Sega,Alissa,Weber,Samara,Sega,Alvaro
Grout,Rogelio,Weber,Angelica,Grout,Damion
Sega,Katharine,Weber,Samara,Sega,Alvaro
Grout,Devan,Weber,Angelica,Grout,Damion
Sega,Keosha,Weber,Samara,Sega,Alvaro
Grout,Moises,Weber,Angelica,Grout,Damion
Sega,Elaina,Weber,Samara,Sega,Alvaro
Grout,Cade,Weber,Angelica,Grout,Damion
Sega,Rosa,Weber,Samara,Sega,Alvaro
Grout,Jerryd,Weber,Angelica,Grout,Damion
Sega,Monique,Weber,Samara,Sega,Alvaro
Grout,Wilmer,Weber,Angelica,Grout,Damion
Sega,Yasmin,Weber,Mckenna,Sega,Samual
Grout,Braydon,Weber,Angelica,Grout,Damion
Sega,Idaly,Weber,Mckenna,Sega,Samual
Grout,Alex,Weber,Angelica,Grout,Damion
Sega,Aerial,Weber,Mckenna,Sega,Samual
Carter,Malik,Sega,Karena,Carter,Maxwell
Sega,Tammy,Weber,Mckenna,Sega,Samual
Carter,Oren,Sega,Karena,Carter,Maxwell
Sega,Deandrea,Weber,Mckenna,Sega,Samual
Carter,Brennen,Sega,Karena,Carter,Maxwell
Sega,Michal,Weber,Mckenna,Sega,Samual
Carter,Esau,Sega,Karena,Carter,Maxwell
Sega,Adele,Weber,Casandra,Sega,Jordan
Carter,Craig,Sega,Karena,Carter,Maxwell
Sega,Terra,Weber,Casandra,Sega,Jordan
Carter,Keith,Sega,Maegan,Carter,Nick
Sega,Montana,Weber,Casandra,Sega,Jordan
Carter,Kirkland,Sega,Maegan,Carter,Nick
Sega,Hattie,Weber,Casandra,Sega,Jordan
Carter,Bryce,Sega,Maegan,Carter,Nick
Sega,Destiny,Weber,Casandra,Sega,Jordan
Carter,Callum,Sega,Maegan,Carter,Nick
Sega,Shyanne,Weber,Casandra,Sega,Jordan
Carter,Tysheem,Sega,Maegan,Carter,Nick
Sega,Lilibeth,Weber,Shanise,Sega,Micheal
Carter,Curtis,Sega,Maegan,Carter,Nick
Sega,Karen,Weber,Shanise,Sega,Micheal
Carter,Emilio,Sega,Maegan,Carter,Nick
Sega,Audrey,Weber,Shanise,Sega,Micheal
Carter,Keanu,Sega,Maegan,Carter,Nick
Grout,Kali,Weber,Melinda,Grout,Domonic
Fisher,Britt,Sega,Shaye,Fisher,Kirk
Grout,Malinda,Weber,Marilyn,Grout,Kevin
Fisher,Jeb,Sega,Shaye,Fisher,Kirk
Grout,Coral,Weber,Marilyn,Grout,Kevin
Fisher,Norman,Sega,Shaye,Fisher,Kirk
Grout,Leann,Weber,Marilyn,Grout,Kevin
Fisher,Demetrius,Sega,Shaye,Fisher,Kirk
Grout,Thalia,Weber,Marilyn,Grout,Kevin
Fisher,Miguel,Sega,Shaye,Fisher,Kirk
Grout,Camisha,Weber,Marilyn,Grout,Kevin
Fisher,Javier,Sega,Shaye,Fisher,Kirk
Grout,Trevor,Weber,Marilyn,Grout,Kevin
Fisher,Tristian,Sega,Shaye,Fisher,Kirk
Grout,Alani,Weber,Marilyn,Grout,Kevin
Fisher,Deleon,Sega,Shaye,Fisher,Kirk
Grout,Chloe,Weber,Aimee,Grout,Nickolas
Fisher,Dylon,Sega,Shaye,Fisher,Kirk
Grout,Reina,Weber,Aimee,Grout,Nickolas
Fisher,Van,Grout,Liliana,Fisher,Cristobal
Grout,Tatianna,Weber,Aimee,Grout,Nickolas
Fisher,Tyree,Grout,Liliana,Fisher,Cristobal
Grout,Nicolette,Weber,Aimee,Grout,Nickolas
Fisher,Kelton,Grout,Liliana,Fisher,Cristobal
Grout,Dulce,Weber,Aimee,Grout,Nickolas
Fisher,Maliki,Grout,Liliana,Fisher,Cristobal
Grout,Clare,Weber,Aimee,Grout,Nickolas
Fisher,Ervin,Grout,Liliana,Fisher,Cristobal
Grout,Stacie,Weber,Aimee,Grout,Nickolas
Fisher,Seamus,Grout,Talia,Fisher,Carlos
Grout,Reagan,Weber,Aimee,Grout,Nickolas
Fisher,Ronny,Grout,Talia,Fisher,Carlos
Grout,Sheyla,Weber,Angelica,Grout,Damion
Fisher,Braxton,Grout,Talia,Fisher,Carlos
Grout,Noel,Weber,Angelica,Grout,Damion
Fisher,Chadwick,Grout,Talia,Fisher,Carlos
Grout,Zoey,Weber,Angelica,Grout,Damion
Fisher,Eugene,Grout,Talia,Fisher,Carlos
Grout,Chelsy,Weber,Angelica,Grout,Damion
Fisher,Santos,Grout,Talia,Fisher,Carlos
Grout,Yaritza,Weber,Angelica,Grout,Damion
Gemar,Micah,Grout,Francesca,Gemar,Allan
Grout,Darby,Weber,Angelica,Grout,Damion
Gemar,Montana,Grout,Francesca,Gemar,Allan
Grout,Bridgette,Weber,Angelica,Grout,Damion
Gemar,Thomas,Grout,Francesca,Gemar,Allan
Carter,Devin,Sega,Karena,Carter,Maxwell
Gemar,Coby,Grout,Francesca,Gemar,Allan
Carter,Geraldine,Sega,Karena,Carter,Maxwell
Gemar,Vincent,Grout,Francesca,Gemar,Allan
Carter,Fabiola,Sega,Karena,Carter,Maxwell
Gemar,Liam,Grout,Elyse,Gemar,Armani
Carter,Estrella,Sega,Karena,Carter,Maxwell
Gemar,Nour,Grout,Elyse,Gemar,Armani
Carter,Terra,Sega,Karena,Carter,Maxwell
Gemar,Colbey,Grout,Elyse,Gemar,Armani
Carter,Darcie,Sega,Karena,Carter,Maxwell
Gemar,Mario,Grout,Elyse,Gemar,Armani
Carter,Ida,Sega,Karena,Carter,Maxwell
Gemar,Brooks,Grout,Elyse,Gemar,Armani
Carter,Shamaria,Sega,Karena,Carter,Maxwell
Gemar,Chaim,Carter,Lilian,Gemar,Roger
Carter,Angel,Sega,Maegan,Carter,Nick
Gemar,Langston,Carter,Lilian,Gemar,Roger
Carter,Bianca,Sega,Maegan,Carter,Nick
Gemar,Emmitt,Carter,Lilian,Gemar,Roger
Carter,Bethany,Sega,Maegan,Carter,Nick
Gemar,Oneil,Carter,Lilian,Gemar,Roger
Carter,Klee,Sega,Maegan,Carter,Nick
Gemar,Willie,Carter,Lilian,Gemar,Roger
Carter,Ebone,Sega,Maegan,Carter,Nick
Gemar,Guillermo,Carter,Lilian,Gemar,Roger
Fisher,Ciarra,Sega,Shaye,Fisher,Kirk
Gemar,Phillip,Carter,Genna,Gemar,Maximillia
Fisher,Kenna,Sega,Shaye,Fisher,Kirk
Gemar,Dane,Carter,Genna,Gemar,Maximillia
Fisher,Mariana,Sega,Shaye,Fisher,Kirk
Gemar,Zachariah,Carter,Genna,Gemar,Maximillia
Fisher,Kelley,Sega,Shaye,Fisher,Kirk
Gemar,Terry,Carter,Genna,Gemar,Maximillia
Fisher,Luz,Sega,Shaye,Fisher,Kirk
Gemar,Ruben,Carter,Genna,Gemar,Maximillia
Fisher,Tory,Sega,Shaye,Fisher,Kirk
Gemar,Jeramie,Carter,Genna,Gemar,Maximillia
Fisher,Sienna,Sega,Shaye,Fisher,Kirk
Gemar,Eduardo,Carter,Genna,Gemar,Maximillia
Fisher,Aylssa,Sega,Shaye,Fisher,Kirk
Gemar,Asa,Carter,Genna,Gemar,Maximillia
Fisher,Adriana,Sega,Shaye,Fisher,Kirk
Gemar,Silas,Carter,Genna,Gemar,Maximillia
Fisher,Katia,Sega,Shaye,Fisher,Kirk
Gemar,Calvin,Carter,Marcia,Gemar,Ramon
Fisher,Shawn,Grout,Liliana,Fisher,Cristobal
Gemar,Rey,Carter,Marcia,Gemar,Ramon
Fisher,Gerardo,Grout,Liliana,Fisher,Cristobal
Gemar,Joshua,Carter,Marcia,Gemar,Ramon
Fisher,Tynia,Grout,Liliana,Fisher,Cristobal
Gemar,Kody,Fisher,Sneha,Gemar,Gordon
Fisher,Cheyenne,Grout,Liliana,Fisher,Cristobal
Gemar,Deondre,Fisher,Sneha,Gemar,Gordon
Fisher,Shenelly,Grout,Talia,Fisher,Carlos
Gemar,Darrell,Fisher,Sneha,Gemar,Gordon
Fisher,Odalys,Grout,Talia,Fisher,Carlos
Gemar,Rigoberto,Fisher,Sneha,Gemar,Gordon
Fisher,Ayanna,Grout,Talia,Fisher,Carlos
Gemar,Reuben,Fisher,Haylee,Gemar,Latrell
Fisher,Holli,Grout,Talia,Fisher,Carlos
Gemar,Tylor,Fisher,Haylee,Gemar,Latrell
Fisher,Christine,Grout,Talia,Fisher,Carlos
Gemar,Seamus,Fisher,Haylee,Gemar,Latrell
Fisher,Addison,Grout,Talia,Fisher,Carlos
Gemar,Sebastien,Fisher,Haylee,Gemar,Latrell
Fisher,Kendyl,Grout,Talia,Fisher,Carlos
Gemar,Diego,Fisher,Yoana,Gemar,Jacob
Fisher,Destini,Grout,Talia,Fisher,Carlos
Gemar,Donald,Fisher,Yoana,Gemar,Jacob
Fisher,Giselle,Grout,Talia,Fisher,Carlos
Gemar,Micheal,Fisher,Yoana,Gemar,Jacob
Gemar,Marycather,Grout,Francesca,Gemar,Allan
Gemar,Addison,Fisher,Martha,Gemar,Dwayne
Gemar,Nichole,Grout,Francesca,Gemar,Allan
Gemar,Dominic,Fisher,Martha,Gemar,Dwayne
Gemar,Debora,Grout,Francesca,Gemar,Allan
Gemar,Emanuel,Fisher,Martha,Gemar,Dwayne
Gemar,Giselle,Grout,Francesca,Gemar,Allan
Gemar,Fabian,Fisher,Martha,Gemar,Dwayne
Gemar,Jenna,Grout,Elyse,Gemar,Armani
Gemar,Jayce,Fisher,Martha,Gemar,Dwayne
Gemar,Ashly,Grout,Elyse,Gemar,Armani
Gemar,Sam,Fisher,Nicole,Gemar,Rashad
Gemar,Joselin,Grout,Elyse,Gemar,Armani
Gemar,Stevan,Fisher,Nicole,Gemar,Rashad
Gemar,Mattea,Grout,Elyse,Gemar,Armani
Gemar,Brendan,Fisher,Nicole,Gemar,Rashad
Gemar,Anne,Grout,Elyse,Gemar,Armani
Gemar,Leonardo,Fisher,Nicole,Gemar,Rashad
Gemar,Tiffanie,Grout,Elyse,Gemar,Armani
Gemar,Marvin,Fisher,Kristin,Gemar,Raheem
Gemar,Tristan,Carter,Lilian,Gemar,Roger
Gemar,Tanner,Fisher,Kristin,Gemar,Raheem
Gemar,Julissa,Carter,Lilian,Gemar,Roger
Gemar,Esteban,Fisher,Kristin,Gemar,Raheem
Gemar,Aileen,Carter,Lilian,Gemar,Roger
Gemar,Dontae,Fisher,Kristin,Gemar,Raheem
Gemar,Brittney,Carter,Lilian,Gemar,Roger
Gemar,Kegan,Fisher,Kristin,Gemar,Raheem
Gemar,Shanique,Carter,Lilian,Gemar,Roger
Gemar,Scott,Fisher,Kristin,Gemar,Raheem
Gemar,Chaya,Carter,Genna,Gemar,Maximillia
Gemar,Edgar,Taft,Lexi,Gemar,Ervin
Gemar,Lillian,Carter,Genna,Gemar,Maximillia
Gemar,Curtis,Taft,Lexi,Gemar,Ervin
Gemar,Maegan,Carter,Genna,Gemar,Maximillia
Gemar,Gregory,Taft,Lexi,Gemar,Ervin
Gemar,Jessie,Carter,Genna,Gemar,Maximillia
Gemar,Patric,Taft,Lexi,Gemar,Ervin
Gemar,Devonna,Carter,Genna,Gemar,Maximillia
Gemar,Aidan,Taft,Lexi,Gemar,Ervin
Gemar,Madilyn,Carter,Genna,Gemar,Maximillia
Gemar,Anfernee,Taft,Lexi,Gemar,Ervin
Gemar,Jennifer,Carter,Marcia,Gemar,Ramon
Gemar,Jevon,Taft,Lexi,Gemar,Ervin
Gemar,Grace,Carter,Marcia,Gemar,Ramon
Gemar,Benito,Taft,Lexi,Gemar,Ervin
Gemar,Nakia,Carter,Marcia,Gemar,Ramon
Gemar,Landon,Taft,Lexi,Gemar,Ervin
Gemar,Alysa,Carter,Marcia,Gemar,Ramon
Gemar,Francis,Taft,Lexi,Gemar,Ervin
Gemar,Brielle,Carter,Marcia,Gemar,Ramon
Gemar,Alexander,Taft,Lexi,Gemar,Ervin
Gemar,Mona,Fisher,Sneha,Gemar,Gordon
Gemar,Moshe,Taft,Lexi,Gemar,Ervin
Gemar,Erin,Fisher,Sneha,Gemar,Gordon
Gemar,Neil,Taft,Lexi,Gemar,Ervin
Gemar,Isadora,Fisher,Sneha,Gemar,Gordon
Gemar,Deshaun,Taft,Lexi,Gemar,Ervin
Gemar,Jordyn,Fisher,Sneha,Gemar,Gordon
Gemar,Frederic,Taft,Lexi,Gemar,Ervin
Gemar,Salina,Fisher,Sneha,Gemar,Gordon
Gemar,Gunner,Taft,Lexi,Gemar,Ervin
Gemar,Danika,Fisher,Sneha,Gemar,Gordon
Gemar,Rakeem,Taft,Lexi,Gemar,Ervin
Gemar,Shirley,Fisher,Sneha,Gemar,Gordon
Gemar,Keeton,Taft,Lexi,Gemar,Ervin
Gemar,Kelli,Fisher,Haylee,Gemar,Latrell
Gemar,Shlomo,Taft,Lexi,Gemar,Ervin
Gemar,Skyler,Fisher,Haylee,Gemar,Latrell
Gemar,Jair,Taft,Lexi,Gemar,Ervin
Gemar,Casey,Fisher,Haylee,Gemar,Latrell
Taft,Jeffery,Gemar,Emely,Taft,Jamal
Gemar,Jean,Fisher,Haylee,Gemar,Latrell
Taft,Michal,Gemar,Emely,Taft,Jamal
Gemar,Destany,Fisher,Yoana,Gemar,Jacob
Taft,Nickolas,Gemar,Emely,Taft,Jamal
Gemar,Bryanna,Fisher,Yoana,Gemar,Jacob
Taft,Noe,Gemar,Emely,Taft,Jamal
Gemar,Berenice,Fisher,Yoana,Gemar,Jacob
Taft,Dallas,Gemar,Emely,Taft,Jamal
Gemar,Ashlie,Fisher,Yoana,Gemar,Jacob
