Evans,Fredrick,Pffaff,Marlena,Evans,Jaylan
Cabana,Maranda,Walz,Shea,Cabana,Jimmy
Wolf,Wyatt,Mullane,Joselyn,Wolf,Jed
Deckard,Elizabeth,Morin,Dixie,Deckard,Justus
Young,Jajuan,Linnehan,Michele,Young,Myron
Carter,Tayla,Deckard,Yajayra,Carter,Ladarius
Griggs,Harley,Lind,Delaney,Griggs,Jed
Helms,Antoinette,Resnik,Cameron,Helms,Bronson
Morin,Wilson,Loria,Audrey,Morin,Louis
McCandless,Lizbeth,Crippen,Sunny,McCandless,Tomas
Collins,Bill,Thorne,Shanise,Collins,Kellen
Fossum,Haley,Henricks,Allyson,Fossum,Malcolm
Thuot,Devyn,Givens,Deborah,Thuot,Keegan
Carpenter,Elida,Worden,Candice,Carpenter,Brooks
Pettit,Aspen,Melnick,Spencer,Pettit,Griffin
McBride,Symphony,Scobee,Micayla,McBride,Josie
Hawley,Arnold,Eisenhower,Annabel,Hawley,Graham
Springer,Jaqueline,Griggs,Karyna,Springer,Beau
Voss,Wanya,Patrick,Merideth,Voss,Alec
McNair,Janay,Eisele,Keri,McNair,Ladarius
Ferguson,Isiah,Hilmers,Shamaria,Ferguson,Triston
Chilton,Constance,McBride,Daisy,Chilton,Tyson
Llewellyn,Adam,Roosa,Hallie,Llewellyn,Brandon
Pflugel,Desiree,Fisher,Macie,Pflugel,Oren
Hammond,Cullen,Phillips,Shauna,Hammond,Lukas
Daniels,Kendyl,Bean,Janelle,Daniels,Drew
Polk,Claudio,Lucid,Mindi,Polk,Adalberto
Clifford,Alycia,Camarda,Maritza,Clifford,Bernardo
Helms,Samual,McArthur,Karen,Helms,Adrian
Williams,Lily,McArthur,Casey,Williams,Brock
Evans,Emmett,Cabana,Maranda,Evans,Fredrick
Evans,Khaliah,Cabana,Maranda,Evans,Fredrick
Evans,Miguel,Cabana,Maranda,Evans,Fredrick
Evans,Shanyce,Cabana,Maranda,Evans,Fredrick
Evans,Stephon,Cabana,Maranda,Evans,Fredrick
Evans,Keisha,Cabana,Maranda,Evans,Fredrick
Evans,Domonic,Cabana,Maranda,Evans,Fredrick
Evans,Delanie,Cabana,Maranda,Evans,Fredrick
Evans,Christen,Cabana,Maranda,Evans,Fredrick
Evans,Elyse,Cabana,Maranda,Evans,Fredrick
Wolf,Olivier,Deckard,Elizabeth,Wolf,Wyatt
Evans,Tyler,Cabana,Maranda,Evans,Fredrick
Wolf,Demetrius,Deckard,Elizabeth,Wolf,Wyatt
Wolf,Sofia,Deckard,Elizabeth,Wolf,Wyatt
Wolf,Santana,Deckard,Elizabeth,Wolf,Wyatt
Wolf,Cristina,Deckard,Elizabeth,Wolf,Wyatt
Wolf,Jake,Deckard,Elizabeth,Wolf,Wyatt
Wolf,Salina,Deckard,Elizabeth,Wolf,Wyatt
Wolf,Yvan,Deckard,Elizabeth,Wolf,Wyatt
Wolf,Liliana,Deckard,Elizabeth,Wolf,Wyatt
Wolf,Jermaine,Deckard,Elizabeth,Wolf,Wyatt
Wolf,Virginia,Deckard,Elizabeth,Wolf,Wyatt
Wolf,Callum,Deckard,Elizabeth,Wolf,Wyatt
Wolf,Sadia,Deckard,Elizabeth,Wolf,Wyatt
Wolf,Freeman,Deckard,Elizabeth,Wolf,Wyatt
Young,Khyla,Carter,Tayla,Young,Jajuan
Young,Jerome,Carter,Tayla,Young,Jajuan
Young,Moriah,Carter,Tayla,Young,Jajuan
Young,Chaz,Carter,Tayla,Young,Jajuan
Young,Zahra,Carter,Tayla,Young,Jajuan
Young,Calvin,Carter,Tayla,Young,Jajuan
Young,Deanne,Carter,Tayla,Young,Jajuan
Young,Bradlee,Carter,Tayla,Young,Jajuan
Young,Sandy,Carter,Tayla,Young,Jajuan
Young,Dante,Carter,Tayla,Young,Jajuan
Young,Kerri,Carter,Tayla,Young,Jajuan
Young,Babyboy,Carter,Tayla,Young,Jajuan
Young,Allana,Carter,Tayla,Young,Jajuan
Young,Branden,Carter,Tayla,Young,Jajuan
Young,Myra,Carter,Tayla,Young,Jajuan
Young,Logan,Carter,Tayla,Young,Jajuan
Griggs,Benita,Helms,Antoinette,Griggs,Harley
Young,Diondre,Carter,Tayla,Young,Jajuan
Griggs,Kaylynn,Helms,Antoinette,Griggs,Harley
Young,Michael,Carter,Tayla,Young,Jajuan
Griggs,Elisa,Helms,Antoinette,Griggs,Harley
Young,Kirk,Carter,Tayla,Young,Jajuan
Griggs,Kaylin,Helms,Antoinette,Griggs,Harley
Griggs,Samson,Helms,Antoinette,Griggs,Harley
Griggs,Keyondra,Helms,Antoinette,Griggs,Harley
Griggs,Aspen,Helms,Antoinette,Griggs,Harley
Griggs,Dayana,Helms,Antoinette,Griggs,Harley
Griggs,Lee,Helms,Antoinette,Griggs,Harley
Griggs,Shayna,Helms,Antoinette,Griggs,Harley
Morin,Bennett,McCandless,Lizbeth,Morin,Wilson
Griggs,Noelle,Helms,Antoinette,Griggs,Harley
Morin,Dale,McCandless,Lizbeth,Morin,Wilson
Morin,Jaimie,McCandless,Lizbeth,Morin,Wilson
Morin,Brenton,McCandless,Lizbeth,Morin,Wilson
Morin,Marilyn,McCandless,Lizbeth,Morin,Wilson
Morin,Claudio,McCandless,Lizbeth,Morin,Wilson
Morin,Devyn,McCandless,Lizbeth,Morin,Wilson
Collins,Jermaine,Fossum,Haley,Collins,Bill
Morin,Tara,McCandless,Lizbeth,Morin,Wilson
Collins,Rogelio,Fossum,Haley,Collins,Bill
Morin,Heavenly,McCandless,Lizbeth,Morin,Wilson
Collins,Lamont,Fossum,Haley,Collins,Bill
Morin,Karley,McCandless,Lizbeth,Morin,Wilson
Collins,Matthew,Fossum,Haley,Collins,Bill
Collins,Kara,Fossum,Haley,Collins,Bill
Collins,Devante,Fossum,Haley,Collins,Bill
Collins,Annalie,Fossum,Haley,Collins,Bill
Collins,Jamison,Fossum,Haley,Collins,Bill
Collins,Angelina,Fossum,Haley,Collins,Bill
Collins,Tracy,Fossum,Haley,Collins,Bill
Collins,Kallee,Fossum,Haley,Collins,Bill
Collins,Conner,Fossum,Haley,Collins,Bill
Collins,Margaret,Fossum,Haley,Collins,Bill
Collins,Benjamen,Fossum,Haley,Collins,Bill
Collins,Kaitlyn,Fossum,Haley,Collins,Bill
Collins,Habram,Fossum,Haley,Collins,Bill
Collins,Delaney,Fossum,Haley,Collins,Bill
Collins,Dylon,Fossum,Haley,Collins,Bill
Collins,Myesha,Fossum,Haley,Collins,Bill
Thuot,Olivier,Carpenter,Elida,Thuot,Devyn
Collins,Jayla,Fossum,Haley,Collins,Bill
Thuot,Amir,Carpenter,Elida,Thuot,Devyn
Thuot,Ciarra,Carpenter,Elida,Thuot,Devyn
Thuot,Lloyd,Carpenter,Elida,Thuot,Devyn
Thuot,Maura,Carpenter,Elida,Thuot,Devyn
Thuot,Joan,Carpenter,Elida,Thuot,Devyn
Thuot,Logan,Carpenter,Elida,Thuot,Devyn
Thuot,Alek,Carpenter,Elida,Thuot,Devyn
Thuot,Kiera,Carpenter,Elida,Thuot,Devyn
Thuot,Avery,Carpenter,Elida,Thuot,Devyn
Thuot,Annie,Carpenter,Elida,Thuot,Devyn
Pettit,Mark,McBride,Symphony,Pettit,Aspen
Thuot,Janessa,Carpenter,Elida,Thuot,Devyn
Pettit,Ahmad,McBride,Symphony,Pettit,Aspen
Thuot,Shea,Carpenter,Elida,Thuot,Devyn
Pettit,Chris,McBride,Symphony,Pettit,Aspen
Thuot,Candice,Carpenter,Elida,Thuot,Devyn
Pettit,Mauro,McBride,Symphony,Pettit,Aspen
Thuot,Anika,Carpenter,Elida,Thuot,Devyn
Pettit,Brendan,McBride,Symphony,Pettit,Aspen
Thuot,Lesli,Carpenter,Elida,Thuot,Devyn
Pettit,Justin,McBride,Symphony,Pettit,Aspen
Thuot,Krystal,Carpenter,Elida,Thuot,Devyn
Pettit,Willis,McBride,Symphony,Pettit,Aspen
Pettit,Ariel,McBride,Symphony,Pettit,Aspen
Pettit,Britt,McBride,Symphony,Pettit,Aspen
Pettit,Destiana,McBride,Symphony,Pettit,Aspen
Pettit,Drake,McBride,Symphony,Pettit,Aspen
Pettit,Stacy,McBride,Symphony,Pettit,Aspen
Hawley,Dane,Springer,Jaqueline,Hawley,Arnold
Hawley,Yessica,Springer,Jaqueline,Hawley,Arnold
Hawley,Valentine,Springer,Jaqueline,Hawley,Arnold
Hawley,Christa,Springer,Jaqueline,Hawley,Arnold
Hawley,Mitchel,Springer,Jaqueline,Hawley,Arnold
Hawley,Reina,Springer,Jaqueline,Hawley,Arnold
Hawley,Randall,Springer,Jaqueline,Hawley,Arnold
Hawley,Makenzie,Springer,Jaqueline,Hawley,Arnold
Hawley,Bret,Springer,Jaqueline,Hawley,Arnold
Hawley,Tess,Springer,Jaqueline,Hawley,Arnold
Hawley,Roland,Springer,Jaqueline,Hawley,Arnold
Hawley,Alysha,Springer,Jaqueline,Hawley,Arnold
Hawley,Saul,Springer,Jaqueline,Hawley,Arnold
Hawley,Blair,Springer,Jaqueline,Hawley,Arnold
Hawley,Keon,Springer,Jaqueline,Hawley,Arnold
Hawley,Julianne,Springer,Jaqueline,Hawley,Arnold
Hawley,Branden,Springer,Jaqueline,Hawley,Arnold
Voss,Kali,McNair,Janay,Voss,Wanya
Hawley,Glenn,Springer,Jaqueline,Hawley,Arnold
Voss,Kierstin,McNair,Janay,Voss,Wanya
Hawley,Tate,Springer,Jaqueline,Hawley,Arnold
Voss,Roxana,McNair,Janay,Voss,Wanya
Hawley,Devonte,Springer,Jaqueline,Hawley,Arnold
Ferguson,Valerie,Chilton,Constance,Ferguson,Isiah
Voss,San,McNair,Janay,Voss,Wanya
Ferguson,Aubrie,Chilton,Constance,Ferguson,Isiah
Voss,Treshaun,McNair,Janay,Voss,Wanya
Ferguson,Jonae,Chilton,Constance,Ferguson,Isiah
Voss,Quincy,McNair,Janay,Voss,Wanya
Ferguson,Linda,Chilton,Constance,Ferguson,Isiah
Voss,Cade,McNair,Janay,Voss,Wanya
Ferguson,Katherine,Chilton,Constance,Ferguson,Isiah
Ferguson,Ezra,Chilton,Constance,Ferguson,Isiah
Ferguson,Octavia,Chilton,Constance,Ferguson,Isiah
Ferguson,Marcos,Chilton,Constance,Ferguson,Isiah
Ferguson,Juliette,Chilton,Constance,Ferguson,Isiah
Ferguson,Joey,Chilton,Constance,Ferguson,Isiah
Llewellyn,Carmelita,Pflugel,Desiree,Llewellyn,Adam
Ferguson,Brandon,Chilton,Constance,Ferguson,Isiah
Llewellyn,Antoinette,Pflugel,Desiree,Llewellyn,Adam
Ferguson,Samual,Chilton,Constance,Ferguson,Isiah
Llewellyn,Silvia,Pflugel,Desiree,Llewellyn,Adam
Ferguson,Reuben,Chilton,Constance,Ferguson,Isiah
Llewellyn,Taryn,Pflugel,Desiree,Llewellyn,Adam
Ferguson,Leonard,Chilton,Constance,Ferguson,Isiah
Llewellyn,Chloie,Pflugel,Desiree,Llewellyn,Adam
Ferguson,Elliott,Chilton,Constance,Ferguson,Isiah
Llewellyn,Malina,Pflugel,Desiree,Llewellyn,Adam
Ferguson,Kyler,Chilton,Constance,Ferguson,Isiah
Hammond,Naomi,Daniels,Kendyl,Hammond,Cullen
Ferguson,Grady,Chilton,Constance,Ferguson,Isiah
Hammond,Itzel,Daniels,Kendyl,Hammond,Cullen
Ferguson,Esteban,Chilton,Constance,Ferguson,Isiah
Hammond,Mallory,Daniels,Kendyl,Hammond,Cullen
Ferguson,Bronson,Chilton,Constance,Ferguson,Isiah
Hammond,Danae,Daniels,Kendyl,Hammond,Cullen
Llewellyn,Jeremy,Pflugel,Desiree,Llewellyn,Adam
Polk,Hunter,Clifford,Alycia,Polk,Claudio
Llewellyn,Tom,Pflugel,Desiree,Llewellyn,Adam
Polk,Sherry,Clifford,Alycia,Polk,Claudio
Llewellyn,Cade,Pflugel,Desiree,Llewellyn,Adam
Polk,Aileen,Clifford,Alycia,Polk,Claudio
Llewellyn,Nickalus,Pflugel,Desiree,Llewellyn,Adam
Helms,Taryn,Williams,Lily,Helms,Samual
Llewellyn,Frank,Pflugel,Desiree,Llewellyn,Adam
Helms,Vanessa,Williams,Lily,Helms,Samual
Llewellyn,Amari,Pflugel,Desiree,Llewellyn,Adam
Helms,Molli,Williams,Lily,Helms,Samual
Llewellyn,Gerardo,Pflugel,Desiree,Llewellyn,Adam
Helms,Aileen,Williams,Lily,Helms,Samual
Llewellyn,Marcanthon,Pflugel,Desiree,Llewellyn,Adam
Helms,Victoria,Williams,Lily,Helms,Samual
Llewellyn,Tre,Pflugel,Desiree,Llewellyn,Adam
Helms,Leslie,Williams,Lily,Helms,Samual
Llewellyn,Jacques,Pflugel,Desiree,Llewellyn,Adam
Helms,Madilyn,Williams,Lily,Helms,Samual
Llewellyn,Emilio,Pflugel,Desiree,Llewellyn,Adam
Helms,Madeleine,Williams,Lily,Helms,Samual
Llewellyn,Tristian,Pflugel,Desiree,Llewellyn,Adam
Helms,Jacklyn,Williams,Lily,Helms,Samual
Llewellyn,Dequan,Pflugel,Desiree,Llewellyn,Adam
Helms,Myra,Williams,Lily,Helms,Samual
Llewellyn,Fabian,Pflugel,Desiree,Llewellyn,Adam
Evans,Amy,Wolf,Sofia,Evans,Emmett
Hammond,Dontae,Daniels,Kendyl,Hammond,Cullen
Evans,Justine,Wolf,Sofia,Evans,Emmett
Hammond,Chaim,Daniels,Kendyl,Hammond,Cullen
Evans,Kortney,Wolf,Sofia,Evans,Emmett
Hammond,Kapil,Daniels,Kendyl,Hammond,Cullen
Evans,Mckenna,Wolf,Sofia,Evans,Emmett
Hammond,Rudy,Daniels,Kendyl,Hammond,Cullen
Evans,Mckayla,Wolf,Sofia,Evans,Emmett
Polk,Troy,Clifford,Alycia,Polk,Claudio
Evans,Courtney,Wolf,Sofia,Evans,Emmett
Polk,Maverick,Clifford,Alycia,Polk,Claudio
Evans,Itati,Wolf,Cristina,Evans,Miguel
Polk,Dangelo,Clifford,Alycia,Polk,Claudio
Evans,Savanna,Wolf,Cristina,Evans,Miguel
Polk,Pedro,Clifford,Alycia,Polk,Claudio
Evans,Abbigail,Wolf,Salina,Evans,Stephon
Helms,Domonic,Williams,Lily,Helms,Samual
Evans,Nallely,Wolf,Salina,Evans,Stephon
Helms,Byron,Williams,Lily,Helms,Samual
Evans,India,Wolf,Salina,Evans,Stephon
Helms,Jason,Williams,Lily,Helms,Samual
Evans,Kacie,Wolf,Salina,Evans,Stephon
Helms,Junior,Williams,Lily,Helms,Samual
Evans,Sapphire,Wolf,Salina,Evans,Stephon
Helms,Koby,Williams,Lily,Helms,Samual
Evans,Jaida,Wolf,Salina,Evans,Stephon
Helms,Sidney,Williams,Lily,Helms,Samual
Evans,Abagail,Wolf,Salina,Evans,Stephon
Helms,Tarik,Williams,Lily,Helms,Samual
Evans,Carissa,Wolf,Liliana,Evans,Domonic
Helms,Terrell,Williams,Lily,Helms,Samual
Evans,Maison,Wolf,Liliana,Evans,Domonic
Evans,Sebastien,Wolf,Sofia,Evans,Emmett
Evans,Dajah,Wolf,Liliana,Evans,Domonic
Evans,Tad,Wolf,Sofia,Evans,Emmett
Evans,Milena,Wolf,Liliana,Evans,Domonic
Evans,Cristopher,Wolf,Sofia,Evans,Emmett
Evans,Isabel,Wolf,Liliana,Evans,Domonic
Evans,Rakeem,Wolf,Cristina,Evans,Miguel
Evans,Alysia,Wolf,Liliana,Evans,Domonic
Evans,Guadalupe,Wolf,Salina,Evans,Stephon
Evans,Heather,Wolf,Virginia,Evans,Christen
Evans,Kelsey,Wolf,Salina,Evans,Stephon
Evans,Renee,Wolf,Virginia,Evans,Christen
Evans,Jade,Wolf,Salina,Evans,Stephon
Evans,Tammy,Wolf,Virginia,Evans,Christen
Evans,Justus,Wolf,Salina,Evans,Stephon
Evans,Alissa,Wolf,Virginia,Evans,Christen
Evans,Jordin,Wolf,Salina,Evans,Stephon
Evans,Annmarie,Wolf,Virginia,Evans,Christen
Evans,Joseph,Wolf,Salina,Evans,Stephon
Evans,Sonya,Wolf,Virginia,Evans,Christen
Evans,Peyton,Wolf,Salina,Evans,Stephon
Evans,Gabriele,Wolf,Virginia,Evans,Christen
Evans,Clay,Wolf,Liliana,Evans,Domonic
Evans,Daesha,Wolf,Virginia,Evans,Christen
Evans,Brennen,Wolf,Liliana,Evans,Domonic
Evans,Latoya,Wolf,Virginia,Evans,Christen
Evans,Deon,Wolf,Virginia,Evans,Christen
Evans,Dena,Wolf,Virginia,Evans,Christen
Evans,Jarrett,Wolf,Virginia,Evans,Christen
Wolf,Laura,Evans,Khaliah,Wolf,Olivier
Evans,Lionel,Wolf,Virginia,Evans,Christen
Wolf,Eleni,Evans,Khaliah,Wolf,Olivier
Evans,Payton,Wolf,Virginia,Evans,Christen
Wolf,Siarra,Evans,Khaliah,Wolf,Olivier
Evans,Everett,Wolf,Virginia,Evans,Christen
Wolf,Anamaria,Evans,Khaliah,Wolf,Olivier
Evans,Benito,Wolf,Virginia,Evans,Christen
Wolf,Estrella,Evans,Khaliah,Wolf,Olivier
Evans,Callahan,Wolf,Virginia,Evans,Christen
Wolf,Janae,Evans,Shanyce,Wolf,Demetrius
Wolf,Nour,Evans,Khaliah,Wolf,Olivier
Wolf,Debora,Evans,Shanyce,Wolf,Demetrius
Wolf,Shelby,Evans,Khaliah,Wolf,Olivier
Wolf,Hayley,Evans,Shanyce,Wolf,Demetrius
Wolf,Nathanael,Evans,Khaliah,Wolf,Olivier
Wolf,Brionna,Evans,Shanyce,Wolf,Demetrius
Wolf,Emiliano,Evans,Khaliah,Wolf,Olivier
Wolf,Zulema,Evans,Shanyce,Wolf,Demetrius
Wolf,Torey,Evans,Khaliah,Wolf,Olivier
Wolf,Corina,Evans,Shanyce,Wolf,Demetrius
Wolf,Mohamad,Evans,Khaliah,Wolf,Olivier
Wolf,Kaela,Evans,Keisha,Wolf,Santana
Wolf,Randall,Evans,Khaliah,Wolf,Olivier
Wolf,Hope,Evans,Keisha,Wolf,Santana
Wolf,Oren,Evans,Khaliah,Wolf,Olivier
Wolf,Mykayla,Evans,Keisha,Wolf,Santana
Wolf,Adrian,Evans,Shanyce,Wolf,Demetrius
Wolf,Micaela,Evans,Delanie,Wolf,Jake
Wolf,Dean,Evans,Keisha,Wolf,Santana
Wolf,Jasmin,Evans,Elyse,Wolf,Yvan
Wolf,Dillon,Evans,Keisha,Wolf,Santana
Wolf,Priscilla,Evans,Elyse,Wolf,Yvan
Wolf,Kayvon,Evans,Keisha,Wolf,Santana
Wolf,Summer,Evans,Elyse,Wolf,Yvan
Wolf,Seamus,Evans,Keisha,Wolf,Santana
Wolf,Joan,Evans,Elyse,Wolf,Yvan
Wolf,Alfred,Evans,Keisha,Wolf,Santana
Wolf,Shelly,Evans,Elyse,Wolf,Yvan
Wolf,Deonta,Evans,Keisha,Wolf,Santana
Wolf,Tiani,Evans,Elyse,Wolf,Yvan
Wolf,Tyreek,Evans,Delanie,Wolf,Jake
Wolf,Ivory,Evans,Elyse,Wolf,Yvan
Wolf,Garett,Evans,Delanie,Wolf,Jake
Wolf,Arianna,Evans,Elyse,Wolf,Yvan
Wolf,Britton,Evans,Delanie,Wolf,Jake
Wolf,Marivel,Evans,Tyler,Wolf,Jermaine
Wolf,Antoine,Evans,Delanie,Wolf,Jake
Wolf,Brecken,Evans,Tyler,Wolf,Jermaine
Wolf,Darien,Evans,Delanie,Wolf,Jake
Wolf,Rebeca,Evans,Tyler,Wolf,Jermaine
Wolf,Javion,Evans,Delanie,Wolf,Jake
Wolf,Stefanie,Evans,Tyler,Wolf,Jermaine
Wolf,George,Evans,Delanie,Wolf,Jake
Wolf,Kasandra,Young,Khyla,Wolf,Callum
Wolf,Chadwick,Evans,Delanie,Wolf,Jake
Wolf,Jonae,Young,Khyla,Wolf,Callum
Wolf,Landen,Evans,Elyse,Wolf,Yvan
Wolf,Destinee,Young,Khyla,Wolf,Callum
Wolf,Amir,Evans,Elyse,Wolf,Yvan
Wolf,Kamri,Young,Khyla,Wolf,Callum
Wolf,Rodney,Evans,Elyse,Wolf,Yvan
Wolf,Natalie,Young,Khyla,Wolf,Callum
Wolf,Terence,Evans,Elyse,Wolf,Yvan
Wolf,Isis,Young,Khyla,Wolf,Callum
Wolf,Jace,Evans,Elyse,Wolf,Yvan
Wolf,Giselle,Young,Moriah,Wolf,Freeman
Wolf,Levi,Evans,Elyse,Wolf,Yvan
Wolf,Amina,Young,Moriah,Wolf,Freeman
Wolf,Anibal,Evans,Elyse,Wolf,Yvan
Young,Lenora,Wolf,Sadia,Young,Jerome
Wolf,Ronny,Evans,Elyse,Wolf,Yvan
Young,Divya,Wolf,Sadia,Young,Jerome
Wolf,Julius,Evans,Tyler,Wolf,Jermaine
Young,Jana,Wolf,Sadia,Young,Jerome
Wolf,Ravon,Young,Khyla,Wolf,Callum
Young,Irene,Griggs,Benita,Young,Chaz
Wolf,Tom,Young,Khyla,Wolf,Callum
Young,Brecken,Griggs,Benita,Young,Chaz
Wolf,Collin,Young,Khyla,Wolf,Callum
Young,Kori,Griggs,Benita,Young,Chaz
Wolf,Juancarlos,Young,Khyla,Wolf,Callum
Young,Kaylah,Griggs,Benita,Young,Chaz
Wolf,Keanu,Young,Khyla,Wolf,Callum
Young,Liliana,Griggs,Benita,Young,Chaz
Wolf,Marques,Young,Khyla,Wolf,Callum
Young,Karley,Griggs,Benita,Young,Chaz
Wolf,Houston,Young,Khyla,Wolf,Callum
Young,Fiona,Griggs,Benita,Young,Chaz
Wolf,Norman,Young,Khyla,Wolf,Callum
Young,Brittani,Griggs,Kaylynn,Young,Calvin
Wolf,Ricardo,Young,Khyla,Wolf,Callum
Young,Tayla,Griggs,Kaylynn,Young,Calvin
Wolf,Rex,Young,Moriah,Wolf,Freeman
Young,Shelly,Griggs,Kaylynn,Young,Calvin
Young,Wilfredo,Wolf,Sadia,Young,Jerome
Young,Cara,Griggs,Kaylynn,Young,Calvin
Young,Dalton,Griggs,Benita,Young,Chaz
Young,Tess,Griggs,Kaylynn,Young,Calvin
Young,Rayquan,Griggs,Benita,Young,Chaz
Young,Siera,Griggs,Kaylynn,Young,Calvin
Young,Draven,Griggs,Benita,Young,Chaz
Young,Tiani,Griggs,Kaylynn,Young,Calvin
Young,Demarco,Griggs,Benita,Young,Chaz
Young,Ilana,Griggs,Kaylynn,Young,Calvin
Young,Marcus,Griggs,Benita,Young,Chaz
Young,Toni,Griggs,Elisa,Young,Bradlee
Young,Graham,Griggs,Benita,Young,Chaz
Young,Kendra,Griggs,Elisa,Young,Bradlee
Young,Hassan,Griggs,Benita,Young,Chaz
Young,Lydia,Griggs,Kaylin,Young,Dante
Young,Keegan,Griggs,Benita,Young,Chaz
Young,Adrienne,Griggs,Kaylin,Young,Dante
Young,Malik,Griggs,Benita,Young,Chaz
Young,Doris,Griggs,Kaylin,Young,Dante
Young,Jan,Griggs,Benita,Young,Chaz
Young,Ivy,Griggs,Kaylin,Young,Dante
Young,Marquise,Griggs,Benita,Young,Chaz
Young,Caylin,Griggs,Kaylin,Young,Dante
Young,Cooper,Griggs,Benita,Young,Chaz
Young,Jaclyn,Griggs,Keyondra,Young,Babyboy
Young,Nickalus,Griggs,Benita,Young,Chaz
Young,Emerald,Griggs,Keyondra,Young,Babyboy
Young,Ben,Griggs,Kaylynn,Young,Calvin
Young,Marlene,Griggs,Keyondra,Young,Babyboy
Young,Mike,Griggs,Kaylynn,Young,Calvin
Young,Nicole,Griggs,Dayana,Young,Branden
Young,Simeon,Griggs,Kaylynn,Young,Calvin
Young,Makenzi,Griggs,Dayana,Young,Branden
Young,Shelby,Griggs,Kaylynn,Young,Calvin
Young,Shanna,Griggs,Dayana,Young,Branden
Young,Freddy,Griggs,Kaylynn,Young,Calvin
Young,Beatriz,Griggs,Shayna,Young,Logan
Young,Shemar,Griggs,Kaylynn,Young,Calvin
Young,Alejandra,Griggs,Shayna,Young,Logan
Young,Spencer,Griggs,Kaylynn,Young,Calvin
Young,Kitana,Griggs,Shayna,Young,Logan
Young,Tyren,Griggs,Kaylynn,Young,Calvin
Young,Paloma,Griggs,Shayna,Young,Logan
Young,Rayvon,Griggs,Kaylynn,Young,Calvin
Young,Heaven,Griggs,Shayna,Young,Logan
Young,Chris,Griggs,Elisa,Young,Bradlee
Young,Cherokee,Griggs,Noelle,Young,Diondre
Young,Shane,Griggs,Elisa,Young,Bradlee
Young,Kathryn,Griggs,Noelle,Young,Diondre
Young,Humberto,Griggs,Kaylin,Young,Dante
Young,Essence,Griggs,Noelle,Young,Diondre
Young,Jeff,Griggs,Kaylin,Young,Dante
Young,Renee,Griggs,Noelle,Young,Diondre
Young,Kalon,Griggs,Kaylin,Young,Dante
Young,Madilyn,Griggs,Noelle,Young,Diondre
Young,Deric,Griggs,Kaylin,Young,Dante
Young,Alisia,Griggs,Noelle,Young,Diondre
Young,Bobby,Griggs,Kaylin,Young,Dante
Young,Kierstin,Morin,Jaimie,Young,Michael
Young,Brennen,Griggs,Kaylin,Young,Dante
Young,Kenyetta,Morin,Jaimie,Young,Michael
Young,Garin,Griggs,Kaylin,Young,Dante
Young,Kendyl,Morin,Jaimie,Young,Michael
Young,Lorenzo,Griggs,Kaylin,Young,Dante
Young,Jailene,Morin,Jaimie,Young,Michael
Young,Thaddeus,Griggs,Kaylin,Young,Dante
Young,Sharae,Morin,Jaimie,Young,Michael
Young,Darren,Griggs,Keyondra,Young,Babyboy
Young,Joleen,Morin,Jaimie,Young,Michael
Young,Benito,Griggs,Keyondra,Young,Babyboy
Young,Kiesha,Morin,Jaimie,Young,Michael
Young,Hugo,Griggs,Keyondra,Young,Babyboy
Young,Blair,Morin,Jaimie,Young,Michael
Young,Tysen,Griggs,Keyondra,Young,Babyboy
Young,Nyla,Morin,Jaimie,Young,Michael
Young,Payton,Griggs,Keyondra,Young,Babyboy
Young,Erin,Morin,Jaimie,Young,Michael
Young,Alek,Griggs,Keyondra,Young,Babyboy
Young,Katerina,Morin,Marilyn,Young,Kirk
Young,Wilson,Griggs,Keyondra,Young,Babyboy
Young,Raven,Morin,Marilyn,Young,Kirk
Young,Dylon,Griggs,Dayana,Young,Branden
Young,Iman,Morin,Marilyn,Young,Kirk
Young,Ryan,Griggs,Dayana,Young,Branden
Young,Kaleigh,Morin,Marilyn,Young,Kirk
Young,Donald,Griggs,Shayna,Young,Logan
Young,Kaley,Morin,Marilyn,Young,Kirk
Young,Rashad,Griggs,Shayna,Young,Logan
Young,Jami,Morin,Marilyn,Young,Kirk
Young,Jalil,Griggs,Shayna,Young,Logan
Young,Hadley,Morin,Marilyn,Young,Kirk
Young,Brady,Griggs,Shayna,Young,Logan
Young,Taelor,Morin,Marilyn,Young,Kirk
Young,Pedro,Griggs,Shayna,Young,Logan
Young,Baily,Morin,Marilyn,Young,Kirk
Young,Yair,Griggs,Noelle,Young,Diondre
Young,Shanice,Morin,Marilyn,Young,Kirk
Young,Rhett,Griggs,Noelle,Young,Diondre
Young,Sabreen,Morin,Marilyn,Young,Kirk
Young,Osvaldo,Griggs,Noelle,Young,Diondre
Griggs,Yvonne,Young,Zahra,Griggs,Samson
Young,Leroy,Griggs,Noelle,Young,Diondre
Griggs,Bree,Young,Zahra,Griggs,Samson
Young,Ezekiel,Griggs,Noelle,Young,Diondre
Griggs,Nathalie,Young,Zahra,Griggs,Samson
Young,Ivan,Morin,Jaimie,Young,Michael
Griggs,Sania,Young,Zahra,Griggs,Samson
Young,Kendall,Morin,Jaimie,Young,Michael
Griggs,Jeanna,Young,Zahra,Griggs,Samson
Young,Kory,Morin,Jaimie,Young,Michael
Griggs,Estefania,Young,Zahra,Griggs,Samson
Young,Jamal,Morin,Jaimie,Young,Michael
Griggs,Susan,Young,Deanne,Griggs,Aspen
Young,Tyquan,Morin,Jaimie,Young,Michael
Griggs,Talia,Young,Deanne,Griggs,Aspen
Young,Rey,Morin,Jaimie,Young,Michael
Griggs,Gianna,Young,Deanne,Griggs,Aspen
Young,Austen,Morin,Jaimie,Young,Michael
Griggs,Eleni,Young,Deanne,Griggs,Aspen
Young,Diamond,Morin,Jaimie,Young,Michael
Griggs,Madison,Young,Deanne,Griggs,Aspen
Young,Coby,Morin,Jaimie,Young,Michael
Griggs,Shea,Young,Deanne,Griggs,Aspen
Young,Deante,Morin,Jaimie,Young,Michael
Griggs,Shamaria,Young,Sandy,Griggs,Lee
Young,Dustin,Morin,Marilyn,Young,Kirk
Griggs,Kaitlin,Young,Sandy,Griggs,Lee
Young,Forest,Morin,Marilyn,Young,Kirk
Griggs,Bailee,Young,Sandy,Griggs,Lee
Young,Eric,Morin,Marilyn,Young,Kirk
Griggs,Rayven,Young,Sandy,Griggs,Lee
Young,Roland,Morin,Marilyn,Young,Kirk
Griggs,Kalee,Young,Sandy,Griggs,Lee
Griggs,Cullen,Young,Zahra,Griggs,Samson
Griggs,Yvette,Young,Sandy,Griggs,Lee
Griggs,Jorge,Young,Zahra,Griggs,Samson
Griggs,Daniella,Young,Sandy,Griggs,Lee
Griggs,Mateo,Young,Zahra,Griggs,Samson
Griggs,Madilyn,Young,Sandy,Griggs,Lee
Griggs,Diondre,Young,Zahra,Griggs,Samson
Griggs,Genna,Young,Sandy,Griggs,Lee
Griggs,Terance,Young,Zahra,Griggs,Samson
Griggs,Anahi,Young,Sandy,Griggs,Lee
Griggs,Zaire,Young,Zahra,Griggs,Samson
Morin,Viridiana,Young,Kerri,Morin,Bennett
Griggs,Jordon,Young,Zahra,Griggs,Samson
Morin,Mia,Young,Kerri,Morin,Bennett
Griggs,Davis,Young,Deanne,Griggs,Aspen
Morin,Patrice,Young,Kerri,Morin,Bennett
Griggs,Campbell,Young,Deanne,Griggs,Aspen
Morin,Carson,Young,Kerri,Morin,Bennett
Griggs,Jarod,Young,Deanne,Griggs,Aspen
Morin,Mikhaila,Young,Kerri,Morin,Bennett
Griggs,Rey,Young,Deanne,Griggs,Aspen
Morin,Skye,Young,Kerri,Morin,Bennett
Griggs,Lucas,Young,Sandy,Griggs,Lee
Morin,Lauryn,Young,Kerri,Morin,Bennett
Griggs,Conrad,Young,Sandy,Griggs,Lee
Morin,Maxine,Young,Allana,Morin,Dale
Griggs,Brennon,Young,Sandy,Griggs,Lee
Morin,Stacey,Young,Myra,Morin,Brenton
Griggs,Noel,Young,Sandy,Griggs,Lee
Morin,Nancy,Collins,Kara,Morin,Claudio
Griggs,Calib,Young,Sandy,Griggs,Lee
Morin,Harlie,Collins,Kara,Morin,Claudio
Griggs,Nikolas,Young,Sandy,Griggs,Lee
Morin,Tamara,Collins,Kara,Morin,Claudio
Griggs,Leland,Young,Sandy,Griggs,Lee
Morin,Breona,Collins,Kara,Morin,Claudio
Griggs,Jamari,Young,Sandy,Griggs,Lee
Morin,Elana,Collins,Kara,Morin,Claudio
Griggs,Felipe,Young,Sandy,Griggs,Lee
Morin,Laken,Collins,Kara,Morin,Claudio
Morin,Marlon,Young,Kerri,Morin,Bennett
Morin,Ayesha,Collins,Kara,Morin,Claudio
Morin,Jevon,Young,Kerri,Morin,Bennett
Morin,Iris,Collins,Kara,Morin,Claudio
Morin,Lamar,Young,Kerri,Morin,Bennett
Morin,Deisy,Collins,Kara,Morin,Claudio
Morin,Tylar,Young,Kerri,Morin,Bennett
Morin,Lorena,Collins,Kara,Morin,Claudio
Morin,Raymond,Young,Kerri,Morin,Bennett
Collins,Georgina,Morin,Devyn,Collins,Jermaine
Morin,Trentin,Young,Kerri,Morin,Bennett
Collins,Tianna,Morin,Devyn,Collins,Jermaine
Morin,Fredy,Young,Kerri,Morin,Bennett
Collins,Anneliese,Morin,Tara,Collins,Rogelio
Morin,Davon,Young,Allana,Morin,Dale
Collins,Jennah,Morin,Tara,Collins,Rogelio
Morin,Augustus,Young,Allana,Morin,Dale
Collins,Shelly,Morin,Tara,Collins,Rogelio
Morin,Isaac,Young,Allana,Morin,Dale
Collins,Olivia,Morin,Tara,Collins,Rogelio
Morin,Kelsey,Young,Allana,Morin,Dale
Collins,Jessica,Morin,Tara,Collins,Rogelio
Morin,Malachi,Young,Allana,Morin,Dale
Collins,Kerry,Morin,Tara,Collins,Rogelio
Morin,Maurice,Young,Allana,Morin,Dale
Collins,Kailee,Morin,Tara,Collins,Rogelio
Morin,Dimitri,Young,Myra,Morin,Brenton
Collins,Robyn,Morin,Tara,Collins,Rogelio
Morin,Billy,Young,Myra,Morin,Brenton
Collins,Terra,Morin,Heavenly,Collins,Lamont
Morin,Cody,Collins,Kara,Morin,Claudio
Collins,Destinee,Morin,Heavenly,Collins,Lamont
Morin,Kelton,Collins,Kara,Morin,Claudio
Collins,Violet,Morin,Heavenly,Collins,Lamont
Morin,Orion,Collins,Kara,Morin,Claudio
Collins,Serena,Morin,Heavenly,Collins,Lamont
Collins,Ayub,Morin,Devyn,Collins,Jermaine
Collins,Abigayle,Morin,Heavenly,Collins,Lamont
Collins,Jevon,Morin,Devyn,Collins,Jermaine
Collins,Jori,Morin,Heavenly,Collins,Lamont
Collins,Lloyd,Morin,Tara,Collins,Rogelio
Collins,Tania,Morin,Heavenly,Collins,Lamont
Collins,Marvin,Morin,Tara,Collins,Rogelio
Collins,Mckayla,Morin,Heavenly,Collins,Lamont
Collins,Felipe,Morin,Tara,Collins,Rogelio
Collins,Cassandra,Morin,Heavenly,Collins,Lamont
Collins,Cyrus,Morin,Tara,Collins,Rogelio
Collins,Madison,Morin,Heavenly,Collins,Lamont
Collins,Rex,Morin,Tara,Collins,Rogelio
Collins,Andrea,Morin,Heavenly,Collins,Lamont
Collins,Marielle,Morin,Tara,Collins,Rogelio
Collins,Kaitlin,Morin,Karley,Collins,Matthew
Collins,Trentin,Morin,Tara,Collins,Rogelio
Collins,Abbey,Morin,Karley,Collins,Matthew
Collins,Gustavo,Morin,Tara,Collins,Rogelio
Collins,Kelly,Morin,Karley,Collins,Matthew
Collins,Rakeem,Morin,Tara,Collins,Rogelio
Collins,Maxine,Morin,Karley,Collins,Matthew
Collins,Tyrone,Morin,Tara,Collins,Rogelio
Collins,Keana,Thuot,Ciarra,Collins,Devante
Collins,Maxwell,Morin,Tara,Collins,Rogelio
Collins,Liza,Thuot,Ciarra,Collins,Devante
Collins,Isidro,Morin,Tara,Collins,Rogelio
Collins,Esperanza,Thuot,Ciarra,Collins,Devante
Collins,Dedrick,Morin,Heavenly,Collins,Lamont
Collins,Aundrea,Thuot,Ciarra,Collins,Devante
Collins,Jasen,Morin,Heavenly,Collins,Lamont
Collins,Clarissa,Thuot,Maura,Collins,Jamison
Collins,Layne,Morin,Heavenly,Collins,Lamont
Collins,Connie,Thuot,Maura,Collins,Jamison
Collins,Mateo,Morin,Heavenly,Collins,Lamont
Collins,Anitra,Thuot,Maura,Collins,Jamison
Collins,Jaylan,Morin,Heavenly,Collins,Lamont
Collins,Alysa,Thuot,Maura,Collins,Jamison
Collins,Rowan,Morin,Heavenly,Collins,Lamont
Collins,Jeffrey,Thuot,Maura,Collins,Jamison
Collins,Yakov,Morin,Karley,Collins,Matthew
Collins,Josie,Thuot,Logan,Collins,Tracy
Collins,Josiah,Morin,Karley,Collins,Matthew
Collins,Micayla,Thuot,Logan,Collins,Tracy
Collins,Caden,Morin,Karley,Collins,Matthew
Collins,Heidi,Thuot,Logan,Collins,Tracy
Collins,Christen,Morin,Karley,Collins,Matthew
Collins,Shari,Thuot,Logan,Collins,Tracy
Collins,Hassan,Morin,Karley,Collins,Matthew
Collins,Kyra,Thuot,Logan,Collins,Tracy
Collins,Damon,Morin,Karley,Collins,Matthew
Collins,Cassidy,Thuot,Kiera,Collins,Conner
Collins,Ervin,Morin,Karley,Collins,Matthew
Collins,Shakira,Thuot,Kiera,Collins,Conner
Collins,Harry,Thuot,Ciarra,Collins,Devante
Collins,Essence,Thuot,Kiera,Collins,Conner
Collins,Tommy,Thuot,Ciarra,Collins,Devante
Collins,Hailee,Thuot,Kiera,Collins,Conner
Collins,Joel,Thuot,Ciarra,Collins,Devante
Collins,Itati,Thuot,Kiera,Collins,Conner
Collins,Winston,Thuot,Ciarra,Collins,Devante
Collins,Sariah,Thuot,Kiera,Collins,Conner
Collins,Marquise,Thuot,Ciarra,Collins,Devante
Collins,Ali,Thuot,Kiera,Collins,Conner
Collins,Reuben,Thuot,Ciarra,Collins,Devante
Collins,Misty,Thuot,Annie,Collins,Benjamen
Collins,Steve,Thuot,Ciarra,Collins,Devante
Collins,Tiffani,Thuot,Annie,Collins,Benjamen
Collins,Damien,Thuot,Maura,Collins,Jamison
Collins,Deondra,Thuot,Annie,Collins,Benjamen
Collins,Jerryd,Thuot,Maura,Collins,Jamison
Collins,Jaymie,Thuot,Annie,Collins,Benjamen
Collins,Chad,Thuot,Maura,Collins,Jamison
Collins,Emerald,Thuot,Annie,Collins,Benjamen
Collins,Valentine,Thuot,Logan,Collins,Tracy
Collins,Macie,Thuot,Janessa,Collins,Habram
Collins,Zaquan,Thuot,Logan,Collins,Tracy
Collins,Alyson,Thuot,Janessa,Collins,Habram
Collins,Junior,Thuot,Logan,Collins,Tracy
Collins,Ciarra,Thuot,Janessa,Collins,Habram
Collins,Bronson,Thuot,Logan,Collins,Tracy
Collins,Britney,Thuot,Janessa,Collins,Habram
Collins,Curtis,Thuot,Logan,Collins,Tracy
Collins,Constance,Thuot,Shea,Collins,Dylon
Collins,Dane,Thuot,Kiera,Collins,Conner
Collins,Xian,Thuot,Shea,Collins,Dylon
Collins,Carl,Thuot,Kiera,Collins,Conner
Collins,Tiara,Thuot,Shea,Collins,Dylon
Collins,Bradley,Thuot,Kiera,Collins,Conner
Collins,Tessa,Thuot,Shea,Collins,Dylon
Collins,Spenser,Thuot,Kiera,Collins,Conner
Thuot,Margo,Collins,Annalie,Thuot,Olivier
Collins,Shemar,Thuot,Kiera,Collins,Conner
Thuot,Mikyla,Collins,Annalie,Thuot,Olivier
Collins,Addison,Thuot,Kiera,Collins,Conner
Thuot,Fabiola,Collins,Annalie,Thuot,Olivier
Collins,Justin,Thuot,Kiera,Collins,Conner
Thuot,Rhiannon,Collins,Annalie,Thuot,Olivier
Collins,Kai,Thuot,Kiera,Collins,Conner
Thuot,Elisa,Collins,Annalie,Thuot,Olivier
Collins,Heriberto,Thuot,Kiera,Collins,Conner
Thuot,Kristi,Collins,Annalie,Thuot,Olivier
Collins,Parker,Thuot,Annie,Collins,Benjamen
Thuot,Domonique,Collins,Annalie,Thuot,Olivier
Collins,Rasheed,Thuot,Annie,Collins,Benjamen
Thuot,Jadah,Collins,Annalie,Thuot,Olivier
Collins,Edward,Thuot,Annie,Collins,Benjamen
Thuot,Kayle,Collins,Annalie,Thuot,Olivier
Collins,Jacori,Thuot,Annie,Collins,Benjamen
Thuot,Gabriela,Collins,Angelina,Thuot,Amir
Collins,Soren,Thuot,Annie,Collins,Benjamen
Thuot,Trista,Collins,Angelina,Thuot,Amir
Collins,Tre,Thuot,Annie,Collins,Benjamen
Thuot,Savanah,Collins,Angelina,Thuot,Amir
Collins,Paris,Thuot,Annie,Collins,Benjamen
Thuot,Pamela,Collins,Angelina,Thuot,Amir
Collins,Jairo,Thuot,Annie,Collins,Benjamen
Thuot,Peyton,Collins,Angelina,Thuot,Amir
Collins,Yovani,Thuot,Janessa,Collins,Habram
Thuot,Audra,Collins,Kallee,Thuot,Lloyd
Collins,Cedric,Thuot,Janessa,Collins,Habram
Thuot,Selena,Collins,Kallee,Thuot,Lloyd
Collins,Destin,Thuot,Janessa,Collins,Habram
Thuot,Frances,Collins,Kallee,Thuot,Lloyd
Collins,Quentin,Thuot,Janessa,Collins,Habram
Thuot,Maisie,Collins,Kallee,Thuot,Lloyd
Collins,Errol,Thuot,Janessa,Collins,Habram
Thuot,Iris,Collins,Kallee,Thuot,Lloyd
Thuot,Alexis,Collins,Annalie,Thuot,Olivier
Thuot,Sadia,Collins,Kallee,Thuot,Lloyd
Thuot,Stephanie,Collins,Annalie,Thuot,Olivier
Thuot,Dakota,Collins,Kallee,Thuot,Lloyd
Thuot,Willie,Collins,Annalie,Thuot,Olivier
Thuot,Ashly,Collins,Kallee,Thuot,Lloyd
Thuot,Alejandro,Collins,Annalie,Thuot,Olivier
Thuot,Patsy,Collins,Kallee,Thuot,Lloyd
Thuot,Noe,Collins,Annalie,Thuot,Olivier
Thuot,Shyanne,Collins,Kallee,Thuot,Lloyd
Thuot,Deondre,Collins,Angelina,Thuot,Amir
Thuot,Jasmine,Collins,Margaret,Thuot,Joan
Thuot,Trey,Collins,Angelina,Thuot,Amir
Thuot,Jana,Collins,Margaret,Thuot,Joan
Thuot,Lionel,Collins,Angelina,Thuot,Amir
Thuot,Beatriz,Collins,Margaret,Thuot,Joan
Thuot,Ervin,Collins,Angelina,Thuot,Amir
Thuot,Jaclyn,Collins,Margaret,Thuot,Joan
Thuot,Greyson,Collins,Angelina,Thuot,Amir
Thuot,Sariah,Collins,Margaret,Thuot,Joan
Thuot,Draven,Collins,Angelina,Thuot,Amir
Thuot,Dajah,Collins,Margaret,Thuot,Joan
Thuot,Christophe,Collins,Angelina,Thuot,Amir
Thuot,Debra,Collins,Margaret,Thuot,Joan
Thuot,Javion,Collins,Angelina,Thuot,Amir
Thuot,Isabel,Collins,Margaret,Thuot,Joan
Thuot,Bernard,Collins,Angelina,Thuot,Amir
Thuot,Casie,Collins,Kaitlyn,Thuot,Alek
Thuot,Leo,Collins,Angelina,Thuot,Amir
Thuot,Tiffany,Collins,Kaitlyn,Thuot,Alek
Thuot,Nico,Collins,Angelina,Thuot,Amir
Thuot,Isadora,Collins,Delaney,Thuot,Avery
Thuot,Ishmael,Collins,Angelina,Thuot,Amir
Thuot,Celena,Collins,Delaney,Thuot,Avery
Thuot,Deandre,Collins,Angelina,Thuot,Amir
Thuot,Esther,Collins,Delaney,Thuot,Avery
Thuot,Lawrence,Collins,Angelina,Thuot,Amir
Thuot,Anita,Collins,Delaney,Thuot,Avery
Thuot,Nathan,Collins,Kallee,Thuot,Lloyd
Thuot,Tory,Collins,Delaney,Thuot,Avery
Thuot,Kareem,Collins,Kallee,Thuot,Lloyd
Pettit,Elaina,Collins,Myesha,Pettit,Mark
Thuot,Dominick,Collins,Kallee,Thuot,Lloyd
Pettit,Melanie,Collins,Myesha,Pettit,Mark
Thuot,Orion,Collins,Kallee,Thuot,Lloyd
Pettit,Passion,Collins,Myesha,Pettit,Mark
Thuot,Marcus,Collins,Kallee,Thuot,Lloyd
Pettit,Erika,Collins,Myesha,Pettit,Mark
Thuot,Emiliano,Collins,Kallee,Thuot,Lloyd
Pettit,Clare,Collins,Myesha,Pettit,Mark
Thuot,Trevon,Collins,Kallee,Thuot,Lloyd
Pettit,Cambria,Collins,Myesha,Pettit,Mark
Thuot,Rey,Collins,Margaret,Thuot,Joan
Pettit,Lesli,Collins,Jayla,Pettit,Ahmad
Thuot,Malcolm,Collins,Margaret,Thuot,Joan
Pettit,Marissa,Collins,Jayla,Pettit,Ahmad
Thuot,Adonis,Collins,Margaret,Thuot,Joan
Pettit,Robyn,Collins,Jayla,Pettit,Ahmad
Thuot,Walter,Collins,Margaret,Thuot,Joan
Pettit,Aubrie,Collins,Jayla,Pettit,Ahmad
Thuot,Graham,Collins,Margaret,Thuot,Joan
Pettit,Lindsey,Thuot,Candice,Pettit,Chris
Thuot,Daniel,Collins,Margaret,Thuot,Joan
Pettit,Ashton,Thuot,Candice,Pettit,Chris
Thuot,Rodolfo,Collins,Kaitlyn,Thuot,Alek
Pettit,Quinn,Thuot,Candice,Pettit,Chris
Thuot,Angel,Collins,Kaitlyn,Thuot,Alek
Pettit,Natalya,Thuot,Candice,Pettit,Chris
Thuot,Camron,Collins,Kaitlyn,Thuot,Alek
Pettit,Antoinette,Thuot,Candice,Pettit,Chris
Thuot,Chaim,Collins,Delaney,Thuot,Avery
Pettit,Mari,Thuot,Anika,Pettit,Mauro
Thuot,Vincent,Collins,Delaney,Thuot,Avery
Pettit,Zandria,Thuot,Anika,Pettit,Mauro
Thuot,Brogan,Collins,Delaney,Thuot,Avery
Pettit,Grecia,Thuot,Anika,Pettit,Mauro
Thuot,Shelby,Collins,Delaney,Thuot,Avery
Pettit,Marianne,Thuot,Anika,Pettit,Mauro
Thuot,Max,Collins,Delaney,Thuot,Avery
Pettit,Kristy,Thuot,Anika,Pettit,Mauro
Thuot,Brad,Collins,Delaney,Thuot,Avery
Pettit,Berenice,Thuot,Anika,Pettit,Mauro
Pettit,Aleksandr,Collins,Myesha,Pettit,Mark
Pettit,Sinai,Thuot,Anika,Pettit,Mauro
Pettit,Casey,Collins,Myesha,Pettit,Mark
Pettit,Rani,Thuot,Lesli,Pettit,Brendan
Pettit,Dominique,Collins,Myesha,Pettit,Mark
Pettit,Krupa,Thuot,Lesli,Pettit,Brendan
Pettit,Allen,Collins,Myesha,Pettit,Mark
Pettit,Daja,Thuot,Lesli,Pettit,Brendan
Pettit,Bryce,Collins,Myesha,Pettit,Mark
Pettit,Mahogany,Thuot,Krystal,Pettit,Justin
Pettit,Kayle,Collins,Myesha,Pettit,Mark
Pettit,Suzanna,Thuot,Krystal,Pettit,Justin
Pettit,Chandler,Collins,Myesha,Pettit,Mark
Pettit,Breeanna,Hawley,Yessica,Pettit,Willis
Pettit,Tysen,Collins,Jayla,Pettit,Ahmad
Pettit,Reyna,Hawley,Yessica,Pettit,Willis
Pettit,Tylor,Collins,Jayla,Pettit,Ahmad
Pettit,Harlie,Hawley,Yessica,Pettit,Willis
Pettit,Clay,Thuot,Candice,Pettit,Chris
Pettit,Mindy,Hawley,Yessica,Pettit,Willis
Pettit,Ronnie,Thuot,Candice,Pettit,Chris
Pettit,Alexandrea,Hawley,Yessica,Pettit,Willis
Pettit,Julio,Thuot,Candice,Pettit,Chris
Pettit,Lucia,Hawley,Yessica,Pettit,Willis
Pettit,Micheal,Thuot,Candice,Pettit,Chris
Pettit,Madison,Hawley,Yessica,Pettit,Willis
Pettit,Curtis,Thuot,Anika,Pettit,Mauro
Pettit,Noel,Hawley,Yessica,Pettit,Willis
Pettit,Jameson,Thuot,Anika,Pettit,Mauro
Pettit,Aylssa,Hawley,Yessica,Pettit,Willis
Pettit,Humberto,Thuot,Anika,Pettit,Mauro
Pettit,Julie,Hawley,Christa,Pettit,Britt
Pettit,Draven,Thuot,Anika,Pettit,Mauro
Pettit,Meaghan,Hawley,Christa,Pettit,Britt
Pettit,Sidney,Thuot,Anika,Pettit,Mauro
Pettit,Thalia,Hawley,Christa,Pettit,Britt
Pettit,Rolando,Thuot,Anika,Pettit,Mauro
Pettit,Skyler,Hawley,Christa,Pettit,Britt
Pettit,Sterling,Thuot,Anika,Pettit,Mauro
Pettit,Abbey,Hawley,Christa,Pettit,Britt
Pettit,Trey,Thuot,Anika,Pettit,Mauro
Pettit,Cynthia,Hawley,Reina,Pettit,Drake
Pettit,Adam,Thuot,Lesli,Pettit,Brendan
Pettit,Ana,Hawley,Reina,Pettit,Drake
Pettit,Javen,Thuot,Krystal,Pettit,Justin
Pettit,Tonya,Hawley,Reina,Pettit,Drake
Pettit,Tyler,Hawley,Yessica,Pettit,Willis
Pettit,Itati,Hawley,Reina,Pettit,Drake
Pettit,Alberto,Hawley,Yessica,Pettit,Willis
Pettit,Natalia,Hawley,Reina,Pettit,Drake
Pettit,Bjorn,Hawley,Yessica,Pettit,Willis
Pettit,Savana,Hawley,Reina,Pettit,Drake
Pettit,Garret,Hawley,Yessica,Pettit,Willis
Pettit,Maricela,Hawley,Reina,Pettit,Drake
Pettit,Wyatt,Hawley,Yessica,Pettit,Willis
Hawley,Maura,Pettit,Ariel,Hawley,Dane
Pettit,Kareem,Hawley,Yessica,Pettit,Willis
Hawley,Kansas,Pettit,Ariel,Hawley,Dane
Pettit,Ervin,Hawley,Yessica,Pettit,Willis
Hawley,India,Pettit,Ariel,Hawley,Dane
Pettit,Cyrus,Hawley,Yessica,Pettit,Willis
Hawley,Brittney,Pettit,Ariel,Hawley,Dane
Pettit,Bernard,Hawley,Yessica,Pettit,Willis
Hawley,Jaycee,Pettit,Ariel,Hawley,Dane
Pettit,Brooks,Hawley,Christa,Pettit,Britt
Hawley,Brandy,Pettit,Ariel,Hawley,Dane
Pettit,William,Hawley,Christa,Pettit,Britt
Hawley,Lynn,Pettit,Ariel,Hawley,Dane
Pettit,Ladarius,Hawley,Christa,Pettit,Britt
Hawley,Angelika,Pettit,Ariel,Hawley,Dane
Pettit,Hassan,Hawley,Christa,Pettit,Britt
Hawley,Alesia,Pettit,Ariel,Hawley,Dane
Pettit,Jajuan,Hawley,Christa,Pettit,Britt
Hawley,Dorothy,Pettit,Ariel,Hawley,Dane
Pettit,Sahil,Hawley,Reina,Pettit,Drake
Hawley,Cori,Pettit,Destiana,Hawley,Valentine
Pettit,Emmanuel,Hawley,Reina,Pettit,Drake
Hawley,Michelle,Pettit,Stacy,Hawley,Mitchel
Pettit,Orlando,Hawley,Reina,Pettit,Drake
Hawley,Moriah,Pettit,Stacy,Hawley,Mitchel
Pettit,Braydon,Hawley,Reina,Pettit,Drake
Hawley,Autumn,Pettit,Stacy,Hawley,Mitchel
Pettit,Colton,Hawley,Reina,Pettit,Drake
Hawley,Theresa,Pettit,Stacy,Hawley,Mitchel
Pettit,Spencer,Hawley,Reina,Pettit,Drake
Hawley,Audra,Pettit,Stacy,Hawley,Mitchel
Pettit,Landin,Hawley,Reina,Pettit,Drake
Hawley,Justice,Pettit,Stacy,Hawley,Mitchel
Pettit,Lars,Hawley,Reina,Pettit,Drake
Hawley,Gabriele,Pettit,Stacy,Hawley,Mitchel
Hawley,Jamal,Pettit,Ariel,Hawley,Dane
Hawley,Ashtin,Pettit,Stacy,Hawley,Mitchel
Hawley,Elliott,Pettit,Ariel,Hawley,Dane
Hawley,Claudia,Voss,Kali,Hawley,Randall
Hawley,Jordin,Pettit,Ariel,Hawley,Dane
Hawley,Jamee,Voss,Kali,Hawley,Randall
Hawley,Neal,Pettit,Ariel,Hawley,Dane
Hawley,Bailee,Voss,Kali,Hawley,Randall
Hawley,Brian,Pettit,Ariel,Hawley,Dane
Hawley,Joyce,Voss,Kali,Hawley,Randall
Hawley,Latrell,Pettit,Ariel,Hawley,Dane
Hawley,Carra,Voss,Kali,Hawley,Randall
Hawley,Malachi,Pettit,Ariel,Hawley,Dane
Hawley,Madalyn,Voss,Kali,Hawley,Randall
Hawley,Shaun,Pettit,Destiana,Hawley,Valentine
Hawley,Mariana,Voss,Kali,Hawley,Randall
Hawley,Rex,Pettit,Destiana,Hawley,Valentine
Hawley,Sandy,Voss,Kierstin,Hawley,Bret
Hawley,Mohammad,Pettit,Stacy,Hawley,Mitchel
Hawley,Jesslyn,Voss,Kierstin,Hawley,Bret
Hawley,Aleksandr,Pettit,Stacy,Hawley,Mitchel
Hawley,Beatriz,Voss,Kierstin,Hawley,Bret
Hawley,Demarcus,Voss,Kali,Hawley,Randall
Hawley,Joanne,Voss,Kierstin,Hawley,Bret
Hawley,Orion,Voss,Kali,Hawley,Randall
Hawley,Gretchen,Voss,Kierstin,Hawley,Bret
Hawley,Tad,Voss,Kali,Hawley,Randall
Hawley,Cambria,Voss,Kierstin,Hawley,Bret
Hawley,Phillip,Voss,Kali,Hawley,Randall
Hawley,Stacey,Voss,Kierstin,Hawley,Bret
Hawley,Max,Voss,Kierstin,Hawley,Bret
Hawley,Allegra,Voss,Kierstin,Hawley,Bret
Hawley,Kieran,Voss,Kierstin,Hawley,Bret
Hawley,Constance,Voss,Kierstin,Hawley,Bret
Hawley,Forrest,Voss,Kierstin,Hawley,Bret
Hawley,Itzel,Voss,Roxana,Hawley,Roland
Hawley,Erich,Voss,Kierstin,Hawley,Bret
Hawley,Maryssa,Voss,Roxana,Hawley,Roland
Hawley,Colbey,Voss,Kierstin,Hawley,Bret
Hawley,Kasey,Voss,Roxana,Hawley,Roland
Hawley,Rhett,Voss,Kierstin,Hawley,Bret
Hawley,Armani,Voss,Roxana,Hawley,Roland
Hawley,Bradley,Voss,Roxana,Hawley,Roland
Hawley,Shyla,Voss,Roxana,Hawley,Roland
Hawley,Jarrett,Voss,Roxana,Hawley,Roland
Hawley,Mindy,Voss,Roxana,Hawley,Roland
