Greene,Koby,Onizuka,Carli,Greene,Clinton
Harding,Sylvia,Hilliard,Arlene,Harding,Colin
Piper,Mckay,Cunningham,Alani,Piper,Jonah
Godwin,Daisy,McBride,Genesis,Godwin,San
Reagan,Avery,Grout,Kelsi,Reagan,Willie
Lounge,Anamaria,Gordon,Katherine,Lounge,Ali
Ride,Bronson,Grabe,Janesha,Ride,Armani
Lenoir,Madison,Noriega,Yvette,Lenoir,Francis
Coolidge,Salvatore,Allen,Sadie,Coolidge,Felix
Lounge,Casandra,Noriega,Rani,Lounge,Kerrick
Low,Brad,Polansky,Maureen,Low,Gregory
Melvin,Amy,Ewing,Madeleine,Melvin,Aaron
Pffaff,Max,Currie,Danica,Pffaff,Joan
Bagian,Hallie,Halsell,Candice,Bagian,Grant
Creamer,Addison,Hire,Carissa,Creamer,Cullen
Fullerton,Darrian,McCulley,Rachael,Fullerton,Myron
Foale,Henry,Piper,Danica,Foale,Reuben
Fincke,Bree,Tani,Zenia,Fincke,Sergio
Baker,Adam,McDivitt,Destiana,Baker,Rafael
Tyler,Meagan,Whitson,Shekinah,Tyler,Davis
Valheim,Tyreek,Woodward,Celeste,Valheim,Dandre
Olivas,Nicolle,Hayes,Constance,Olivas,Garett
Jackson,Mauricio,Edwards,Sage,Jackson,Humberto
Greene,Rylee,Harding,Sylvia,Greene,Koby
Chapman,Killian,Mullane,Roxanne,Chapman,Fredrick
Greene,Yasmin,Harding,Sylvia,Greene,Koby
Melroy,Ameer,Casper,Justice,Melroy,Jordon
Piper,Aubrie,Godwin,Daisy,Piper,Mckay
Hilmers,Buford,Reagan,Linda,Hilmers,Gerard
Piper,Ann,Godwin,Daisy,Piper,Mckay
Williams,Alden,Griggs,Veda,Williams,Shaun
Piper,Tasia,Godwin,Daisy,Piper,Mckay
Haise,Sam,Aldrin,Cortney,Haise,Daylon
Piper,Eva,Godwin,Daisy,Piper,Mckay
Casper,Oliver,Resnik,Alysha,Casper,Liam
Piper,Sally,Godwin,Daisy,Piper,Mckay
Kerwin,Latrell,McArthur,Shianne,Kerwin,Spenser
Piper,Colette,Godwin,Daisy,Piper,Mckay
Greene,Calib,Harding,Sylvia,Greene,Koby
Piper,Spencer,Godwin,Daisy,Piper,Mckay
Greene,Courtney,Harding,Sylvia,Greene,Koby
Reagan,Debbie,Lounge,Anamaria,Reagan,Avery
Piper,Justice,Godwin,Daisy,Piper,Mckay
Reagan,Karly,Lounge,Anamaria,Reagan,Avery
Reagan,Theodore,Lounge,Anamaria,Reagan,Avery
Reagan,Chelsey,Lounge,Anamaria,Reagan,Avery
Reagan,Johnathon,Lounge,Anamaria,Reagan,Avery
Reagan,Jill,Lounge,Anamaria,Reagan,Avery
Reagan,Jed,Lounge,Anamaria,Reagan,Avery
Reagan,Clarissa,Lounge,Anamaria,Reagan,Avery
Reagan,Walker,Lounge,Anamaria,Reagan,Avery
Reagan,Myesha,Lounge,Anamaria,Reagan,Avery
Reagan,Brody,Lounge,Anamaria,Reagan,Avery
Ride,Bernadette,Lenoir,Madison,Ride,Bronson
Reagan,Bradley,Lounge,Anamaria,Reagan,Avery
Ride,Kenia,Lenoir,Madison,Ride,Bronson
Ride,Andy,Lenoir,Madison,Ride,Bronson
Ride,Maryann,Lenoir,Madison,Ride,Bronson
Ride,Nikolas,Lenoir,Madison,Ride,Bronson
Ride,Karina,Lenoir,Madison,Ride,Bronson
Ride,Olivier,Lenoir,Madison,Ride,Bronson
Ride,Liza,Lenoir,Madison,Ride,Bronson
Ride,Arnold,Lenoir,Madison,Ride,Bronson
Ride,Kaci,Lenoir,Madison,Ride,Bronson
Ride,Dion,Lenoir,Madison,Ride,Bronson
Coolidge,Madison,Lounge,Casandra,Coolidge,Salvatore
Ride,Devon,Lenoir,Madison,Ride,Bronson
Coolidge,Karissa,Lounge,Casandra,Coolidge,Salvatore
Coolidge,Samson,Lounge,Casandra,Coolidge,Salvatore
Coolidge,Michaela,Lounge,Casandra,Coolidge,Salvatore
Coolidge,Luke,Lounge,Casandra,Coolidge,Salvatore
Low,Rosemarie,Melvin,Amy,Low,Brad
Coolidge,Winston,Lounge,Casandra,Coolidge,Salvatore
Low,Lexus,Melvin,Amy,Low,Brad
Low,Tylor,Melvin,Amy,Low,Brad
Low,Bailee,Melvin,Amy,Low,Brad
Low,Ty,Melvin,Amy,Low,Brad
Low,Jalen,Melvin,Amy,Low,Brad
Low,Babyboy,Melvin,Amy,Low,Brad
Low,Brenda,Melvin,Amy,Low,Brad
Low,Forest,Melvin,Amy,Low,Brad
Low,Samira,Melvin,Amy,Low,Brad
Low,Geordan,Melvin,Amy,Low,Brad
Pffaff,Lindsay,Bagian,Hallie,Pffaff,Max
Low,Marquise,Melvin,Amy,Low,Brad
Pffaff,Mackenna,Bagian,Hallie,Pffaff,Max
Low,Deonta,Melvin,Amy,Low,Brad
Creamer,Markia,Fullerton,Darrian,Creamer,Addison
Low,Pedro,Melvin,Amy,Low,Brad
Creamer,Iesha,Fullerton,Darrian,Creamer,Addison
Pffaff,Trace,Bagian,Hallie,Pffaff,Max
Creamer,Shyann,Fullerton,Darrian,Creamer,Addison
Pffaff,Britt,Bagian,Hallie,Pffaff,Max
Creamer,Jean,Fullerton,Darrian,Creamer,Addison
Pffaff,Allen,Bagian,Hallie,Pffaff,Max
Foale,Ashtin,Fincke,Bree,Foale,Henry
Pffaff,Bronson,Bagian,Hallie,Pffaff,Max
Foale,Valencia,Fincke,Bree,Foale,Henry
Creamer,San,Fullerton,Darrian,Creamer,Addison
Foale,Marcia,Fincke,Bree,Foale,Henry
Creamer,Louis,Fullerton,Darrian,Creamer,Addison
Baker,Shaniah,Tyler,Meagan,Baker,Adam
Creamer,Shamar,Fullerton,Darrian,Creamer,Addison
Baker,Tiffanie,Tyler,Meagan,Baker,Adam
Creamer,Keith,Fullerton,Darrian,Creamer,Addison
Baker,Raven,Tyler,Meagan,Baker,Adam
Creamer,Wade,Fullerton,Darrian,Creamer,Addison
Baker,Debora,Tyler,Meagan,Baker,Adam
Creamer,Daniel,Fullerton,Darrian,Creamer,Addison
Baker,Krysta,Tyler,Meagan,Baker,Adam
Creamer,Jessee,Fullerton,Darrian,Creamer,Addison
Baker,Yuki,Tyler,Meagan,Baker,Adam
Baker,Russell,Tyler,Meagan,Baker,Adam
Valheim,Dina,Olivas,Nicolle,Valheim,Tyreek
Baker,Anders,Tyler,Meagan,Baker,Adam
Valheim,Shelley,Olivas,Nicolle,Valheim,Tyreek
Baker,Samual,Tyler,Meagan,Baker,Adam
Valheim,Ivelisse,Olivas,Nicolle,Valheim,Tyreek
Valheim,Jordan,Olivas,Nicolle,Valheim,Tyreek
Valheim,Antonia,Olivas,Nicolle,Valheim,Tyreek
Valheim,Zakery,Olivas,Nicolle,Valheim,Tyreek
Valheim,Siearra,Olivas,Nicolle,Valheim,Tyreek
Valheim,Russell,Olivas,Nicolle,Valheim,Tyreek
Valheim,Kallee,Olivas,Nicolle,Valheim,Tyreek
Valheim,Estevan,Olivas,Nicolle,Valheim,Tyreek
Valheim,Aylin,Olivas,Nicolle,Valheim,Tyreek
Valheim,Malachi,Olivas,Nicolle,Valheim,Tyreek
Jackson,Laura,Greene,Rylee,Jackson,Mauricio
Valheim,Elliot,Olivas,Nicolle,Valheim,Tyreek
Jackson,Stella,Greene,Rylee,Jackson,Mauricio
Valheim,Noel,Olivas,Nicolle,Valheim,Tyreek
Jackson,Yvette,Greene,Rylee,Jackson,Mauricio
Valheim,Erick,Olivas,Nicolle,Valheim,Tyreek
Jackson,Kara,Greene,Rylee,Jackson,Mauricio
Valheim,Trae,Olivas,Nicolle,Valheim,Tyreek
Jackson,Ciarra,Greene,Rylee,Jackson,Mauricio
Valheim,Grady,Olivas,Nicolle,Valheim,Tyreek
Jackson,Kenzie,Greene,Rylee,Jackson,Mauricio
Valheim,Idris,Olivas,Nicolle,Valheim,Tyreek
Jackson,Jade,Greene,Rylee,Jackson,Mauricio
Valheim,Rasheed,Olivas,Nicolle,Valheim,Tyreek
Jackson,Kristine,Greene,Rylee,Jackson,Mauricio
Jackson,German,Greene,Rylee,Jackson,Mauricio
Jackson,Keiarra,Greene,Rylee,Jackson,Mauricio
Jackson,Lionel,Greene,Rylee,Jackson,Mauricio
Jackson,Breanna,Greene,Rylee,Jackson,Mauricio
Jackson,Dylan,Greene,Rylee,Jackson,Mauricio
Jackson,Kaili,Greene,Rylee,Jackson,Mauricio
Jackson,Brandon,Greene,Rylee,Jackson,Mauricio
Chapman,Addison,Greene,Yasmin,Chapman,Killian
Jackson,Maximilian,Greene,Rylee,Jackson,Mauricio
Chapman,Nichole,Greene,Yasmin,Chapman,Killian
Jackson,Torey,Greene,Rylee,Jackson,Mauricio
Chapman,Katy,Greene,Yasmin,Chapman,Killian
Jackson,Deandre,Greene,Rylee,Jackson,Mauricio
Chapman,Jaymee,Greene,Yasmin,Chapman,Killian
Jackson,Alexis,Greene,Rylee,Jackson,Mauricio
Melroy,Dylan,Piper,Aubrie,Melroy,Ameer
Chapman,Jordon,Greene,Yasmin,Chapman,Killian
Melroy,Cassandra,Piper,Aubrie,Melroy,Ameer
Melroy,Stewart,Piper,Aubrie,Melroy,Ameer
Melroy,Sandy,Piper,Aubrie,Melroy,Ameer
Melroy,Juan,Piper,Aubrie,Melroy,Ameer
Melroy,Courtney,Piper,Aubrie,Melroy,Ameer
Melroy,Misael,Piper,Aubrie,Melroy,Ameer
Melroy,Olivia,Piper,Aubrie,Melroy,Ameer
Melroy,Trae,Piper,Aubrie,Melroy,Ameer
Melroy,Josey,Piper,Aubrie,Melroy,Ameer
Melroy,Fernando,Piper,Aubrie,Melroy,Ameer
Melroy,Linsey,Piper,Aubrie,Melroy,Ameer
Melroy,Eli,Piper,Aubrie,Melroy,Ameer
Melroy,Anitra,Piper,Aubrie,Melroy,Ameer
Melroy,Ryen,Piper,Aubrie,Melroy,Ameer
Hilmers,Mollie,Piper,Ann,Hilmers,Buford
Melroy,Humberto,Piper,Aubrie,Melroy,Ameer
Hilmers,Jessica,Piper,Ann,Hilmers,Buford
Melroy,Edwin,Piper,Aubrie,Melroy,Ameer
Williams,Emmalee,Piper,Tasia,Williams,Alden
Melroy,Deangelo,Piper,Aubrie,Melroy,Ameer
Williams,Riley,Piper,Tasia,Williams,Alden
Melroy,Lauren,Piper,Aubrie,Melroy,Ameer
Williams,Shuntara,Piper,Tasia,Williams,Alden
Melroy,Jamir,Piper,Aubrie,Melroy,Ameer
Williams,Dyamond,Piper,Tasia,Williams,Alden
Hilmers,Terron,Piper,Ann,Hilmers,Buford
Haise,Audra,Piper,Eva,Haise,Sam
Williams,Deante,Piper,Tasia,Williams,Alden
Haise,Luisa,Piper,Eva,Haise,Sam
Williams,Efren,Piper,Tasia,Williams,Alden
Haise,Adrian,Piper,Eva,Haise,Sam
Williams,Sawyer,Piper,Tasia,Williams,Alden
Haise,Zenia,Piper,Eva,Haise,Sam
Haise,Raekwon,Piper,Eva,Haise,Sam
Haise,Alysa,Piper,Eva,Haise,Sam
Haise,Andres,Piper,Eva,Haise,Sam
Haise,Rianna,Piper,Eva,Haise,Sam
Haise,Jacob,Piper,Eva,Haise,Sam
Casper,Karley,Piper,Sally,Casper,Oliver
Haise,Nickolas,Piper,Eva,Haise,Sam
Casper,Ann,Piper,Sally,Casper,Oliver
Haise,Theodore,Piper,Eva,Haise,Sam
Casper,Jaime,Piper,Sally,Casper,Oliver
Haise,Dequan,Piper,Eva,Haise,Sam
Kerwin,Krystan,Piper,Colette,Kerwin,Latrell
Haise,Jabari,Piper,Eva,Haise,Sam
Kerwin,Haylee,Piper,Colette,Kerwin,Latrell
Haise,Tucker,Piper,Eva,Haise,Sam
Greene,Ashlie,Piper,Spencer,Greene,Calib
Casper,Daniel,Piper,Sally,Casper,Oliver
Greene,Ansley,Piper,Spencer,Greene,Calib
Casper,Stevan,Piper,Sally,Casper,Oliver
Greene,Camisha,Piper,Spencer,Greene,Calib
Casper,Jalen,Piper,Sally,Casper,Oliver
Greene,Porsha,Piper,Spencer,Greene,Calib
Casper,Isaias,Piper,Sally,Casper,Oliver
Greene,Karyna,Piper,Spencer,Greene,Calib
Casper,Tarik,Piper,Sally,Casper,Oliver
Greene,Kortney,Piper,Spencer,Greene,Calib
Casper,Raheem,Piper,Sally,Casper,Oliver
Greene,Ayla,Piper,Spencer,Greene,Calib
Casper,Terrence,Piper,Sally,Casper,Oliver
Greene,Geraldine,Piper,Spencer,Greene,Calib
Casper,Dayton,Piper,Sally,Casper,Oliver
Greene,Janie,Piper,Spencer,Greene,Calib
Casper,Adalberto,Piper,Sally,Casper,Oliver
Greene,Lydia,Piper,Spencer,Greene,Calib
Casper,Dante,Piper,Sally,Casper,Oliver
Greene,Xandria,Piper,Spencer,Greene,Calib
Casper,Mike,Piper,Sally,Casper,Oliver
Greene,Macy,Reagan,Debbie,Greene,Courtney
Casper,Craig,Piper,Sally,Casper,Oliver
Greene,Kristen,Reagan,Debbie,Greene,Courtney
Casper,Ricardo,Piper,Sally,Casper,Oliver
Greene,Mikhaila,Reagan,Debbie,Greene,Courtney
Kerwin,Dontae,Piper,Colette,Kerwin,Latrell
Greene,Austin,Reagan,Debbie,Greene,Courtney
Kerwin,Martin,Piper,Colette,Kerwin,Latrell
Greene,Tarah,Reagan,Debbie,Greene,Courtney
Kerwin,Robert,Piper,Colette,Kerwin,Latrell
Greene,Breana,Reagan,Debbie,Greene,Courtney
Greene,Emmitt,Piper,Spencer,Greene,Calib
Piper,Malinda,Reagan,Karly,Piper,Justice
Greene,Lukas,Piper,Spencer,Greene,Calib
Piper,Jasmine,Reagan,Karly,Piper,Justice
Greene,Raheem,Piper,Spencer,Greene,Calib
Reagan,Priscilla,Ride,Bernadette,Reagan,Theodore
Greene,Trentin,Piper,Spencer,Greene,Calib
Reagan,Siearra,Ride,Bernadette,Reagan,Theodore
Greene,Al,Piper,Spencer,Greene,Calib
Reagan,Joanna,Ride,Bernadette,Reagan,Theodore
Greene,Rowan,Piper,Spencer,Greene,Calib
Reagan,Chloe,Ride,Bernadette,Reagan,Theodore
Greene,Chadwick,Piper,Spencer,Greene,Calib
Reagan,Holland,Ride,Bernadette,Reagan,Theodore
Greene,Levi,Piper,Spencer,Greene,Calib
Reagan,Nallely,Ride,Bernadette,Reagan,Theodore
Greene,Nickalus,Reagan,Debbie,Greene,Courtney
Reagan,Kirstin,Ride,Bernadette,Reagan,Theodore
Greene,Damion,Reagan,Debbie,Greene,Courtney
Reagan,Willow,Ride,Bernadette,Reagan,Theodore
Greene,Rand,Reagan,Debbie,Greene,Courtney
Reagan,Ronni,Ride,Kenia,Reagan,Johnathon
Greene,Jessee,Reagan,Debbie,Greene,Courtney
Reagan,Olga,Ride,Kenia,Reagan,Johnathon
Piper,Bryant,Reagan,Karly,Piper,Justice
Reagan,Brenda,Ride,Kenia,Reagan,Johnathon
Piper,Clay,Reagan,Karly,Piper,Justice
Reagan,Danae,Ride,Kenia,Reagan,Johnathon
Piper,Guy,Reagan,Karly,Piper,Justice
Reagan,Tiera,Ride,Kenia,Reagan,Johnathon
Piper,Ben,Reagan,Karly,Piper,Justice
Reagan,Charity,Ride,Kenia,Reagan,Johnathon
Piper,Vincent,Reagan,Karly,Piper,Justice
Reagan,Alayna,Ride,Kenia,Reagan,Johnathon
Reagan,Quincy,Ride,Bernadette,Reagan,Theodore
Reagan,Mackenzie,Ride,Kenia,Reagan,Johnathon
Reagan,Zev,Ride,Bernadette,Reagan,Theodore
Reagan,Sarai,Ride,Kenia,Reagan,Johnathon
Reagan,Terrence,Ride,Bernadette,Reagan,Theodore
Reagan,Leanna,Ride,Kenia,Reagan,Johnathon
Reagan,Wylie,Ride,Bernadette,Reagan,Theodore
Reagan,Miah,Ride,Kenia,Reagan,Johnathon
Reagan,Thomas,Ride,Bernadette,Reagan,Theodore
Reagan,Haylie,Ride,Kenia,Reagan,Johnathon
Reagan,Adrian,Ride,Bernadette,Reagan,Theodore
Reagan,Rhiannon,Ride,Maryann,Reagan,Jed
Reagan,Tracy,Ride,Bernadette,Reagan,Theodore
Reagan,Aria,Ride,Maryann,Reagan,Jed
Reagan,Eddie,Ride,Bernadette,Reagan,Theodore
Reagan,Constance,Ride,Maryann,Reagan,Jed
Reagan,Steve,Ride,Bernadette,Reagan,Theodore
Reagan,Cheyenne,Ride,Maryann,Reagan,Jed
Reagan,Cameron,Ride,Bernadette,Reagan,Theodore
Reagan,Sarina,Ride,Karina,Reagan,Walker
Reagan,Santana,Ride,Kenia,Reagan,Johnathon
Reagan,Shiane,Ride,Karina,Reagan,Walker
Reagan,Braeden,Ride,Kenia,Reagan,Johnathon
Reagan,Kaytlyn,Ride,Karina,Reagan,Walker
Reagan,Ward,Ride,Kenia,Reagan,Johnathon
Reagan,Kandice,Ride,Karina,Reagan,Walker
Reagan,Idris,Ride,Kenia,Reagan,Johnathon
Reagan,Maryann,Ride,Karina,Reagan,Walker
Reagan,Coleman,Ride,Kenia,Reagan,Johnathon
Reagan,Jaycee,Ride,Karina,Reagan,Walker
Reagan,Isiah,Ride,Kenia,Reagan,Johnathon
Reagan,Arlene,Ride,Karina,Reagan,Walker
Reagan,Jeremiah,Ride,Kenia,Reagan,Johnathon
Reagan,Carol,Ride,Karina,Reagan,Walker
Reagan,Fabian,Ride,Kenia,Reagan,Johnathon
Reagan,Jayme,Ride,Liza,Reagan,Brody
Reagan,Anibal,Ride,Maryann,Reagan,Jed
Reagan,Destiney,Ride,Liza,Reagan,Brody
Reagan,Jimmy,Ride,Maryann,Reagan,Jed
Reagan,Kyle,Ride,Liza,Reagan,Brody
Reagan,Daylon,Ride,Maryann,Reagan,Jed
Reagan,Makaila,Ride,Liza,Reagan,Brody
Reagan,Moses,Ride,Maryann,Reagan,Jed
Reagan,Yahaira,Ride,Liza,Reagan,Brody
Reagan,Jesus,Ride,Maryann,Reagan,Jed
Reagan,Alison,Ride,Liza,Reagan,Brody
Reagan,Amari,Ride,Maryann,Reagan,Jed
Reagan,Katelin,Ride,Liza,Reagan,Brody
Reagan,Liam,Ride,Maryann,Reagan,Jed
Reagan,Evelyn,Ride,Kaci,Reagan,Bradley
Reagan,Nicholas,Ride,Karina,Reagan,Walker
Reagan,Erica,Ride,Kaci,Reagan,Bradley
Reagan,Bo,Ride,Karina,Reagan,Walker
Reagan,Josie,Ride,Kaci,Reagan,Bradley
Reagan,Josejuan,Ride,Karina,Reagan,Walker
Reagan,Jane,Ride,Kaci,Reagan,Bradley
Reagan,Ernesto,Ride,Karina,Reagan,Walker
Reagan,Genevieve,Ride,Kaci,Reagan,Bradley
Reagan,Al,Ride,Karina,Reagan,Walker
Reagan,Kirstie,Ride,Kaci,Reagan,Bradley
Reagan,Andy,Ride,Karina,Reagan,Walker
Reagan,Joan,Ride,Kaci,Reagan,Bradley
Reagan,Hiram,Ride,Karina,Reagan,Walker
Reagan,Lyric,Ride,Kaci,Reagan,Bradley
Reagan,Kerrick,Ride,Karina,Reagan,Walker
Reagan,Carlie,Ride,Kaci,Reagan,Bradley
Reagan,Chaim,Ride,Karina,Reagan,Walker
Ride,Kalsie,Reagan,Chelsey,Ride,Andy
Reagan,Jay,Ride,Karina,Reagan,Walker
Ride,Aimee,Reagan,Chelsey,Ride,Andy
Reagan,Freddy,Ride,Liza,Reagan,Brody
Ride,Kelsee,Reagan,Chelsey,Ride,Andy
Reagan,Skyler,Ride,Liza,Reagan,Brody
Ride,Paris,Reagan,Chelsey,Ride,Andy
Reagan,Benjamen,Ride,Liza,Reagan,Brody
Ride,Kelci,Reagan,Chelsey,Ride,Andy
Reagan,Casey,Ride,Kaci,Reagan,Bradley
Ride,Anja,Reagan,Chelsey,Ride,Andy
Reagan,Quanterriu,Ride,Kaci,Reagan,Bradley
Ride,Veda,Reagan,Chelsey,Ride,Andy
Reagan,Dyllon,Ride,Kaci,Reagan,Bradley
Ride,Tynia,Reagan,Chelsey,Ride,Andy
Reagan,Bennie,Ride,Kaci,Reagan,Bradley
Ride,Mattie,Reagan,Jill,Ride,Nikolas
Ride,Myron,Reagan,Chelsey,Ride,Andy
Ride,Nina,Reagan,Jill,Ride,Nikolas
Ride,Todd,Reagan,Chelsey,Ride,Andy
Ride,Melinda,Reagan,Jill,Ride,Nikolas
Ride,Bobby,Reagan,Chelsey,Ride,Andy
Ride,Guadalupe,Reagan,Jill,Ride,Nikolas
Ride,Tysheem,Reagan,Chelsey,Ride,Andy
Ride,Kristen,Reagan,Jill,Ride,Nikolas
Ride,Dequan,Reagan,Chelsey,Ride,Andy
Ride,Bailee,Reagan,Jill,Ride,Nikolas
Ride,Reuben,Reagan,Chelsey,Ride,Andy
Ride,Tarah,Reagan,Jill,Ride,Nikolas
Ride,Omar,Reagan,Chelsey,Ride,Andy
Ride,Stacy,Reagan,Clarissa,Ride,Olivier
Ride,Josie,Reagan,Chelsey,Ride,Andy
Ride,Kianna,Reagan,Clarissa,Ride,Olivier
Ride,Garrick,Reagan,Jill,Ride,Nikolas
Ride,Jailene,Reagan,Clarissa,Ride,Olivier
Ride,Bo,Reagan,Jill,Ride,Nikolas
Ride,Haleigh,Reagan,Clarissa,Ride,Olivier
Ride,Willis,Reagan,Jill,Ride,Nikolas
Ride,Stevie,Reagan,Myesha,Ride,Arnold
Ride,Keegan,Reagan,Jill,Ride,Nikolas
Ride,Charlene,Reagan,Myesha,Ride,Arnold
Ride,Cristian,Reagan,Jill,Ride,Nikolas
Ride,Kaycee,Reagan,Myesha,Ride,Arnold
Ride,Jovon,Reagan,Clarissa,Ride,Olivier
Ride,Brenna,Coolidge,Madison,Ride,Dion
Ride,Benjamen,Reagan,Myesha,Ride,Arnold
Ride,Jaclyn,Coolidge,Karissa,Ride,Devon
Ride,William,Reagan,Myesha,Ride,Arnold
Ride,Ashly,Coolidge,Karissa,Ride,Devon
Ride,Preston,Reagan,Myesha,Ride,Arnold
Coolidge,Ashtin,Low,Rosemarie,Coolidge,Samson
Ride,Nicolas,Coolidge,Madison,Ride,Dion
Coolidge,Juliet,Low,Rosemarie,Coolidge,Samson
Ride,Jean,Coolidge,Madison,Ride,Dion
Coolidge,Jill,Low,Rosemarie,Coolidge,Samson
Ride,Marielle,Coolidge,Madison,Ride,Dion
Coolidge,Devyn,Low,Rosemarie,Coolidge,Samson
Ride,Izaiah,Coolidge,Madison,Ride,Dion
Coolidge,Paige,Low,Rosemarie,Coolidge,Samson
Ride,Migel,Coolidge,Karissa,Ride,Devon
Coolidge,Ravin,Low,Rosemarie,Coolidge,Samson
Coolidge,Khalil,Low,Rosemarie,Coolidge,Samson
Coolidge,Lyndsey,Low,Rosemarie,Coolidge,Samson
Coolidge,Jack,Low,Rosemarie,Coolidge,Samson
Coolidge,Jean,Low,Rosemarie,Coolidge,Samson
Coolidge,Jeff,Low,Rosemarie,Coolidge,Samson
Coolidge,Kacey,Low,Rosemarie,Coolidge,Samson
Coolidge,Anfernee,Low,Rosemarie,Coolidge,Samson
Coolidge,Siera,Low,Lexus,Coolidge,Luke
Coolidge,Freddy,Low,Rosemarie,Coolidge,Samson
Coolidge,Kailee,Low,Lexus,Coolidge,Luke
Coolidge,Tanner,Low,Rosemarie,Coolidge,Samson
Coolidge,Shanise,Low,Lexus,Coolidge,Luke
Coolidge,Quentin,Low,Rosemarie,Coolidge,Samson
Coolidge,Sharae,Low,Lexus,Coolidge,Luke
Coolidge,Joseph,Low,Rosemarie,Coolidge,Samson
Coolidge,Karina,Low,Lexus,Coolidge,Luke
Coolidge,Jorge,Low,Rosemarie,Coolidge,Samson
Coolidge,Simone,Low,Lexus,Coolidge,Luke
Coolidge,Jarvis,Low,Rosemarie,Coolidge,Samson
Coolidge,Leticia,Low,Lexus,Coolidge,Luke
Coolidge,Darien,Low,Rosemarie,Coolidge,Samson
Coolidge,Kelsy,Low,Lexus,Coolidge,Luke
Coolidge,Van,Low,Lexus,Coolidge,Luke
Coolidge,Jazmyn,Low,Lexus,Coolidge,Luke
Coolidge,Tristin,Low,Lexus,Coolidge,Luke
Coolidge,Aesha,Low,Lexus,Coolidge,Luke
Coolidge,Brannon,Low,Lexus,Coolidge,Luke
Coolidge,Sinai,Low,Bailee,Coolidge,Winston
Coolidge,Kurtis,Low,Lexus,Coolidge,Luke
Low,Jade,Coolidge,Michaela,Low,Tylor
Coolidge,Trevin,Low,Lexus,Coolidge,Luke
Low,Chantal,Pffaff,Lindsay,Low,Ty
Coolidge,Deangelo,Low,Lexus,Coolidge,Luke
Low,Destany,Pffaff,Lindsay,Low,Ty
Coolidge,Moses,Low,Lexus,Coolidge,Luke
Low,Karli,Pffaff,Lindsay,Low,Ty
Coolidge,Troy,Low,Lexus,Coolidge,Luke
Low,Lorena,Pffaff,Lindsay,Low,Ty
Coolidge,Diego,Low,Lexus,Coolidge,Luke
Low,Maria,Pffaff,Lindsay,Low,Ty
Coolidge,Milton,Low,Lexus,Coolidge,Luke
Low,Silvia,Pffaff,Lindsay,Low,Ty
Coolidge,Neftaly,Low,Bailee,Coolidge,Winston
Low,Patsy,Pffaff,Lindsay,Low,Ty
Coolidge,Devaughn,Low,Bailee,Coolidge,Winston
Low,Xian,Pffaff,Lindsay,Low,Ty
Coolidge,Jose,Low,Bailee,Coolidge,Winston
Low,Julia,Pffaff,Lindsay,Low,Ty
Low,Norman,Coolidge,Michaela,Low,Tylor
Low,Sierra,Pffaff,Lindsay,Low,Ty
Low,Sawyer,Coolidge,Michaela,Low,Tylor
Low,Dina,Pffaff,Lindsay,Low,Ty
Low,Terrance,Pffaff,Lindsay,Low,Ty
Low,Rianna,Pffaff,Mackenna,Low,Babyboy
Low,Ramon,Pffaff,Lindsay,Low,Ty
Low,Lourdes,Pffaff,Mackenna,Low,Babyboy
Low,Kyler,Pffaff,Lindsay,Low,Ty
Low,Katarina,Pffaff,Mackenna,Low,Babyboy
Low,Derek,Pffaff,Lindsay,Low,Ty
Low,Jazmyne,Creamer,Markia,Low,Forest
Low,Andreas,Pffaff,Lindsay,Low,Ty
Low,Ivy,Creamer,Markia,Low,Forest
Low,Marcus,Pffaff,Lindsay,Low,Ty
Low,Mckenna,Creamer,Markia,Low,Forest
Low,Jesus,Pffaff,Mackenna,Low,Babyboy
Low,Dania,Creamer,Markia,Low,Forest
Low,Coy,Pffaff,Mackenna,Low,Babyboy
Low,Yoana,Creamer,Markia,Low,Forest
Low,Saul,Pffaff,Mackenna,Low,Babyboy
Low,Anthony,Creamer,Markia,Low,Forest
Low,Marcos,Creamer,Markia,Low,Forest
Low,Jaclyn,Creamer,Iesha,Low,Geordan
Low,Johnny,Creamer,Markia,Low,Forest
Low,Kayley,Creamer,Iesha,Low,Geordan
Low,Rene,Creamer,Markia,Low,Forest
Low,Yuki,Creamer,Iesha,Low,Geordan
Low,Wilson,Creamer,Markia,Low,Forest
Low,Felisha,Creamer,Iesha,Low,Geordan
Low,Joey,Creamer,Markia,Low,Forest
Low,Marelyn,Creamer,Iesha,Low,Geordan
Low,Ryan,Creamer,Markia,Low,Forest
Low,Dakota,Creamer,Iesha,Low,Geordan
Low,Alonzo,Creamer,Markia,Low,Forest
Low,Clara,Creamer,Iesha,Low,Geordan
Low,Bryce,Creamer,Markia,Low,Forest
Low,Shelbi,Creamer,Iesha,Low,Geordan
Low,Kenneth,Creamer,Markia,Low,Forest
Low,Tayla,Creamer,Shyann,Low,Marquise
Low,Cullen,Creamer,Markia,Low,Forest
Low,Carrie,Creamer,Shyann,Low,Marquise
Low,Christophe,Creamer,Iesha,Low,Geordan
Low,Raven,Creamer,Jean,Low,Deonta
Low,Miguel,Creamer,Iesha,Low,Geordan
Low,Nadia,Creamer,Jean,Low,Deonta
Low,Kegan,Creamer,Iesha,Low,Geordan
Low,Chana,Creamer,Jean,Low,Deonta
Low,Justin,Creamer,Iesha,Low,Geordan
Low,Shaina,Creamer,Jean,Low,Deonta
Low,Maleek,Creamer,Iesha,Low,Geordan
Low,Breonna,Creamer,Jean,Low,Deonta
Low,Irvin,Creamer,Iesha,Low,Geordan
Low,Kayland,Creamer,Jean,Low,Deonta
Low,Garrick,Creamer,Iesha,Low,Geordan
Low,Calli,Creamer,Jean,Low,Deonta
Low,Sean,Creamer,Shyann,Low,Marquise
Low,Liza,Creamer,Jean,Low,Deonta
Low,Craig,Creamer,Shyann,Low,Marquise
Low,Kelsi,Creamer,Jean,Low,Deonta
Low,Bernardo,Creamer,Shyann,Low,Marquise
Low,Bryanna,Creamer,Jean,Low,Deonta
Low,Heriberto,Creamer,Shyann,Low,Marquise
Low,Trista,Creamer,Jean,Low,Deonta
Low,Keeton,Creamer,Jean,Low,Deonta
Low,Lucy,Foale,Ashtin,Low,Pedro
Low,Jamar,Creamer,Jean,Low,Deonta
Low,Idaly,Foale,Ashtin,Low,Pedro
Low,Brannon,Creamer,Jean,Low,Deonta
Low,Kallee,Foale,Ashtin,Low,Pedro
Low,Gene,Creamer,Jean,Low,Deonta
Low,Joyce,Foale,Ashtin,Low,Pedro
Low,Jermaine,Creamer,Jean,Low,Deonta
Low,Nicolle,Foale,Ashtin,Low,Pedro
Low,Richie,Creamer,Jean,Low,Deonta
Low,Emilie,Foale,Ashtin,Low,Pedro
Low,Shamar,Creamer,Jean,Low,Deonta
Low,Anneliese,Foale,Ashtin,Low,Pedro
Low,Kelton,Creamer,Jean,Low,Deonta
Pffaff,Ebony,Low,Jalen,Pffaff,Trace
Low,Victor,Creamer,Jean,Low,Deonta
Pffaff,Iesha,Low,Jalen,Pffaff,Trace
Low,Edwin,Foale,Ashtin,Low,Pedro
Pffaff,Cassandra,Low,Jalen,Pffaff,Trace
Low,Lucas,Foale,Ashtin,Low,Pedro
Pffaff,Kendal,Low,Jalen,Pffaff,Trace
Low,Kevon,Foale,Ashtin,Low,Pedro
Pffaff,Danae,Low,Jalen,Pffaff,Trace
Low,Devonte,Foale,Ashtin,Low,Pedro
Pffaff,Alina,Low,Jalen,Pffaff,Trace
Low,Jarrett,Foale,Ashtin,Low,Pedro
Pffaff,Carlie,Low,Jalen,Pffaff,Trace
Low,Kurtis,Foale,Ashtin,Low,Pedro
Pffaff,Hanna,Low,Brenda,Pffaff,Britt
Low,Kirkland,Foale,Ashtin,Low,Pedro
Pffaff,Janay,Low,Samira,Pffaff,Allen
Pffaff,Toby,Low,Jalen,Pffaff,Trace
Pffaff,Farrah,Low,Samira,Pffaff,Allen
Pffaff,Buford,Low,Jalen,Pffaff,Trace
Pffaff,Tonya,Low,Samira,Pffaff,Allen
Pffaff,Ali,Low,Jalen,Pffaff,Trace
Pffaff,Nallely,Low,Samira,Pffaff,Allen
Pffaff,Idris,Low,Jalen,Pffaff,Trace
Pffaff,Debora,Low,Samira,Pffaff,Allen
Pffaff,Brogan,Low,Jalen,Pffaff,Trace
Pffaff,Maritza,Low,Samira,Pffaff,Allen
Pffaff,Deante,Low,Jalen,Pffaff,Trace
Pffaff,Amy,Foale,Valencia,Pffaff,Bronson
Pffaff,Steven,Low,Jalen,Pffaff,Trace
Pffaff,Shyann,Foale,Valencia,Pffaff,Bronson
Pffaff,Nadav,Low,Jalen,Pffaff,Trace
Pffaff,Ashleigh,Foale,Valencia,Pffaff,Bronson
Pffaff,Lance,Low,Jalen,Pffaff,Trace
Pffaff,Edith,Foale,Valencia,Pffaff,Bronson
Pffaff,Kelvin,Low,Jalen,Pffaff,Trace
Pffaff,Tatum,Foale,Valencia,Pffaff,Bronson
Pffaff,Shelby,Low,Brenda,Pffaff,Britt
Pffaff,Abbigail,Foale,Valencia,Pffaff,Bronson
Pffaff,Montana,Low,Brenda,Pffaff,Britt
Creamer,Paola,Foale,Marcia,Creamer,San
Pffaff,Todd,Low,Brenda,Pffaff,Britt
Creamer,Lesley,Foale,Marcia,Creamer,San
Pffaff,Francesco,Low,Samira,Pffaff,Allen
Creamer,Annemarie,Foale,Marcia,Creamer,San
Pffaff,Cameron,Foale,Valencia,Pffaff,Bronson
Creamer,Aireona,Foale,Marcia,Creamer,San
Pffaff,Myles,Foale,Valencia,Pffaff,Bronson
Creamer,Madilyn,Foale,Marcia,Creamer,San
Pffaff,Lauren,Foale,Valencia,Pffaff,Bronson
Creamer,Mariah,Foale,Marcia,Creamer,San
Pffaff,Ishmael,Foale,Valencia,Pffaff,Bronson
Creamer,Alina,Foale,Marcia,Creamer,San
Pffaff,Johnathen,Foale,Valencia,Pffaff,Bronson
Creamer,Blanca,Foale,Marcia,Creamer,San
Creamer,Jarrod,Foale,Marcia,Creamer,San
Creamer,Dyamond,Foale,Marcia,Creamer,San
Creamer,Mathieu,Foale,Marcia,Creamer,San
Creamer,Janice,Foale,Marcia,Creamer,San
Creamer,Giovanni,Foale,Marcia,Creamer,San
Creamer,Katharine,Foale,Marcia,Creamer,San
Creamer,Brent,Foale,Marcia,Creamer,San
Creamer,Micah,Foale,Marcia,Creamer,San
Creamer,Luke,Foale,Marcia,Creamer,San
Creamer,Cheyanne,Baker,Shaniah,Creamer,Louis
Creamer,Kenyon,Foale,Marcia,Creamer,San
Creamer,Esmeralda,Baker,Shaniah,Creamer,Louis
Creamer,Austyn,Foale,Marcia,Creamer,San
Creamer,Sage,Baker,Shaniah,Creamer,Louis
Creamer,Dominic,Foale,Marcia,Creamer,San
Creamer,Kelsy,Baker,Shaniah,Creamer,Louis
Creamer,Ahmad,Baker,Shaniah,Creamer,Louis
Creamer,Connie,Baker,Shaniah,Creamer,Louis
Creamer,Rafael,Baker,Shaniah,Creamer,Louis
Creamer,Emiley,Baker,Shaniah,Creamer,Louis
Creamer,Darius,Baker,Shaniah,Creamer,Louis
Creamer,Kennedy,Baker,Tiffanie,Creamer,Shamar
Creamer,Koby,Baker,Shaniah,Creamer,Louis
Creamer,Ida,Baker,Tiffanie,Creamer,Shamar
Creamer,Demarcus,Baker,Shaniah,Creamer,Louis
Creamer,Annabel,Baker,Tiffanie,Creamer,Shamar
Creamer,Devontae,Baker,Shaniah,Creamer,Louis
Creamer,Tristin,Baker,Tiffanie,Creamer,Shamar
Creamer,Zachariah,Baker,Shaniah,Creamer,Louis
Creamer,Kali,Baker,Tiffanie,Creamer,Shamar
Creamer,Mariano,Baker,Shaniah,Creamer,Louis
Creamer,Joan,Baker,Tiffanie,Creamer,Shamar
Creamer,Gilberto,Baker,Shaniah,Creamer,Louis
Creamer,Sarahi,Baker,Tiffanie,Creamer,Shamar
Creamer,Roy,Baker,Shaniah,Creamer,Louis
Creamer,Lexy,Baker,Tiffanie,Creamer,Shamar
Creamer,Bjorn,Baker,Shaniah,Creamer,Louis
Creamer,Liza,Baker,Tiffanie,Creamer,Shamar
Creamer,Omar,Baker,Tiffanie,Creamer,Shamar
Creamer,Maggie,Baker,Tiffanie,Creamer,Shamar
Creamer,Edward,Baker,Tiffanie,Creamer,Shamar
Creamer,Yadira,Baker,Raven,Creamer,Keith
Creamer,Gannon,Baker,Tiffanie,Creamer,Shamar
Creamer,Alison,Baker,Debora,Creamer,Wade
Creamer,Ethan,Baker,Tiffanie,Creamer,Shamar
Creamer,Armani,Baker,Debora,Creamer,Wade
Creamer,Landon,Baker,Tiffanie,Creamer,Shamar
Creamer,Renee,Baker,Debora,Creamer,Wade
Creamer,Tristan,Baker,Tiffanie,Creamer,Shamar
Creamer,Lyndsey,Baker,Debora,Creamer,Wade
Creamer,Maxwell,Baker,Raven,Creamer,Keith
Creamer,Marcela,Baker,Debora,Creamer,Wade
Creamer,Rodney,Baker,Raven,Creamer,Keith
Creamer,Nathaly,Baker,Debora,Creamer,Wade
Creamer,Avery,Baker,Raven,Creamer,Keith
Creamer,Sinai,Baker,Debora,Creamer,Wade
Creamer,Dyllon,Baker,Debora,Creamer,Wade
Creamer,Samantha,Baker,Debora,Creamer,Wade
Creamer,Emanuel,Baker,Debora,Creamer,Wade
Creamer,Silvia,Baker,Debora,Creamer,Wade
Creamer,Keion,Baker,Debora,Creamer,Wade
Creamer,Cynthia,Baker,Krysta,Creamer,Daniel
Creamer,Miles,Baker,Debora,Creamer,Wade
Creamer,Destiny,Baker,Krysta,Creamer,Daniel
Creamer,Camden,Baker,Debora,Creamer,Wade
Creamer,Erin,Baker,Krysta,Creamer,Daniel
Creamer,Quintin,Baker,Debora,Creamer,Wade
Creamer,Darian,Baker,Yuki,Creamer,Jessee
Creamer,Dante,Baker,Debora,Creamer,Wade
Creamer,Justice,Baker,Yuki,Creamer,Jessee
Creamer,Daryl,Baker,Debora,Creamer,Wade
Creamer,Abby,Baker,Yuki,Creamer,Jessee
Creamer,Logan,Baker,Debora,Creamer,Wade
Creamer,Rebekah,Baker,Yuki,Creamer,Jessee
Creamer,Ezekiel,Baker,Krysta,Creamer,Daniel
Creamer,Tiani,Baker,Yuki,Creamer,Jessee
Creamer,Killian,Baker,Yuki,Creamer,Jessee
Creamer,Clair,Baker,Yuki,Creamer,Jessee
Creamer,Coby,Baker,Yuki,Creamer,Jessee
Baker,Jana,Valheim,Dina,Baker,Russell
Creamer,Mohamed,Baker,Yuki,Creamer,Jessee
Baker,Aubrie,Valheim,Shelley,Baker,Anders
Creamer,Daequan,Baker,Yuki,Creamer,Jessee
Baker,Breeanna,Valheim,Shelley,Baker,Anders
Creamer,Devin,Baker,Yuki,Creamer,Jessee
Baker,Aleasha,Valheim,Shelley,Baker,Anders
Creamer,Sheldon,Baker,Yuki,Creamer,Jessee
Baker,Minna,Valheim,Shelley,Baker,Anders
Creamer,Charlie,Baker,Yuki,Creamer,Jessee
Baker,Kenzie,Valheim,Shelley,Baker,Anders
Creamer,Benjamen,Baker,Yuki,Creamer,Jessee
Baker,Brigid,Valheim,Shelley,Baker,Anders
Creamer,Liam,Baker,Yuki,Creamer,Jessee
Baker,Krystal,Valheim,Shelley,Baker,Anders
Creamer,Rand,Baker,Yuki,Creamer,Jessee
Baker,Kayle,Valheim,Ivelisse,Baker,Samual
Creamer,Troy,Baker,Yuki,Creamer,Jessee
Baker,Taylorann,Valheim,Ivelisse,Baker,Samual
Creamer,Ernesto,Baker,Yuki,Creamer,Jessee
Baker,Rocio,Valheim,Ivelisse,Baker,Samual
Creamer,Anthoni,Baker,Yuki,Creamer,Jessee
Baker,Brigitte,Valheim,Ivelisse,Baker,Samual
Baker,William,Valheim,Dina,Baker,Russell
Baker,Kitana,Valheim,Ivelisse,Baker,Samual
Baker,Jimmy,Valheim,Dina,Baker,Russell
Valheim,Elana,Jackson,Laura,Valheim,Jordan
Baker,Jaleel,Valheim,Shelley,Baker,Anders
Valheim,Mikaela,Jackson,Laura,Valheim,Jordan
Baker,Irvin,Valheim,Shelley,Baker,Anders
Valheim,Emilee,Jackson,Laura,Valheim,Jordan
Baker,Dashane,Valheim,Shelley,Baker,Anders
Valheim,Lianna,Jackson,Laura,Valheim,Jordan
Baker,Mohammed,Valheim,Shelley,Baker,Anders
Valheim,Micaela,Jackson,Laura,Valheim,Jordan
Baker,Mitchell,Valheim,Ivelisse,Baker,Samual
Valheim,Gretchen,Jackson,Stella,Valheim,Zakery
Baker,Avery,Valheim,Ivelisse,Baker,Samual
Valheim,Corinne,Jackson,Stella,Valheim,Zakery
Baker,Brennen,Valheim,Ivelisse,Baker,Samual
Valheim,Mollie,Jackson,Stella,Valheim,Zakery
Baker,Stephan,Valheim,Ivelisse,Baker,Samual
Valheim,Dylan,Jackson,Stella,Valheim,Zakery
Valheim,Damon,Jackson,Laura,Valheim,Jordan
Valheim,Maddison,Jackson,Stella,Valheim,Zakery
Valheim,Colt,Jackson,Laura,Valheim,Jordan
Valheim,Claire,Jackson,Stella,Valheim,Zakery
Valheim,Luis,Jackson,Laura,Valheim,Jordan
Valheim,Jennifer,Jackson,Stella,Valheim,Zakery
Valheim,Vincent,Jackson,Laura,Valheim,Jordan
Valheim,Yasmine,Jackson,Stella,Valheim,Zakery
Valheim,Logan,Jackson,Laura,Valheim,Jordan
Valheim,Deisy,Jackson,Yvette,Valheim,Russell
Valheim,Arjun,Jackson,Laura,Valheim,Jordan
Valheim,Cristal,Jackson,Yvette,Valheim,Russell
Valheim,Eli,Jackson,Laura,Valheim,Jordan
Valheim,Felisha,Jackson,Kara,Valheim,Estevan
Valheim,Samson,Jackson,Laura,Valheim,Jordan
Valheim,Lily,Jackson,Kara,Valheim,Estevan
Valheim,David,Jackson,Laura,Valheim,Jordan
Valheim,Bethany,Jackson,Kara,Valheim,Estevan
Valheim,Bruce,Jackson,Laura,Valheim,Jordan
Valheim,Cheyanna,Jackson,Kara,Valheim,Estevan
Valheim,Efren,Jackson,Laura,Valheim,Jordan
Valheim,Desiree,Jackson,Kara,Valheim,Estevan
Valheim,Orion,Jackson,Laura,Valheim,Jordan
Valheim,Dayana,Jackson,Kara,Valheim,Estevan
Valheim,Larry,Jackson,Stella,Valheim,Zakery
Valheim,Karah,Jackson,Kara,Valheim,Estevan
Valheim,Rodrigo,Jackson,Stella,Valheim,Zakery
Valheim,Symone,Jackson,Kara,Valheim,Estevan
Valheim,Brannon,Jackson,Stella,Valheim,Zakery
Valheim,Itzel,Jackson,Kara,Valheim,Estevan
Valheim,Dusty,Jackson,Stella,Valheim,Zakery
Valheim,Johana,Jackson,Ciarra,Valheim,Malachi
Valheim,Kelton,Jackson,Stella,Valheim,Zakery
Valheim,Reagan,Jackson,Ciarra,Valheim,Malachi
Valheim,Chandler,Jackson,Stella,Valheim,Zakery
Valheim,Ashli,Jackson,Ciarra,Valheim,Malachi
Valheim,Tyler,Jackson,Yvette,Valheim,Russell
Valheim,Danica,Jackson,Ciarra,Valheim,Malachi
Valheim,Josejuan,Jackson,Yvette,Valheim,Russell
Valheim,Alysha,Jackson,Kenzie,Valheim,Elliot
Valheim,Irvin,Jackson,Yvette,Valheim,Russell
Valheim,Lizbeth,Jackson,Kenzie,Valheim,Elliot
Valheim,Alfredo,Jackson,Yvette,Valheim,Russell
Valheim,Zahra,Jackson,Jade,Valheim,Noel
Valheim,Christian,Jackson,Yvette,Valheim,Russell
Valheim,Maxine,Jackson,Jade,Valheim,Noel
Valheim,Jerry,Jackson,Yvette,Valheim,Russell
Valheim,Shea,Jackson,Kristine,Valheim,Erick
Valheim,Gerard,Jackson,Kara,Valheim,Estevan
Valheim,Krista,Jackson,Kristine,Valheim,Erick
Valheim,Quinn,Jackson,Kara,Valheim,Estevan
Valheim,Cindy,Jackson,Kristine,Valheim,Erick
Valheim,Aidan,Jackson,Kara,Valheim,Estevan
Valheim,Moesha,Jackson,Kristine,Valheim,Erick
Valheim,German,Jackson,Kara,Valheim,Estevan
Valheim,Marlen,Jackson,Kristine,Valheim,Erick
Valheim,Jeffrey,Jackson,Kara,Valheim,Estevan
Valheim,Khaila,Jackson,Kristine,Valheim,Erick
Valheim,Ariel,Jackson,Kara,Valheim,Estevan
Valheim,Kaylah,Jackson,Kristine,Valheim,Erick
Valheim,Agustin,Jackson,Kara,Valheim,Estevan
Valheim,Maire,Jackson,Kristine,Valheim,Erick
Valheim,Deshawn,Jackson,Ciarra,Valheim,Malachi
Valheim,Shenelly,Jackson,Keiarra,Valheim,Trae
Valheim,Tyren,Jackson,Kenzie,Valheim,Elliot
Valheim,Darrian,Jackson,Keiarra,Valheim,Trae
Valheim,Domonic,Jackson,Jade,Valheim,Noel
Valheim,Crystal,Jackson,Keiarra,Valheim,Trae
Valheim,Calvin,Jackson,Jade,Valheim,Noel
Valheim,Tasia,Jackson,Keiarra,Valheim,Trae
Valheim,Emerson,Jackson,Kristine,Valheim,Erick
Valheim,Patience,Jackson,Breanna,Valheim,Grady
Valheim,Luciano,Jackson,Kristine,Valheim,Erick
Valheim,Keishla,Jackson,Breanna,Valheim,Grady
Valheim,Kai,Jackson,Kristine,Valheim,Erick
Valheim,Lucia,Jackson,Kaili,Valheim,Idris
Valheim,Graham,Jackson,Kristine,Valheim,Erick
Valheim,Kiesha,Jackson,Kaili,Valheim,Idris
Valheim,Hugo,Jackson,Kristine,Valheim,Erick
Valheim,Amy,Chapman,Addison,Valheim,Rasheed
Valheim,Noah,Jackson,Kristine,Valheim,Erick
Valheim,Rosalinda,Chapman,Addison,Valheim,Rasheed
Valheim,Al,Jackson,Keiarra,Valheim,Trae
Valheim,Megan,Chapman,Addison,Valheim,Rasheed
Valheim,Gregory,Jackson,Keiarra,Valheim,Trae
Valheim,Kiara,Chapman,Addison,Valheim,Rasheed
Valheim,Daylon,Jackson,Keiarra,Valheim,Trae
Valheim,Haley,Chapman,Addison,Valheim,Rasheed
Valheim,Mitchell,Jackson,Keiarra,Valheim,Trae
Valheim,Kaya,Chapman,Addison,Valheim,Rasheed
Valheim,Collin,Jackson,Breanna,Valheim,Grady
Valheim,Desteny,Chapman,Addison,Valheim,Rasheed
Valheim,Kory,Jackson,Breanna,Valheim,Grady
Valheim,Tamra,Chapman,Addison,Valheim,Rasheed
Valheim,Alvaro,Jackson,Breanna,Valheim,Grady
Valheim,Cheyann,Chapman,Addison,Valheim,Rasheed
Valheim,Jordin,Jackson,Breanna,Valheim,Grady
Jackson,Casey,Valheim,Antonia,Jackson,German
Valheim,Armando,Jackson,Breanna,Valheim,Grady
Jackson,Silvia,Valheim,Antonia,Jackson,German
Valheim,Nico,Jackson,Breanna,Valheim,Grady
Jackson,Kirsten,Valheim,Antonia,Jackson,German
Valheim,Jai,Jackson,Breanna,Valheim,Grady
Jackson,Siarra,Valheim,Siearra,Jackson,Lionel
Valheim,Britt,Jackson,Breanna,Valheim,Grady
Jackson,Barbara,Valheim,Siearra,Jackson,Lionel
Valheim,Keanu,Jackson,Breanna,Valheim,Grady
Jackson,Irma,Valheim,Siearra,Jackson,Lionel
Valheim,Ronald,Jackson,Kaili,Valheim,Idris
Jackson,Isabel,Valheim,Siearra,Jackson,Lionel
Valheim,Tyrell,Jackson,Kaili,Valheim,Idris
Jackson,Alina,Valheim,Siearra,Jackson,Lionel
Valheim,Marquis,Chapman,Addison,Valheim,Rasheed
Jackson,Elizabet,Valheim,Siearra,Jackson,Lionel
Valheim,Luke,Chapman,Addison,Valheim,Rasheed
Jackson,Kaylin,Valheim,Kallee,Jackson,Dylan
Valheim,Ernesto,Chapman,Addison,Valheim,Rasheed
Jackson,Darrian,Valheim,Kallee,Jackson,Dylan
Valheim,Wayne,Chapman,Addison,Valheim,Rasheed
Jackson,Carmela,Valheim,Kallee,Jackson,Dylan
Valheim,Bryce,Chapman,Addison,Valheim,Rasheed
Jackson,Destiana,Valheim,Kallee,Jackson,Dylan
Valheim,Diondre,Chapman,Addison,Valheim,Rasheed
Jackson,Selena,Valheim,Kallee,Jackson,Dylan
Jackson,Jameson,Valheim,Antonia,Jackson,German
Jackson,Teagan,Valheim,Kallee,Jackson,Dylan
Jackson,Mitchell,Valheim,Antonia,Jackson,German
Jackson,Ashli,Valheim,Kallee,Jackson,Dylan
Jackson,Clayton,Valheim,Siearra,Jackson,Lionel
Jackson,Nicole,Valheim,Kallee,Jackson,Dylan
Jackson,Stanley,Valheim,Siearra,Jackson,Lionel
Jackson,Emma,Valheim,Kallee,Jackson,Dylan
Jackson,Wilson,Valheim,Siearra,Jackson,Lionel
Jackson,Genevieve,Valheim,Kallee,Jackson,Dylan
Jackson,Abel,Valheim,Kallee,Jackson,Dylan
Jackson,Aleah,Valheim,Aylin,Jackson,Brandon
Jackson,Kameron,Valheim,Kallee,Jackson,Dylan
Jackson,Aylin,Valheim,Aylin,Jackson,Brandon
Jackson,Diondre,Valheim,Kallee,Jackson,Dylan
Jackson,Jessika,Valheim,Aylin,Jackson,Brandon
Jackson,Keanu,Valheim,Kallee,Jackson,Dylan
Jackson,Eleni,Valheim,Aylin,Jackson,Brandon
Jackson,Jon,Valheim,Kallee,Jackson,Dylan
Jackson,Mariah,Valheim,Aylin,Jackson,Brandon
Jackson,Philip,Valheim,Kallee,Jackson,Dylan
Jackson,Krystan,Valheim,Aylin,Jackson,Brandon
Jackson,Maxwell,Valheim,Kallee,Jackson,Dylan
Jackson,Monique,Valheim,Aylin,Jackson,Brandon
Jackson,Francesco,Valheim,Kallee,Jackson,Dylan
Jackson,Bayleigh,Valheim,Aylin,Jackson,Brandon
Jackson,Fernando,Valheim,Kallee,Jackson,Dylan
Jackson,Kaitlynn,Valheim,Aylin,Jackson,Brandon
Jackson,Tylor,Valheim,Kallee,Jackson,Dylan
Jackson,Tamara,Valheim,Aylin,Jackson,Brandon
Jackson,Brett,Valheim,Aylin,Jackson,Brandon
Jackson,Emilie,Melroy,Dylan,Jackson,Maximilian
Jackson,Quintyn,Valheim,Aylin,Jackson,Brandon
Jackson,Armani,Melroy,Dylan,Jackson,Maximilian
Jackson,Duncan,Valheim,Aylin,Jackson,Brandon
Jackson,Ciara,Melroy,Dylan,Jackson,Maximilian
Jackson,Emmitt,Valheim,Aylin,Jackson,Brandon
Jackson,Dana,Melroy,Dylan,Jackson,Maximilian
Jackson,Jamari,Valheim,Aylin,Jackson,Brandon
Jackson,Shelly,Melroy,Dylan,Jackson,Maximilian
Jackson,Johan,Valheim,Aylin,Jackson,Brandon
Jackson,Julissa,Melroy,Dylan,Jackson,Maximilian
Jackson,Dylon,Melroy,Dylan,Jackson,Maximilian
Jackson,Cheyenne,Melroy,Cassandra,Jackson,Torey
Jackson,Dalton,Melroy,Dylan,Jackson,Maximilian
Jackson,Kelci,Melroy,Cassandra,Jackson,Torey
Jackson,Roman,Melroy,Dylan,Jackson,Maximilian
Jackson,Jillian,Melroy,Sandy,Jackson,Deandre
Jackson,Gustavo,Melroy,Dylan,Jackson,Maximilian
Jackson,Jazmyne,Melroy,Sandy,Jackson,Deandre
Jackson,Yuri,Melroy,Dylan,Jackson,Maximilian
Jackson,Jamiya,Melroy,Sandy,Jackson,Deandre
Jackson,Marcello,Melroy,Dylan,Jackson,Maximilian
Jackson,Iris,Melroy,Sandy,Jackson,Deandre
Jackson,Clarence,Melroy,Dylan,Jackson,Maximilian
Jackson,Carla,Melroy,Sandy,Jackson,Deandre
Jackson,Rhett,Melroy,Dylan,Jackson,Maximilian
Jackson,Daphne,Melroy,Sandy,Jackson,Deandre
Jackson,Everett,Melroy,Cassandra,Jackson,Torey
Jackson,Daja,Melroy,Sandy,Jackson,Deandre
Jackson,Errol,Melroy,Cassandra,Jackson,Torey
Jackson,Onesha,Melroy,Sandy,Jackson,Deandre
Jackson,Albert,Melroy,Cassandra,Jackson,Torey
Jackson,Frances,Melroy,Sandy,Jackson,Deandre
Jackson,Payton,Melroy,Sandy,Jackson,Deandre
Jackson,Amelia,Melroy,Courtney,Jackson,Alexis
Jackson,Erik,Melroy,Sandy,Jackson,Deandre
Chapman,Yuki,Melroy,Olivia,Chapman,Jordon
Jackson,Lawrence,Melroy,Sandy,Jackson,Deandre
Chapman,Shenelly,Melroy,Olivia,Chapman,Jordon
Jackson,Darnell,Melroy,Sandy,Jackson,Deandre
Chapman,Makaila,Melroy,Olivia,Chapman,Jordon
Jackson,Darrin,Melroy,Sandy,Jackson,Deandre
Chapman,Dena,Melroy,Olivia,Chapman,Jordon
Jackson,Rigoberto,Melroy,Sandy,Jackson,Deandre
Chapman,Kasandra,Melroy,Olivia,Chapman,Jordon
Jackson,Ashton,Melroy,Sandy,Jackson,Deandre
Chapman,Ryann,Melroy,Olivia,Chapman,Jordon
Jackson,Salvatore,Melroy,Sandy,Jackson,Deandre
Chapman,Alma,Melroy,Olivia,Chapman,Jordon
Jackson,Kirk,Melroy,Courtney,Jackson,Alexis
Melroy,Carolyn,Chapman,Nichole,Melroy,Stewart
Jackson,Simon,Melroy,Courtney,Jackson,Alexis
Melroy,Caitlan,Chapman,Nichole,Melroy,Stewart
Jackson,Clint,Melroy,Courtney,Jackson,Alexis
Melroy,Rylee,Chapman,Nichole,Melroy,Stewart
Chapman,Camron,Melroy,Olivia,Chapman,Jordon
Melroy,Jean,Chapman,Nichole,Melroy,Stewart
Chapman,Emmanuel,Melroy,Olivia,Chapman,Jordon
Melroy,Sarina,Chapman,Nichole,Melroy,Stewart
Melroy,Aleksandr,Chapman,Nichole,Melroy,Stewart
Melroy,Tehya,Chapman,Nichole,Melroy,Stewart
Melroy,Aaron,Chapman,Nichole,Melroy,Stewart
Melroy,Madison,Chapman,Nichole,Melroy,Stewart
Melroy,Emiliano,Chapman,Nichole,Melroy,Stewart
Melroy,Kiersten,Chapman,Nichole,Melroy,Stewart
Melroy,Kristian,Chapman,Nichole,Melroy,Stewart
Melroy,Viviana,Chapman,Nichole,Melroy,Stewart
Melroy,Layne,Chapman,Nichole,Melroy,Stewart
Melroy,Shelby,Chapman,Katy,Melroy,Juan
Melroy,Josue,Chapman,Nichole,Melroy,Stewart
Melroy,Keirra,Chapman,Katy,Melroy,Juan
Melroy,Nathanael,Chapman,Katy,Melroy,Juan
Melroy,Corinne,Chapman,Katy,Melroy,Juan
Melroy,Javonte,Chapman,Katy,Melroy,Juan
Melroy,Larissa,Chapman,Katy,Melroy,Juan
Melroy,Lazaro,Chapman,Katy,Melroy,Juan
Melroy,Marissa,Chapman,Katy,Melroy,Juan
Melroy,Yash,Chapman,Katy,Melroy,Juan
Melroy,Keosha,Chapman,Jaymee,Melroy,Misael
