Wisoff,Quinn,Truly,Elisabeth,Wisoff,Khalid
Mastracchio,Niyah,Tanner,Vivian,Mastracchio,Dante
Culbertson,Kelsey,Adams,Blaine,Culbertson,Danny
Brand,Veronica,Kavandi,Mackenna,Brand,Dylan
Weber,Dangelo,Pflugel,Hana,Weber,Elmer
Forrester,Alexandra,Zophar,Jaida,Forrester,Andres
Frump,Salvador,Runco,Aishah,Frump,Trae
Hart,Anja,Nagel,Kaycee,Hart,Raul
Oswald,Leon,Caldeiro,Alondra,Oswald,Jashua
Tanner,Simone,Brown,Bridgett,Tanner,Yvan
Melroy,Kareem,Horowitz,Taelor,Melroy,Erik
McDivitt,Tamara,McKinley,Abby,McDivitt,Jed
Carter,Orlando,Pierce,Chanelle,Carter,Franklin
Lind,Kyra,Lousma,Marycather,Lind,Dillon
Bridges,Daquan,Swanson,Thalia,Bridges,Benito
Harbaugh,Georgia,Mastracchio,Lyndsey,Harbaugh,Joshua
Hieb,Bretton,Bowersox,Hannah,Hieb,Kellen
Bloomfield,Sinai,Freeman,Shannon,Bloomfield,Johnathan
Weber,Colin,Linnehan,Kamri,Weber,Hayden
Ross,Jaida,Thagard,Tiani,Ross,Tristen
Reilly,Jai,Hartsfield,Sarafina,Reilly,Austin
Chamitoff,Armani,Wetherbee,Sarah,Chamitoff,Brooks
Pogue,Jarod,Thornton,Shuntara,Pogue,Alfredo
White,Vianey,Creighton,Camisha,White,Jon
Gardner,Moshe,Whitson,Keila,Gardner,Israel
Wisoff,Colleen,Mastracchio,Niyah,Wisoff,Quinn
McKinley,Clayton,Scobee,Joan,McKinley,Maleek
Wisoff,Kaylyn,Mastracchio,Niyah,Wisoff,Quinn
Jemison,Javonte,Williams,Daphne,Jemison,Killian
Wisoff,Karla,Mastracchio,Niyah,Wisoff,Quinn
Cox,Gerardo,Borman,Kellie,Cox,Tate
Wisoff,Angelika,Mastracchio,Niyah,Wisoff,Quinn
Fillmore,Yash,Taylor,Evangelina,Fillmore,Stanley
Wisoff,Aleasha,Mastracchio,Niyah,Wisoff,Quinn
Shepherd,Fernando,Resnik,Asha,Shepherd,Demarcus
Wisoff,Grace,Mastracchio,Niyah,Wisoff,Quinn
Wisoff,Jalen,Mastracchio,Niyah,Wisoff,Quinn
Wisoff,Jeffrey,Mastracchio,Niyah,Wisoff,Quinn
Wisoff,Brandon,Mastracchio,Niyah,Wisoff,Quinn
Wisoff,Justine,Mastracchio,Niyah,Wisoff,Quinn
Wisoff,Kevin,Mastracchio,Niyah,Wisoff,Quinn
Culbertson,Anna,Brand,Veronica,Culbertson,Kelsey
Culbertson,Lucas,Brand,Veronica,Culbertson,Kelsey
Culbertson,Riley,Brand,Veronica,Culbertson,Kelsey
Weber,Moshe,Forrester,Alexandra,Weber,Dangelo
Culbertson,Miriam,Brand,Veronica,Culbertson,Kelsey
Weber,Bretton,Forrester,Alexandra,Weber,Dangelo
Culbertson,Kali,Brand,Veronica,Culbertson,Kelsey
Weber,Deangelo,Forrester,Alexandra,Weber,Dangelo
Weber,Camille,Forrester,Alexandra,Weber,Dangelo
Weber,Alvin,Forrester,Alexandra,Weber,Dangelo
Weber,Makaila,Forrester,Alexandra,Weber,Dangelo
Weber,Marcus,Forrester,Alexandra,Weber,Dangelo
Weber,Mariam,Forrester,Alexandra,Weber,Dangelo
Weber,Bradly,Forrester,Alexandra,Weber,Dangelo
Weber,Serenity,Forrester,Alexandra,Weber,Dangelo
Weber,Tevin,Forrester,Alexandra,Weber,Dangelo
Weber,Siobhan,Forrester,Alexandra,Weber,Dangelo
Frump,Alfred,Hart,Anja,Frump,Salvador
Weber,Cali,Forrester,Alexandra,Weber,Dangelo
Frump,Buford,Hart,Anja,Frump,Salvador
Weber,April,Forrester,Alexandra,Weber,Dangelo
Frump,Reece,Hart,Anja,Frump,Salvador
Weber,Karen,Forrester,Alexandra,Weber,Dangelo
Oswald,Jules,Tanner,Simone,Oswald,Leon
Frump,Darcie,Hart,Anja,Frump,Salvador
Oswald,Pierce,Tanner,Simone,Oswald,Leon
Frump,Tierney,Hart,Anja,Frump,Salvador
Oswald,Brooks,Tanner,Simone,Oswald,Leon
Frump,Bailey,Hart,Anja,Frump,Salvador
Oswald,Chaim,Tanner,Simone,Oswald,Leon
Frump,Antonia,Hart,Anja,Frump,Salvador
Oswald,Bryant,Tanner,Simone,Oswald,Leon
Frump,Marivel,Hart,Anja,Frump,Salvador
Oswald,Allan,Tanner,Simone,Oswald,Leon
Frump,Maegen,Hart,Anja,Frump,Salvador
Oswald,Kolton,Tanner,Simone,Oswald,Leon
Frump,Holly,Hart,Anja,Frump,Salvador
Melroy,Truman,McDivitt,Tamara,Melroy,Kareem
Frump,Ciara,Hart,Anja,Frump,Salvador
Melroy,Morgan,McDivitt,Tamara,Melroy,Kareem
Frump,Precious,Hart,Anja,Frump,Salvador
Melroy,Draven,McDivitt,Tamara,Melroy,Kareem
Frump,Jaqueline,Hart,Anja,Frump,Salvador
Melroy,Lucas,McDivitt,Tamara,Melroy,Kareem
Oswald,Nadine,Tanner,Simone,Oswald,Leon
Melroy,Deanthony,McDivitt,Tamara,Melroy,Kareem
Oswald,Constance,Tanner,Simone,Oswald,Leon
Melroy,Manuel,McDivitt,Tamara,Melroy,Kareem
Oswald,Destiny,Tanner,Simone,Oswald,Leon
Melroy,Brice,McDivitt,Tamara,Melroy,Kareem
Oswald,Destany,Tanner,Simone,Oswald,Leon
Carter,Coby,Lind,Kyra,Carter,Orlando
Oswald,Dulce,Tanner,Simone,Oswald,Leon
Carter,Wilfredo,Lind,Kyra,Carter,Orlando
Oswald,Giovanna,Tanner,Simone,Oswald,Leon
Carter,Andre,Lind,Kyra,Carter,Orlando
Melroy,Juliette,McDivitt,Tamara,Melroy,Kareem
Carter,Cole,Lind,Kyra,Carter,Orlando
Melroy,Paula,McDivitt,Tamara,Melroy,Kareem
Carter,Javier,Lind,Kyra,Carter,Orlando
Melroy,Precious,McDivitt,Tamara,Melroy,Kareem
Carter,Giovanni,Lind,Kyra,Carter,Orlando
Melroy,Rebeca,McDivitt,Tamara,Melroy,Kareem
Carter,Trevon,Lind,Kyra,Carter,Orlando
Melroy,Emerald,McDivitt,Tamara,Melroy,Kareem
Bridges,Marcanthon,Harbaugh,Georgia,Bridges,Daquan
Melroy,Autumn,McDivitt,Tamara,Melroy,Kareem
Bridges,Rayvon,Harbaugh,Georgia,Bridges,Daquan
Melroy,Libby,McDivitt,Tamara,Melroy,Kareem
Bridges,Quentin,Harbaugh,Georgia,Bridges,Daquan
Melroy,Krystal,McDivitt,Tamara,Melroy,Kareem
Bridges,Andre,Harbaugh,Georgia,Bridges,Daquan
Melroy,Joceline,McDivitt,Tamara,Melroy,Kareem
Hieb,Colbey,Bloomfield,Sinai,Hieb,Bretton
Melroy,Breeanna,McDivitt,Tamara,Melroy,Kareem
Weber,Dion,Ross,Jaida,Weber,Colin
Carter,Darrian,Lind,Kyra,Carter,Orlando
Weber,Antonio,Ross,Jaida,Weber,Colin
Carter,Kylee,Lind,Kyra,Carter,Orlando
Weber,Arthur,Ross,Jaida,Weber,Colin
Carter,Giuliana,Lind,Kyra,Carter,Orlando
Weber,Quintyn,Ross,Jaida,Weber,Colin
Carter,Kaylynn,Lind,Kyra,Carter,Orlando
Reilly,Richie,Chamitoff,Armani,Reilly,Jai
Carter,Joleen,Lind,Kyra,Carter,Orlando
Pogue,Korey,White,Vianey,Pogue,Jarod
Carter,Fiona,Lind,Kyra,Carter,Orlando
Pogue,Quinton,White,Vianey,Pogue,Jarod
Bridges,Donisha,Harbaugh,Georgia,Bridges,Daquan
Gardner,Joshua,Wisoff,Colleen,Gardner,Moshe
Bridges,Jazmyne,Harbaugh,Georgia,Bridges,Daquan
Gardner,Chance,Wisoff,Colleen,Gardner,Moshe
Bridges,Kayland,Harbaugh,Georgia,Bridges,Daquan
Gardner,Alvaro,Wisoff,Colleen,Gardner,Moshe
Bridges,Holland,Harbaugh,Georgia,Bridges,Daquan
Gardner,Brett,Wisoff,Colleen,Gardner,Moshe
Bridges,Francisca,Harbaugh,Georgia,Bridges,Daquan
Gardner,Reynaldo,Wisoff,Colleen,Gardner,Moshe
Bridges,Jackie,Harbaugh,Georgia,Bridges,Daquan
Gardner,Jeramie,Wisoff,Colleen,Gardner,Moshe
Bridges,Alexandria,Harbaugh,Georgia,Bridges,Daquan
Gardner,Devon,Wisoff,Colleen,Gardner,Moshe
Bridges,Jada,Harbaugh,Georgia,Bridges,Daquan
Gardner,Tarik,Wisoff,Colleen,Gardner,Moshe
Bridges,Gabriele,Harbaugh,Georgia,Bridges,Daquan
Gardner,Jeffery,Wisoff,Colleen,Gardner,Moshe
Hieb,Emmalee,Bloomfield,Sinai,Hieb,Bretton
McKinley,Emiliano,Wisoff,Kaylyn,McKinley,Clayton
Hieb,Natasha,Bloomfield,Sinai,Hieb,Bretton
McKinley,Adam,Wisoff,Kaylyn,McKinley,Clayton
Hieb,Krystal,Bloomfield,Sinai,Hieb,Bretton
McKinley,Pierce,Wisoff,Kaylyn,McKinley,Clayton
Hieb,Paige,Bloomfield,Sinai,Hieb,Bretton
McKinley,Gonzalo,Wisoff,Kaylyn,McKinley,Clayton
Hieb,Nichelle,Bloomfield,Sinai,Hieb,Bretton
McKinley,Jaleel,Wisoff,Kaylyn,McKinley,Clayton
Hieb,Kaitlyn,Bloomfield,Sinai,Hieb,Bretton
McKinley,Cristobal,Wisoff,Kaylyn,McKinley,Clayton
Hieb,Camelia,Bloomfield,Sinai,Hieb,Bretton
McKinley,Colin,Wisoff,Kaylyn,McKinley,Clayton
Weber,Amna,Ross,Jaida,Weber,Colin
Jemison,Trenton,Wisoff,Karla,Jemison,Javonte
Weber,Gwendolyn,Ross,Jaida,Weber,Colin
Jemison,Brodie,Wisoff,Karla,Jemison,Javonte
Weber,Kristen,Ross,Jaida,Weber,Colin
Jemison,Trevin,Wisoff,Karla,Jemison,Javonte
Weber,Nichole,Ross,Jaida,Weber,Colin
Jemison,Alden,Wisoff,Karla,Jemison,Javonte
Weber,Krystle,Ross,Jaida,Weber,Colin
Cox,Jerome,Wisoff,Angelika,Cox,Gerardo
Reilly,Ramona,Chamitoff,Armani,Reilly,Jai
Cox,Darrius,Wisoff,Angelika,Cox,Gerardo
Reilly,Francesca,Chamitoff,Armani,Reilly,Jai
Cox,Stefan,Wisoff,Angelika,Cox,Gerardo
Pogue,Keyondra,White,Vianey,Pogue,Jarod
Cox,Jayce,Wisoff,Angelika,Cox,Gerardo
Gardner,Destany,Wisoff,Colleen,Gardner,Moshe
Fillmore,Jacori,Wisoff,Aleasha,Fillmore,Yash
Gardner,Meaghan,Wisoff,Colleen,Gardner,Moshe
Fillmore,Bryan,Wisoff,Aleasha,Fillmore,Yash
Gardner,Keila,Wisoff,Colleen,Gardner,Moshe
Fillmore,Jai,Wisoff,Aleasha,Fillmore,Yash
Gardner,Katharine,Wisoff,Colleen,Gardner,Moshe
Fillmore,Stefan,Wisoff,Aleasha,Fillmore,Yash
Gardner,Rowan,Wisoff,Colleen,Gardner,Moshe
Fillmore,Tristin,Wisoff,Aleasha,Fillmore,Yash
McKinley,Janie,Wisoff,Kaylyn,McKinley,Clayton
Shepherd,Johnathon,Wisoff,Grace,Shepherd,Fernando
McKinley,Shawn,Wisoff,Kaylyn,McKinley,Clayton
Shepherd,Julius,Wisoff,Grace,Shepherd,Fernando
McKinley,Mykayla,Wisoff,Kaylyn,McKinley,Clayton
Shepherd,Jonah,Wisoff,Grace,Shepherd,Fernando
McKinley,Aundrea,Wisoff,Kaylyn,McKinley,Clayton
Shepherd,Esteban,Wisoff,Grace,Shepherd,Fernando
McKinley,Jennie,Wisoff,Kaylyn,McKinley,Clayton
Wisoff,Norman,Culbertson,Anna,Wisoff,Jalen
McKinley,Mckenna,Wisoff,Kaylyn,McKinley,Clayton
Wisoff,Trevon,Culbertson,Anna,Wisoff,Jalen
McKinley,Kaylea,Wisoff,Kaylyn,McKinley,Clayton
Wisoff,Xavier,Culbertson,Anna,Wisoff,Jalen
McKinley,Taelor,Wisoff,Kaylyn,McKinley,Clayton
Wisoff,Raphael,Culbertson,Anna,Wisoff,Jalen
McKinley,Chanel,Wisoff,Kaylyn,McKinley,Clayton
Wisoff,Don,Culbertson,Riley,Wisoff,Brandon
McKinley,Vivian,Wisoff,Kaylyn,McKinley,Clayton
Wisoff,Hudson,Culbertson,Riley,Wisoff,Brandon
McKinley,Ashlynn,Wisoff,Kaylyn,McKinley,Clayton
Wisoff,Logan,Culbertson,Riley,Wisoff,Brandon
McKinley,Sienna,Wisoff,Kaylyn,McKinley,Clayton
Wisoff,Victor,Culbertson,Riley,Wisoff,Brandon
Jemison,Bridget,Wisoff,Karla,Jemison,Javonte
Wisoff,Luciano,Culbertson,Miriam,Wisoff,Kevin
Jemison,Yesenia,Wisoff,Karla,Jemison,Javonte
Wisoff,Chandler,Culbertson,Miriam,Wisoff,Kevin
Jemison,Anthony,Wisoff,Karla,Jemison,Javonte
Wisoff,Drake,Culbertson,Miriam,Wisoff,Kevin
Jemison,Rian,Wisoff,Karla,Jemison,Javonte
Wisoff,Dreshaun,Culbertson,Miriam,Wisoff,Kevin
Jemison,Adriane,Wisoff,Karla,Jemison,Javonte
Wisoff,Tyquan,Culbertson,Miriam,Wisoff,Kevin
Jemison,Patrice,Wisoff,Karla,Jemison,Javonte
Culbertson,Deonta,Wisoff,Jeffrey,Culbertson,Lucas
Jemison,Roxana,Wisoff,Karla,Jemison,Javonte
Culbertson,Cristopher,Wisoff,Jeffrey,Culbertson,Lucas
Cox,Stacy,Wisoff,Angelika,Cox,Gerardo
Culbertson,Edward,Wisoff,Jeffrey,Culbertson,Lucas
Cox,Genna,Wisoff,Angelika,Cox,Gerardo
Culbertson,Hashim,Wisoff,Jeffrey,Culbertson,Lucas
Cox,Marisa,Wisoff,Angelika,Cox,Gerardo
Weber,Johnny,Wisoff,Justine,Weber,Moshe
Cox,Abigayle,Wisoff,Angelika,Cox,Gerardo
Weber,Larry,Wisoff,Justine,Weber,Moshe
Fillmore,Noemi,Wisoff,Aleasha,Fillmore,Yash
Weber,Alan,Wisoff,Justine,Weber,Moshe
Fillmore,Cynthia,Wisoff,Aleasha,Fillmore,Yash
Weber,Marcello,Culbertson,Kali,Weber,Bretton
Fillmore,Rosa,Wisoff,Aleasha,Fillmore,Yash
Weber,Agustin,Culbertson,Kali,Weber,Bretton
Fillmore,Kendal,Wisoff,Aleasha,Fillmore,Yash
Weber,Michel,Culbertson,Kali,Weber,Bretton
Fillmore,Siera,Wisoff,Aleasha,Fillmore,Yash
Weber,Lauren,Culbertson,Kali,Weber,Bretton
Fillmore,Krystle,Wisoff,Aleasha,Fillmore,Yash
Weber,Xavier,Culbertson,Kali,Weber,Bretton
Fillmore,Jeanna,Wisoff,Aleasha,Fillmore,Yash
Weber,Anton,Culbertson,Kali,Weber,Bretton
Fillmore,Analisa,Wisoff,Aleasha,Fillmore,Yash
Weber,Tyren,Culbertson,Kali,Weber,Bretton
Shepherd,Karyna,Wisoff,Grace,Shepherd,Fernando
Weber,Johnathon,Culbertson,Kali,Weber,Bretton
Shepherd,Tonya,Wisoff,Grace,Shepherd,Fernando
Weber,Randy,Frump,Darcie,Weber,Deangelo
Shepherd,Yuki,Wisoff,Grace,Shepherd,Fernando
Weber,Hugo,Frump,Darcie,Weber,Deangelo
Shepherd,Thalia,Wisoff,Grace,Shepherd,Fernando
Weber,Junior,Frump,Darcie,Weber,Deangelo
Shepherd,Morgan,Wisoff,Grace,Shepherd,Fernando
Weber,Deondre,Frump,Darcie,Weber,Deangelo
Shepherd,Monica,Wisoff,Grace,Shepherd,Fernando
Weber,Rashad,Frump,Darcie,Weber,Deangelo
Wisoff,Tabatha,Culbertson,Anna,Wisoff,Jalen
Weber,Delonta,Frump,Darcie,Weber,Deangelo
Wisoff,Linda,Culbertson,Anna,Wisoff,Jalen
Weber,Cristian,Frump,Tierney,Weber,Alvin
Wisoff,Jaymee,Culbertson,Anna,Wisoff,Jalen
Weber,Jamie,Frump,Tierney,Weber,Alvin
Wisoff,Corinne,Culbertson,Anna,Wisoff,Jalen
Weber,Nour,Frump,Tierney,Weber,Alvin
Wisoff,Aylin,Culbertson,Riley,Wisoff,Brandon
Weber,Olivier,Frump,Tierney,Weber,Alvin
Wisoff,Cambria,Culbertson,Riley,Wisoff,Brandon
Weber,Kieran,Frump,Tierney,Weber,Alvin
Wisoff,Angle,Culbertson,Riley,Wisoff,Brandon
Weber,Gunnar,Frump,Tierney,Weber,Alvin
Wisoff,Whitney,Culbertson,Miriam,Wisoff,Kevin
Weber,Tristan,Frump,Tierney,Weber,Alvin
Wisoff,Caylee,Culbertson,Miriam,Wisoff,Kevin
Weber,Kelvin,Frump,Bailey,Weber,Marcus
Wisoff,Harlie,Culbertson,Miriam,Wisoff,Kevin
Weber,Raequan,Frump,Bailey,Weber,Marcus
Wisoff,Abigayle,Culbertson,Miriam,Wisoff,Kevin
Weber,Jeremey,Frump,Bailey,Weber,Marcus
Wisoff,Berenice,Culbertson,Miriam,Wisoff,Kevin
Weber,Justin,Frump,Bailey,Weber,Marcus
Wisoff,Sade,Culbertson,Miriam,Wisoff,Kevin
Weber,Terry,Frump,Bailey,Weber,Marcus
Wisoff,Baby,Culbertson,Miriam,Wisoff,Kevin
Weber,Conner,Frump,Bailey,Weber,Marcus
Wisoff,Isabel,Culbertson,Miriam,Wisoff,Kevin
Weber,Nestor,Frump,Bailey,Weber,Marcus
Wisoff,Dorothy,Culbertson,Miriam,Wisoff,Kevin
Weber,Emerson,Frump,Bailey,Weber,Marcus
Culbertson,Bernadette,Wisoff,Jeffrey,Culbertson,Lucas
Weber,Dyllon,Frump,Antonia,Weber,Bradly
Culbertson,Rhiannon,Wisoff,Jeffrey,Culbertson,Lucas
Weber,Jevon,Frump,Antonia,Weber,Bradly
Culbertson,Athena,Wisoff,Jeffrey,Culbertson,Lucas
Weber,Chance,Frump,Marivel,Weber,Tevin
Weber,Jhane,Wisoff,Justine,Weber,Moshe
Weber,Louis,Frump,Marivel,Weber,Tevin
Weber,Yvonne,Wisoff,Justine,Weber,Moshe
Weber,Arturo,Frump,Marivel,Weber,Tevin
Weber,Erin,Wisoff,Justine,Weber,Moshe
Weber,Arnold,Frump,Marivel,Weber,Tevin
Weber,Deondra,Wisoff,Justine,Weber,Moshe
Weber,Shan,Frump,Marivel,Weber,Tevin
Weber,Raegan,Wisoff,Justine,Weber,Moshe
Weber,Bailey,Frump,Marivel,Weber,Tevin
Weber,Keiarra,Wisoff,Justine,Weber,Moshe
Weber,Shea,Frump,Marivel,Weber,Tevin
Weber,Tiffani,Wisoff,Justine,Weber,Moshe
Frump,Marlon,Weber,Camille,Frump,Alfred
Weber,Josey,Wisoff,Justine,Weber,Moshe
Frump,Trent,Weber,Camille,Frump,Alfred
Weber,Milena,Culbertson,Kali,Weber,Bretton
Frump,Nicholas,Weber,Camille,Frump,Alfred
Weber,Tanna,Culbertson,Kali,Weber,Bretton
Frump,Jerome,Weber,Camille,Frump,Alfred
Weber,Kennedy,Culbertson,Kali,Weber,Bretton
Frump,Terrance,Weber,Camille,Frump,Alfred
Weber,Jordyn,Culbertson,Kali,Weber,Bretton
Frump,Kelsey,Weber,Camille,Frump,Alfred
Weber,Karissa,Culbertson,Kali,Weber,Bretton
Frump,Travon,Weber,Camille,Frump,Alfred
Weber,Sasha,Culbertson,Kali,Weber,Bretton
Frump,Freeman,Weber,Makaila,Frump,Buford
Weber,Antoinette,Culbertson,Kali,Weber,Bretton
Frump,Gerard,Weber,Makaila,Frump,Buford
Weber,Maura,Culbertson,Kali,Weber,Bretton
Frump,Davon,Weber,Makaila,Frump,Buford
Weber,Leeann,Culbertson,Kali,Weber,Bretton
Frump,Hector,Weber,Makaila,Frump,Buford
Weber,Ariel,Culbertson,Kali,Weber,Bretton
Frump,Greyson,Weber,Mariam,Frump,Reece
Weber,Sydney,Culbertson,Kali,Weber,Bretton
Frump,Johnathon,Weber,Mariam,Frump,Reece
Weber,Laurel,Culbertson,Kali,Weber,Bretton
Frump,Liam,Weber,Mariam,Frump,Reece
Weber,Perla,Frump,Darcie,Weber,Deangelo
Frump,Chandler,Weber,Mariam,Frump,Reece
Weber,Martha,Frump,Darcie,Weber,Deangelo
Frump,Sebastian,Weber,Mariam,Frump,Reece
Weber,Heavenly,Frump,Darcie,Weber,Deangelo
Frump,Tysen,Weber,Mariam,Frump,Reece
Weber,Silvia,Frump,Darcie,Weber,Deangelo
Frump,Jovon,Weber,Mariam,Frump,Reece
Weber,Abigail,Frump,Darcie,Weber,Deangelo
Oswald,Khalil,Weber,Serenity,Oswald,Jules
Weber,Callan,Frump,Darcie,Weber,Deangelo
Oswald,Rolando,Weber,Serenity,Oswald,Jules
Weber,Shaniah,Frump,Darcie,Weber,Deangelo
Oswald,Jesus,Weber,Siobhan,Oswald,Pierce
Weber,Aubrie,Frump,Tierney,Weber,Alvin
Oswald,Pedro,Weber,Siobhan,Oswald,Pierce
Weber,Veronica,Frump,Tierney,Weber,Alvin
Oswald,Miguel,Weber,Siobhan,Oswald,Pierce
Weber,Aleasha,Frump,Tierney,Weber,Alvin
Oswald,Salvador,Weber,Siobhan,Oswald,Pierce
Weber,Gloria,Frump,Tierney,Weber,Alvin
Oswald,Dustin,Weber,Siobhan,Oswald,Pierce
Weber,Baby,Frump,Tierney,Weber,Alvin
Oswald,Tylor,Weber,Siobhan,Oswald,Pierce
Weber,Christian,Frump,Bailey,Weber,Marcus
Oswald,Moshe,Weber,Siobhan,Oswald,Pierce
Weber,Carmela,Frump,Bailey,Weber,Marcus
Oswald,Colin,Weber,Cali,Oswald,Brooks
Weber,Amina,Frump,Bailey,Weber,Marcus
Oswald,Deion,Weber,Cali,Oswald,Brooks
Weber,Synthia,Frump,Bailey,Weber,Marcus
Oswald,Garett,Weber,April,Oswald,Chaim
Weber,Leana,Frump,Bailey,Weber,Marcus
Oswald,Austen,Weber,April,Oswald,Chaim
Weber,Xian,Frump,Bailey,Weber,Marcus
Oswald,Gregory,Weber,April,Oswald,Chaim
Weber,Kristin,Frump,Bailey,Weber,Marcus
Oswald,Marquise,Weber,April,Oswald,Chaim
Weber,Angelique,Frump,Bailey,Weber,Marcus
Oswald,Saxon,Weber,Karen,Oswald,Bryant
Weber,Gabriele,Frump,Bailey,Weber,Marcus
Oswald,Desmond,Weber,Karen,Oswald,Bryant
Weber,Francis,Frump,Bailey,Weber,Marcus
Oswald,Braeden,Weber,Karen,Oswald,Bryant
Weber,Hannah,Frump,Antonia,Weber,Bradly
Oswald,Kaleb,Weber,Karen,Oswald,Bryant
Weber,Alison,Frump,Antonia,Weber,Bradly
Oswald,Johnny,Frump,Maegen,Oswald,Allan
Weber,Dana,Frump,Antonia,Weber,Bradly
Oswald,Erick,Frump,Maegen,Oswald,Allan
Weber,Abagail,Frump,Marivel,Weber,Tevin
Oswald,Damon,Frump,Maegen,Oswald,Allan
Weber,Lakendra,Frump,Marivel,Weber,Tevin
Oswald,Julius,Frump,Maegen,Oswald,Allan
Weber,Annika,Frump,Marivel,Weber,Tevin
Oswald,Lukas,Frump,Maegen,Oswald,Allan
Weber,Roslyn,Frump,Marivel,Weber,Tevin
Oswald,Hassan,Frump,Maegen,Oswald,Allan
Weber,Michal,Frump,Marivel,Weber,Tevin
Oswald,Nestor,Frump,Holly,Oswald,Kolton
Weber,Ixchel,Frump,Marivel,Weber,Tevin
Oswald,Roy,Frump,Holly,Oswald,Kolton
Weber,Daisy,Frump,Marivel,Weber,Tevin
Oswald,Carter,Frump,Holly,Oswald,Kolton
Frump,Chynna,Weber,Camille,Frump,Alfred
Melroy,Keeton,Frump,Ciara,Melroy,Truman
Frump,Zenia,Weber,Camille,Frump,Alfred
Melroy,Lionel,Frump,Ciara,Melroy,Truman
Frump,Carley,Weber,Camille,Frump,Alfred
Melroy,Fred,Frump,Precious,Melroy,Morgan
Frump,Annmarie,Weber,Camille,Frump,Alfred
Melroy,Bradlee,Frump,Jaqueline,Melroy,Draven
Frump,Chloie,Weber,Camille,Frump,Alfred
Melroy,Jeremy,Frump,Jaqueline,Melroy,Draven
Frump,Karlee,Weber,Camille,Frump,Alfred
Melroy,Dandre,Frump,Jaqueline,Melroy,Draven
Frump,Niyah,Weber,Camille,Frump,Alfred
Melroy,Van,Frump,Jaqueline,Melroy,Draven
Frump,Mari,Weber,Camille,Frump,Alfred
Melroy,David,Frump,Jaqueline,Melroy,Draven
Frump,Raquel,Weber,Camille,Frump,Alfred
Melroy,Deric,Oswald,Nadine,Melroy,Lucas
Frump,Xena,Weber,Camille,Frump,Alfred
Melroy,Evan,Oswald,Nadine,Melroy,Lucas
Frump,Ann,Weber,Camille,Frump,Alfred
Melroy,Ramiro,Oswald,Nadine,Melroy,Lucas
Frump,Tristan,Weber,Camille,Frump,Alfred
Melroy,Kurt,Oswald,Nadine,Melroy,Lucas
Frump,Chase,Weber,Camille,Frump,Alfred
Melroy,Bjorn,Oswald,Constance,Melroy,Deanthony
Frump,Destiana,Weber,Makaila,Frump,Buford
Melroy,Richard,Oswald,Constance,Melroy,Deanthony
Frump,Lillie,Weber,Makaila,Frump,Buford
Melroy,Ali,Oswald,Constance,Melroy,Deanthony
Frump,Tessa,Weber,Makaila,Frump,Buford
Melroy,Melvin,Oswald,Constance,Melroy,Deanthony
Frump,Isadora,Weber,Makaila,Frump,Buford
Melroy,Misael,Oswald,Constance,Melroy,Deanthony
Frump,Kyana,Weber,Makaila,Frump,Buford
Melroy,Reece,Oswald,Constance,Melroy,Deanthony
Frump,Melanie,Weber,Makaila,Frump,Buford
Melroy,Deleon,Oswald,Constance,Melroy,Deanthony
Frump,Marion,Weber,Makaila,Frump,Buford
Melroy,Ahmed,Oswald,Destiny,Melroy,Manuel
Frump,Stormy,Weber,Makaila,Frump,Buford
Melroy,Elijah,Oswald,Destiny,Melroy,Manuel
Frump,Anaya,Weber,Makaila,Frump,Buford
Melroy,Jonathan,Oswald,Destiny,Melroy,Manuel
Frump,Passion,Weber,Makaila,Frump,Buford
Melroy,Sahil,Oswald,Destiny,Melroy,Manuel
Frump,Aileen,Weber,Makaila,Frump,Buford
Melroy,Dion,Oswald,Destany,Melroy,Brice
Frump,Abby,Weber,Mariam,Frump,Reece
Melroy,Rayquan,Oswald,Destany,Melroy,Brice
Frump,Trinity,Weber,Mariam,Frump,Reece
Melroy,Elias,Oswald,Destany,Melroy,Brice
Frump,Kianna,Weber,Mariam,Frump,Reece
Melroy,Terance,Oswald,Destany,Melroy,Brice
Frump,Ashleigh,Weber,Mariam,Frump,Reece
Melroy,Alfonso,Oswald,Destany,Melroy,Brice
Frump,Nathalie,Weber,Mariam,Frump,Reece
Melroy,Nathanael,Oswald,Destany,Melroy,Brice
Frump,Maritza,Weber,Mariam,Frump,Reece
Melroy,Jameson,Oswald,Destany,Melroy,Brice
Frump,Lexi,Weber,Mariam,Frump,Reece
Melroy,Tyren,Oswald,Destany,Melroy,Brice
Frump,Casandra,Weber,Mariam,Frump,Reece
Carter,Jeffrey,Oswald,Dulce,Carter,Coby
Frump,Samira,Weber,Mariam,Frump,Reece
Carter,Ronny,Oswald,Dulce,Carter,Coby
Frump,Annie,Weber,Mariam,Frump,Reece
Carter,Leon,Oswald,Dulce,Carter,Coby
Oswald,Siarra,Weber,Serenity,Oswald,Jules
Carter,Kristopher,Oswald,Dulce,Carter,Coby
Oswald,Tory,Weber,Serenity,Oswald,Jules
Carter,Daxton,Oswald,Dulce,Carter,Coby
Oswald,Shakia,Weber,Siobhan,Oswald,Pierce
Carter,Mike,Oswald,Dulce,Carter,Coby
Oswald,Katelin,Weber,Siobhan,Oswald,Pierce
Carter,Devonte,Oswald,Dulce,Carter,Coby
Oswald,Alisia,Weber,Siobhan,Oswald,Pierce
Carter,Anibal,Oswald,Giovanna,Carter,Wilfredo
Oswald,Brielle,Weber,Siobhan,Oswald,Pierce
Carter,Anton,Oswald,Giovanna,Carter,Wilfredo
Oswald,Dalila,Weber,Siobhan,Oswald,Pierce
Carter,Shea,Oswald,Giovanna,Carter,Wilfredo
Oswald,Anna,Weber,Siobhan,Oswald,Pierce
Carter,Sean,Oswald,Giovanna,Carter,Wilfredo
Oswald,Dylan,Weber,Siobhan,Oswald,Pierce
Carter,Britton,Oswald,Giovanna,Carter,Wilfredo
Oswald,Dianne,Weber,Siobhan,Oswald,Pierce
Carter,Rashad,Oswald,Giovanna,Carter,Wilfredo
Oswald,Kaitlyn,Weber,Siobhan,Oswald,Pierce
Carter,Damian,Oswald,Giovanna,Carter,Wilfredo
Oswald,Dominique,Weber,Cali,Oswald,Brooks
Carter,Yobani,Oswald,Giovanna,Carter,Wilfredo
Oswald,Macey,Weber,Cali,Oswald,Brooks
Carter,Griffin,Oswald,Giovanna,Carter,Wilfredo
Oswald,Glenda,Weber,Cali,Oswald,Brooks
Carter,Keagan,Melroy,Juliette,Carter,Andre
Oswald,Kate,Weber,Cali,Oswald,Brooks
Carter,Stanley,Melroy,Juliette,Carter,Andre
Oswald,Ayanna,Weber,April,Oswald,Chaim
Carter,Dennis,Melroy,Juliette,Carter,Andre
Oswald,Charlotte,Weber,April,Oswald,Chaim
Carter,Brogan,Melroy,Juliette,Carter,Andre
Oswald,Jodie,Weber,April,Oswald,Chaim
Carter,Tyree,Melroy,Juliette,Carter,Andre
Oswald,Alondra,Weber,Karen,Oswald,Bryant
Carter,Jaylan,Melroy,Juliette,Carter,Andre
Oswald,Shanyce,Weber,Karen,Oswald,Bryant
Carter,Sahil,Melroy,Paula,Carter,Cole
Oswald,Jadah,Weber,Karen,Oswald,Bryant
Carter,Michal,Melroy,Paula,Carter,Cole
Oswald,Emilie,Weber,Karen,Oswald,Bryant
Carter,Daquan,Melroy,Precious,Carter,Javier
Oswald,Alyson,Weber,Karen,Oswald,Bryant
Carter,Rhett,Melroy,Precious,Carter,Javier
Oswald,Natalya,Frump,Maegen,Oswald,Allan
Carter,Noel,Melroy,Precious,Carter,Javier
Oswald,Krupa,Frump,Maegen,Oswald,Allan
Carter,August,Melroy,Precious,Carter,Javier
Oswald,Lakendra,Frump,Maegen,Oswald,Allan
Carter,Clayton,Melroy,Precious,Carter,Javier
Oswald,Ravin,Frump,Maegen,Oswald,Allan
Carter,Armani,Melroy,Precious,Carter,Javier
Oswald,Cynthia,Frump,Maegen,Oswald,Allan
Carter,Markus,Melroy,Rebeca,Carter,Giovanni
Oswald,Jasmine,Frump,Maegen,Oswald,Allan
Carter,Triston,Melroy,Rebeca,Carter,Giovanni
Oswald,Itati,Frump,Maegen,Oswald,Allan
Carter,Gannon,Melroy,Rebeca,Carter,Giovanni
Oswald,Mireya,Frump,Maegen,Oswald,Allan
Carter,Kirkland,Melroy,Rebeca,Carter,Giovanni
Oswald,Kristine,Frump,Maegen,Oswald,Allan
Carter,Larry,Melroy,Rebeca,Carter,Giovanni
Oswald,Marycather,Frump,Maegen,Oswald,Allan
Carter,Chandler,Melroy,Rebeca,Carter,Giovanni
Oswald,Kathryn,Frump,Maegen,Oswald,Allan
Carter,Gordon,Melroy,Rebeca,Carter,Giovanni
Oswald,Anissa,Frump,Maegen,Oswald,Allan
Carter,Brendan,Melroy,Rebeca,Carter,Giovanni
Oswald,Michal,Frump,Holly,Oswald,Kolton
Carter,Garrison,Melroy,Emerald,Carter,Trevon
Oswald,Chasity,Frump,Holly,Oswald,Kolton
Carter,Rakeem,Melroy,Emerald,Carter,Trevon
Oswald,Ana,Frump,Holly,Oswald,Kolton
Carter,Dreshaun,Melroy,Emerald,Carter,Trevon
Oswald,Shari,Frump,Holly,Oswald,Kolton
Carter,Issac,Melroy,Emerald,Carter,Trevon
Oswald,Sarafina,Frump,Holly,Oswald,Kolton
Carter,Callahan,Melroy,Emerald,Carter,Trevon
Oswald,Rocio,Frump,Holly,Oswald,Kolton
Carter,Emmett,Melroy,Emerald,Carter,Trevon
Oswald,Giselle,Frump,Holly,Oswald,Kolton
Carter,Niko,Melroy,Emerald,Carter,Trevon
Oswald,Colleen,Frump,Holly,Oswald,Kolton
Carter,Duncan,Melroy,Emerald,Carter,Trevon
Oswald,Dayana,Frump,Holly,Oswald,Kolton
Bridges,Antonio,Melroy,Autumn,Bridges,Marcanthon
Oswald,Joelle,Frump,Holly,Oswald,Kolton
Bridges,Alexis,Melroy,Autumn,Bridges,Marcanthon
Melroy,Constance,Frump,Ciara,Melroy,Truman
Bridges,Lorenzo,Melroy,Autumn,Bridges,Marcanthon
Melroy,Makala,Frump,Precious,Melroy,Morgan
Bridges,Hayden,Melroy,Autumn,Bridges,Marcanthon
Melroy,Cecelia,Frump,Precious,Melroy,Morgan
Bridges,Jarrod,Melroy,Autumn,Bridges,Marcanthon
Melroy,Meredith,Frump,Jaqueline,Melroy,Draven
Bridges,Arthur,Melroy,Autumn,Bridges,Marcanthon
Melroy,Bailee,Frump,Jaqueline,Melroy,Draven
Bridges,Jamir,Melroy,Libby,Bridges,Rayvon
Melroy,Calli,Frump,Jaqueline,Melroy,Draven
Bridges,Henry,Melroy,Libby,Bridges,Rayvon
Melroy,Alexa,Frump,Jaqueline,Melroy,Draven
Bridges,Wayne,Melroy,Libby,Bridges,Rayvon
Melroy,Kiara,Frump,Jaqueline,Melroy,Draven
Bridges,Raphael,Melroy,Libby,Bridges,Rayvon
Melroy,Mariana,Oswald,Nadine,Melroy,Lucas
Bridges,Ronny,Melroy,Libby,Bridges,Rayvon
Melroy,Jacquelin,Oswald,Nadine,Melroy,Lucas
Bridges,Isidro,Melroy,Libby,Bridges,Rayvon
Melroy,Sean,Oswald,Nadine,Melroy,Lucas
Bridges,Dante,Melroy,Libby,Bridges,Rayvon
Melroy,Krupa,Oswald,Nadine,Melroy,Lucas
Bridges,Trevin,Melroy,Libby,Bridges,Rayvon
Melroy,Camila,Oswald,Nadine,Melroy,Lucas
Bridges,Tate,Melroy,Krystal,Bridges,Quentin
Melroy,Tarah,Oswald,Nadine,Melroy,Lucas
Bridges,Ralph,Melroy,Krystal,Bridges,Quentin
Melroy,Mary,Oswald,Nadine,Melroy,Lucas
Bridges,Brodie,Melroy,Krystal,Bridges,Quentin
Melroy,Gerardo,Oswald,Constance,Melroy,Deanthony
Bridges,Rory,Melroy,Krystal,Bridges,Quentin
Melroy,Aesha,Oswald,Constance,Melroy,Deanthony
Bridges,Lazaro,Melroy,Joceline,Bridges,Andre
Melroy,Kali,Oswald,Constance,Melroy,Deanthony
Bridges,Niko,Melroy,Joceline,Bridges,Andre
Melroy,Jasmin,Oswald,Destiny,Melroy,Manuel
Bridges,Steven,Melroy,Joceline,Bridges,Andre
Melroy,Bailey,Oswald,Destiny,Melroy,Manuel
Bridges,Kevin,Melroy,Joceline,Bridges,Andre
Melroy,Sheri,Oswald,Destiny,Melroy,Manuel
Bridges,Ross,Melroy,Joceline,Bridges,Andre
Melroy,Nallely,Oswald,Destany,Melroy,Brice
Bridges,Dustin,Melroy,Joceline,Bridges,Andre
Melroy,Aishah,Oswald,Destany,Melroy,Brice
Hieb,Estevan,Melroy,Breeanna,Hieb,Colbey
Melroy,Sheyla,Oswald,Destany,Melroy,Brice
Hieb,Brady,Melroy,Breeanna,Hieb,Colbey
Melroy,Anitra,Oswald,Destany,Melroy,Brice
Hieb,Darian,Melroy,Breeanna,Hieb,Colbey
Melroy,Carra,Oswald,Destany,Melroy,Brice
Hieb,Kenneth,Melroy,Breeanna,Hieb,Colbey
Melroy,Chaya,Oswald,Destany,Melroy,Brice
Hieb,Brandon,Melroy,Breeanna,Hieb,Colbey
Melroy,Marian,Oswald,Destany,Melroy,Brice
Hieb,Daxton,Melroy,Breeanna,Hieb,Colbey
Melroy,Mackenna,Oswald,Destany,Melroy,Brice
Hieb,Jovon,Melroy,Breeanna,Hieb,Colbey
Melroy,Kelley,Oswald,Destany,Melroy,Brice
Hieb,Treshaun,Melroy,Breeanna,Hieb,Colbey
Carter,Daniella,Oswald,Dulce,Carter,Coby
Weber,Forest,Carter,Darrian,Weber,Dion
Carter,Katheryn,Oswald,Dulce,Carter,Coby
Weber,Ali,Carter,Darrian,Weber,Dion
Carter,Estela,Oswald,Dulce,Carter,Coby
Weber,Damien,Carter,Darrian,Weber,Dion
Carter,Cori,Oswald,Dulce,Carter,Coby
Weber,Remington,Carter,Darrian,Weber,Dion
Carter,Allysa,Oswald,Dulce,Carter,Coby
Weber,Perry,Carter,Darrian,Weber,Dion
Carter,Haley,Oswald,Dulce,Carter,Coby
Weber,Mckay,Carter,Darrian,Weber,Dion
Carter,Melanie,Oswald,Dulce,Carter,Coby
Weber,Eduardo,Carter,Darrian,Weber,Dion
Carter,Stacey,Oswald,Giovanna,Carter,Wilfredo
Weber,Ismael,Carter,Darrian,Weber,Dion
Carter,Aerial,Oswald,Giovanna,Carter,Wilfredo
Weber,Carson,Carter,Kylee,Weber,Antonio
Carter,Kerri,Oswald,Giovanna,Carter,Wilfredo
Weber,Caleb,Carter,Kylee,Weber,Antonio
Carter,Kelley,Oswald,Giovanna,Carter,Wilfredo
Weber,Kaleb,Carter,Kylee,Weber,Antonio
Carter,Lucia,Oswald,Giovanna,Carter,Wilfredo
Weber,Deonta,Carter,Kylee,Weber,Antonio
Carter,Janeth,Oswald,Giovanna,Carter,Wilfredo
Weber,Wilfredo,Carter,Kylee,Weber,Antonio
Carter,Francisca,Oswald,Giovanna,Carter,Wilfredo
Weber,Treshaun,Carter,Kylee,Weber,Antonio
Carter,Hanna,Melroy,Juliette,Carter,Andre
Weber,Quentin,Carter,Kylee,Weber,Antonio
Carter,Briana,Melroy,Juliette,Carter,Andre
Weber,Kevon,Carter,Giuliana,Weber,Arthur
Carter,Sarina,Melroy,Juliette,Carter,Andre
Weber,Jerry,Carter,Giuliana,Weber,Arthur
Carter,Carli,Melroy,Juliette,Carter,Andre
Weber,Patrick,Carter,Giuliana,Weber,Arthur
Carter,Chloie,Melroy,Juliette,Carter,Andre
Weber,Henry,Carter,Giuliana,Weber,Arthur
Carter,Kansas,Melroy,Paula,Carter,Cole
Weber,Jayce,Carter,Giuliana,Weber,Arthur
Carter,Adriana,Melroy,Paula,Carter,Cole
Weber,Rodrigo,Carter,Giuliana,Weber,Arthur
Carter,Arlene,Melroy,Paula,Carter,Cole
Weber,Landen,Carter,Giuliana,Weber,Arthur
Carter,Tasia,Melroy,Paula,Carter,Cole
Weber,Brogan,Carter,Giuliana,Weber,Arthur
Carter,Dakota,Melroy,Paula,Carter,Cole
Weber,Denzel,Carter,Kaylynn,Weber,Quintyn
Carter,Arielle,Melroy,Paula,Carter,Cole
Weber,Oliver,Carter,Kaylynn,Weber,Quintyn
Carter,Abigayle,Melroy,Precious,Carter,Javier
Weber,Ezekiel,Carter,Kaylynn,Weber,Quintyn
Carter,Suzanna,Melroy,Precious,Carter,Javier
Weber,Kasey,Carter,Kaylynn,Weber,Quintyn
Carter,Dorothy,Melroy,Rebeca,Carter,Giovanni
Weber,Clifford,Carter,Kaylynn,Weber,Quintyn
Carter,Marianne,Melroy,Rebeca,Carter,Giovanni
Reilly,Deshawn,Carter,Joleen,Reilly,Richie
Carter,Bryn,Melroy,Rebeca,Carter,Giovanni
Reilly,Mathieu,Carter,Joleen,Reilly,Richie
Carter,Chantel,Melroy,Rebeca,Carter,Giovanni
Reilly,Raul,Carter,Joleen,Reilly,Richie
Carter,Alexa,Melroy,Rebeca,Carter,Giovanni
Pogue,Marco,Carter,Fiona,Pogue,Korey
Carter,Amanda,Melroy,Rebeca,Carter,Giovanni
Pogue,Jacob,Carter,Fiona,Pogue,Korey
Carter,Quinn,Melroy,Rebeca,Carter,Giovanni
Pogue,Elmer,Carter,Fiona,Pogue,Korey
Carter,Carla,Melroy,Rebeca,Carter,Giovanni
Pogue,Santana,Carter,Fiona,Pogue,Korey
Carter,Carina,Melroy,Rebeca,Carter,Giovanni
Pogue,Jed,Carter,Fiona,Pogue,Korey
Carter,Xandria,Melroy,Rebeca,Carter,Giovanni
Pogue,Reginald,Bridges,Donisha,Pogue,Quinton
Carter,Robin,Melroy,Emerald,Carter,Trevon
Gardner,Miles,Bridges,Jazmyne,Gardner,Joshua
Carter,Keana,Melroy,Emerald,Carter,Trevon
Gardner,Owen,Bridges,Jazmyne,Gardner,Joshua
Carter,Mariam,Melroy,Emerald,Carter,Trevon
Gardner,Kade,Bridges,Jazmyne,Gardner,Joshua
Carter,Liliana,Melroy,Emerald,Carter,Trevon
Gardner,Darius,Bridges,Jazmyne,Gardner,Joshua
Carter,Karina,Melroy,Emerald,Carter,Trevon
Gardner,Abdul,Bridges,Jazmyne,Gardner,Joshua
Carter,Rylee,Melroy,Emerald,Carter,Trevon
Gardner,Howard,Bridges,Jazmyne,Gardner,Joshua
Carter,Stefanie,Melroy,Emerald,Carter,Trevon
Gardner,Saul,Bridges,Jazmyne,Gardner,Joshua
Carter,Tania,Melroy,Emerald,Carter,Trevon
Gardner,Nicholas,Bridges,Jazmyne,Gardner,Joshua
Bridges,Yadira,Melroy,Autumn,Bridges,Marcanthon
Gardner,Peter,Bridges,Jazmyne,Gardner,Joshua
Bridges,Dajah,Melroy,Autumn,Bridges,Marcanthon
Gardner,Kasey,Bridges,Kayland,Gardner,Chance
Bridges,Ayesha,Melroy,Autumn,Bridges,Marcanthon
Gardner,Yash,Bridges,Kayland,Gardner,Chance
Bridges,Isabella,Melroy,Libby,Bridges,Rayvon
Gardner,Daryl,Bridges,Kayland,Gardner,Chance
Bridges,Dixie,Melroy,Libby,Bridges,Rayvon
Gardner,Migel,Bridges,Kayland,Gardner,Chance
Bridges,Skylar,Melroy,Libby,Bridges,Rayvon
Gardner,Davis,Bridges,Kayland,Gardner,Chance
Bridges,Kiarra,Melroy,Libby,Bridges,Rayvon
Gardner,Neal,Bridges,Holland,Gardner,Alvaro
Bridges,Brandi,Melroy,Libby,Bridges,Rayvon
Gardner,Sheldon,Bridges,Holland,Gardner,Alvaro
Bridges,Carmen,Melroy,Krystal,Bridges,Quentin
Gardner,Ryland,Bridges,Holland,Gardner,Alvaro
Bridges,Catherine,Melroy,Krystal,Bridges,Quentin
Gardner,Lamonte,Bridges,Holland,Gardner,Alvaro
Bridges,Genna,Melroy,Joceline,Bridges,Andre
Gardner,Colt,Bridges,Holland,Gardner,Alvaro
Bridges,Darrian,Melroy,Joceline,Bridges,Andre
Gardner,Connor,Bridges,Holland,Gardner,Alvaro
Bridges,Nichole,Melroy,Joceline,Bridges,Andre
Gardner,Arthur,Bridges,Holland,Gardner,Alvaro
Bridges,Tyeisha,Melroy,Joceline,Bridges,Andre
Gardner,Stephan,Bridges,Holland,Gardner,Alvaro
Bridges,Deyaneira,Melroy,Joceline,Bridges,Andre
Gardner,Maurice,Bridges,Holland,Gardner,Alvaro
Bridges,Jenna,Melroy,Joceline,Bridges,Andre
Gardner,Kenyon,Bridges,Holland,Gardner,Alvaro
Bridges,Clarissa,Melroy,Joceline,Bridges,Andre
Gardner,Reuben,Bridges,Holland,Gardner,Alvaro
Bridges,Merideth,Melroy,Joceline,Bridges,Andre
Gardner,Raymond,Bridges,Holland,Gardner,Alvaro
Bridges,Alani,Melroy,Joceline,Bridges,Andre
Gardner,Eberardo,Bridges,Holland,Gardner,Alvaro
Bridges,Kaelyn,Melroy,Joceline,Bridges,Andre
Gardner,Marcello,Bridges,Francisca,Gardner,Brett
Bridges,Elaine,Melroy,Joceline,Bridges,Andre
Gardner,Jalil,Bridges,Francisca,Gardner,Brett
Bridges,Kelsy,Melroy,Joceline,Bridges,Andre
Gardner,Luke,Bridges,Francisca,Gardner,Brett
Bridges,Viviana,Melroy,Joceline,Bridges,Andre
Gardner,George,Bridges,Francisca,Gardner,Brett
Bridges,Chardonnay,Melroy,Joceline,Bridges,Andre
Gardner,Nickolas,Bridges,Jackie,Gardner,Reynaldo
Hieb,Helena,Melroy,Breeanna,Hieb,Colbey
Gardner,Jules,Bridges,Jackie,Gardner,Reynaldo
Hieb,Shannon,Melroy,Breeanna,Hieb,Colbey
Gardner,Ronald,Bridges,Jackie,Gardner,Reynaldo
Hieb,Janna,Melroy,Breeanna,Hieb,Colbey
Gardner,Daylon,Bridges,Jackie,Gardner,Reynaldo
Hieb,Evangelina,Melroy,Breeanna,Hieb,Colbey
Gardner,Lucas,Bridges,Jackie,Gardner,Reynaldo
Hieb,Ravin,Melroy,Breeanna,Hieb,Colbey
Gardner,Deontae,Bridges,Jackie,Gardner,Reynaldo
Hieb,Sheila,Melroy,Breeanna,Hieb,Colbey
Gardner,Quanterriu,Bridges,Jackie,Gardner,Reynaldo
Hieb,Guadalupe,Melroy,Breeanna,Hieb,Colbey
Gardner,Preston,Bridges,Jackie,Gardner,Reynaldo
Hieb,Sheri,Melroy,Breeanna,Hieb,Colbey
Gardner,Cody,Bridges,Alexandria,Gardner,Jeramie
Hieb,Kimberly,Melroy,Breeanna,Hieb,Colbey
Gardner,Misael,Bridges,Alexandria,Gardner,Jeramie
Hieb,Xena,Melroy,Breeanna,Hieb,Colbey
Gardner,Jeremy,Bridges,Alexandria,Gardner,Jeramie
Hieb,Adriana,Melroy,Breeanna,Hieb,Colbey
Gardner,Deleon,Bridges,Alexandria,Gardner,Jeramie
Hieb,Annika,Melroy,Breeanna,Hieb,Colbey
Gardner,Daron,Bridges,Alexandria,Gardner,Jeramie
Weber,Elyse,Carter,Darrian,Weber,Dion
Gardner,Idris,Bridges,Alexandria,Gardner,Jeramie
Weber,Gretchen,Carter,Darrian,Weber,Dion
Gardner,Jade,Bridges,Alexandria,Gardner,Jeramie
Weber,Ella,Carter,Darrian,Weber,Dion
Gardner,Cesar,Bridges,Alexandria,Gardner,Jeramie
Weber,Rubi,Carter,Darrian,Weber,Dion
Gardner,Logan,Bridges,Alexandria,Gardner,Jeramie
Weber,Tamara,Carter,Kylee,Weber,Antonio
Gardner,Andreas,Bridges,Alexandria,Gardner,Jeramie
Weber,Cherie,Carter,Kylee,Weber,Antonio
Gardner,Shayne,Bridges,Alexandria,Gardner,Jeramie
Weber,Coral,Carter,Kylee,Weber,Antonio
Gardner,Terance,Bridges,Alexandria,Gardner,Jeramie
Weber,Avery,Carter,Kylee,Weber,Antonio
Gardner,Leland,Bridges,Alexandria,Gardner,Jeramie
Weber,Kenia,Carter,Kylee,Weber,Antonio
Gardner,Lawrence,Bridges,Jada,Gardner,Devon
Weber,Kristine,Carter,Kylee,Weber,Antonio
Gardner,Trenton,Bridges,Jada,Gardner,Devon
Weber,Kaley,Carter,Kylee,Weber,Antonio
Gardner,Tony,Bridges,Jada,Gardner,Devon
Weber,Heidy,Carter,Kylee,Weber,Antonio
Gardner,Francis,Bridges,Jada,Gardner,Devon
Weber,Merideth,Carter,Giuliana,Weber,Arthur
Gardner,Ladarius,Bridges,Jada,Gardner,Devon
Weber,Analisa,Carter,Giuliana,Weber,Arthur
Gardner,Junior,Bridges,Gabriele,Gardner,Tarik
Weber,Diane,Carter,Giuliana,Weber,Arthur
Gardner,Quinn,Bridges,Gabriele,Gardner,Tarik
Weber,Estefania,Carter,Giuliana,Weber,Arthur
Gardner,Tyquan,Bridges,Gabriele,Gardner,Tarik
Weber,Kristie,Carter,Giuliana,Weber,Arthur
Gardner,Terry,Bridges,Gabriele,Gardner,Tarik
Weber,Kianna,Carter,Giuliana,Weber,Arthur
Gardner,Duncan,Bridges,Gabriele,Gardner,Tarik
Weber,Mykayla,Carter,Giuliana,Weber,Arthur
Gardner,Oren,Bridges,Gabriele,Gardner,Tarik
Weber,Mia,Carter,Giuliana,Weber,Arthur
Gardner,Asa,Bridges,Gabriele,Gardner,Tarik
Weber,Kenzie,Carter,Giuliana,Weber,Arthur
Gardner,Pierce,Bridges,Gabriele,Gardner,Tarik
Weber,Aundrea,Carter,Giuliana,Weber,Arthur
Gardner,Gene,Bridges,Gabriele,Gardner,Tarik
Weber,Symone,Carter,Giuliana,Weber,Arthur
Gardner,Louis,Bridges,Gabriele,Gardner,Tarik
Weber,Asya,Carter,Giuliana,Weber,Arthur
Gardner,Camron,Bridges,Gabriele,Gardner,Tarik
Weber,Shiann,Carter,Kaylynn,Weber,Quintyn
Gardner,Jonathon,Hieb,Emmalee,Gardner,Jeffery
Weber,Mackenna,Carter,Kaylynn,Weber,Quintyn
Gardner,Fredy,Hieb,Emmalee,Gardner,Jeffery
Weber,Kendra,Carter,Kaylynn,Weber,Quintyn
Gardner,Clinton,Hieb,Emmalee,Gardner,Jeffery
Weber,Jaimie,Carter,Kaylynn,Weber,Quintyn
Gardner,Craig,Hieb,Emmalee,Gardner,Jeffery
Weber,Dianne,Carter,Kaylynn,Weber,Quintyn
Gardner,Jaylin,Hieb,Emmalee,Gardner,Jeffery
Weber,Selena,Carter,Kaylynn,Weber,Quintyn
Gardner,Brennan,Hieb,Emmalee,Gardner,Jeffery
Weber,Leandra,Carter,Kaylynn,Weber,Quintyn
Gardner,Tristian,Hieb,Emmalee,Gardner,Jeffery
Weber,Ida,Carter,Kaylynn,Weber,Quintyn
Gardner,Lionel,Hieb,Emmalee,Gardner,Jeffery
Weber,Susanna,Carter,Kaylynn,Weber,Quintyn
McKinley,Kelton,Hieb,Natasha,McKinley,Emiliano
Reilly,Claire,Carter,Joleen,Reilly,Richie
McKinley,Johnathen,Hieb,Natasha,McKinley,Emiliano
Reilly,Laurel,Carter,Joleen,Reilly,Richie
McKinley,Johnathan,Hieb,Natasha,McKinley,Emiliano
Reilly,Keanna,Carter,Joleen,Reilly,Richie
McKinley,Hayes,Hieb,Natasha,McKinley,Emiliano
Reilly,Mia,Carter,Joleen,Reilly,Richie
McKinley,Wilson,Hieb,Natasha,McKinley,Emiliano
Reilly,Marisa,Carter,Joleen,Reilly,Richie
McKinley,Dane,Hieb,Natasha,McKinley,Emiliano
Reilly,Pamela,Carter,Joleen,Reilly,Richie
McKinley,Randy,Hieb,Natasha,McKinley,Emiliano
Pogue,Shyanne,Carter,Fiona,Pogue,Korey
McKinley,Al,Hieb,Natasha,McKinley,Emiliano
Pogue,Karyna,Carter,Fiona,Pogue,Korey
McKinley,Jacob,Hieb,Natasha,McKinley,Emiliano
Pogue,Geraldine,Carter,Fiona,Pogue,Korey
McKinley,Zakery,Hieb,Natasha,McKinley,Emiliano
Pogue,Toni,Carter,Fiona,Pogue,Korey
McKinley,Leonel,Hieb,Natasha,McKinley,Emiliano
Pogue,Lily,Carter,Fiona,Pogue,Korey
McKinley,Ralph,Hieb,Natasha,McKinley,Emiliano
Pogue,Madeleine,Bridges,Donisha,Pogue,Quinton
McKinley,Kristopher,Hieb,Natasha,McKinley,Emiliano
Pogue,Trista,Bridges,Donisha,Pogue,Quinton
McKinley,Jalil,Hieb,Krystal,McKinley,Adam
Pogue,Haven,Bridges,Donisha,Pogue,Quinton
McKinley,Collin,Hieb,Krystal,McKinley,Adam
Pogue,Shyla,Bridges,Donisha,Pogue,Quinton
McKinley,Salvador,Hieb,Krystal,McKinley,Adam
Gardner,Jania,Bridges,Jazmyne,Gardner,Joshua
McKinley,Dylon,Hieb,Krystal,McKinley,Adam
Gardner,Haleigh,Bridges,Jazmyne,Gardner,Joshua
McKinley,Rhett,Hieb,Krystal,McKinley,Adam
Gardner,Alison,Bridges,Jazmyne,Gardner,Joshua
McKinley,Andres,Hieb,Krystal,McKinley,Adam
Gardner,Shelby,Bridges,Jazmyne,Gardner,Joshua
McKinley,Anibal,Hieb,Krystal,McKinley,Adam
Gardner,Jasmin,Bridges,Jazmyne,Gardner,Joshua
McKinley,Leonard,Hieb,Krystal,McKinley,Adam
Gardner,Angelique,Bridges,Jazmyne,Gardner,Joshua
McKinley,Carl,Hieb,Krystal,McKinley,Adam
Gardner,Alexus,Bridges,Jazmyne,Gardner,Joshua
McKinley,Roman,Hieb,Krystal,McKinley,Adam
Gardner,Marycather,Bridges,Jazmyne,Gardner,Joshua
McKinley,Vinh,Hieb,Krystal,McKinley,Adam
Gardner,Mara,Bridges,Kayland,Gardner,Chance
McKinley,Thaddeus,Hieb,Krystal,McKinley,Adam
Gardner,Bridgette,Bridges,Kayland,Gardner,Chance
McKinley,Duncan,Hieb,Krystal,McKinley,Adam
Gardner,Aaliyah,Bridges,Holland,Gardner,Alvaro
McKinley,Craig,Hieb,Krystal,McKinley,Adam
Gardner,Barbara,Bridges,Holland,Gardner,Alvaro
McKinley,William,Hieb,Krystal,McKinley,Adam
Gardner,Annie,Bridges,Holland,Gardner,Alvaro
McKinley,Stephan,Hieb,Krystal,McKinley,Adam
Gardner,Tammy,Bridges,Holland,Gardner,Alvaro
McKinley,Nikolas,Hieb,Krystal,McKinley,Adam
Gardner,Kirstin,Bridges,Holland,Gardner,Alvaro
McKinley,Kylan,Hieb,Paige,McKinley,Pierce
Gardner,Heaven,Bridges,Holland,Gardner,Alvaro
McKinley,Davin,Hieb,Paige,McKinley,Pierce
Gardner,Jaycie,Bridges,Francisca,Gardner,Brett
McKinley,Jorge,Hieb,Paige,McKinley,Pierce
Gardner,Anisha,Bridges,Francisca,Gardner,Brett
McKinley,Vernon,Hieb,Paige,McKinley,Pierce
Gardner,Eryn,Bridges,Francisca,Gardner,Brett
McKinley,Bailey,Hieb,Paige,McKinley,Pierce
Gardner,Stacey,Bridges,Francisca,Gardner,Brett
McKinley,Quanterriu,Hieb,Nichelle,McKinley,Gonzalo
Gardner,Kayleen,Bridges,Francisca,Gardner,Brett
McKinley,Calvin,Hieb,Nichelle,McKinley,Gonzalo
Gardner,Kaitlin,Bridges,Francisca,Gardner,Brett
McKinley,Marshall,Hieb,Nichelle,McKinley,Gonzalo
Gardner,Joelle,Bridges,Jackie,Gardner,Reynaldo
McKinley,Bernard,Hieb,Nichelle,McKinley,Gonzalo
Gardner,Noelle,Bridges,Jackie,Gardner,Reynaldo
McKinley,Keshaun,Hieb,Nichelle,McKinley,Gonzalo
Gardner,Vera,Bridges,Jackie,Gardner,Reynaldo
McKinley,Grady,Hieb,Nichelle,McKinley,Gonzalo
Gardner,Aja,Bridges,Jackie,Gardner,Reynaldo
McKinley,Rogelio,Hieb,Nichelle,McKinley,Gonzalo
Gardner,Vanessa,Bridges,Jackie,Gardner,Reynaldo
McKinley,Richie,Hieb,Nichelle,McKinley,Gonzalo
Gardner,Kiarra,Bridges,Jackie,Gardner,Reynaldo
McKinley,Brennon,Hieb,Nichelle,McKinley,Gonzalo
Gardner,Breona,Bridges,Alexandria,Gardner,Jeramie
McKinley,Tyren,Hieb,Nichelle,McKinley,Gonzalo
Gardner,Kierstin,Bridges,Alexandria,Gardner,Jeramie
McKinley,Koby,Hieb,Nichelle,McKinley,Gonzalo
Gardner,Clarissa,Bridges,Alexandria,Gardner,Jeramie
