Polk,Hector,Forrester,Cherokee,Polk,Paris
Washington,Teagan,Gibson,Keira,Washington,Jasen
Young,Tristen,Frump,Cambria,Young,Aspen
Lousma,Felicia,Gregory,Jacquelyn,Lousma,Wilmer
Morin,Alvaro,Altman,Deanna,Morin,Babyboy
Lind,Sunny,O'Connor,Kristy,Lind,Danny
Schwartz,Kaden,Borman,Eleni,Schwartz,Bruce
Morin,Cameron,Seddon,Lynette,Morin,Antonio
Deardorff,Simeon,Adamson,Daesha,Deardorff,Beau
Monroe,Tarah,Buchanan,Shyanne,Monroe,Maximilian
Fossum,Landin,Culbertson,Josie,Fossum,Shea
Nixon,Rocio,Pierce,Cody,Nixon,Isidro
Monroe,Justin,Greene,Devany,Monroe,Titus
Lounge,Sarah,Ferguson,Kasey,Lounge,Fabian
Harding,Jerryd,Harbaugh,Ella,Harding,Jai
McNair,Kaila,Franklin,Rebecca,McNair,Calvin
Buchli,Bryant,Truly,Rosalinda,Buchli,Pedro
Henricks,Alma,Camarda,Cassidy,Henricks,Nour
Hartsfield,Stephon,Harding,Yolanda,Hartsfield,Terrance
Coleman,Isamar,Harrison,Nathalie,Coleman,Roy
Helms,Deion,Precour,Jennie,Helms,Chadwick
O'Leary,Deandrea,Robinson,Tiani,O'Leary,Brenden
Morgan,Kelton,Tanner,Ayla,Morgan,Shmuel
Searfoss,Sunny,Hart,Maribel,Searfoss,Javon
Lawrence,Kenneth,Kerwin,Shania,Lawrence,Billy
Givens,Esmeralda,Ashby,Marycather,Givens,Wade
Pierce,Javen,Cleveland,Kaitlyn,Pierce,Sam
Hoover,Mackenzie,Edwards,Rian,Hoover,Jayden
Shriver,Travis,McCulley,Ashly,Shriver,Clay
Ferguson,Lizbeth,Hoffman,Spencer,Ferguson,Kai
Polk,Bjorn,Washington,Teagan,Polk,Hector
Polk,Marysol,Washington,Teagan,Polk,Hector
Polk,Kelson,Washington,Teagan,Polk,Hector
Polk,Emma,Washington,Teagan,Polk,Hector
Polk,Britt,Washington,Teagan,Polk,Hector
Polk,Kristie,Washington,Teagan,Polk,Hector
Polk,Cooper,Washington,Teagan,Polk,Hector
Polk,Shaylee,Washington,Teagan,Polk,Hector
Polk,Antavius,Washington,Teagan,Polk,Hector
Young,Tanya,Lousma,Felicia,Young,Tristen
Polk,Anders,Washington,Teagan,Polk,Hector
Young,Toni,Lousma,Felicia,Young,Tristen
Polk,Stephan,Washington,Teagan,Polk,Hector
Young,Ivana,Lousma,Felicia,Young,Tristen
Polk,Ivan,Washington,Teagan,Polk,Hector
Young,Alana,Lousma,Felicia,Young,Tristen
Polk,Joe,Washington,Teagan,Polk,Hector
Morin,Octavia,Lind,Sunny,Morin,Alvaro
Polk,Jerome,Washington,Teagan,Polk,Hector
Morin,Jaymi,Lind,Sunny,Morin,Alvaro
Polk,Gregory,Washington,Teagan,Polk,Hector
Morin,Celena,Lind,Sunny,Morin,Alvaro
Polk,Dandre,Washington,Teagan,Polk,Hector
Morin,Allyssa,Lind,Sunny,Morin,Alvaro
Young,Damian,Lousma,Felicia,Young,Tristen
Schwartz,Victoria,Morin,Cameron,Schwartz,Kaden
Young,Gene,Lousma,Felicia,Young,Tristen
Schwartz,Christa,Morin,Cameron,Schwartz,Kaden
Young,Moises,Lousma,Felicia,Young,Tristen
Schwartz,Charlene,Morin,Cameron,Schwartz,Kaden
Morin,Jeb,Lind,Sunny,Morin,Alvaro
Schwartz,Kelley,Morin,Cameron,Schwartz,Kaden
Morin,Mckay,Lind,Sunny,Morin,Alvaro
Schwartz,Sariah,Morin,Cameron,Schwartz,Kaden
Morin,Marvin,Lind,Sunny,Morin,Alvaro
Schwartz,Genevieve,Morin,Cameron,Schwartz,Kaden
Morin,Jayson,Lind,Sunny,Morin,Alvaro
Schwartz,Becca,Morin,Cameron,Schwartz,Kaden
Morin,Baby,Lind,Sunny,Morin,Alvaro
Schwartz,Desaree,Morin,Cameron,Schwartz,Kaden
Morin,Zaire,Lind,Sunny,Morin,Alvaro
Schwartz,Monika,Morin,Cameron,Schwartz,Kaden
Morin,Mitchel,Lind,Sunny,Morin,Alvaro
Schwartz,Tess,Morin,Cameron,Schwartz,Kaden
Morin,Jarrod,Lind,Sunny,Morin,Alvaro
Deardorff,Keosha,Monroe,Tarah,Deardorff,Simeon
Schwartz,Kenny,Morin,Cameron,Schwartz,Kaden
Deardorff,Mikaela,Monroe,Tarah,Deardorff,Simeon
Schwartz,Connor,Morin,Cameron,Schwartz,Kaden
Deardorff,Alondra,Monroe,Tarah,Deardorff,Simeon
Schwartz,Neftaly,Morin,Cameron,Schwartz,Kaden
Deardorff,Laura,Monroe,Tarah,Deardorff,Simeon
Schwartz,Patric,Morin,Cameron,Schwartz,Kaden
Deardorff,Abbigail,Monroe,Tarah,Deardorff,Simeon
Schwartz,Caleb,Morin,Cameron,Schwartz,Kaden
Deardorff,Keyshla,Monroe,Tarah,Deardorff,Simeon
Schwartz,Aiden,Morin,Cameron,Schwartz,Kaden
Deardorff,Mykayla,Monroe,Tarah,Deardorff,Simeon
Schwartz,Tallon,Morin,Cameron,Schwartz,Kaden
Deardorff,Jada,Monroe,Tarah,Deardorff,Simeon
Schwartz,Orion,Morin,Cameron,Schwartz,Kaden
Deardorff,Keana,Monroe,Tarah,Deardorff,Simeon
Schwartz,Lee,Morin,Cameron,Schwartz,Kaden
Fossum,Alexus,Nixon,Rocio,Fossum,Landin
Deardorff,Kenny,Monroe,Tarah,Deardorff,Simeon
Monroe,Elyse,Lounge,Sarah,Monroe,Justin
Deardorff,Caden,Monroe,Tarah,Deardorff,Simeon
Monroe,Christine,Lounge,Sarah,Monroe,Justin
Deardorff,Javonte,Monroe,Tarah,Deardorff,Simeon
Monroe,Banesa,Lounge,Sarah,Monroe,Justin
Deardorff,Brad,Monroe,Tarah,Deardorff,Simeon
Monroe,Mayra,Lounge,Sarah,Monroe,Justin
Deardorff,Corey,Monroe,Tarah,Deardorff,Simeon
Harding,Karlee,McNair,Kaila,Harding,Jerryd
Deardorff,Conrad,Monroe,Tarah,Deardorff,Simeon
Harding,Johana,McNair,Kaila,Harding,Jerryd
Fossum,Mason,Nixon,Rocio,Fossum,Landin
Harding,Passion,McNair,Kaila,Harding,Jerryd
Fossum,Mathew,Nixon,Rocio,Fossum,Landin
Harding,Lynette,McNair,Kaila,Harding,Jerryd
Monroe,Patrick,Lounge,Sarah,Monroe,Justin
Harding,Heidi,McNair,Kaila,Harding,Jerryd
Monroe,Deante,Lounge,Sarah,Monroe,Justin
Harding,Shae,McNair,Kaila,Harding,Jerryd
Monroe,Luciano,Lounge,Sarah,Monroe,Justin
Buchli,Brionna,Henricks,Alma,Buchli,Bryant
Monroe,Kody,Lounge,Sarah,Monroe,Justin
Buchli,Ana,Henricks,Alma,Buchli,Bryant
Monroe,Bjorn,Lounge,Sarah,Monroe,Justin
Hartsfield,Callie,Coleman,Isamar,Hartsfield,Stephon
Harding,Chad,McNair,Kaila,Harding,Jerryd
Hartsfield,Skylar,Coleman,Isamar,Hartsfield,Stephon
Harding,Luis,McNair,Kaila,Harding,Jerryd
Hartsfield,Octavia,Coleman,Isamar,Hartsfield,Stephon
Harding,Jamari,McNair,Kaila,Harding,Jerryd
Hartsfield,Gilda,Coleman,Isamar,Hartsfield,Stephon
Harding,Dexter,McNair,Kaila,Harding,Jerryd
Hartsfield,Sydney,Coleman,Isamar,Hartsfield,Stephon
Buchli,Chase,Henricks,Alma,Buchli,Bryant
Hartsfield,Katerina,Coleman,Isamar,Hartsfield,Stephon
Buchli,Wanya,Henricks,Alma,Buchli,Bryant
Hartsfield,Kimberlee,Coleman,Isamar,Hartsfield,Stephon
Buchli,Ty,Henricks,Alma,Buchli,Bryant
Hartsfield,Ashtyn,Coleman,Isamar,Hartsfield,Stephon
Hartsfield,Fernando,Coleman,Isamar,Hartsfield,Stephon
Hartsfield,Yesenia,Coleman,Isamar,Hartsfield,Stephon
Hartsfield,Quintin,Coleman,Isamar,Hartsfield,Stephon
Hartsfield,Janell,Coleman,Isamar,Hartsfield,Stephon
Hartsfield,Dandre,Coleman,Isamar,Hartsfield,Stephon
Helms,Valencia,O'Leary,Deandrea,Helms,Deion
Hartsfield,Kenny,Coleman,Isamar,Hartsfield,Stephon
Helms,Corina,O'Leary,Deandrea,Helms,Deion
Hartsfield,Rodney,Coleman,Isamar,Hartsfield,Stephon
Helms,Mollie,O'Leary,Deandrea,Helms,Deion
Hartsfield,Aspen,Coleman,Isamar,Hartsfield,Stephon
Helms,Allana,O'Leary,Deandrea,Helms,Deion
Hartsfield,Emmett,Coleman,Isamar,Hartsfield,Stephon
Morgan,Marilyn,Searfoss,Sunny,Morgan,Kelton
Helms,Evan,O'Leary,Deandrea,Helms,Deion
Morgan,Helena,Searfoss,Sunny,Morgan,Kelton
Helms,Denzell,O'Leary,Deandrea,Helms,Deion
Morgan,Quinn,Searfoss,Sunny,Morgan,Kelton
Helms,Ariel,O'Leary,Deandrea,Helms,Deion
Morgan,Savannah,Searfoss,Sunny,Morgan,Kelton
Helms,Gerald,O'Leary,Deandrea,Helms,Deion
Morgan,Julia,Searfoss,Sunny,Morgan,Kelton
Helms,Abraham,O'Leary,Deandrea,Helms,Deion
Morgan,Adriane,Searfoss,Sunny,Morgan,Kelton
Morgan,Joseph,Searfoss,Sunny,Morgan,Kelton
Morgan,Elaine,Searfoss,Sunny,Morgan,Kelton
Morgan,Kristofer,Searfoss,Sunny,Morgan,Kelton
Morgan,Tamara,Searfoss,Sunny,Morgan,Kelton
Morgan,Mohamed,Searfoss,Sunny,Morgan,Kelton
Lawrence,Andrea,Givens,Esmeralda,Lawrence,Kenneth
Morgan,Jose,Searfoss,Sunny,Morgan,Kelton
Lawrence,Skye,Givens,Esmeralda,Lawrence,Kenneth
Morgan,Dexter,Searfoss,Sunny,Morgan,Kelton
Lawrence,Brooklyn,Givens,Esmeralda,Lawrence,Kenneth
Morgan,Rhett,Searfoss,Sunny,Morgan,Kelton
Lawrence,Ayesha,Givens,Esmeralda,Lawrence,Kenneth
Morgan,Kenyon,Searfoss,Sunny,Morgan,Kelton
Lawrence,Lori,Givens,Esmeralda,Lawrence,Kenneth
Morgan,Gabriel,Searfoss,Sunny,Morgan,Kelton
Lawrence,Lauryn,Givens,Esmeralda,Lawrence,Kenneth
Morgan,Orion,Searfoss,Sunny,Morgan,Kelton
Pierce,Sylvia,Hoover,Mackenzie,Pierce,Javen
Lawrence,Claudio,Givens,Esmeralda,Lawrence,Kenneth
Pierce,Madelyne,Hoover,Mackenzie,Pierce,Javen
Lawrence,Domonic,Givens,Esmeralda,Lawrence,Kenneth
Pierce,Jessa,Hoover,Mackenzie,Pierce,Javen
Lawrence,Jasen,Givens,Esmeralda,Lawrence,Kenneth
Pierce,Lakeisha,Hoover,Mackenzie,Pierce,Javen
Lawrence,Jackson,Givens,Esmeralda,Lawrence,Kenneth
Shriver,Jayla,Ferguson,Lizbeth,Shriver,Travis
Lawrence,Brett,Givens,Esmeralda,Lawrence,Kenneth
Shriver,Krysta,Ferguson,Lizbeth,Shriver,Travis
Lawrence,Norman,Givens,Esmeralda,Lawrence,Kenneth
Shriver,Sidney,Ferguson,Lizbeth,Shriver,Travis
Lawrence,Carl,Givens,Esmeralda,Lawrence,Kenneth
Shriver,Stacy,Ferguson,Lizbeth,Shriver,Travis
Pierce,Morgan,Hoover,Mackenzie,Pierce,Javen
Shriver,Tristin,Ferguson,Lizbeth,Shriver,Travis
Pierce,Roland,Hoover,Mackenzie,Pierce,Javen
Shriver,Nyla,Ferguson,Lizbeth,Shriver,Travis
Pierce,Rene,Hoover,Mackenzie,Pierce,Javen
Shriver,Alma,Ferguson,Lizbeth,Shriver,Travis
Pierce,Edgar,Hoover,Mackenzie,Pierce,Javen
Polk,Leticia,Young,Tanya,Polk,Bjorn
Pierce,Josiah,Hoover,Mackenzie,Pierce,Javen
Polk,Vanessa,Young,Toni,Polk,Kelson
Pierce,Gannon,Hoover,Mackenzie,Pierce,Javen
Polk,Liliana,Young,Toni,Polk,Kelson
Pierce,Chad,Hoover,Mackenzie,Pierce,Javen
Polk,Chanelle,Young,Toni,Polk,Kelson
Shriver,Devonta,Ferguson,Lizbeth,Shriver,Travis
Polk,Lori,Young,Toni,Polk,Kelson
Shriver,Stefan,Ferguson,Lizbeth,Shriver,Travis
Polk,Tierra,Young,Toni,Polk,Kelson
Shriver,Grayson,Ferguson,Lizbeth,Shriver,Travis
Polk,Rylee,Young,Toni,Polk,Kelson
Shriver,Sterling,Ferguson,Lizbeth,Shriver,Travis
Polk,Lexy,Young,Ivana,Polk,Britt
Shriver,Dennis,Ferguson,Lizbeth,Shriver,Travis
Polk,Ashtin,Young,Ivana,Polk,Britt
Shriver,Zackary,Ferguson,Lizbeth,Shriver,Travis
Polk,Maison,Young,Ivana,Polk,Britt
Polk,Chris,Young,Tanya,Polk,Bjorn
Polk,Aria,Young,Ivana,Polk,Britt
Polk,Deante,Young,Tanya,Polk,Bjorn
Polk,Essence,Young,Ivana,Polk,Britt
Polk,Lloyd,Young,Toni,Polk,Kelson
Polk,Klarisa,Young,Ivana,Polk,Britt
Polk,Logan,Young,Toni,Polk,Kelson
Polk,Dixie,Young,Ivana,Polk,Britt
Polk,Adrian,Young,Toni,Polk,Kelson
Polk,Bernadette,Young,Ivana,Polk,Britt
Polk,Stefan,Young,Ivana,Polk,Britt
Polk,Charlotte,Young,Alana,Polk,Cooper
Polk,Andy,Young,Ivana,Polk,Britt
Polk,Jennie,Young,Alana,Polk,Cooper
Polk,Willie,Young,Ivana,Polk,Britt
Polk,Aylssa,Young,Alana,Polk,Cooper
Polk,Marcell,Young,Ivana,Polk,Britt
Polk,Kaitlynn,Young,Alana,Polk,Cooper
Polk,Cory,Young,Ivana,Polk,Britt
Polk,Aubrey,Young,Alana,Polk,Cooper
Polk,Gordon,Young,Ivana,Polk,Britt
Polk,Austin,Young,Alana,Polk,Cooper
Polk,Richie,Young,Ivana,Polk,Britt
Polk,Jaquana,Morin,Octavia,Polk,Antavius
Polk,Dimitri,Young,Ivana,Polk,Britt
Polk,Adrianne,Morin,Octavia,Polk,Antavius
Polk,Kade,Young,Ivana,Polk,Britt
Polk,Bianca,Morin,Jaymi,Polk,Anders
Polk,Alexandro,Young,Alana,Polk,Cooper
Polk,Annika,Morin,Jaymi,Polk,Anders
Polk,Rodrigo,Young,Alana,Polk,Cooper
Polk,Shelly,Morin,Jaymi,Polk,Anders
Polk,Nathaniel,Young,Alana,Polk,Cooper
Polk,Naomi,Morin,Jaymi,Polk,Anders
Polk,Ayub,Young,Alana,Polk,Cooper
Polk,Xena,Morin,Jaymi,Polk,Anders
Polk,Rayquan,Young,Alana,Polk,Cooper
Polk,Marisol,Morin,Jaymi,Polk,Anders
Polk,Roman,Young,Alana,Polk,Cooper
Polk,Sienna,Morin,Jaymi,Polk,Anders
Polk,Mathew,Young,Alana,Polk,Cooper
Polk,Niki,Morin,Jaymi,Polk,Anders
Polk,Nathanael,Young,Alana,Polk,Cooper
Polk,Kealani,Morin,Jaymi,Polk,Anders
Polk,Gunnar,Young,Alana,Polk,Cooper
Polk,Macy,Morin,Jaymi,Polk,Anders
Polk,Jarrett,Young,Alana,Polk,Cooper
Polk,Mari,Morin,Jaymi,Polk,Anders
Polk,Garrick,Morin,Octavia,Polk,Antavius
Polk,Annabel,Morin,Celena,Polk,Stephan
Polk,Zane,Morin,Octavia,Polk,Antavius
Polk,Monet,Morin,Celena,Polk,Stephan
Polk,Nicholaus,Morin,Jaymi,Polk,Anders
Polk,Shayla,Morin,Celena,Polk,Stephan
Polk,Isiah,Morin,Jaymi,Polk,Anders
Polk,Kaili,Morin,Allyssa,Polk,Ivan
Polk,Jeremey,Morin,Jaymi,Polk,Anders
Polk,Trevor,Morin,Allyssa,Polk,Ivan
Polk,Jaylin,Morin,Jaymi,Polk,Anders
Polk,Symone,Morin,Allyssa,Polk,Ivan
Polk,Daron,Morin,Jaymi,Polk,Anders
Polk,Emilee,Morin,Allyssa,Polk,Ivan
Polk,Domenic,Morin,Jaymi,Polk,Anders
Polk,Nallely,Schwartz,Victoria,Polk,Joe
Polk,Eric,Morin,Jaymi,Polk,Anders
Polk,Flor,Schwartz,Victoria,Polk,Joe
Polk,Toby,Morin,Jaymi,Polk,Anders
Polk,Abbie,Schwartz,Victoria,Polk,Joe
Polk,Trenton,Morin,Celena,Polk,Stephan
Polk,Jocelyn,Schwartz,Christa,Polk,Jerome
Polk,Yovani,Morin,Celena,Polk,Stephan
Polk,Shania,Schwartz,Christa,Polk,Jerome
Polk,Shea,Morin,Celena,Polk,Stephan
Polk,Noelle,Schwartz,Christa,Polk,Jerome
Polk,San,Morin,Celena,Polk,Stephan
Polk,Jenna,Schwartz,Christa,Polk,Jerome
Polk,Rahim,Morin,Celena,Polk,Stephan
Polk,Joleen,Schwartz,Christa,Polk,Jerome
Polk,Jeramie,Morin,Celena,Polk,Stephan
Polk,Aleasha,Schwartz,Charlene,Polk,Gregory
Polk,Benjamin,Morin,Celena,Polk,Stephan
Polk,Lora,Schwartz,Charlene,Polk,Gregory
Polk,Drew,Morin,Allyssa,Polk,Ivan
Polk,Mikyla,Schwartz,Charlene,Polk,Gregory
Polk,Clifford,Morin,Allyssa,Polk,Ivan
Polk,Janna,Schwartz,Charlene,Polk,Gregory
Polk,Patrick,Schwartz,Victoria,Polk,Joe
Polk,Nora,Schwartz,Charlene,Polk,Gregory
Polk,Abel,Schwartz,Victoria,Polk,Joe
Polk,Renee,Schwartz,Charlene,Polk,Gregory
Polk,Savion,Schwartz,Victoria,Polk,Joe
Polk,Amari,Schwartz,Charlene,Polk,Gregory
Polk,Seamus,Schwartz,Victoria,Polk,Joe
Polk,Brigid,Schwartz,Charlene,Polk,Gregory
Polk,Pedro,Schwartz,Victoria,Polk,Joe
Polk,Heaven,Schwartz,Kelley,Polk,Dandre
Polk,Cameron,Schwartz,Victoria,Polk,Joe
Polk,Ann,Schwartz,Kelley,Polk,Dandre
Polk,Morgan,Schwartz,Victoria,Polk,Joe
Polk,Sherridan,Schwartz,Kelley,Polk,Dandre
Polk,Francis,Schwartz,Victoria,Polk,Joe
Young,Regina,Polk,Marysol,Young,Damian
Polk,Ryen,Schwartz,Victoria,Polk,Joe
Young,Nyla,Polk,Marysol,Young,Damian
Polk,Everett,Schwartz,Victoria,Polk,Joe
Young,Arianna,Polk,Marysol,Young,Damian
Polk,Trace,Schwartz,Victoria,Polk,Joe
Young,Barbara,Polk,Marysol,Young,Damian
Polk,Devonta,Schwartz,Christa,Polk,Jerome
Young,Madilyn,Polk,Marysol,Young,Damian
Polk,Keion,Schwartz,Christa,Polk,Jerome
Young,Tayla,Polk,Marysol,Young,Damian
Polk,Cristopher,Schwartz,Christa,Polk,Jerome
Young,Montana,Polk,Emma,Young,Gene
Polk,Rasheed,Schwartz,Christa,Polk,Jerome
Young,Jami,Polk,Emma,Young,Gene
Polk,Jordan,Schwartz,Christa,Polk,Jerome
Young,Stormy,Polk,Emma,Young,Gene
Polk,Roberto,Schwartz,Christa,Polk,Jerome
Young,Phoebe,Polk,Emma,Young,Gene
Polk,Quintin,Schwartz,Christa,Polk,Jerome
Young,Sky,Polk,Emma,Young,Gene
Polk,Rex,Schwartz,Christa,Polk,Jerome
Young,Yadira,Polk,Emma,Young,Gene
Polk,Pierce,Schwartz,Charlene,Polk,Gregory
Young,Veda,Polk,Kristie,Young,Moises
Polk,Landon,Schwartz,Charlene,Polk,Gregory
Young,Myesha,Polk,Kristie,Young,Moises
Polk,Terron,Schwartz,Charlene,Polk,Gregory
Morin,Kelly,Polk,Shaylee,Morin,Jeb
Polk,Victor,Schwartz,Charlene,Polk,Gregory
Morin,Jaquana,Polk,Shaylee,Morin,Jeb
Polk,Jeremiah,Schwartz,Charlene,Polk,Gregory
Morin,Meghan,Polk,Shaylee,Morin,Jeb
Polk,Jacori,Schwartz,Kelley,Polk,Dandre
Morin,Niyah,Polk,Shaylee,Morin,Jeb
Polk,Ibrahim,Schwartz,Kelley,Polk,Dandre
Morin,Susanna,Schwartz,Sariah,Morin,Mckay
Young,Adalberto,Polk,Marysol,Young,Damian
Morin,Makenzie,Schwartz,Sariah,Morin,Mckay
Young,Arjun,Polk,Marysol,Young,Damian
Morin,Janette,Schwartz,Sariah,Morin,Mckay
Young,Malik,Polk,Emma,Young,Gene
Morin,Alma,Schwartz,Genevieve,Morin,Marvin
Young,Keion,Polk,Emma,Young,Gene
Morin,Lakeisha,Schwartz,Becca,Morin,Jayson
Young,Ashton,Polk,Emma,Young,Gene
Morin,Shawna,Schwartz,Becca,Morin,Jayson
Young,Dakotah,Polk,Emma,Young,Gene
Morin,Mariam,Schwartz,Becca,Morin,Jayson
Young,Ulysses,Polk,Emma,Young,Gene
Morin,Daija,Schwartz,Becca,Morin,Jayson
Young,Frank,Polk,Emma,Young,Gene
Morin,Paulina,Schwartz,Becca,Morin,Jayson
Young,Joseph,Polk,Kristie,Young,Moises
Morin,Joceline,Schwartz,Becca,Morin,Jayson
Young,Jaleel,Polk,Kristie,Young,Moises
Morin,Kenya,Schwartz,Becca,Morin,Jayson
Young,Jeb,Polk,Kristie,Young,Moises
Morin,Mckenzie,Schwartz,Becca,Morin,Jayson
Morin,Alexis,Polk,Shaylee,Morin,Jeb
Morin,Misty,Schwartz,Becca,Morin,Jayson
Morin,Bennett,Polk,Shaylee,Morin,Jeb
Morin,Diane,Schwartz,Becca,Morin,Jayson
Morin,Billy,Polk,Shaylee,Morin,Jeb
Morin,Jodie,Schwartz,Desaree,Morin,Baby
Morin,Ty,Polk,Shaylee,Morin,Jeb
Morin,Sania,Schwartz,Desaree,Morin,Baby
Morin,Brenden,Polk,Shaylee,Morin,Jeb
Morin,Tawny,Schwartz,Desaree,Morin,Baby
Morin,Yash,Polk,Shaylee,Morin,Jeb
Morin,Sarafina,Schwartz,Desaree,Morin,Baby
Morin,Lionel,Polk,Shaylee,Morin,Jeb
Morin,Ivory,Schwartz,Desaree,Morin,Baby
Morin,Noel,Polk,Shaylee,Morin,Jeb
Morin,Brandy,Schwartz,Monika,Morin,Zaire
Morin,Dale,Polk,Shaylee,Morin,Jeb
Morin,Josie,Schwartz,Monika,Morin,Zaire
Morin,Julius,Polk,Shaylee,Morin,Jeb
Morin,Emilee,Schwartz,Monika,Morin,Zaire
Morin,Caden,Schwartz,Genevieve,Morin,Marvin
Morin,Meagan,Schwartz,Tess,Morin,Mitchel
Morin,Wesley,Schwartz,Genevieve,Morin,Marvin
Morin,Loren,Schwartz,Tess,Morin,Mitchel
Morin,Tom,Schwartz,Becca,Morin,Jayson
Morin,Anamarie,Deardorff,Keosha,Morin,Jarrod
Morin,Nicolas,Schwartz,Becca,Morin,Jayson
Morin,Arianna,Deardorff,Keosha,Morin,Jarrod
Morin,Oliver,Schwartz,Becca,Morin,Jayson
Morin,Ebone,Deardorff,Keosha,Morin,Jarrod
Morin,Stephen,Schwartz,Becca,Morin,Jayson
Morin,Kaylee,Deardorff,Keosha,Morin,Jarrod
Morin,Preston,Schwartz,Becca,Morin,Jayson
Morin,Karena,Deardorff,Keosha,Morin,Jarrod
Morin,Joey,Schwartz,Becca,Morin,Jayson
Morin,Gwendolyn,Deardorff,Keosha,Morin,Jarrod
Morin,Wade,Schwartz,Becca,Morin,Jayson
Morin,Constance,Deardorff,Keosha,Morin,Jarrod
Morin,Camron,Schwartz,Becca,Morin,Jayson
Morin,Luna,Deardorff,Keosha,Morin,Jarrod
Morin,Triston,Schwartz,Becca,Morin,Jayson
Morin,Briana,Deardorff,Keosha,Morin,Jarrod
Morin,German,Schwartz,Desaree,Morin,Baby
Morin,Cristal,Deardorff,Keosha,Morin,Jarrod
Morin,Yuri,Schwartz,Desaree,Morin,Baby
Schwartz,Bethany,Deardorff,Mikaela,Schwartz,Kenny
Morin,Walter,Schwartz,Desaree,Morin,Baby
Schwartz,Janelle,Deardorff,Mikaela,Schwartz,Kenny
Morin,Dedrick,Schwartz,Desaree,Morin,Baby
Schwartz,Jacklyn,Deardorff,Mikaela,Schwartz,Kenny
Morin,Elliott,Schwartz,Desaree,Morin,Baby
Schwartz,Shirley,Deardorff,Mikaela,Schwartz,Kenny
Morin,Enrique,Schwartz,Desaree,Morin,Baby
Schwartz,Xiomara,Deardorff,Alondra,Schwartz,Connor
Morin,Charly,Schwartz,Desaree,Morin,Baby
Schwartz,Elijah,Deardorff,Alondra,Schwartz,Connor
Morin,Fredy,Schwartz,Desaree,Morin,Baby
Schwartz,Angelique,Deardorff,Laura,Schwartz,Neftaly
Morin,Clint,Schwartz,Monika,Morin,Zaire
Schwartz,Jenae,Deardorff,Laura,Schwartz,Neftaly
Morin,Stevan,Schwartz,Monika,Morin,Zaire
Schwartz,Nayeli,Deardorff,Laura,Schwartz,Neftaly
Morin,Tyson,Schwartz,Monika,Morin,Zaire
Schwartz,Cheyanne,Deardorff,Laura,Schwartz,Neftaly
Morin,Andre,Schwartz,Monika,Morin,Zaire
Schwartz,Katelynn,Deardorff,Laura,Schwartz,Neftaly
Morin,Jack,Schwartz,Monika,Morin,Zaire
Schwartz,Patsy,Deardorff,Laura,Schwartz,Neftaly
Morin,Marielle,Schwartz,Tess,Morin,Mitchel
Schwartz,Maegan,Deardorff,Laura,Schwartz,Neftaly
Morin,Gerard,Deardorff,Keosha,Morin,Jarrod
Schwartz,Cody,Deardorff,Abbigail,Schwartz,Patric
Morin,Micheal,Deardorff,Keosha,Morin,Jarrod
Schwartz,Cara,Deardorff,Abbigail,Schwartz,Patric
Morin,Maximillia,Deardorff,Keosha,Morin,Jarrod
Schwartz,Sage,Deardorff,Abbigail,Schwartz,Patric
Schwartz,Tucker,Deardorff,Mikaela,Schwartz,Kenny
Schwartz,Maryanna,Deardorff,Abbigail,Schwartz,Patric
Schwartz,Tracy,Deardorff,Mikaela,Schwartz,Kenny
Schwartz,Jocelyn,Deardorff,Abbigail,Schwartz,Patric
Schwartz,Tylor,Deardorff,Mikaela,Schwartz,Kenny
Schwartz,Josephine,Deardorff,Abbigail,Schwartz,Patric
Schwartz,Brogan,Deardorff,Alondra,Schwartz,Connor
Schwartz,Tiyanna,Deardorff,Abbigail,Schwartz,Patric
Schwartz,Nelson,Deardorff,Alondra,Schwartz,Connor
Schwartz,Yasmin,Deardorff,Abbigail,Schwartz,Patric
Schwartz,Jarred,Deardorff,Alondra,Schwartz,Connor
Schwartz,Kaylea,Deardorff,Keyshla,Schwartz,Caleb
Schwartz,Tate,Deardorff,Laura,Schwartz,Neftaly
Schwartz,Ryann,Deardorff,Keyshla,Schwartz,Caleb
Schwartz,Glenn,Deardorff,Laura,Schwartz,Neftaly
Schwartz,Sara,Deardorff,Keyshla,Schwartz,Caleb
Schwartz,Jarod,Deardorff,Laura,Schwartz,Neftaly
Schwartz,Reyanna,Deardorff,Keyshla,Schwartz,Caleb
Schwartz,Lucas,Deardorff,Laura,Schwartz,Neftaly
Schwartz,Josie,Deardorff,Keyshla,Schwartz,Caleb
Schwartz,Isiah,Deardorff,Abbigail,Schwartz,Patric
Schwartz,Abbigail,Deardorff,Keyshla,Schwartz,Caleb
Schwartz,Alan,Deardorff,Abbigail,Schwartz,Patric
Schwartz,Mikayla,Deardorff,Keyshla,Schwartz,Caleb
Schwartz,Dorian,Deardorff,Abbigail,Schwartz,Patric
Schwartz,Makenna,Deardorff,Keyshla,Schwartz,Caleb
Schwartz,Louis,Deardorff,Abbigail,Schwartz,Patric
Schwartz,Adrianna,Deardorff,Keyshla,Schwartz,Caleb
Schwartz,Zakery,Deardorff,Abbigail,Schwartz,Patric
Schwartz,Anabel,Deardorff,Jada,Schwartz,Tallon
Schwartz,Marquise,Deardorff,Abbigail,Schwartz,Patric
Schwartz,Valerie,Deardorff,Jada,Schwartz,Tallon
Schwartz,Todd,Deardorff,Abbigail,Schwartz,Patric
Schwartz,Carol,Deardorff,Jada,Schwartz,Tallon
Schwartz,Roy,Deardorff,Abbigail,Schwartz,Patric
Schwartz,Rose,Deardorff,Keana,Schwartz,Orion
Schwartz,Emanuel,Deardorff,Abbigail,Schwartz,Patric
Schwartz,Kacie,Deardorff,Keana,Schwartz,Orion
Schwartz,Tyree,Deardorff,Keyshla,Schwartz,Caleb
Schwartz,Viviana,Deardorff,Keana,Schwartz,Orion
Schwartz,Ronald,Deardorff,Keyshla,Schwartz,Caleb
Schwartz,Marisela,Deardorff,Keana,Schwartz,Orion
Schwartz,Griffin,Deardorff,Keyshla,Schwartz,Caleb
Schwartz,Keara,Deardorff,Keana,Schwartz,Orion
Schwartz,Devante,Deardorff,Keyshla,Schwartz,Caleb
Schwartz,Shana,Deardorff,Keana,Schwartz,Orion
Schwartz,Payton,Deardorff,Keyshla,Schwartz,Caleb
Schwartz,Kelsy,Deardorff,Keana,Schwartz,Orion
Schwartz,Trentin,Deardorff,Keyshla,Schwartz,Caleb
Schwartz,Silvia,Fossum,Alexus,Schwartz,Lee
Schwartz,Freddy,Deardorff,Keyshla,Schwartz,Caleb
Schwartz,Willow,Fossum,Alexus,Schwartz,Lee
Schwartz,Noel,Deardorff,Mykayla,Schwartz,Aiden
Schwartz,Julianna,Fossum,Alexus,Schwartz,Lee
Schwartz,Zackery,Deardorff,Mykayla,Schwartz,Aiden
Schwartz,Presley,Fossum,Alexus,Schwartz,Lee
Schwartz,Devonte,Deardorff,Mykayla,Schwartz,Aiden
Schwartz,Janesha,Fossum,Alexus,Schwartz,Lee
Schwartz,Devonta,Deardorff,Keana,Schwartz,Orion
Deardorff,Misty,Monroe,Elyse,Deardorff,Kenny
Schwartz,Brice,Deardorff,Keana,Schwartz,Orion
Deardorff,Aleasha,Monroe,Elyse,Deardorff,Kenny
Schwartz,Terrance,Deardorff,Keana,Schwartz,Orion
Deardorff,Candice,Monroe,Elyse,Deardorff,Kenny
Schwartz,Nikolas,Deardorff,Keana,Schwartz,Orion
Deardorff,Darian,Monroe,Elyse,Deardorff,Kenny
Schwartz,Demonte,Deardorff,Keana,Schwartz,Orion
Deardorff,Grecia,Monroe,Elyse,Deardorff,Kenny
Schwartz,Dylan,Deardorff,Keana,Schwartz,Orion
Deardorff,Gretchen,Monroe,Elyse,Deardorff,Kenny
Schwartz,Melvin,Deardorff,Keana,Schwartz,Orion
Deardorff,Krysta,Monroe,Elyse,Deardorff,Kenny
Schwartz,Sebastian,Deardorff,Keana,Schwartz,Orion
Deardorff,Sheniqua,Monroe,Elyse,Deardorff,Kenny
Schwartz,Travon,Deardorff,Keana,Schwartz,Orion
Deardorff,Audra,Monroe,Elyse,Deardorff,Kenny
Schwartz,Brayden,Deardorff,Keana,Schwartz,Orion
Deardorff,Karly,Monroe,Elyse,Deardorff,Kenny
Schwartz,George,Fossum,Alexus,Schwartz,Lee
Deardorff,Aerial,Monroe,Elyse,Deardorff,Kenny
Schwartz,Everett,Fossum,Alexus,Schwartz,Lee
Deardorff,Valerie,Monroe,Elyse,Deardorff,Kenny
Schwartz,Logan,Fossum,Alexus,Schwartz,Lee
Deardorff,Cecilia,Monroe,Christine,Deardorff,Caden
Schwartz,Mauro,Fossum,Alexus,Schwartz,Lee
Deardorff,Evelyn,Monroe,Christine,Deardorff,Caden
Schwartz,Cole,Fossum,Alexus,Schwartz,Lee
Deardorff,Noelle,Monroe,Christine,Deardorff,Caden
Schwartz,Salvatore,Fossum,Alexus,Schwartz,Lee
Deardorff,Haleigh,Monroe,Christine,Deardorff,Caden
Schwartz,Alek,Fossum,Alexus,Schwartz,Lee
Deardorff,Stevie,Monroe,Christine,Deardorff,Caden
Deardorff,Tylar,Monroe,Elyse,Deardorff,Kenny
Deardorff,Jamie,Monroe,Christine,Deardorff,Caden
Deardorff,Langston,Monroe,Elyse,Deardorff,Kenny
Deardorff,Lesli,Monroe,Banesa,Deardorff,Javonte
Deardorff,Mitchel,Monroe,Elyse,Deardorff,Kenny
Deardorff,Adele,Monroe,Banesa,Deardorff,Javonte
Deardorff,Callahan,Monroe,Elyse,Deardorff,Kenny
Deardorff,Kelci,Monroe,Mayra,Deardorff,Brad
Deardorff,Damon,Monroe,Christine,Deardorff,Caden
Deardorff,Christine,Harding,Karlee,Deardorff,Corey
Deardorff,Marc,Monroe,Christine,Deardorff,Caden
Deardorff,Autumn,Harding,Karlee,Deardorff,Corey
Deardorff,Jaylin,Monroe,Christine,Deardorff,Caden
Deardorff,Heidi,Harding,Karlee,Deardorff,Corey
Deardorff,Ulysses,Monroe,Christine,Deardorff,Caden
Deardorff,Raquel,Harding,Karlee,Deardorff,Corey
Deardorff,Allan,Monroe,Christine,Deardorff,Caden
Deardorff,Michele,Harding,Karlee,Deardorff,Corey
Deardorff,Bailey,Monroe,Christine,Deardorff,Caden
Deardorff,Carrie,Harding,Karlee,Deardorff,Corey
Deardorff,Quentin,Monroe,Christine,Deardorff,Caden
Deardorff,Juliana,Harding,Johana,Deardorff,Conrad
Deardorff,Guy,Monroe,Banesa,Deardorff,Javonte
Deardorff,Chastity,Harding,Johana,Deardorff,Conrad
Deardorff,Ali,Monroe,Mayra,Deardorff,Brad
Deardorff,Greer,Harding,Johana,Deardorff,Conrad
Deardorff,Kaden,Monroe,Mayra,Deardorff,Brad
Fossum,Regina,Harding,Passion,Fossum,Mason
Deardorff,Jackson,Monroe,Mayra,Deardorff,Brad
Fossum,Stephany,Harding,Passion,Fossum,Mason
Deardorff,Jaylen,Monroe,Mayra,Deardorff,Brad
Fossum,Cayla,Harding,Passion,Fossum,Mason
Deardorff,Isidro,Harding,Karlee,Deardorff,Corey
Fossum,Makenna,Harding,Passion,Fossum,Mason
Deardorff,Edwin,Harding,Karlee,Deardorff,Corey
Fossum,Keri,Harding,Passion,Fossum,Mason
Deardorff,Dangelo,Harding,Karlee,Deardorff,Corey
Fossum,Mattea,Harding,Passion,Fossum,Mason
Deardorff,Deshaun,Harding,Karlee,Deardorff,Corey
Fossum,Tyeisha,Harding,Passion,Fossum,Mason
Deardorff,Jerry,Harding,Karlee,Deardorff,Corey
Fossum,Shaina,Harding,Passion,Fossum,Mason
Deardorff,Adan,Harding,Karlee,Deardorff,Corey
Fossum,Kansas,Harding,Passion,Fossum,Mason
Deardorff,Bernardo,Harding,Johana,Deardorff,Conrad
Fossum,Shelbi,Harding,Lynette,Fossum,Mathew
Deardorff,Trae,Harding,Johana,Deardorff,Conrad
Fossum,Jonae,Harding,Lynette,Fossum,Mathew
Fossum,Dustin,Harding,Passion,Fossum,Mason
Fossum,Molly,Harding,Lynette,Fossum,Mathew
Fossum,Josejuan,Harding,Passion,Fossum,Mason
Monroe,Ladaysha,Harding,Heidi,Monroe,Patrick
Fossum,Bryan,Harding,Passion,Fossum,Mason
Monroe,Marcela,Harding,Heidi,Monroe,Patrick
Fossum,Deleon,Harding,Passion,Fossum,Mason
Monroe,Karlie,Harding,Heidi,Monroe,Patrick
Fossum,Deonte,Harding,Passion,Fossum,Mason
Monroe,Alexis,Harding,Heidi,Monroe,Patrick
Fossum,Destin,Harding,Passion,Fossum,Mason
Monroe,Geraldine,Harding,Heidi,Monroe,Patrick
Fossum,Donte,Harding,Passion,Fossum,Mason
Monroe,Clarissa,Harding,Heidi,Monroe,Patrick
Fossum,Brad,Harding,Passion,Fossum,Mason
Monroe,Keisha,Harding,Shae,Monroe,Deante
Fossum,Luke,Harding,Passion,Fossum,Mason
Monroe,Kaitlin,Harding,Shae,Monroe,Deante
Fossum,Danny,Harding,Passion,Fossum,Mason
Monroe,India,Harding,Shae,Monroe,Deante
Fossum,Sahil,Harding,Passion,Fossum,Mason
Monroe,Dyamond,Harding,Shae,Monroe,Deante
Fossum,Eugene,Harding,Lynette,Fossum,Mathew
Monroe,Beatriz,Harding,Shae,Monroe,Deante
Monroe,Diondre,Harding,Heidi,Monroe,Patrick
Monroe,Karly,Harding,Shae,Monroe,Deante
Monroe,Cameron,Harding,Heidi,Monroe,Patrick
Monroe,Natasha,Harding,Shae,Monroe,Deante
Monroe,Jorge,Harding,Heidi,Monroe,Patrick
Monroe,Jacquelin,Harding,Shae,Monroe,Deante
Monroe,Kurt,Harding,Heidi,Monroe,Patrick
Monroe,Lillie,Buchli,Brionna,Monroe,Luciano
Monroe,Dwayne,Harding,Heidi,Monroe,Patrick
Monroe,Aesha,Buchli,Brionna,Monroe,Luciano
Monroe,Curtis,Harding,Heidi,Monroe,Patrick
Monroe,Yvette,Buchli,Brionna,Monroe,Luciano
Monroe,Milton,Harding,Heidi,Monroe,Patrick
Monroe,Moesha,Buchli,Ana,Monroe,Kody
Monroe,Adrian,Harding,Heidi,Monroe,Patrick
Monroe,Aisha,Buchli,Ana,Monroe,Kody
Monroe,Alec,Harding,Heidi,Monroe,Patrick
Monroe,Mara,Buchli,Ana,Monroe,Kody
Monroe,Tyree,Harding,Heidi,Monroe,Patrick
Monroe,Vivian,Buchli,Ana,Monroe,Kody
Monroe,Graham,Harding,Heidi,Monroe,Patrick
Monroe,Ramona,Buchli,Ana,Monroe,Kody
Monroe,Jair,Harding,Shae,Monroe,Deante
Monroe,Kiersten,Buchli,Ana,Monroe,Kody
Monroe,Marques,Harding,Shae,Monroe,Deante
Monroe,Adrianne,Buchli,Ana,Monroe,Kody
Monroe,Tyquan,Harding,Shae,Monroe,Deante
Monroe,Mariangeli,Buchli,Ana,Monroe,Kody
Monroe,Marcus,Harding,Shae,Monroe,Deante
Monroe,Calli,Buchli,Ana,Monroe,Kody
Monroe,Derick,Harding,Shae,Monroe,Deante
Monroe,Linnea,Buchli,Ana,Monroe,Kody
Monroe,Skylar,Harding,Shae,Monroe,Deante
Monroe,Stella,Buchli,Ana,Monroe,Kody
Monroe,Thaddeus,Buchli,Brionna,Monroe,Luciano
Monroe,Cindy,Buchli,Ana,Monroe,Kody
Monroe,Jason,Buchli,Brionna,Monroe,Luciano
Monroe,Jesslyn,Buchli,Ana,Monroe,Kody
Monroe,Armando,Buchli,Ana,Monroe,Kody
Monroe,Maranda,Buchli,Ana,Monroe,Kody
Monroe,Hugh,Buchli,Ana,Monroe,Kody
Monroe,Serenity,Hartsfield,Callie,Monroe,Bjorn
Monroe,Zachery,Buchli,Ana,Monroe,Kody
Monroe,Eleni,Hartsfield,Callie,Monroe,Bjorn
Monroe,Mike,Buchli,Ana,Monroe,Kody
Monroe,Sofia,Hartsfield,Callie,Monroe,Bjorn
Monroe,Conner,Buchli,Ana,Monroe,Kody
Monroe,Marianna,Hartsfield,Callie,Monroe,Bjorn
Monroe,Ronny,Hartsfield,Callie,Monroe,Bjorn
Monroe,Summer,Hartsfield,Callie,Monroe,Bjorn
Monroe,Jared,Hartsfield,Callie,Monroe,Bjorn
Monroe,Madeleine,Hartsfield,Callie,Monroe,Bjorn
Monroe,Angel,Hartsfield,Callie,Monroe,Bjorn
Monroe,Jennifer,Hartsfield,Callie,Monroe,Bjorn
Harding,Steven,Hartsfield,Skylar,Harding,Chad
Monroe,Teresa,Hartsfield,Callie,Monroe,Bjorn
Harding,Arian,Hartsfield,Octavia,Harding,Luis
Monroe,Marian,Hartsfield,Callie,Monroe,Bjorn
Harding,Zaire,Hartsfield,Octavia,Harding,Luis
Harding,Lucy,Hartsfield,Skylar,Harding,Chad
Harding,Colin,Hartsfield,Gilda,Harding,Jamari
Harding,Dayana,Hartsfield,Skylar,Harding,Chad
Harding,Andy,Hartsfield,Gilda,Harding,Jamari
Harding,Gabrielle,Hartsfield,Octavia,Harding,Luis
Harding,Ray,Hartsfield,Gilda,Harding,Jamari
Harding,Maegen,Hartsfield,Octavia,Harding,Luis
Harding,Grayson,Hartsfield,Gilda,Harding,Jamari
Harding,Delilah,Hartsfield,Octavia,Harding,Luis
Harding,Nickalus,Hartsfield,Gilda,Harding,Jamari
Harding,Nakia,Hartsfield,Octavia,Harding,Luis
Harding,Sammie,Hartsfield,Sydney,Harding,Dexter
Harding,Paris,Hartsfield,Gilda,Harding,Jamari
Harding,Dennis,Hartsfield,Sydney,Harding,Dexter
Harding,Kate,Hartsfield,Sydney,Harding,Dexter
Harding,Yakov,Hartsfield,Sydney,Harding,Dexter
Harding,Selina,Hartsfield,Sydney,Harding,Dexter
Buchli,Thaddeus,Hartsfield,Katerina,Buchli,Chase
Harding,Lizette,Hartsfield,Sydney,Harding,Dexter
Buchli,Abel,Hartsfield,Katerina,Buchli,Chase
Harding,Aisha,Hartsfield,Sydney,Harding,Dexter
Buchli,Malik,Hartsfield,Katerina,Buchli,Chase
Harding,Elexus,Hartsfield,Sydney,Harding,Dexter
Buchli,Kegan,Hartsfield,Katerina,Buchli,Chase
Buchli,Sabrina,Hartsfield,Katerina,Buchli,Chase
Buchli,Roman,Hartsfield,Katerina,Buchli,Chase
Buchli,Shakira,Hartsfield,Katerina,Buchli,Chase
Buchli,Cristopher,Hartsfield,Kimberlee,Buchli,Wanya
Buchli,Haleigh,Hartsfield,Katerina,Buchli,Chase
Buchli,Jawaun,Hartsfield,Kimberlee,Buchli,Wanya
Buchli,Farrah,Hartsfield,Katerina,Buchli,Chase
Buchli,Ladarius,Hartsfield,Kimberlee,Buchli,Wanya
Buchli,Tamra,Hartsfield,Katerina,Buchli,Chase
Buchli,Trey,Hartsfield,Kimberlee,Buchli,Wanya
Buchli,Sydni,Hartsfield,Katerina,Buchli,Chase
Buchli,Ibrahim,Hartsfield,Kimberlee,Buchli,Wanya
Buchli,Leslie,Hartsfield,Katerina,Buchli,Chase
Buchli,Esau,Hartsfield,Kimberlee,Buchli,Wanya
Buchli,Kaya,Hartsfield,Katerina,Buchli,Chase
Buchli,Tayler,Hartsfield,Kimberlee,Buchli,Wanya
Buchli,Hunter,Hartsfield,Katerina,Buchli,Chase
Buchli,Donte,Hartsfield,Kimberlee,Buchli,Wanya
Buchli,Neda,Hartsfield,Katerina,Buchli,Chase
Buchli,Leland,Hartsfield,Kimberlee,Buchli,Wanya
Buchli,Jazmin,Hartsfield,Katerina,Buchli,Chase
Buchli,Christophe,Hartsfield,Kimberlee,Buchli,Wanya
Buchli,Mariana,Hartsfield,Kimberlee,Buchli,Wanya
Buchli,Marcus,Hartsfield,Ashtyn,Buchli,Ty
Buchli,Francesca,Hartsfield,Kimberlee,Buchli,Wanya
Buchli,Soren,Hartsfield,Ashtyn,Buchli,Ty
Buchli,Kristie,Hartsfield,Kimberlee,Buchli,Wanya
Hartsfield,Gustavo,Helms,Valencia,Hartsfield,Fernando
Buchli,Alexia,Hartsfield,Kimberlee,Buchli,Wanya
Hartsfield,Aidan,Helms,Valencia,Hartsfield,Fernando
Buchli,Yadira,Hartsfield,Kimberlee,Buchli,Wanya
Hartsfield,Clayton,Helms,Valencia,Hartsfield,Fernando
Buchli,Sadia,Hartsfield,Kimberlee,Buchli,Wanya
Hartsfield,Kylan,Helms,Valencia,Hartsfield,Fernando
Buchli,Joanne,Hartsfield,Kimberlee,Buchli,Wanya
Hartsfield,Coy,Helms,Valencia,Hartsfield,Fernando
Buchli,Marli,Hartsfield,Ashtyn,Buchli,Ty
Hartsfield,Malik,Helms,Valencia,Hartsfield,Fernando
Buchli,Rachelle,Hartsfield,Ashtyn,Buchli,Ty
Hartsfield,Jamison,Helms,Valencia,Hartsfield,Fernando
Buchli,Ansley,Hartsfield,Ashtyn,Buchli,Ty
Hartsfield,Nico,Helms,Valencia,Hartsfield,Fernando
Hartsfield,Iridiana,Helms,Valencia,Hartsfield,Fernando
Hartsfield,Dorian,Helms,Corina,Hartsfield,Quintin
Hartsfield,Porsha,Helms,Valencia,Hartsfield,Fernando
Hartsfield,Fabian,Helms,Corina,Hartsfield,Quintin
Hartsfield,Kaylah,Helms,Valencia,Hartsfield,Fernando
Hartsfield,Devan,Helms,Corina,Hartsfield,Quintin
Hartsfield,Jenae,Helms,Valencia,Hartsfield,Fernando
Hartsfield,Kurt,Helms,Corina,Hartsfield,Quintin
Hartsfield,Measia,Helms,Valencia,Hartsfield,Fernando
Hartsfield,Shemar,Helms,Mollie,Hartsfield,Dandre
Hartsfield,Linsey,Helms,Valencia,Hartsfield,Fernando
Hartsfield,Javen,Helms,Mollie,Hartsfield,Dandre
Hartsfield,Lindsay,Helms,Corina,Hartsfield,Quintin
Hartsfield,Shan,Helms,Mollie,Hartsfield,Dandre
Hartsfield,Deborah,Helms,Corina,Hartsfield,Quintin
Hartsfield,Tristian,Helms,Mollie,Hartsfield,Dandre
Hartsfield,Claire,Helms,Corina,Hartsfield,Quintin
Hartsfield,Thomas,Helms,Mollie,Hartsfield,Dandre
Hartsfield,Rocio,Helms,Corina,Hartsfield,Quintin
Hartsfield,Duncan,Helms,Mollie,Hartsfield,Dandre
Hartsfield,Athena,Helms,Corina,Hartsfield,Quintin
Hartsfield,Devonte,Helms,Allana,Hartsfield,Kenny
Hartsfield,Karlie,Helms,Corina,Hartsfield,Quintin
Hartsfield,Johnathan,Helms,Allana,Hartsfield,Kenny
Hartsfield,Maren,Helms,Mollie,Hartsfield,Dandre
Hartsfield,Deonta,Helms,Allana,Hartsfield,Kenny
Hartsfield,Kacey,Helms,Mollie,Hartsfield,Dandre
Hartsfield,Matthew,Helms,Allana,Hartsfield,Kenny
Hartsfield,Xiomara,Helms,Mollie,Hartsfield,Dandre
Hartsfield,Sammie,Helms,Allana,Hartsfield,Kenny
Hartsfield,Dasia,Helms,Mollie,Hartsfield,Dandre
Hartsfield,Michel,Helms,Allana,Hartsfield,Kenny
Hartsfield,Bridget,Helms,Mollie,Hartsfield,Dandre
Hartsfield,Quinton,Helms,Allana,Hartsfield,Kenny
Hartsfield,Shauna,Helms,Mollie,Hartsfield,Dandre
Hartsfield,Draven,Helms,Allana,Hartsfield,Kenny
Hartsfield,Carina,Helms,Mollie,Hartsfield,Dandre
Hartsfield,Nigel,Morgan,Marilyn,Hartsfield,Rodney
Hartsfield,Jennifer,Helms,Mollie,Hartsfield,Dandre
Hartsfield,Alfonso,Morgan,Marilyn,Hartsfield,Rodney
Hartsfield,Celeste,Helms,Mollie,Hartsfield,Dandre
Hartsfield,Allen,Morgan,Marilyn,Hartsfield,Rodney
Hartsfield,Sheyla,Helms,Allana,Hartsfield,Kenny
Hartsfield,Cameron,Morgan,Marilyn,Hartsfield,Rodney
Hartsfield,Keisha,Helms,Allana,Hartsfield,Kenny
Hartsfield,Habram,Morgan,Marilyn,Hartsfield,Rodney
Hartsfield,Berenice,Helms,Allana,Hartsfield,Kenny
Hartsfield,Kevon,Morgan,Helena,Hartsfield,Aspen
Hartsfield,Imelda,Helms,Allana,Hartsfield,Kenny
Hartsfield,Nour,Morgan,Helena,Hartsfield,Aspen
Hartsfield,Sylvia,Helms,Allana,Hartsfield,Kenny
Hartsfield,Bryce,Morgan,Helena,Hartsfield,Aspen
Hartsfield,Lucy,Morgan,Helena,Hartsfield,Aspen
Hartsfield,Dakotah,Morgan,Quinn,Hartsfield,Emmett
Hartsfield,Kaydee,Morgan,Helena,Hartsfield,Aspen
Hartsfield,Gerald,Morgan,Quinn,Hartsfield,Emmett
Hartsfield,Nakia,Morgan,Helena,Hartsfield,Aspen
Hartsfield,Brandon,Morgan,Quinn,Hartsfield,Emmett
Hartsfield,Marilyn,Morgan,Helena,Hartsfield,Aspen
Hartsfield,Mathew,Morgan,Quinn,Hartsfield,Emmett
Hartsfield,Breeanna,Morgan,Helena,Hartsfield,Aspen
Hartsfield,Jashua,Morgan,Quinn,Hartsfield,Emmett
Hartsfield,Ansley,Morgan,Helena,Hartsfield,Aspen
Hartsfield,Cesar,Morgan,Quinn,Hartsfield,Emmett
Hartsfield,Madelyn,Morgan,Helena,Hartsfield,Aspen
Hartsfield,Harley,Morgan,Quinn,Hartsfield,Emmett
Hartsfield,Niki,Morgan,Helena,Hartsfield,Aspen
Hartsfield,Maurice,Morgan,Quinn,Hartsfield,Emmett
Hartsfield,Jaycee,Morgan,Quinn,Hartsfield,Emmett
Helms,Lucas,Hartsfield,Yesenia,Helms,Evan
Hartsfield,Leanna,Morgan,Quinn,Hartsfield,Emmett
Helms,Jaylan,Hartsfield,Yesenia,Helms,Evan
Hartsfield,Latasha,Morgan,Quinn,Hartsfield,Emmett
Helms,Johnathan,Hartsfield,Yesenia,Helms,Evan
Hartsfield,Taelor,Morgan,Quinn,Hartsfield,Emmett
Helms,Fabian,Hartsfield,Yesenia,Helms,Evan
Hartsfield,Katelynn,Morgan,Quinn,Hartsfield,Emmett
Helms,Christian,Hartsfield,Janell,Helms,Denzell
Hartsfield,Minna,Morgan,Quinn,Hartsfield,Emmett
Helms,Michael,Hartsfield,Janell,Helms,Denzell
Hartsfield,Kyla,Morgan,Quinn,Hartsfield,Emmett
Helms,Mohammad,Hartsfield,Janell,Helms,Denzell
Hartsfield,Lilibeth,Morgan,Quinn,Hartsfield,Emmett
Helms,Jawaun,Hartsfield,Janell,Helms,Denzell
Hartsfield,Eryn,Morgan,Quinn,Hartsfield,Emmett
Helms,Chase,Hartsfield,Janell,Helms,Denzell
Helms,Tory,Hartsfield,Yesenia,Helms,Evan
Helms,Gabriel,Hartsfield,Janell,Helms,Denzell
Helms,Kaylah,Hartsfield,Yesenia,Helms,Evan
Helms,Emilio,Hartsfield,Janell,Helms,Denzell
Helms,Jenae,Hartsfield,Yesenia,Helms,Evan
Helms,Lauren,Hartsfield,Janell,Helms,Denzell
Helms,Xian,Hartsfield,Janell,Helms,Denzell
Helms,Dylan,Hartsfield,Janell,Helms,Denzell
Helms,Aria,Hartsfield,Janell,Helms,Denzell
Helms,Frederick,Hartsfield,Janell,Helms,Denzell
Helms,Meaghan,Hartsfield,Janell,Helms,Denzell
Helms,Walker,Morgan,Savannah,Helms,Ariel
Helms,Octavia,Hartsfield,Janell,Helms,Denzell
Helms,Tysen,Morgan,Savannah,Helms,Ariel
Helms,Joelle,Hartsfield,Janell,Helms,Denzell
Helms,Ali,Morgan,Savannah,Helms,Ariel
Helms,Khyla,Hartsfield,Janell,Helms,Denzell
Helms,Daxton,Morgan,Savannah,Helms,Ariel
Helms,Marysol,Hartsfield,Janell,Helms,Denzell
Helms,Jacques,Morgan,Savannah,Helms,Ariel
Helms,Jhane,Hartsfield,Janell,Helms,Denzell
Helms,Jonathon,Morgan,Savannah,Helms,Ariel
Helms,Arianna,Hartsfield,Janell,Helms,Denzell
Helms,Bennett,Morgan,Savannah,Helms,Ariel
Helms,Marli,Morgan,Savannah,Helms,Ariel
Helms,Wyatt,Morgan,Savannah,Helms,Ariel
Helms,Fatima,Morgan,Savannah,Helms,Ariel
Helms,Ramiro,Morgan,Savannah,Helms,Ariel
Helms,Halie,Morgan,Savannah,Helms,Ariel
Helms,Dusty,Morgan,Savannah,Helms,Ariel
Helms,Misty,Morgan,Savannah,Helms,Ariel
Helms,Winston,Morgan,Savannah,Helms,Ariel
Helms,Angelina,Morgan,Savannah,Helms,Ariel
Helms,Damon,Morgan,Julia,Helms,Gerald
Helms,Mykelle,Morgan,Savannah,Helms,Ariel
Helms,Geoffrey,Morgan,Adriane,Helms,Abraham
Helms,Athena,Morgan,Savannah,Helms,Ariel
Helms,Dante,Morgan,Adriane,Helms,Abraham
Helms,Maureen,Morgan,Julia,Helms,Gerald
Helms,Jameson,Morgan,Adriane,Helms,Abraham
Helms,Gloria,Morgan,Julia,Helms,Gerald
Helms,Wesley,Morgan,Adriane,Helms,Abraham
Helms,Rani,Morgan,Julia,Helms,Gerald
Helms,Kelson,Morgan,Adriane,Helms,Abraham
Helms,Zahra,Morgan,Adriane,Helms,Abraham
Helms,Nathanael,Morgan,Adriane,Helms,Abraham
Helms,Cara,Morgan,Adriane,Helms,Abraham
Helms,Kieran,Morgan,Adriane,Helms,Abraham
Helms,Johanna,Morgan,Adriane,Helms,Abraham
Morgan,Savion,Lawrence,Andrea,Morgan,Joseph
Helms,Chantel,Morgan,Adriane,Helms,Abraham
Morgan,Sergio,Lawrence,Andrea,Morgan,Joseph
Helms,Kristi,Morgan,Adriane,Helms,Abraham
Morgan,Layne,Lawrence,Andrea,Morgan,Joseph
Helms,Suzanne,Morgan,Adriane,Helms,Abraham
Morgan,Tyran,Lawrence,Andrea,Morgan,Joseph
Helms,Nyla,Morgan,Adriane,Helms,Abraham
Morgan,Maxwell,Lawrence,Andrea,Morgan,Joseph
Morgan,Alena,Lawrence,Andrea,Morgan,Joseph
Morgan,Jashua,Lawrence,Skye,Morgan,Kristofer
Morgan,Destany,Lawrence,Andrea,Morgan,Joseph
Morgan,Jaquan,Lawrence,Skye,Morgan,Kristofer
Morgan,Imelda,Lawrence,Andrea,Morgan,Joseph
Morgan,Allen,Lawrence,Skye,Morgan,Kristofer
Morgan,Priscilla,Lawrence,Andrea,Morgan,Joseph
Morgan,San,Lawrence,Skye,Morgan,Kristofer
Morgan,Casie,Lawrence,Andrea,Morgan,Joseph
Morgan,Jesus,Lawrence,Skye,Morgan,Kristofer
Morgan,Courteney,Lawrence,Andrea,Morgan,Joseph
Morgan,Mauricio,Lawrence,Skye,Morgan,Kristofer
Morgan,Kenyetta,Lawrence,Andrea,Morgan,Joseph
Morgan,Wade,Lawrence,Brooklyn,Morgan,Mohamed
Morgan,Sabrina,Lawrence,Skye,Morgan,Kristofer
Morgan,Moses,Lawrence,Brooklyn,Morgan,Mohamed
Morgan,Aidan,Lawrence,Skye,Morgan,Kristofer
Morgan,Dominique,Lawrence,Brooklyn,Morgan,Mohamed
Morgan,Kady,Lawrence,Skye,Morgan,Kristofer
Morgan,Cecil,Lawrence,Brooklyn,Morgan,Mohamed
Morgan,Xochitl,Lawrence,Skye,Morgan,Kristofer
Morgan,Sam,Lawrence,Brooklyn,Morgan,Mohamed
Morgan,Aimee,Lawrence,Skye,Morgan,Kristofer
Morgan,Britton,Lawrence,Brooklyn,Morgan,Mohamed
Morgan,Alisha,Lawrence,Skye,Morgan,Kristofer
Morgan,Esteban,Lawrence,Brooklyn,Morgan,Mohamed
Morgan,Moriah,Lawrence,Skye,Morgan,Kristofer
Morgan,Sutton,Lawrence,Ayesha,Morgan,Jose
Morgan,Jazmine,Lawrence,Skye,Morgan,Kristofer
Morgan,Darrin,Lawrence,Ayesha,Morgan,Jose
Morgan,Bridgette,Lawrence,Skye,Morgan,Kristofer
Morgan,Angel,Lawrence,Ayesha,Morgan,Jose
Morgan,Jordan,Lawrence,Skye,Morgan,Kristofer
Morgan,Joe,Lawrence,Ayesha,Morgan,Jose
Morgan,Mattea,Lawrence,Skye,Morgan,Kristofer
Morgan,Jed,Lawrence,Ayesha,Morgan,Jose
Morgan,Kasey,Lawrence,Brooklyn,Morgan,Mohamed
Morgan,Gunner,Lawrence,Ayesha,Morgan,Jose
Morgan,Baylee,Lawrence,Brooklyn,Morgan,Mohamed
Morgan,Brooks,Lawrence,Lori,Morgan,Dexter
Morgan,Ayesha,Lawrence,Brooklyn,Morgan,Mohamed
Morgan,Trevor,Lawrence,Lori,Morgan,Dexter
Morgan,Ashanti,Lawrence,Brooklyn,Morgan,Mohamed
Morgan,Leon,Lawrence,Lori,Morgan,Dexter
Morgan,Holland,Lawrence,Brooklyn,Morgan,Mohamed
Morgan,Ravon,Lawrence,Lori,Morgan,Dexter
Morgan,Carol,Lawrence,Brooklyn,Morgan,Mohamed
Morgan,Nathaniel,Lawrence,Lori,Morgan,Dexter
Morgan,Celia,Lawrence,Ayesha,Morgan,Jose
Morgan,Elias,Lawrence,Lori,Morgan,Dexter
Morgan,Veronica,Lawrence,Ayesha,Morgan,Jose
Morgan,Jasen,Lawrence,Lauryn,Morgan,Rhett
Morgan,Sasha,Lawrence,Ayesha,Morgan,Jose
Morgan,Alek,Lawrence,Lauryn,Morgan,Rhett
Morgan,Elaina,Lawrence,Ayesha,Morgan,Jose
