Grout,Reece,Nixon,Mara,Grout,Cruz
Precour,Monika,Evans,Cristina,Precour,Toby
Precour,Nadav,Weitz,Shyann,Precour,Sebastian
McDivitt,Marisol,Chilton,Brittney,McDivitt,Logan
Truman,Darnell,Moore,Jaycie,Truman,Damien
Hart,Iridiana,Gemar,Ebony,Hart,Maleek
Culbertson,Austyn,Hart,Reyna,Culbertson,Destin
Bursch,Skye,Shriver,Rosalinda,Bursch,Arturo
Hawley,Francis,Richards,Krysta,Hawley,Rodrigo
Coats,Blaze,Adamson,Klee,Coats,Jason
Carter,Bailey,Engle,Mileena,Carter,Ever
Forrester,Keisha,Hoffman,Robyn,Forrester,Trentin
Gregory,Ezekiel,Helms,Shelby,Gregory,Alan
Morgan,Chyanne,Grabe,Colleen,Morgan,Parker
Harding,Maximillia,Lousma,Calandra,Harding,Mitchel
Evans,Xandria,Magnus,Scarlett,Evans,Johnny
Searfoss,Domonic,Godwin,Gerardo,Searfoss,Latrell
Washington,Abigail,Curbeam,Nadia,Washington,Donovan
Cockrell,Peter,Taft,Kelsey,Cockrell,Terence
Lousma,Mattie,Schmitt,Shane,Lousma,Romello
Chamitoff,Emilio,Givens,Sienna,Chamitoff,Francis
Hoover,Sidney,Robinson,Queen,Hoover,Truman
Akers,Titus,Kavandi,Mandi,Akers,Jacori
Chiao,Jami,Melroy,Lena,Chiao,Toby
Covey,Braxton,Conrad,Shanice,Covey,Travon
Bowersox,Rosemary,Helms,Genna,Bowersox,Elliott
Grout,Diamond,Precour,Monika,Grout,Reece
Loria,Alaina,Sellers,Lillie,Loria,Zackary
Grout,Jovan,Precour,Monika,Grout,Reece
Gordon,Sharae,Pierce,Arlene,Gordon,Raheem
Grout,Gannon,Precour,Monika,Grout,Reece
Ride,Bryn,Truly,Kailey,Ride,Hakeem
Grout,Antoine,Precour,Monika,Grout,Reece
Daniels,Naomi,Bridges,Molly,Daniels,Chance
Grout,Jarrod,Precour,Monika,Grout,Reece
Grout,Allana,Precour,Monika,Grout,Reece
Grout,Izaiah,Precour,Monika,Grout,Reece
Grout,Rebecca,Precour,Monika,Grout,Reece
Precour,Maliki,McDivitt,Marisol,Precour,Nadav
Grout,Samantha,Precour,Monika,Grout,Reece
Precour,Jamison,McDivitt,Marisol,Precour,Nadav
Grout,Kaela,Precour,Monika,Grout,Reece
Precour,Jason,McDivitt,Marisol,Precour,Nadav
Grout,Ruby,Precour,Monika,Grout,Reece
Precour,Cruz,McDivitt,Marisol,Precour,Nadav
Grout,Elida,Precour,Monika,Grout,Reece
Precour,Charly,McDivitt,Marisol,Precour,Nadav
Grout,Elana,Precour,Monika,Grout,Reece
Precour,Demarcus,McDivitt,Marisol,Precour,Nadav
Grout,Yaritza,Precour,Monika,Grout,Reece
Precour,Wade,McDivitt,Marisol,Precour,Nadav
Grout,Carol,Precour,Monika,Grout,Reece
Truman,Gilberto,Hart,Iridiana,Truman,Darnell
Grout,Estefania,Precour,Monika,Grout,Reece
Truman,Coleman,Hart,Iridiana,Truman,Darnell
Grout,Dominique,Precour,Monika,Grout,Reece
Truman,Benjamin,Hart,Iridiana,Truman,Darnell
Precour,Janelle,McDivitt,Marisol,Precour,Nadav
Truman,Dashane,Hart,Iridiana,Truman,Darnell
Precour,Lillian,McDivitt,Marisol,Precour,Nadav
Truman,Brendan,Hart,Iridiana,Truman,Darnell
Precour,Shiann,McDivitt,Marisol,Precour,Nadav
Truman,Arturo,Hart,Iridiana,Truman,Darnell
Precour,Carolina,McDivitt,Marisol,Precour,Nadav
Truman,Moshe,Hart,Iridiana,Truman,Darnell
Precour,Maribel,McDivitt,Marisol,Precour,Nadav
Truman,Terrell,Hart,Iridiana,Truman,Darnell
Precour,Yadira,McDivitt,Marisol,Precour,Nadav
Truman,Cory,Hart,Iridiana,Truman,Darnell
Truman,Bria,Hart,Iridiana,Truman,Darnell
Truman,Irfan,Hart,Iridiana,Truman,Darnell
Truman,Yoana,Hart,Iridiana,Truman,Darnell
Culbertson,Irvin,Bursch,Skye,Culbertson,Austyn
Truman,Stephanie,Hart,Iridiana,Truman,Darnell
Culbertson,Scott,Bursch,Skye,Culbertson,Austyn
Truman,Evelin,Hart,Iridiana,Truman,Darnell
Culbertson,Dustin,Bursch,Skye,Culbertson,Austyn
Truman,Julianna,Hart,Iridiana,Truman,Darnell
Culbertson,Edgar,Bursch,Skye,Culbertson,Austyn
Truman,Vanessa,Hart,Iridiana,Truman,Darnell
Culbertson,Kelton,Bursch,Skye,Culbertson,Austyn
Truman,Marli,Hart,Iridiana,Truman,Darnell
Culbertson,Kenyon,Bursch,Skye,Culbertson,Austyn
Truman,Katie,Hart,Iridiana,Truman,Darnell
Culbertson,Addison,Bursch,Skye,Culbertson,Austyn
Culbertson,Britni,Bursch,Skye,Culbertson,Austyn
Culbertson,Calib,Bursch,Skye,Culbertson,Austyn
Culbertson,Aubree,Bursch,Skye,Culbertson,Austyn
Culbertson,Manuel,Bursch,Skye,Culbertson,Austyn
Culbertson,Shayna,Bursch,Skye,Culbertson,Austyn
Culbertson,Lars,Bursch,Skye,Culbertson,Austyn
Culbertson,Ashanti,Bursch,Skye,Culbertson,Austyn
Hawley,Kenyon,Coats,Blaze,Hawley,Francis
Culbertson,Isadora,Bursch,Skye,Culbertson,Austyn
Hawley,Dangelo,Coats,Blaze,Hawley,Francis
Culbertson,Ryann,Bursch,Skye,Culbertson,Austyn
Hawley,Ethan,Coats,Blaze,Hawley,Francis
Culbertson,Libby,Bursch,Skye,Culbertson,Austyn
Hawley,Walker,Coats,Blaze,Hawley,Francis
Hawley,Leeann,Coats,Blaze,Hawley,Francis
Hawley,Craig,Coats,Blaze,Hawley,Francis
Hawley,Hunter,Coats,Blaze,Hawley,Francis
Hawley,Damion,Coats,Blaze,Hawley,Francis
Hawley,Mykayla,Coats,Blaze,Hawley,Francis
Hawley,Moshe,Coats,Blaze,Hawley,Francis
Carter,Allana,Forrester,Keisha,Carter,Bailey
Hawley,Maximillia,Coats,Blaze,Hawley,Francis
Carter,Jamie,Forrester,Keisha,Carter,Bailey
Hawley,Lukas,Coats,Blaze,Hawley,Francis
Carter,Jenna,Forrester,Keisha,Carter,Bailey
Carter,Edward,Forrester,Keisha,Carter,Bailey
Carter,Caitlin,Forrester,Keisha,Carter,Bailey
Carter,Daylon,Forrester,Keisha,Carter,Bailey
Carter,Maisie,Forrester,Keisha,Carter,Bailey
Carter,Ismael,Forrester,Keisha,Carter,Bailey
Carter,Bertha,Forrester,Keisha,Carter,Bailey
Carter,Earl,Forrester,Keisha,Carter,Bailey
Gregory,Marilyn,Morgan,Chyanne,Gregory,Ezekiel
Carter,Eberardo,Forrester,Keisha,Carter,Bailey
Gregory,Tiera,Morgan,Chyanne,Gregory,Ezekiel
Carter,Savion,Forrester,Keisha,Carter,Bailey
Harding,Stefanie,Evans,Xandria,Harding,Maximillia
Carter,Forest,Forrester,Keisha,Carter,Bailey
Harding,Mariangeli,Evans,Xandria,Harding,Maximillia
Carter,Damian,Forrester,Keisha,Carter,Bailey
Harding,Peyton,Evans,Xandria,Harding,Maximillia
Gregory,Luciano,Morgan,Chyanne,Gregory,Ezekiel
Harding,Deyaneira,Evans,Xandria,Harding,Maximillia
Gregory,Stephon,Morgan,Chyanne,Gregory,Ezekiel
Harding,Alina,Evans,Xandria,Harding,Maximillia
Gregory,Dantae,Morgan,Chyanne,Gregory,Ezekiel
Harding,Gabriela,Evans,Xandria,Harding,Maximillia
Gregory,Asa,Morgan,Chyanne,Gregory,Ezekiel
Harding,Michele,Evans,Xandria,Harding,Maximillia
Gregory,Garrison,Morgan,Chyanne,Gregory,Ezekiel
Harding,Leanna,Evans,Xandria,Harding,Maximillia
Gregory,Sawyer,Morgan,Chyanne,Gregory,Ezekiel
Harding,Ashton,Evans,Xandria,Harding,Maximillia
Gregory,Zane,Morgan,Chyanne,Gregory,Ezekiel
Searfoss,Skyler,Washington,Abigail,Searfoss,Domonic
Harding,Raekwon,Evans,Xandria,Harding,Maximillia
Searfoss,Ashlynn,Washington,Abigail,Searfoss,Domonic
Harding,Ross,Evans,Xandria,Harding,Maximillia
Searfoss,Alannah,Washington,Abigail,Searfoss,Domonic
Harding,Kelsey,Evans,Xandria,Harding,Maximillia
Cockrell,Abigayle,Lousma,Mattie,Cockrell,Peter
Harding,Jordon,Evans,Xandria,Harding,Maximillia
Chamitoff,Mckenna,Hoover,Sidney,Chamitoff,Emilio
Harding,Justus,Evans,Xandria,Harding,Maximillia
Chamitoff,Joselyn,Hoover,Sidney,Chamitoff,Emilio
Harding,Dylon,Evans,Xandria,Harding,Maximillia
Akers,Antonia,Chiao,Jami,Akers,Titus
Harding,Aleksandr,Evans,Xandria,Harding,Maximillia
Akers,Ansley,Chiao,Jami,Akers,Titus
Harding,Yakov,Evans,Xandria,Harding,Maximillia
Akers,Carolyn,Chiao,Jami,Akers,Titus
Searfoss,Irfan,Washington,Abigail,Searfoss,Domonic
Covey,Ashlynn,Bowersox,Rosemary,Covey,Braxton
Searfoss,Brooks,Washington,Abigail,Searfoss,Domonic
Covey,Rosemarie,Bowersox,Rosemary,Covey,Braxton
Cockrell,Guy,Lousma,Mattie,Cockrell,Peter
Covey,Rose,Bowersox,Rosemary,Covey,Braxton
Cockrell,Kyle,Lousma,Mattie,Cockrell,Peter
Covey,Tonya,Bowersox,Rosemary,Covey,Braxton
Chamitoff,Saxon,Hoover,Sidney,Chamitoff,Emilio
Covey,Aleah,Bowersox,Rosemary,Covey,Braxton
Chamitoff,Jaylin,Hoover,Sidney,Chamitoff,Emilio
Grout,Shakira,Loria,Alaina,Grout,Diamond
Akers,Olivier,Chiao,Jami,Akers,Titus
Grout,Erin,Gordon,Sharae,Grout,Jovan
Akers,Rodrigo,Chiao,Jami,Akers,Titus
Grout,Zulema,Gordon,Sharae,Grout,Jovan
Covey,Manuel,Bowersox,Rosemary,Covey,Braxton
Grout,Susana,Gordon,Sharae,Grout,Jovan
Covey,Tristen,Bowersox,Rosemary,Covey,Braxton
Grout,Adriana,Gordon,Sharae,Grout,Jovan
Covey,Reuben,Bowersox,Rosemary,Covey,Braxton
Grout,Brook,Ride,Bryn,Grout,Gannon
Covey,Carter,Bowersox,Rosemary,Covey,Braxton
Grout,Daisy,Ride,Bryn,Grout,Gannon
Covey,Gilberto,Bowersox,Rosemary,Covey,Braxton
Grout,Quinn,Ride,Bryn,Grout,Gannon
Grout,Yash,Loria,Alaina,Grout,Diamond
Grout,Elexus,Daniels,Naomi,Grout,Antoine
Grout,Jayson,Loria,Alaina,Grout,Diamond
Grout,Jayda,Daniels,Naomi,Grout,Antoine
Grout,Daylon,Gordon,Sharae,Grout,Jovan
Grout,Teresa,Daniels,Naomi,Grout,Antoine
Grout,Montana,Gordon,Sharae,Grout,Jovan
Grout,Raquel,Daniels,Naomi,Grout,Antoine
Grout,Samual,Gordon,Sharae,Grout,Jovan
Grout,Yajaira,Precour,Janelle,Grout,Jarrod
Grout,Lashawn,Gordon,Sharae,Grout,Jovan
Grout,Nicole,Precour,Janelle,Grout,Jarrod
Grout,Jerome,Ride,Bryn,Grout,Gannon
Grout,Charity,Precour,Janelle,Grout,Jarrod
Grout,Maurice,Ride,Bryn,Grout,Gannon
Grout,Corinne,Precour,Janelle,Grout,Jarrod
Grout,Kyler,Precour,Janelle,Grout,Jarrod
Grout,Savanah,Precour,Janelle,Grout,Jarrod
Grout,Alfonso,Precour,Janelle,Grout,Jarrod
Grout,Sandra,Precour,Janelle,Grout,Jarrod
Grout,Irvin,Precour,Janelle,Grout,Jarrod
Grout,Queen,Precour,Janelle,Grout,Jarrod
Grout,Lamonte,Precour,Lillian,Grout,Izaiah
Grout,Yvette,Precour,Lillian,Grout,Izaiah
Grout,Keaton,Precour,Lillian,Grout,Izaiah
Grout,Nathalie,Precour,Lillian,Grout,Izaiah
Grout,Sam,Precour,Lillian,Grout,Izaiah
Grout,Summer,Precour,Lillian,Grout,Izaiah
Grout,Eberardo,Precour,Lillian,Grout,Izaiah
Grout,Shamaria,Precour,Lillian,Grout,Izaiah
Grout,Latrell,Precour,Lillian,Grout,Izaiah
Grout,Tristin,Precour,Lillian,Grout,Izaiah
Grout,Francesco,Precour,Lillian,Grout,Izaiah
Grout,Colby,Precour,Lillian,Grout,Izaiah
Grout,Gustavo,Precour,Lillian,Grout,Izaiah
Precour,Carmela,Grout,Allana,Precour,Maliki
Grout,Daryl,Precour,Lillian,Grout,Izaiah
Precour,Krystan,Grout,Allana,Precour,Maliki
Precour,Latrell,Grout,Allana,Precour,Maliki
Precour,Yasmin,Grout,Allana,Precour,Maliki
Precour,Brett,Grout,Allana,Precour,Maliki
Precour,Audra,Grout,Allana,Precour,Maliki
Precour,Raul,Grout,Allana,Precour,Maliki
Precour,Myesha,Grout,Allana,Precour,Maliki
Precour,Daron,Grout,Allana,Precour,Maliki
Precour,Chantel,Grout,Allana,Precour,Maliki
Precour,Neftaly,Grout,Allana,Precour,Maliki
Precour,Daphne,Grout,Allana,Precour,Maliki
Precour,Jaylan,Grout,Allana,Precour,Maliki
Precour,Rosalinda,Grout,Allana,Precour,Maliki
Precour,Issac,Grout,Allana,Precour,Maliki
Precour,Tatyana,Grout,Rebecca,Precour,Jamison
Precour,Keanu,Grout,Allana,Precour,Maliki
Precour,Jalen,Grout,Rebecca,Precour,Jamison
Precour,Jamari,Grout,Allana,Precour,Maliki
Precour,Precious,Grout,Rebecca,Precour,Jamison
Precour,Francis,Grout,Allana,Precour,Maliki
Precour,Chandler,Grout,Rebecca,Precour,Jamison
Precour,Omar,Grout,Allana,Precour,Maliki
Precour,Clare,Grout,Rebecca,Precour,Jamison
Precour,Nick,Grout,Rebecca,Precour,Jamison
Precour,Anna,Grout,Rebecca,Precour,Jamison
Precour,Jon,Grout,Rebecca,Precour,Jamison
Precour,Arielle,Grout,Rebecca,Precour,Jamison
Precour,Gilberto,Grout,Rebecca,Precour,Jamison
Precour,Julia,Grout,Rebecca,Precour,Jamison
Precour,Agustin,Grout,Rebecca,Precour,Jamison
Precour,Yvonne,Grout,Rebecca,Precour,Jamison
Precour,Kameron,Grout,Rebecca,Precour,Jamison
Precour,Anisha,Grout,Samantha,Precour,Jason
Precour,Quinn,Grout,Rebecca,Precour,Jamison
Precour,Raquel,Grout,Samantha,Precour,Jason
Precour,Michal,Grout,Rebecca,Precour,Jamison
Precour,Esmeralda,Grout,Samantha,Precour,Jason
Precour,Britton,Grout,Rebecca,Precour,Jamison
Precour,Kassandra,Grout,Samantha,Precour,Jason
Precour,Sebastien,Grout,Samantha,Precour,Jason
Precour,Lea,Grout,Samantha,Precour,Jason
Precour,Elliott,Grout,Samantha,Precour,Jason
Precour,Blaine,Grout,Samantha,Precour,Jason
Precour,Anthoni,Grout,Samantha,Precour,Jason
Precour,Kyndra,Grout,Samantha,Precour,Jason
Precour,Stephanie,Grout,Samantha,Precour,Jason
Precour,Jill,Grout,Samantha,Precour,Jason
Precour,Ervin,Grout,Samantha,Precour,Jason
Precour,Toni,Grout,Kaela,Precour,Cruz
Precour,Jasen,Grout,Samantha,Precour,Jason
Precour,Kristine,Grout,Kaela,Precour,Cruz
Precour,Benny,Grout,Samantha,Precour,Jason
Precour,Angel,Grout,Kaela,Precour,Cruz
Precour,Tad,Grout,Samantha,Precour,Jason
Precour,Jayme,Grout,Ruby,Precour,Charly
Precour,Seamus,Grout,Samantha,Precour,Jason
Precour,Bryn,Grout,Ruby,Precour,Charly
Precour,Kareem,Grout,Samantha,Precour,Jason
Precour,Devonna,Grout,Ruby,Precour,Charly
Precour,Kieran,Grout,Kaela,Precour,Cruz
Precour,Darcie,Grout,Ruby,Precour,Charly
Precour,Bobby,Grout,Kaela,Precour,Cruz
Precour,Breeanna,Grout,Ruby,Precour,Charly
Precour,Malachi,Grout,Kaela,Precour,Cruz
Precour,Kaitlyn,Grout,Ruby,Precour,Charly
Precour,Trentin,Grout,Kaela,Precour,Cruz
Precour,Haleigh,Grout,Elida,Precour,Demarcus
Precour,Yovani,Grout,Kaela,Precour,Cruz
Precour,Allyson,Grout,Elida,Precour,Demarcus
Precour,Elvin,Grout,Kaela,Precour,Cruz
Precour,Leslie,Grout,Elida,Precour,Demarcus
Precour,Marshall,Grout,Kaela,Precour,Cruz
Precour,Yajaira,Grout,Elida,Precour,Demarcus
Precour,Devin,Grout,Kaela,Precour,Cruz
Precour,Mollie,Grout,Elida,Precour,Demarcus
Precour,Damian,Grout,Ruby,Precour,Charly
Precour,Deanna,Grout,Elida,Precour,Demarcus
Precour,Frederic,Grout,Ruby,Precour,Charly
Precour,Darby,Grout,Elida,Precour,Demarcus
Precour,Bjorn,Grout,Ruby,Precour,Charly
Precour,Lesly,Grout,Elida,Precour,Demarcus
Precour,Lane,Grout,Ruby,Precour,Charly
Precour,Yesenia,Grout,Elida,Precour,Demarcus
Precour,Jonah,Grout,Elida,Precour,Demarcus
Precour,Gilda,Grout,Elida,Precour,Demarcus
Precour,Edwin,Grout,Elida,Precour,Demarcus
Precour,Beatriz,Grout,Elida,Precour,Demarcus
Precour,Trae,Grout,Elida,Precour,Demarcus
Precour,Blake,Grout,Elida,Precour,Demarcus
Precour,Arjun,Grout,Elana,Precour,Wade
Precour,Deja,Grout,Elida,Precour,Demarcus
Precour,Jared,Grout,Elana,Precour,Wade
Precour,Lora,Grout,Elida,Precour,Demarcus
Precour,Andrew,Grout,Elana,Precour,Wade
Precour,Bryana,Grout,Elana,Precour,Wade
Precour,Frankie,Grout,Elana,Precour,Wade
Precour,Mackenna,Grout,Elana,Precour,Wade
Precour,Brent,Grout,Elana,Precour,Wade
Precour,Madison,Grout,Elana,Precour,Wade
Precour,Brandon,Grout,Elana,Precour,Wade
Precour,Jacklyn,Grout,Elana,Precour,Wade
Precour,Kevin,Grout,Elana,Precour,Wade
Precour,Tasha,Grout,Elana,Precour,Wade
Precour,Mathieu,Grout,Elana,Precour,Wade
Precour,Bailee,Grout,Elana,Precour,Wade
Truman,Migel,Grout,Yaritza,Truman,Gilberto
Precour,Ali,Grout,Elana,Precour,Wade
Truman,Nathanael,Grout,Yaritza,Truman,Gilberto
Precour,Asia,Grout,Elana,Precour,Wade
Truman,Lamar,Grout,Yaritza,Truman,Gilberto
Precour,Austin,Grout,Elana,Precour,Wade
Truman,Shelby,Grout,Yaritza,Truman,Gilberto
Precour,Alison,Grout,Elana,Precour,Wade
Truman,Jacques,Grout,Carol,Truman,Coleman
Precour,Makenzi,Grout,Elana,Precour,Wade
Truman,Morgan,Grout,Carol,Truman,Coleman
Precour,Kristian,Grout,Elana,Precour,Wade
Truman,Micheal,Grout,Carol,Truman,Coleman
Truman,Chyanne,Grout,Carol,Truman,Coleman
Truman,Mariano,Grout,Carol,Truman,Coleman
Truman,Deja,Grout,Carol,Truman,Coleman
Truman,Tylar,Grout,Carol,Truman,Coleman
Truman,Sky,Grout,Carol,Truman,Coleman
Truman,Fredrick,Grout,Carol,Truman,Coleman
Truman,Emma,Grout,Carol,Truman,Coleman
Truman,Nathaniel,Grout,Estefania,Truman,Benjamin
Truman,Estrella,Grout,Carol,Truman,Coleman
Truman,Garrick,Grout,Estefania,Truman,Benjamin
Truman,Heidy,Grout,Carol,Truman,Coleman
Truman,Deante,Grout,Estefania,Truman,Benjamin
Truman,Tatianna,Grout,Estefania,Truman,Benjamin
Truman,Gideon,Grout,Estefania,Truman,Benjamin
Truman,Anastasia,Grout,Estefania,Truman,Benjamin
Truman,Elijah,Grout,Estefania,Truman,Benjamin
Truman,Arielle,Grout,Estefania,Truman,Benjamin
Truman,Salvatore,Grout,Estefania,Truman,Benjamin
Truman,Melissa,Grout,Estefania,Truman,Benjamin
Truman,Houston,Grout,Estefania,Truman,Benjamin
Truman,Kenyetta,Grout,Estefania,Truman,Benjamin
Truman,Tarik,Grout,Estefania,Truman,Benjamin
Truman,Claire,Grout,Estefania,Truman,Benjamin
Truman,Cesar,Grout,Estefania,Truman,Benjamin
Truman,Samantha,Grout,Estefania,Truman,Benjamin
Truman,Toby,Grout,Estefania,Truman,Benjamin
Truman,Celeste,Grout,Dominique,Truman,Dashane
Truman,Miles,Grout,Dominique,Truman,Dashane
Truman,Liliana,Grout,Dominique,Truman,Dashane
Truman,Jamari,Grout,Dominique,Truman,Dashane
Truman,Roxanne,Grout,Dominique,Truman,Dashane
Truman,Darrin,Grout,Dominique,Truman,Dashane
Truman,Holli,Grout,Dominique,Truman,Dashane
Truman,Tysen,Grout,Dominique,Truman,Dashane
Truman,Daphne,Precour,Shiann,Truman,Brendan
Truman,Andrew,Grout,Dominique,Truman,Dashane
Truman,Janell,Precour,Shiann,Truman,Brendan
Truman,Hugh,Grout,Dominique,Truman,Dashane
Truman,Connie,Precour,Shiann,Truman,Brendan
Truman,Mitchell,Grout,Dominique,Truman,Dashane
Truman,Lilian,Precour,Shiann,Truman,Brendan
Truman,Keith,Precour,Shiann,Truman,Brendan
Truman,Fiona,Precour,Carolina,Truman,Arturo
Truman,Dakota,Precour,Shiann,Truman,Brendan
Truman,Jana,Precour,Carolina,Truman,Arturo
Truman,Gene,Precour,Carolina,Truman,Arturo
Truman,Mileena,Precour,Carolina,Truman,Arturo
Truman,Braydon,Precour,Maribel,Truman,Moshe
Truman,Alondra,Precour,Maribel,Truman,Moshe
Truman,Joe,Precour,Maribel,Truman,Moshe
Truman,Kyndra,Precour,Maribel,Truman,Moshe
Truman,Walker,Precour,Maribel,Truman,Moshe
Truman,Carolina,Precour,Yadira,Truman,Terrell
Truman,Randy,Precour,Maribel,Truman,Moshe
Truman,Roxana,Precour,Yadira,Truman,Terrell
Truman,Craig,Precour,Maribel,Truman,Moshe
Truman,Kasey,Precour,Yadira,Truman,Terrell
Truman,Olivier,Precour,Yadira,Truman,Terrell
Truman,Lila,Precour,Yadira,Truman,Terrell
Truman,Campbell,Precour,Yadira,Truman,Terrell
Truman,Abigail,Precour,Yadira,Truman,Terrell
Truman,Ivan,Precour,Yadira,Truman,Terrell
Truman,Makenzie,Precour,Yadira,Truman,Terrell
Truman,Dillon,Precour,Yadira,Truman,Terrell
Truman,Alysa,Precour,Yadira,Truman,Terrell
Truman,Ryland,Precour,Yadira,Truman,Terrell
Truman,Maryanna,Culbertson,Britni,Truman,Cory
Truman,Jarvis,Precour,Yadira,Truman,Terrell
Truman,Jill,Culbertson,Britni,Truman,Cory
Truman,Dalton,Precour,Yadira,Truman,Terrell
Truman,Krista,Culbertson,Britni,Truman,Cory
Truman,Danny,Precour,Yadira,Truman,Terrell
Truman,Laurel,Culbertson,Britni,Truman,Cory
Truman,Mark,Precour,Yadira,Truman,Terrell
Truman,Jaylynn,Culbertson,Britni,Truman,Cory
Truman,Peyton,Precour,Yadira,Truman,Terrell
Truman,Shakira,Culbertson,Britni,Truman,Cory
Truman,Deangelo,Culbertson,Britni,Truman,Cory
Truman,Klarisa,Culbertson,Aubree,Truman,Irfan
Truman,Xavier,Culbertson,Britni,Truman,Cory
Truman,Shea,Culbertson,Aubree,Truman,Irfan
Truman,Mitchel,Culbertson,Britni,Truman,Cory
Truman,Esther,Culbertson,Aubree,Truman,Irfan
Truman,Keon,Culbertson,Britni,Truman,Cory
Truman,Carmela,Culbertson,Aubree,Truman,Irfan
Truman,Yair,Culbertson,Britni,Truman,Cory
Truman,Mariela,Culbertson,Aubree,Truman,Irfan
Truman,Sydney,Culbertson,Britni,Truman,Cory
Truman,Ceaira,Culbertson,Aubree,Truman,Irfan
Truman,Ron,Culbertson,Britni,Truman,Cory
Culbertson,Jackie,Truman,Bria,Culbertson,Irvin
Truman,Wesley,Culbertson,Britni,Truman,Cory
Culbertson,Celina,Truman,Yoana,Culbertson,Scott
Truman,Tristin,Culbertson,Britni,Truman,Cory
Culbertson,Siera,Truman,Yoana,Culbertson,Scott
Truman,Alfred,Culbertson,Britni,Truman,Cory
Culbertson,Rochelle,Truman,Yoana,Culbertson,Scott
Truman,Nicholaus,Culbertson,Britni,Truman,Cory
Culbertson,Krystle,Truman,Stephanie,Culbertson,Dustin
Truman,Dwayne,Culbertson,Aubree,Truman,Irfan
Culbertson,Kyra,Truman,Stephanie,Culbertson,Dustin
Truman,Casey,Culbertson,Aubree,Truman,Irfan
Culbertson,Victoria,Truman,Evelin,Culbertson,Edgar
Truman,Jamal,Culbertson,Aubree,Truman,Irfan
Culbertson,Tatiana,Truman,Evelin,Culbertson,Edgar
Truman,Tristan,Culbertson,Aubree,Truman,Irfan
Culbertson,Chelsie,Truman,Evelin,Culbertson,Edgar
Truman,Pablo,Culbertson,Aubree,Truman,Irfan
Culbertson,Amberly,Truman,Evelin,Culbertson,Edgar
Truman,Terron,Culbertson,Aubree,Truman,Irfan
Culbertson,Tianna,Truman,Evelin,Culbertson,Edgar
Truman,Marcos,Culbertson,Aubree,Truman,Irfan
Culbertson,Noel,Truman,Evelin,Culbertson,Edgar
Culbertson,Trey,Truman,Bria,Culbertson,Irvin
Culbertson,Kailee,Truman,Evelin,Culbertson,Edgar
Culbertson,Matthew,Truman,Bria,Culbertson,Irvin
Culbertson,Jordyn,Truman,Evelin,Culbertson,Edgar
Culbertson,Jayce,Truman,Bria,Culbertson,Irvin
Culbertson,Kyla,Truman,Evelin,Culbertson,Edgar
Culbertson,Edwin,Truman,Yoana,Culbertson,Scott
Culbertson,Hallie,Truman,Evelin,Culbertson,Edgar
Culbertson,Zakery,Truman,Yoana,Culbertson,Scott
Culbertson,Niki,Truman,Evelin,Culbertson,Edgar
Culbertson,Kylan,Truman,Yoana,Culbertson,Scott
Culbertson,Mollie,Truman,Evelin,Culbertson,Edgar
Culbertson,Maxwell,Truman,Yoana,Culbertson,Scott
Culbertson,Susana,Truman,Evelin,Culbertson,Edgar
Culbertson,Jaylin,Truman,Stephanie,Culbertson,Dustin
Culbertson,Elizabet,Truman,Evelin,Culbertson,Edgar
Culbertson,Yovani,Truman,Evelin,Culbertson,Edgar
Culbertson,Macie,Truman,Evelin,Culbertson,Edgar
Culbertson,Toby,Truman,Evelin,Culbertson,Edgar
Culbertson,Aesha,Truman,Evelin,Culbertson,Edgar
Culbertson,Zackery,Truman,Evelin,Culbertson,Edgar
Culbertson,Becca,Truman,Julianna,Culbertson,Kelton
Culbertson,Jason,Truman,Julianna,Culbertson,Kelton
Culbertson,Idaly,Truman,Julianna,Culbertson,Kelton
Culbertson,Jamari,Truman,Julianna,Culbertson,Kelton
Culbertson,Monika,Truman,Julianna,Culbertson,Kelton
Culbertson,Isaac,Truman,Julianna,Culbertson,Kelton
Culbertson,Cassidy,Truman,Julianna,Culbertson,Kelton
Culbertson,Brady,Truman,Julianna,Culbertson,Kelton
Culbertson,Abbey,Truman,Julianna,Culbertson,Kelton
Culbertson,Jeffrey,Truman,Julianna,Culbertson,Kelton
Culbertson,Violet,Truman,Vanessa,Culbertson,Kenyon
Culbertson,Leroy,Truman,Julianna,Culbertson,Kelton
Culbertson,Quinn,Truman,Vanessa,Culbertson,Kenyon
Culbertson,Ulysses,Truman,Julianna,Culbertson,Kelton
Culbertson,Maureen,Truman,Vanessa,Culbertson,Kenyon
Culbertson,Wilmer,Truman,Julianna,Culbertson,Kelton
Culbertson,Vera,Truman,Vanessa,Culbertson,Kenyon
Culbertson,Alden,Truman,Julianna,Culbertson,Kelton
Culbertson,Kourtney,Truman,Vanessa,Culbertson,Kenyon
Culbertson,Bradly,Truman,Vanessa,Culbertson,Kenyon
Culbertson,Michelle,Truman,Vanessa,Culbertson,Kenyon
Culbertson,Marcanthon,Truman,Vanessa,Culbertson,Kenyon
Culbertson,Stephany,Truman,Marli,Culbertson,Addison
Culbertson,Damion,Truman,Vanessa,Culbertson,Kenyon
Culbertson,Catalina,Truman,Marli,Culbertson,Addison
Culbertson,Harrison,Truman,Vanessa,Culbertson,Kenyon
Culbertson,Julianna,Truman,Marli,Culbertson,Addison
Culbertson,Neal,Truman,Vanessa,Culbertson,Kenyon
Culbertson,Sydney,Truman,Marli,Culbertson,Addison
Culbertson,Dane,Truman,Vanessa,Culbertson,Kenyon
Culbertson,Dajanae,Truman,Marli,Culbertson,Addison
Culbertson,Evan,Truman,Marli,Culbertson,Addison
Culbertson,Diane,Truman,Katie,Culbertson,Calib
Culbertson,Sebastian,Truman,Marli,Culbertson,Addison
Culbertson,Elsa,Truman,Katie,Culbertson,Calib
Culbertson,Tyson,Truman,Marli,Culbertson,Addison
Culbertson,Christie,Truman,Katie,Culbertson,Calib
Culbertson,Shayne,Truman,Marli,Culbertson,Addison
Culbertson,Lexy,Truman,Katie,Culbertson,Calib
Culbertson,Riley,Truman,Katie,Culbertson,Calib
Culbertson,Kyle,Truman,Katie,Culbertson,Calib
Culbertson,Conor,Truman,Katie,Culbertson,Calib
Culbertson,Tori,Truman,Katie,Culbertson,Calib
Culbertson,Carlos,Truman,Katie,Culbertson,Calib
Culbertson,Jaimie,Truman,Katie,Culbertson,Calib
Culbertson,Tylor,Truman,Katie,Culbertson,Calib
Culbertson,Justice,Truman,Katie,Culbertson,Calib
Culbertson,Issac,Truman,Katie,Culbertson,Calib
Culbertson,Danika,Hawley,Leeann,Culbertson,Manuel
Culbertson,Justin,Hawley,Leeann,Culbertson,Manuel
Culbertson,Zoey,Hawley,Leeann,Culbertson,Manuel
Culbertson,Caleb,Hawley,Leeann,Culbertson,Manuel
Culbertson,Lea,Hawley,Hunter,Culbertson,Lars
Culbertson,Christophe,Hawley,Leeann,Culbertson,Manuel
Culbertson,Maura,Hawley,Hunter,Culbertson,Lars
Culbertson,Josie,Hawley,Leeann,Culbertson,Manuel
Culbertson,Kate,Hawley,Hunter,Culbertson,Lars
Culbertson,Rashaun,Hawley,Leeann,Culbertson,Manuel
Culbertson,Katheryn,Hawley,Hunter,Culbertson,Lars
Culbertson,Gage,Hawley,Leeann,Culbertson,Manuel
Culbertson,Elisa,Hawley,Hunter,Culbertson,Lars
Culbertson,Daxton,Hawley,Hunter,Culbertson,Lars
Culbertson,Leandra,Hawley,Hunter,Culbertson,Lars
Culbertson,Timothy,Hawley,Hunter,Culbertson,Lars
Culbertson,Janae,Hawley,Hunter,Culbertson,Lars
Culbertson,Barry,Hawley,Hunter,Culbertson,Lars
Hawley,Shania,Culbertson,Shayna,Hawley,Kenyon
Culbertson,Oneil,Hawley,Hunter,Culbertson,Lars
Hawley,Sadie,Culbertson,Shayna,Hawley,Kenyon
Culbertson,Talon,Hawley,Hunter,Culbertson,Lars
Hawley,Dasia,Culbertson,Shayna,Hawley,Kenyon
Culbertson,Benjamen,Hawley,Hunter,Culbertson,Lars
Hawley,Tierra,Culbertson,Shayna,Hawley,Kenyon
Culbertson,Gary,Hawley,Hunter,Culbertson,Lars
Hawley,Jhane,Culbertson,Shayna,Hawley,Kenyon
Hawley,Phillip,Culbertson,Shayna,Hawley,Kenyon
Hawley,Kate,Culbertson,Shayna,Hawley,Kenyon
Hawley,Chris,Culbertson,Shayna,Hawley,Kenyon
Hawley,Ashlyn,Culbertson,Shayna,Hawley,Kenyon
Hawley,Simon,Culbertson,Shayna,Hawley,Kenyon
Hawley,Amberly,Culbertson,Shayna,Hawley,Kenyon
Hawley,Erin,Culbertson,Shayna,Hawley,Kenyon
Hawley,Sarahi,Culbertson,Ashanti,Hawley,Dangelo
Hawley,Michel,Culbertson,Shayna,Hawley,Kenyon
Hawley,Rocio,Culbertson,Ashanti,Hawley,Dangelo
Hawley,Caleb,Culbertson,Shayna,Hawley,Kenyon
Hawley,Madison,Culbertson,Ashanti,Hawley,Dangelo
Hawley,Jasen,Culbertson,Shayna,Hawley,Kenyon
Hawley,Mariam,Culbertson,Ashanti,Hawley,Dangelo
Hawley,Moises,Culbertson,Shayna,Hawley,Kenyon
Hawley,Juliette,Culbertson,Isadora,Hawley,Ethan
Hawley,Gene,Culbertson,Shayna,Hawley,Kenyon
Hawley,Joan,Culbertson,Isadora,Hawley,Ethan
Hawley,Cody,Culbertson,Ashanti,Hawley,Dangelo
Hawley,Scarlett,Culbertson,Isadora,Hawley,Ethan
Hawley,Dayton,Culbertson,Isadora,Hawley,Ethan
Hawley,Kiarra,Culbertson,Isadora,Hawley,Ethan
Hawley,Daquan,Culbertson,Isadora,Hawley,Ethan
Hawley,Jori,Culbertson,Isadora,Hawley,Ethan
Hawley,Michal,Culbertson,Isadora,Hawley,Ethan
Hawley,Nicole,Culbertson,Isadora,Hawley,Ethan
Hawley,Shelby,Culbertson,Isadora,Hawley,Ethan
Hawley,Maryanna,Culbertson,Isadora,Hawley,Ethan
Hawley,Arthur,Culbertson,Isadora,Hawley,Ethan
Hawley,Leslie,Culbertson,Isadora,Hawley,Ethan
Hawley,Ronald,Culbertson,Isadora,Hawley,Ethan
Hawley,Siera,Culbertson,Ryann,Hawley,Walker
Hawley,Drake,Culbertson,Isadora,Hawley,Ethan
Hawley,Marie,Culbertson,Ryann,Hawley,Walker
Hawley,Kelvin,Culbertson,Isadora,Hawley,Ethan
Hawley,Jazmine,Culbertson,Ryann,Hawley,Walker
Hawley,Rory,Culbertson,Isadora,Hawley,Ethan
Hawley,Stacey,Culbertson,Ryann,Hawley,Walker
Hawley,Riley,Culbertson,Isadora,Hawley,Ethan
Hawley,Alisia,Culbertson,Ryann,Hawley,Walker
Hawley,Callum,Culbertson,Ryann,Hawley,Walker
Hawley,Anamarie,Culbertson,Ryann,Hawley,Walker
Hawley,Terance,Culbertson,Ryann,Hawley,Walker
Hawley,Claire,Culbertson,Ryann,Hawley,Walker
Hawley,Clifford,Culbertson,Ryann,Hawley,Walker
Hawley,Berenice,Culbertson,Ryann,Hawley,Walker
Hawley,Max,Culbertson,Ryann,Hawley,Walker
Hawley,Lynn,Culbertson,Libby,Hawley,Craig
Hawley,Treshaun,Culbertson,Ryann,Hawley,Walker
Hawley,Dajanae,Culbertson,Libby,Hawley,Craig
Hawley,Coy,Culbertson,Ryann,Hawley,Walker
Hawley,Selina,Culbertson,Libby,Hawley,Craig
Hawley,Larry,Culbertson,Ryann,Hawley,Walker
Hawley,Marlene,Culbertson,Libby,Hawley,Craig
Hawley,Malcolm,Culbertson,Ryann,Hawley,Walker
Hawley,Kacie,Culbertson,Libby,Hawley,Craig
Hawley,Kristopher,Culbertson,Ryann,Hawley,Walker
Hawley,Kacey,Culbertson,Libby,Hawley,Craig
Hawley,Raekwon,Culbertson,Ryann,Hawley,Walker
Hawley,Jaymee,Carter,Allana,Hawley,Damion
Hawley,Jairo,Culbertson,Libby,Hawley,Craig
Hawley,Rebeca,Carter,Allana,Hawley,Damion
Hawley,Austen,Culbertson,Libby,Hawley,Craig
Hawley,Kamri,Carter,Allana,Hawley,Damion
Hawley,Domonic,Carter,Allana,Hawley,Damion
Hawley,Leigh,Carter,Allana,Hawley,Damion
Hawley,Sheldon,Carter,Allana,Hawley,Damion
Hawley,Jania,Carter,Allana,Hawley,Damion
Hawley,Shlomo,Carter,Allana,Hawley,Damion
Hawley,Suzanna,Carter,Jamie,Hawley,Moshe
Hawley,Deangelo,Carter,Allana,Hawley,Damion
Hawley,Kayla,Carter,Jamie,Hawley,Moshe
Hawley,Alvaro,Carter,Allana,Hawley,Damion
Hawley,Micaela,Carter,Jamie,Hawley,Moshe
Hawley,Elmer,Carter,Allana,Hawley,Damion
Hawley,Ivana,Carter,Jamie,Hawley,Moshe
Hawley,Forrest,Carter,Allana,Hawley,Damion
Hawley,Brieanna,Carter,Jenna,Hawley,Maximillia
Hawley,Trevor,Carter,Jamie,Hawley,Moshe
Hawley,Caroline,Carter,Jenna,Hawley,Maximillia
Hawley,Israel,Carter,Jamie,Hawley,Moshe
Hawley,Ceaira,Carter,Jenna,Hawley,Maximillia
Hawley,Anthony,Carter,Jamie,Hawley,Moshe
Hawley,Taryn,Carter,Jenna,Hawley,Maximillia
Hawley,Gavin,Carter,Jamie,Hawley,Moshe
Hawley,Lydia,Carter,Jenna,Hawley,Maximillia
Hawley,Tyler,Carter,Jamie,Hawley,Moshe
Hawley,Jena,Carter,Jenna,Hawley,Maximillia
Hawley,Austyn,Carter,Jamie,Hawley,Moshe
Hawley,Cecelia,Carter,Caitlin,Hawley,Lukas
Hawley,Kasey,Carter,Jenna,Hawley,Maximillia
Hawley,Esther,Carter,Caitlin,Hawley,Lukas
Hawley,Ramiro,Carter,Jenna,Hawley,Maximillia
Hawley,Jeanna,Carter,Caitlin,Hawley,Lukas
Hawley,Lane,Carter,Jenna,Hawley,Maximillia
Hawley,Jessika,Carter,Caitlin,Hawley,Lukas
Hawley,Kyler,Carter,Jenna,Hawley,Maximillia
Hawley,Bridget,Carter,Caitlin,Hawley,Lukas
Hawley,Cullen,Carter,Jenna,Hawley,Maximillia
Carter,Yesenia,Hawley,Mykayla,Carter,Edward
Hawley,Braden,Carter,Caitlin,Hawley,Lukas
Carter,Kendal,Hawley,Mykayla,Carter,Edward
Hawley,Perry,Carter,Caitlin,Hawley,Lukas
Carter,Teresa,Hawley,Mykayla,Carter,Edward
Hawley,Earl,Carter,Caitlin,Hawley,Lukas
Carter,Valerie,Hawley,Mykayla,Carter,Edward
Hawley,Lars,Carter,Caitlin,Hawley,Lukas
Carter,Fabiola,Gregory,Tiera,Carter,Ismael
Carter,Gabriel,Hawley,Mykayla,Carter,Edward
Carter,Gloria,Gregory,Tiera,Carter,Ismael
Carter,Grayson,Hawley,Mykayla,Carter,Edward
Carter,Patience,Gregory,Tiera,Carter,Ismael
Carter,Sammie,Hawley,Mykayla,Carter,Edward
Carter,Stella,Gregory,Tiera,Carter,Ismael
Carter,Santana,Hawley,Mykayla,Carter,Edward
Carter,Vera,Gregory,Tiera,Carter,Ismael
Carter,Jake,Hawley,Mykayla,Carter,Edward
Carter,Jhane,Gregory,Tiera,Carter,Ismael
Carter,Evan,Gregory,Marilyn,Carter,Daylon
Carter,Linsey,Harding,Stefanie,Carter,Earl
Carter,Destin,Gregory,Marilyn,Carter,Daylon
Carter,Chaya,Harding,Stefanie,Carter,Earl
Carter,Pierce,Gregory,Marilyn,Carter,Daylon
Carter,Jami,Harding,Stefanie,Carter,Earl
Carter,Dion,Gregory,Marilyn,Carter,Daylon
Carter,Shyla,Harding,Stefanie,Carter,Earl
Carter,Allen,Gregory,Marilyn,Carter,Daylon
Carter,Delaney,Harding,Stefanie,Carter,Earl
Carter,Ali,Gregory,Marilyn,Carter,Daylon
Carter,Paige,Harding,Stefanie,Carter,Earl
Carter,Khalil,Gregory,Tiera,Carter,Ismael
Carter,Brigid,Harding,Stefanie,Carter,Earl
Carter,Deshaun,Gregory,Tiera,Carter,Ismael
Carter,Iridian,Harding,Stefanie,Carter,Earl
Carter,Ronald,Gregory,Tiera,Carter,Ismael
Carter,Anna,Harding,Stefanie,Carter,Earl
Carter,Kristopher,Gregory,Tiera,Carter,Ismael
Carter,Sierra,Harding,Stefanie,Carter,Earl
Carter,Jasper,Gregory,Tiera,Carter,Ismael
Carter,Dorothy,Harding,Stefanie,Carter,Earl
Carter,Rhett,Gregory,Tiera,Carter,Ismael
Carter,Charlene,Harding,Mariangeli,Carter,Eberardo
Carter,Miguel,Harding,Stefanie,Carter,Earl
Carter,Sherry,Harding,Peyton,Carter,Savion
Carter,Rogelio,Harding,Stefanie,Carter,Earl
Carter,Shayla,Harding,Deyaneira,Carter,Forest
Carter,Errol,Harding,Stefanie,Carter,Earl
Carter,Elida,Harding,Deyaneira,Carter,Forest
Carter,Marques,Harding,Stefanie,Carter,Earl
Carter,Kelsee,Harding,Deyaneira,Carter,Forest
Carter,Taquan,Harding,Stefanie,Carter,Earl
Carter,Presley,Harding,Deyaneira,Carter,Forest
Carter,Tavon,Harding,Stefanie,Carter,Earl
Carter,Katelynn,Harding,Deyaneira,Carter,Forest
Carter,Darryl,Harding,Mariangeli,Carter,Eberardo
Carter,Flor,Harding,Alina,Carter,Damian
Carter,Blaine,Harding,Mariangeli,Carter,Eberardo
Carter,Karah,Harding,Alina,Carter,Damian
Carter,James,Harding,Peyton,Carter,Savion
Carter,Bree,Harding,Alina,Carter,Damian
Carter,Toby,Harding,Peyton,Carter,Savion
Carter,Jesica,Harding,Alina,Carter,Damian
Carter,Al,Harding,Deyaneira,Carter,Forest
Gregory,Brittney,Carter,Maisie,Gregory,Luciano
Carter,Rey,Harding,Deyaneira,Carter,Forest
Gregory,Kaylie,Carter,Maisie,Gregory,Luciano
Carter,Braydon,Harding,Deyaneira,Carter,Forest
Gregory,Tamra,Carter,Maisie,Gregory,Luciano
Carter,Maleek,Harding,Deyaneira,Carter,Forest
Gregory,Makenna,Carter,Bertha,Gregory,Stephon
Carter,Everett,Harding,Alina,Carter,Damian
Gregory,Taryn,Carter,Bertha,Gregory,Stephon
Carter,Wanya,Harding,Alina,Carter,Damian
Gregory,Colby,Carter,Bertha,Gregory,Stephon
Carter,Eugene,Harding,Alina,Carter,Damian
Gregory,Noel,Carter,Bertha,Gregory,Stephon
Carter,Landen,Harding,Alina,Carter,Damian
Gregory,Anita,Carter,Bertha,Gregory,Stephon
Carter,Reginald,Harding,Alina,Carter,Damian
Gregory,Darian,Carter,Bertha,Gregory,Stephon
Carter,Larry,Harding,Alina,Carter,Damian
Gregory,Caroline,Carter,Bertha,Gregory,Stephon
Carter,Forrest,Harding,Alina,Carter,Damian
Gregory,Melisa,Harding,Gabriela,Gregory,Dantae
Gregory,Raheem,Carter,Maisie,Gregory,Luciano
Gregory,Loni,Harding,Gabriela,Gregory,Dantae
Gregory,Elvin,Carter,Bertha,Gregory,Stephon
Gregory,Irma,Harding,Gabriela,Gregory,Dantae
Gregory,Jessee,Carter,Bertha,Gregory,Stephon
Gregory,Cassidy,Harding,Gabriela,Gregory,Dantae
Gregory,Moshe,Carter,Bertha,Gregory,Stephon
Gregory,Brionna,Harding,Gabriela,Gregory,Dantae
Gregory,Deanthony,Carter,Bertha,Gregory,Stephon
Gregory,Rachael,Harding,Gabriela,Gregory,Dantae
Gregory,Layne,Carter,Bertha,Gregory,Stephon
Gregory,Quinn,Harding,Gabriela,Gregory,Dantae
Gregory,Dashane,Harding,Gabriela,Gregory,Dantae
Gregory,Helen,Harding,Gabriela,Gregory,Dantae
Gregory,Gideon,Harding,Gabriela,Gregory,Dantae
Gregory,Samira,Harding,Gabriela,Gregory,Dantae
Gregory,Montana,Harding,Gabriela,Gregory,Dantae
Gregory,Anisha,Harding,Gabriela,Gregory,Dantae
Gregory,Deondre,Harding,Gabriela,Gregory,Dantae
Gregory,Alexandria,Harding,Gabriela,Gregory,Dantae
Gregory,Frederick,Harding,Gabriela,Gregory,Dantae
Gregory,Kaina,Harding,Gabriela,Gregory,Dantae
Gregory,Allan,Harding,Michele,Gregory,Asa
Gregory,Graciela,Harding,Gabriela,Gregory,Dantae
Gregory,Pablo,Harding,Michele,Gregory,Asa
Gregory,Sheyla,Harding,Gabriela,Gregory,Dantae
Gregory,Michael,Harding,Michele,Gregory,Asa
Gregory,Yvonne,Harding,Gabriela,Gregory,Dantae
Gregory,Sebastian,Harding,Michele,Gregory,Asa
Gregory,Cherokee,Harding,Michele,Gregory,Asa
Gregory,Seamus,Harding,Leanna,Gregory,Garrison
Gregory,Christian,Harding,Michele,Gregory,Asa
Gregory,Trent,Harding,Leanna,Gregory,Garrison
Gregory,Stacy,Harding,Michele,Gregory,Asa
Gregory,Kolton,Harding,Leanna,Gregory,Garrison
Gregory,Abbie,Harding,Michele,Gregory,Asa
Gregory,Devin,Harding,Ashton,Gregory,Sawyer
Gregory,Alysia,Harding,Michele,Gregory,Asa
Gregory,Jordin,Harding,Ashton,Gregory,Sawyer
Gregory,Breann,Harding,Michele,Gregory,Asa
Gregory,Corbin,Harding,Ashton,Gregory,Sawyer
Gregory,Rebekkah,Harding,Leanna,Gregory,Garrison
Gregory,Deontae,Harding,Ashton,Gregory,Sawyer
Gregory,Esmeralda,Harding,Leanna,Gregory,Garrison
Gregory,Wylie,Harding,Ashton,Gregory,Sawyer
Gregory,Ellen,Harding,Leanna,Gregory,Garrison
Gregory,Tracy,Harding,Ashton,Gregory,Sawyer
Gregory,Alisha,Harding,Ashton,Gregory,Sawyer
Gregory,Junior,Harding,Ashton,Gregory,Sawyer
Gregory,Kamri,Harding,Ashton,Gregory,Sawyer
Gregory,Matthew,Harding,Ashton,Gregory,Sawyer
Gregory,Emilie,Harding,Ashton,Gregory,Sawyer
Gregory,Jayce,Harding,Ashton,Gregory,Sawyer
Gregory,Sean,Harding,Ashton,Gregory,Sawyer
Gregory,Gunnar,Harding,Ashton,Gregory,Sawyer
Gregory,Valerie,Harding,Ashton,Gregory,Sawyer
Gregory,Clay,Searfoss,Skyler,Gregory,Zane
Gregory,Ashlee,Harding,Ashton,Gregory,Sawyer
Gregory,Willis,Searfoss,Skyler,Gregory,Zane
Gregory,Gabrielle,Harding,Ashton,Gregory,Sawyer
Harding,Nigel,Searfoss,Ashlynn,Harding,Raekwon
Gregory,Kristy,Harding,Ashton,Gregory,Sawyer
Harding,Jackson,Searfoss,Ashlynn,Harding,Raekwon
Gregory,Cherie,Searfoss,Skyler,Gregory,Zane
Harding,Dante,Searfoss,Ashlynn,Harding,Raekwon
Harding,Connie,Searfoss,Ashlynn,Harding,Raekwon
Harding,Liam,Searfoss,Ashlynn,Harding,Raekwon
Harding,Callie,Searfoss,Ashlynn,Harding,Raekwon
Harding,Tavon,Searfoss,Ashlynn,Harding,Raekwon
Harding,Kaira,Searfoss,Ashlynn,Harding,Raekwon
Harding,Mohammad,Searfoss,Ashlynn,Harding,Raekwon
Harding,Shaylee,Searfoss,Ashlynn,Harding,Raekwon
Harding,Darien,Searfoss,Ashlynn,Harding,Raekwon
Harding,Meghan,Searfoss,Ashlynn,Harding,Raekwon
Harding,Willie,Searfoss,Alannah,Harding,Ross
Harding,Chantelle,Searfoss,Ashlynn,Harding,Raekwon
Harding,Joan,Searfoss,Alannah,Harding,Ross
Harding,Gabriel,Searfoss,Ashlynn,Harding,Raekwon
Harding,Elmer,Searfoss,Alannah,Harding,Ross
Harding,Lizette,Searfoss,Ashlynn,Harding,Raekwon
Harding,Carson,Searfoss,Alannah,Harding,Ross
Harding,Ilana,Searfoss,Ashlynn,Harding,Raekwon
Harding,Denzel,Searfoss,Alannah,Harding,Ross
Harding,Aleah,Searfoss,Ashlynn,Harding,Raekwon
Harding,Maurice,Searfoss,Alannah,Harding,Ross
Harding,Chanel,Searfoss,Ashlynn,Harding,Raekwon
Harding,Alexandro,Searfoss,Alannah,Harding,Ross
Harding,Kendyl,Searfoss,Ashlynn,Harding,Raekwon
Harding,Derek,Searfoss,Alannah,Harding,Ross
Harding,Martha,Searfoss,Ashlynn,Harding,Raekwon
Harding,Quintin,Searfoss,Alannah,Harding,Ross
Harding,Minnie,Searfoss,Alannah,Harding,Ross
Harding,Donovan,Cockrell,Abigayle,Harding,Kelsey
Harding,Sonia,Searfoss,Alannah,Harding,Ross
Harding,Courtney,Cockrell,Abigayle,Harding,Kelsey
Harding,Yajayra,Searfoss,Alannah,Harding,Ross
Harding,Cole,Cockrell,Abigayle,Harding,Kelsey
Harding,Abigail,Searfoss,Alannah,Harding,Ross
Harding,Terence,Cockrell,Abigayle,Harding,Kelsey
Harding,Ayanna,Searfoss,Alannah,Harding,Ross
Harding,Daylon,Cockrell,Abigayle,Harding,Kelsey
Harding,Kirstin,Searfoss,Alannah,Harding,Ross
Harding,Ali,Cockrell,Abigayle,Harding,Kelsey
Harding,Camille,Searfoss,Alannah,Harding,Ross
Harding,Warren,Chamitoff,Mckenna,Harding,Jordon
Harding,Carolyn,Searfoss,Alannah,Harding,Ross
Harding,Jerryd,Chamitoff,Mckenna,Harding,Jordon
Harding,Tierney,Searfoss,Alannah,Harding,Ross
Harding,Remington,Chamitoff,Joselyn,Harding,Justus
Harding,Marelyn,Searfoss,Alannah,Harding,Ross
Harding,Kurt,Chamitoff,Joselyn,Harding,Justus
Harding,Lucia,Searfoss,Alannah,Harding,Ross
Harding,Richard,Chamitoff,Joselyn,Harding,Justus
Harding,Anne,Cockrell,Abigayle,Harding,Kelsey
Harding,Tommy,Chamitoff,Joselyn,Harding,Justus
Harding,Anthony,Chamitoff,Mckenna,Harding,Jordon
Harding,Demarco,Chamitoff,Joselyn,Harding,Justus
Harding,Aaliyah,Chamitoff,Joselyn,Harding,Justus
Harding,Carl,Chamitoff,Joselyn,Harding,Justus
Harding,Savana,Chamitoff,Joselyn,Harding,Justus
Harding,Jayden,Chamitoff,Joselyn,Harding,Justus
Harding,Katlyn,Chamitoff,Joselyn,Harding,Justus
Harding,Yobani,Akers,Antonia,Harding,Dylon
Harding,Charlotte,Chamitoff,Joselyn,Harding,Justus
Harding,Jeremy,Akers,Antonia,Harding,Dylon
Harding,Kayla,Chamitoff,Joselyn,Harding,Justus
Harding,Aaron,Akers,Antonia,Harding,Dylon
Harding,Breanna,Chamitoff,Joselyn,Harding,Justus
Harding,Augustus,Akers,Antonia,Harding,Dylon
Harding,Laurel,Akers,Antonia,Harding,Dylon
Harding,Myron,Akers,Antonia,Harding,Dylon
Harding,Bailey,Akers,Antonia,Harding,Dylon
Harding,Benny,Akers,Antonia,Harding,Dylon
Harding,Haiden,Akers,Antonia,Harding,Dylon
Harding,Sterling,Akers,Antonia,Harding,Dylon
Harding,Marycather,Akers,Antonia,Harding,Dylon
Harding,Jamir,Akers,Antonia,Harding,Dylon
Harding,Lizbeth,Akers,Antonia,Harding,Dylon
Harding,Freeman,Akers,Antonia,Harding,Dylon
Harding,Debora,Akers,Antonia,Harding,Dylon
Harding,Morgan,Akers,Antonia,Harding,Dylon
Harding,Carley,Akers,Antonia,Harding,Dylon
Harding,Ladarius,Akers,Ansley,Harding,Aleksandr
Harding,Veda,Akers,Antonia,Harding,Dylon
Harding,Aidan,Akers,Ansley,Harding,Aleksandr
Harding,Amber,Akers,Antonia,Harding,Dylon
Harding,Cooper,Akers,Carolyn,Harding,Yakov
Harding,Diamond,Akers,Ansley,Harding,Aleksandr
Searfoss,Donovan,Covey,Ashlynn,Searfoss,Irfan
Harding,Roxanne,Akers,Ansley,Harding,Aleksandr
Searfoss,Derick,Covey,Ashlynn,Searfoss,Irfan
Harding,Cristal,Akers,Carolyn,Harding,Yakov
Searfoss,Arnold,Covey,Ashlynn,Searfoss,Irfan
Harding,Chana,Akers,Carolyn,Harding,Yakov
Searfoss,Deondre,Covey,Ashlynn,Searfoss,Irfan
Searfoss,Liliana,Covey,Ashlynn,Searfoss,Irfan
Searfoss,Irvin,Covey,Rosemarie,Searfoss,Brooks
Searfoss,Jaida,Covey,Ashlynn,Searfoss,Irfan
Searfoss,Mario,Covey,Rosemarie,Searfoss,Brooks
Searfoss,Rita,Covey,Ashlynn,Searfoss,Irfan
Searfoss,Alek,Covey,Rosemarie,Searfoss,Brooks
Searfoss,Xochitl,Covey,Ashlynn,Searfoss,Irfan
Searfoss,Justyn,Covey,Rosemarie,Searfoss,Brooks
Searfoss,Briana,Covey,Ashlynn,Searfoss,Irfan
Searfoss,Rashad,Covey,Rosemarie,Searfoss,Brooks
Searfoss,Tasha,Covey,Ashlynn,Searfoss,Irfan
Searfoss,Davis,Covey,Rosemarie,Searfoss,Brooks
Searfoss,Camila,Covey,Ashlynn,Searfoss,Irfan
Searfoss,Tommy,Covey,Rosemarie,Searfoss,Brooks
Searfoss,Keyondra,Covey,Ashlynn,Searfoss,Irfan
Searfoss,Ernesto,Covey,Rosemarie,Searfoss,Brooks
Searfoss,Katherine,Covey,Ashlynn,Searfoss,Irfan
Searfoss,Devin,Covey,Rosemarie,Searfoss,Brooks
Searfoss,Isadora,Covey,Ashlynn,Searfoss,Irfan
Cockrell,Clint,Covey,Rose,Cockrell,Guy
Searfoss,Nyasia,Covey,Rosemarie,Searfoss,Brooks
Cockrell,Kory,Covey,Rose,Cockrell,Guy
Searfoss,Shanique,Covey,Rosemarie,Searfoss,Brooks
Cockrell,Quintin,Covey,Rose,Cockrell,Guy
Searfoss,Kaina,Covey,Rosemarie,Searfoss,Brooks
Cockrell,Justin,Covey,Rose,Cockrell,Guy
Searfoss,Carlye,Covey,Rosemarie,Searfoss,Brooks
Cockrell,Chadwick,Covey,Rose,Cockrell,Guy
Searfoss,Lynette,Covey,Rosemarie,Searfoss,Brooks
Cockrell,William,Covey,Rose,Cockrell,Guy
Searfoss,Elaine,Covey,Rosemarie,Searfoss,Brooks
Cockrell,Quintyn,Covey,Rose,Cockrell,Guy
Searfoss,Kelli,Covey,Rosemarie,Searfoss,Brooks
Cockrell,Raekwon,Covey,Tonya,Cockrell,Kyle
Searfoss,Annmarie,Covey,Rosemarie,Searfoss,Brooks
Cockrell,Isaiah,Covey,Tonya,Cockrell,Kyle
Cockrell,Juliette,Covey,Rose,Cockrell,Guy
Cockrell,Antavius,Covey,Tonya,Cockrell,Kyle
Cockrell,Shayna,Covey,Rose,Cockrell,Guy
Cockrell,Jamie,Covey,Tonya,Cockrell,Kyle
Cockrell,Adrianne,Covey,Rose,Cockrell,Guy
Cockrell,Clarence,Covey,Tonya,Cockrell,Kyle
Cockrell,Micayla,Covey,Rose,Cockrell,Guy
Cockrell,Leonardo,Covey,Tonya,Cockrell,Kyle
Cockrell,Bridgette,Covey,Rose,Cockrell,Guy
Cockrell,Israel,Covey,Tonya,Cockrell,Kyle
Cockrell,Kiara,Covey,Rose,Cockrell,Guy
Cockrell,Kahlil,Covey,Tonya,Cockrell,Kyle
Cockrell,Tiana,Covey,Rose,Cockrell,Guy
Cockrell,Dequan,Covey,Tonya,Cockrell,Kyle
Cockrell,Carla,Covey,Rose,Cockrell,Guy
Cockrell,Clayton,Covey,Tonya,Cockrell,Kyle
Cockrell,Imani,Covey,Rose,Cockrell,Guy
Cockrell,Bradley,Covey,Tonya,Cockrell,Kyle
Cockrell,Kristi,Covey,Tonya,Cockrell,Kyle
