Garriott,Benito,Clark,Karley,Garriott,Keenan
Oswald,Krupa,Hoover,Dina,Oswald,Delonta
Irwin,Dane,Eisele,Katelyn,Irwin,Thaddeus
Akers,Maritza,Lee,Irma,Akers,Tyren
Ride,Grant,Lu,Tasha,Ride,Gilberto
Zamka,Rani,Greene,Lesly,Zamka,Slaten
Lu,Wanya,Hobaugh,Kelley,Lu,Jordin
Reisman,Tianna,Gorie,Cheyanne,Reisman,Jovonte
Wilcutt,Brendon,Daniels,Hannah,Wilcutt,Kayvon
Bobko,Tiara,See,Daphne,Bobko,Davin
Grabe,Nick,Still,Ashtyn,Grabe,Nestor
Cunningham,Marisa,Low,Michel,Cunningham,Kerry
Creamer,Zane,Fossum,Paulina,Creamer,Alberto
Beering,Dina,Cameron,Annemarie,Beering,Quintyn
Cameron,Aiden,Chiao,Lesley,Cameron,Barry
Sullivan,Shanyce,Llewellyn,Damaris,Sullivan,Stephon
Cooper,Alberto,Cox,Natalie,Cooper,Westley
Truman,Destinee,Polansky,Ramona,Truman,Garrison
Thorne,Morgan,Michel,Dajah,Thorne,Alden
Caldwell,Janie,Collins,Kristyn,Caldwell,Myles
Currie,Cory,Bloomfield,Cheyanne,Currie,Ryland
Helms,Noel,Cox,Blair,Helms,Terrell
Wisoff,Arian,Linenger,Jill,Wisoff,August
Duffy,Emmalee,Young,Kendyl,Duffy,Deandre
Fabian,Asa,Beering,Torrie,Fabian,Kalon
Baker,Jami,Moore,Shakira,Baker,Nelson
Tanner,Peter,Gemar,Hallie,Tanner,Slaten
See,Bobbie,Higginbotham,Monica,See,Terron
Gibson,Frederick,Reightler,Margarita,Gibson,Trevor
Deardorff,Kyndra,Culbertson,Ella,Deardorff,Donald
Garriott,Ryen,Oswald,Krupa,Garriott,Benito
Garriott,Caylin,Oswald,Krupa,Garriott,Benito
Garriott,Sheldon,Oswald,Krupa,Garriott,Benito
Garriott,Alexandria,Oswald,Krupa,Garriott,Benito
Garriott,Alden,Oswald,Krupa,Garriott,Benito
Garriott,Jamee,Oswald,Krupa,Garriott,Benito
Garriott,Marvin,Oswald,Krupa,Garriott,Benito
Garriott,Benita,Oswald,Krupa,Garriott,Benito
Garriott,Roman,Oswald,Krupa,Garriott,Benito
Garriott,Harley,Oswald,Krupa,Garriott,Benito
Garriott,Drew,Oswald,Krupa,Garriott,Benito
Garriott,Mykayla,Oswald,Krupa,Garriott,Benito
Irwin,Simon,Akers,Maritza,Irwin,Dane
Garriott,Sonya,Oswald,Krupa,Garriott,Benito
Irwin,Alex,Akers,Maritza,Irwin,Dane
Garriott,Erika,Oswald,Krupa,Garriott,Benito
Irwin,Ryan,Akers,Maritza,Irwin,Dane
Garriott,Maritza,Oswald,Krupa,Garriott,Benito
Irwin,Colton,Akers,Maritza,Irwin,Dane
Garriott,Jazmin,Oswald,Krupa,Garriott,Benito
Irwin,Braxton,Akers,Maritza,Irwin,Dane
Garriott,Heather,Oswald,Krupa,Garriott,Benito
Irwin,Stefan,Akers,Maritza,Irwin,Dane
Irwin,Jaden,Akers,Maritza,Irwin,Dane
Irwin,Earl,Akers,Maritza,Irwin,Dane
Irwin,Sylvia,Akers,Maritza,Irwin,Dane
Irwin,Tyree,Akers,Maritza,Irwin,Dane
Irwin,Hope,Akers,Maritza,Irwin,Dane
Ride,Agustin,Zamka,Rani,Ride,Grant
Irwin,Kansas,Akers,Maritza,Irwin,Dane
Ride,Fredy,Zamka,Rani,Ride,Grant
Irwin,Rosemarie,Akers,Maritza,Irwin,Dane
Ride,Zane,Zamka,Rani,Ride,Grant
Ride,Ali,Zamka,Rani,Ride,Grant
Ride,Omar,Zamka,Rani,Ride,Grant
Ride,Flor,Zamka,Rani,Ride,Grant
Lu,Keon,Reisman,Tianna,Lu,Wanya
Lu,Michel,Reisman,Tianna,Lu,Wanya
Lu,Marques,Reisman,Tianna,Lu,Wanya
Lu,Farrah,Reisman,Tianna,Lu,Wanya
Lu,Landon,Reisman,Tianna,Lu,Wanya
Wilcutt,Jeanna,Bobko,Tiara,Wilcutt,Brendon
Lu,Tate,Reisman,Tianna,Lu,Wanya
Wilcutt,Juliana,Bobko,Tiara,Wilcutt,Brendon
Wilcutt,Ashton,Bobko,Tiara,Wilcutt,Brendon
Wilcutt,Alena,Bobko,Tiara,Wilcutt,Brendon
Wilcutt,Oneil,Bobko,Tiara,Wilcutt,Brendon
Wilcutt,Marelyn,Bobko,Tiara,Wilcutt,Brendon
Wilcutt,Stevan,Bobko,Tiara,Wilcutt,Brendon
Wilcutt,Monica,Bobko,Tiara,Wilcutt,Brendon
Wilcutt,Dwayne,Bobko,Tiara,Wilcutt,Brendon
Grabe,Daja,Cunningham,Marisa,Grabe,Nick
Wilcutt,Zakery,Bobko,Tiara,Wilcutt,Brendon
Grabe,Nyla,Cunningham,Marisa,Grabe,Nick
Grabe,Cruz,Cunningham,Marisa,Grabe,Nick
Grabe,Symone,Cunningham,Marisa,Grabe,Nick
Grabe,Camron,Cunningham,Marisa,Grabe,Nick
Grabe,Sierra,Cunningham,Marisa,Grabe,Nick
Grabe,Jasen,Cunningham,Marisa,Grabe,Nick
Grabe,Liz,Cunningham,Marisa,Grabe,Nick
Grabe,Jean,Cunningham,Marisa,Grabe,Nick
Grabe,Vivien,Cunningham,Marisa,Grabe,Nick
Grabe,Jerry,Cunningham,Marisa,Grabe,Nick
Creamer,Georgia,Beering,Dina,Creamer,Zane
Grabe,Kahlil,Cunningham,Marisa,Grabe,Nick
Creamer,Sheyla,Beering,Dina,Creamer,Zane
Grabe,Benny,Cunningham,Marisa,Grabe,Nick
Creamer,Cherie,Beering,Dina,Creamer,Zane
Grabe,Tom,Cunningham,Marisa,Grabe,Nick
Creamer,Ashlynn,Beering,Dina,Creamer,Zane
Creamer,Elijah,Beering,Dina,Creamer,Zane
Creamer,Stacy,Beering,Dina,Creamer,Zane
Creamer,Keshaun,Beering,Dina,Creamer,Zane
Creamer,Nia,Beering,Dina,Creamer,Zane
Creamer,Jaylen,Beering,Dina,Creamer,Zane
Creamer,Trinity,Beering,Dina,Creamer,Zane
Creamer,Jacob,Beering,Dina,Creamer,Zane
Cameron,Marcia,Sullivan,Shanyce,Cameron,Aiden
Creamer,Javier,Beering,Dina,Creamer,Zane
Cameron,Louisa,Sullivan,Shanyce,Cameron,Aiden
Creamer,Carter,Beering,Dina,Creamer,Zane
Cameron,Aubree,Sullivan,Shanyce,Cameron,Aiden
Creamer,Reginald,Beering,Dina,Creamer,Zane
Cameron,Lourdes,Sullivan,Shanyce,Cameron,Aiden
Creamer,Estevan,Beering,Dina,Creamer,Zane
Cameron,Anne,Sullivan,Shanyce,Cameron,Aiden
Creamer,Bryant,Beering,Dina,Creamer,Zane
Cameron,Reyanna,Sullivan,Shanyce,Cameron,Aiden
Cameron,Josie,Sullivan,Shanyce,Cameron,Aiden
Cameron,Maisie,Sullivan,Shanyce,Cameron,Aiden
Cameron,Hayden,Sullivan,Shanyce,Cameron,Aiden
Cooper,Zoey,Truman,Destinee,Cooper,Alberto
Cameron,Brenton,Sullivan,Shanyce,Cameron,Aiden
Cooper,Brigid,Truman,Destinee,Cooper,Alberto
Cameron,Jacky,Sullivan,Shanyce,Cameron,Aiden
Cooper,Deja,Truman,Destinee,Cooper,Alberto
Cameron,Houston,Sullivan,Shanyce,Cameron,Aiden
Cooper,Zulema,Truman,Destinee,Cooper,Alberto
Cameron,Damion,Sullivan,Shanyce,Cameron,Aiden
Cooper,Mariana,Truman,Destinee,Cooper,Alberto
Cameron,Alexander,Sullivan,Shanyce,Cameron,Aiden
Cooper,Phoebe,Truman,Destinee,Cooper,Alberto
Cameron,Paul,Sullivan,Shanyce,Cameron,Aiden
Cooper,Emma,Truman,Destinee,Cooper,Alberto
Cameron,Mathieu,Sullivan,Shanyce,Cameron,Aiden
Cooper,Torrie,Truman,Destinee,Cooper,Alberto
Cooper,Kyler,Truman,Destinee,Cooper,Alberto
Cooper,Kenyatta,Truman,Destinee,Cooper,Alberto
Cooper,Ryen,Truman,Destinee,Cooper,Alberto
Thorne,Priscilla,Caldwell,Janie,Thorne,Morgan
Cooper,Brooks,Truman,Destinee,Cooper,Alberto
Thorne,Abigayle,Caldwell,Janie,Thorne,Morgan
Cooper,Nicolas,Truman,Destinee,Cooper,Alberto
Thorne,Shaina,Caldwell,Janie,Thorne,Morgan
Cooper,Milton,Truman,Destinee,Cooper,Alberto
Thorne,Nayeli,Caldwell,Janie,Thorne,Morgan
Cooper,Deion,Truman,Destinee,Cooper,Alberto
Thorne,Chyanne,Caldwell,Janie,Thorne,Morgan
Cooper,Roberto,Truman,Destinee,Cooper,Alberto
Thorne,Yessica,Caldwell,Janie,Thorne,Morgan
Thorne,Keith,Caldwell,Janie,Thorne,Morgan
Thorne,Julie,Caldwell,Janie,Thorne,Morgan
Thorne,Gregory,Caldwell,Janie,Thorne,Morgan
Thorne,Lisa,Caldwell,Janie,Thorne,Morgan
Thorne,Colin,Caldwell,Janie,Thorne,Morgan
Thorne,Shaye,Caldwell,Janie,Thorne,Morgan
Thorne,Junior,Caldwell,Janie,Thorne,Morgan
Thorne,Dorian,Caldwell,Janie,Thorne,Morgan
Currie,Shaquille,Helms,Noel,Currie,Cory
Currie,Iridiana,Helms,Noel,Currie,Cory
Currie,Orlando,Helms,Noel,Currie,Cory
Currie,Kenia,Helms,Noel,Currie,Cory
Currie,Chaz,Helms,Noel,Currie,Cory
Currie,Emilia,Helms,Noel,Currie,Cory
Currie,Francis,Helms,Noel,Currie,Cory
Currie,Molly,Helms,Noel,Currie,Cory
Currie,Zaire,Helms,Noel,Currie,Cory
Currie,Vera,Helms,Noel,Currie,Cory
Currie,Tobias,Helms,Noel,Currie,Cory
Currie,Rylee,Helms,Noel,Currie,Cory
Wisoff,Erick,Duffy,Emmalee,Wisoff,Arian
Currie,Shana,Helms,Noel,Currie,Cory
Wisoff,Romello,Duffy,Emmalee,Wisoff,Arian
Currie,Tyeisha,Helms,Noel,Currie,Cory
Wisoff,Shayne,Duffy,Emmalee,Wisoff,Arian
Currie,Mandy,Helms,Noel,Currie,Cory
Fabian,Alonso,Baker,Jami,Fabian,Asa
Wisoff,Asya,Duffy,Emmalee,Wisoff,Arian
Fabian,Augustus,Baker,Jami,Fabian,Asa
Wisoff,Marina,Duffy,Emmalee,Wisoff,Arian
Fabian,Cesar,Baker,Jami,Fabian,Asa
Wisoff,Graciela,Duffy,Emmalee,Wisoff,Arian
Fabian,Salvatore,Baker,Jami,Fabian,Asa
Wisoff,Jonae,Duffy,Emmalee,Wisoff,Arian
Fabian,Gage,Baker,Jami,Fabian,Asa
Wisoff,Isis,Duffy,Emmalee,Wisoff,Arian
Fabian,Bradly,Baker,Jami,Fabian,Asa
Wisoff,Shyla,Duffy,Emmalee,Wisoff,Arian
Fabian,Ethan,Baker,Jami,Fabian,Asa
Fabian,Natasha,Baker,Jami,Fabian,Asa
Fabian,Davin,Baker,Jami,Fabian,Asa
Fabian,Shamaria,Baker,Jami,Fabian,Asa
Fabian,Keith,Baker,Jami,Fabian,Asa
Fabian,Karena,Baker,Jami,Fabian,Asa
Fabian,Mason,Baker,Jami,Fabian,Asa
Fabian,Michaela,Baker,Jami,Fabian,Asa
Fabian,Justin,Baker,Jami,Fabian,Asa
Fabian,Calli,Baker,Jami,Fabian,Asa
Fabian,Ayub,Baker,Jami,Fabian,Asa
Tanner,Eden,See,Bobbie,Tanner,Peter
Fabian,Raul,Baker,Jami,Fabian,Asa
Tanner,Tehya,See,Bobbie,Tanner,Peter
Tanner,Devonte,See,Bobbie,Tanner,Peter
Tanner,Keara,See,Bobbie,Tanner,Peter
Tanner,Jaleel,See,Bobbie,Tanner,Peter
Tanner,Chanelle,See,Bobbie,Tanner,Peter
Tanner,Harold,See,Bobbie,Tanner,Peter
Tanner,Kennedy,See,Bobbie,Tanner,Peter
Tanner,August,See,Bobbie,Tanner,Peter
Tanner,Josie,See,Bobbie,Tanner,Peter
Tanner,Daxton,See,Bobbie,Tanner,Peter
Tanner,Mykelle,See,Bobbie,Tanner,Peter
Tanner,Jevon,See,Bobbie,Tanner,Peter
Gibson,Isis,Deardorff,Kyndra,Gibson,Frederick
Tanner,Gary,See,Bobbie,Tanner,Peter
Gibson,Janie,Deardorff,Kyndra,Gibson,Frederick
Tanner,Paul,See,Bobbie,Tanner,Peter
Gibson,Chantel,Deardorff,Kyndra,Gibson,Frederick
Tanner,Wilmer,See,Bobbie,Tanner,Peter
Garriott,Carolina,Irwin,Jaden,Garriott,Ryen
Gibson,Clarence,Deardorff,Kyndra,Gibson,Frederick
Garriott,Tory,Irwin,Jaden,Garriott,Ryen
Gibson,Tommy,Deardorff,Kyndra,Gibson,Frederick
Garriott,Jailene,Irwin,Jaden,Garriott,Ryen
Gibson,Andres,Deardorff,Kyndra,Gibson,Frederick
Garriott,Maryann,Irwin,Sylvia,Garriott,Sheldon
Gibson,Tysen,Deardorff,Kyndra,Gibson,Frederick
Garriott,Kaira,Irwin,Sylvia,Garriott,Sheldon
Gibson,Deshaun,Deardorff,Kyndra,Gibson,Frederick
Garriott,Aileen,Irwin,Sylvia,Garriott,Sheldon
Gibson,Christian,Deardorff,Kyndra,Gibson,Frederick
Garriott,Kady,Irwin,Sylvia,Garriott,Sheldon
Gibson,Maleek,Deardorff,Kyndra,Gibson,Frederick
Garriott,Anneliese,Irwin,Sylvia,Garriott,Sheldon
Gibson,Brayden,Deardorff,Kyndra,Gibson,Frederick
Garriott,Emerald,Irwin,Sylvia,Garriott,Sheldon
Gibson,Koby,Deardorff,Kyndra,Gibson,Frederick
Garriott,Porsha,Irwin,Sylvia,Garriott,Sheldon
Garriott,Kerrick,Irwin,Jaden,Garriott,Ryen
Garriott,Lauren,Irwin,Sylvia,Garriott,Sheldon
Garriott,Wilmer,Irwin,Sylvia,Garriott,Sheldon
Garriott,Siera,Irwin,Hope,Garriott,Alden
Garriott,Clayton,Irwin,Sylvia,Garriott,Sheldon
Garriott,Maryanne,Irwin,Hope,Garriott,Alden
Garriott,Ervin,Irwin,Sylvia,Garriott,Sheldon
Garriott,Jodie,Irwin,Hope,Garriott,Alden
Garriott,Jace,Irwin,Sylvia,Garriott,Sheldon
Garriott,Anna,Irwin,Hope,Garriott,Alden
Garriott,Malcolm,Irwin,Sylvia,Garriott,Sheldon
Garriott,Becca,Irwin,Hope,Garriott,Alden
Garriott,Nelson,Irwin,Sylvia,Garriott,Sheldon
Garriott,Francis,Irwin,Hope,Garriott,Alden
Garriott,Idris,Irwin,Sylvia,Garriott,Sheldon
Garriott,Kyla,Irwin,Hope,Garriott,Alden
Garriott,Ismael,Irwin,Sylvia,Garriott,Sheldon
Garriott,Marian,Irwin,Hope,Garriott,Alden
Garriott,Earl,Irwin,Hope,Garriott,Alden
Garriott,Kierstin,Irwin,Hope,Garriott,Alden
Garriott,Devyn,Irwin,Hope,Garriott,Alden
Garriott,Colette,Irwin,Hope,Garriott,Alden
Garriott,Lashawn,Irwin,Kansas,Garriott,Marvin
Garriott,Angel,Irwin,Hope,Garriott,Alden
Garriott,Javier,Irwin,Kansas,Garriott,Marvin
Garriott,Kelly,Irwin,Hope,Garriott,Alden
Garriott,Lee,Irwin,Kansas,Garriott,Marvin
Garriott,Sheyla,Irwin,Hope,Garriott,Alden
Garriott,Darnell,Irwin,Kansas,Garriott,Marvin
Garriott,Grecia,Irwin,Hope,Garriott,Alden
Garriott,Reid,Irwin,Kansas,Garriott,Marvin
Garriott,Tyeisha,Irwin,Kansas,Garriott,Marvin
Garriott,Emerson,Irwin,Kansas,Garriott,Marvin
Garriott,Carol,Irwin,Kansas,Garriott,Marvin
Garriott,Khalil,Irwin,Rosemarie,Garriott,Roman
Garriott,Micaela,Irwin,Kansas,Garriott,Marvin
Garriott,Kelvin,Irwin,Rosemarie,Garriott,Roman
Garriott,Clair,Irwin,Kansas,Garriott,Marvin
Garriott,Dylan,Irwin,Rosemarie,Garriott,Roman
Garriott,Cynthia,Irwin,Rosemarie,Garriott,Roman
Irwin,Grayson,Garriott,Caylin,Irwin,Simon
Garriott,Dena,Irwin,Rosemarie,Garriott,Roman
Irwin,Isaiah,Garriott,Caylin,Irwin,Simon
Garriott,Avery,Irwin,Rosemarie,Garriott,Roman
Irwin,Gabriel,Garriott,Caylin,Irwin,Simon
Garriott,Linnea,Ride,Ali,Garriott,Drew
Irwin,Yuri,Garriott,Caylin,Irwin,Simon
Garriott,Tamera,Ride,Ali,Garriott,Drew
Irwin,Tristin,Garriott,Caylin,Irwin,Simon
Garriott,Bailey,Ride,Ali,Garriott,Drew
Irwin,Bradly,Garriott,Caylin,Irwin,Simon
Garriott,Tierra,Ride,Ali,Garriott,Drew
Irwin,Brock,Garriott,Caylin,Irwin,Simon
Irwin,Chandler,Garriott,Caylin,Irwin,Simon
Irwin,Pierce,Garriott,Alexandria,Irwin,Alex
Irwin,Darian,Garriott,Caylin,Irwin,Simon
Irwin,Evan,Garriott,Alexandria,Irwin,Alex
Irwin,Allegra,Garriott,Caylin,Irwin,Simon
Irwin,Darius,Garriott,Alexandria,Irwin,Alex
Irwin,Alexia,Garriott,Caylin,Irwin,Simon
Irwin,Bo,Garriott,Alexandria,Irwin,Alex
Irwin,Stephany,Garriott,Caylin,Irwin,Simon
Irwin,Emiliano,Garriott,Alexandria,Irwin,Alex
Irwin,Mara,Garriott,Caylin,Irwin,Simon
Irwin,Deanthony,Garriott,Alexandria,Irwin,Alex
Irwin,Andrea,Garriott,Caylin,Irwin,Simon
Irwin,Ricardo,Garriott,Alexandria,Irwin,Alex
Irwin,Tamra,Garriott,Caylin,Irwin,Simon
Irwin,Jalil,Garriott,Alexandria,Irwin,Alex
Irwin,Eliana,Garriott,Alexandria,Irwin,Alex
Irwin,Ameer,Garriott,Alexandria,Irwin,Alex
Irwin,Kelley,Garriott,Alexandria,Irwin,Alex
Irwin,Bernard,Garriott,Alexandria,Irwin,Alex
Irwin,Natalia,Garriott,Alexandria,Irwin,Alex
Irwin,Adrian,Garriott,Alexandria,Irwin,Alex
Irwin,Jade,Garriott,Alexandria,Irwin,Alex
Irwin,Antavius,Garriott,Jamee,Irwin,Ryan
Irwin,Keri,Garriott,Alexandria,Irwin,Alex
Irwin,Oliver,Garriott,Jamee,Irwin,Ryan
Irwin,Ceaira,Garriott,Alexandria,Irwin,Alex
Irwin,Johan,Garriott,Jamee,Irwin,Ryan
Irwin,Devin,Garriott,Alexandria,Irwin,Alex
Irwin,Kenny,Garriott,Benita,Irwin,Colton
Irwin,Francesca,Garriott,Jamee,Irwin,Ryan
Irwin,Cecil,Garriott,Benita,Irwin,Colton
Irwin,Grace,Garriott,Jamee,Irwin,Ryan
Irwin,Patrick,Garriott,Benita,Irwin,Colton
Irwin,Lakendra,Garriott,Jamee,Irwin,Ryan
Irwin,Maximillia,Garriott,Benita,Irwin,Colton
Irwin,Nathaly,Garriott,Jamee,Irwin,Ryan
Irwin,Tyren,Garriott,Benita,Irwin,Colton
Irwin,Ashlee,Garriott,Jamee,Irwin,Ryan
Irwin,Andre,Garriott,Benita,Irwin,Colton
Irwin,Robyn,Garriott,Benita,Irwin,Colton
Irwin,Bennie,Garriott,Benita,Irwin,Colton
Irwin,Geneva,Garriott,Benita,Irwin,Colton
Irwin,Gonzalo,Garriott,Benita,Irwin,Colton
Irwin,Stevie,Garriott,Benita,Irwin,Colton
Irwin,Jacori,Garriott,Harley,Irwin,Braxton
Irwin,Amelia,Garriott,Benita,Irwin,Colton
Irwin,Wilfredo,Garriott,Harley,Irwin,Braxton
Irwin,Ciara,Garriott,Harley,Irwin,Braxton
Irwin,Jessie,Garriott,Harley,Irwin,Braxton
Irwin,Shea,Garriott,Harley,Irwin,Braxton
Irwin,Travon,Garriott,Harley,Irwin,Braxton
Irwin,Aireona,Garriott,Harley,Irwin,Braxton
Irwin,Diamond,Garriott,Harley,Irwin,Braxton
Irwin,Paris,Garriott,Harley,Irwin,Braxton
Irwin,Blaine,Garriott,Harley,Irwin,Braxton
Irwin,Serena,Garriott,Harley,Irwin,Braxton
Irwin,Francis,Garriott,Harley,Irwin,Braxton
Irwin,Amina,Garriott,Mykayla,Irwin,Stefan
Irwin,Deon,Garriott,Harley,Irwin,Braxton
Irwin,Dania,Garriott,Mykayla,Irwin,Stefan
Irwin,Lamonte,Garriott,Harley,Irwin,Braxton
Irwin,Tamera,Garriott,Mykayla,Irwin,Stefan
Irwin,Rayvon,Garriott,Mykayla,Irwin,Stefan
Irwin,Micah,Garriott,Mykayla,Irwin,Stefan
Irwin,Michael,Garriott,Mykayla,Irwin,Stefan
Irwin,Mikhaila,Garriott,Mykayla,Irwin,Stefan
Irwin,Izaiah,Garriott,Mykayla,Irwin,Stefan
Irwin,Joselin,Garriott,Sonya,Irwin,Earl
Irwin,Trevor,Garriott,Mykayla,Irwin,Stefan
Irwin,Jadah,Garriott,Sonya,Irwin,Earl
Irwin,Valentin,Garriott,Mykayla,Irwin,Stefan
Irwin,Yesenia,Garriott,Sonya,Irwin,Earl
Irwin,Joshua,Garriott,Mykayla,Irwin,Stefan
Irwin,Ashanti,Garriott,Sonya,Irwin,Earl
Irwin,Philip,Garriott,Mykayla,Irwin,Stefan
Irwin,Mia,Garriott,Sonya,Irwin,Earl
Irwin,Terrence,Garriott,Mykayla,Irwin,Stefan
Irwin,Yvonne,Garriott,Erika,Irwin,Tyree
Irwin,Neil,Garriott,Mykayla,Irwin,Stefan
Irwin,Whitney,Garriott,Erika,Irwin,Tyree
Irwin,Terrance,Garriott,Mykayla,Irwin,Stefan
Irwin,Reagan,Garriott,Erika,Irwin,Tyree
Irwin,Colt,Garriott,Mykayla,Irwin,Stefan
Irwin,Mattea,Garriott,Erika,Irwin,Tyree
Irwin,Jace,Garriott,Mykayla,Irwin,Stefan
Irwin,Brionna,Garriott,Erika,Irwin,Tyree
Irwin,Kellen,Garriott,Sonya,Irwin,Earl
Irwin,Tory,Garriott,Erika,Irwin,Tyree
Irwin,Leo,Garriott,Sonya,Irwin,Earl
Irwin,Lilly,Garriott,Erika,Irwin,Tyree
Irwin,Jeffrey,Garriott,Sonya,Irwin,Earl
Irwin,Taelor,Garriott,Erika,Irwin,Tyree
Irwin,Osvaldo,Garriott,Sonya,Irwin,Earl
Irwin,Jesslyn,Garriott,Erika,Irwin,Tyree
Irwin,Tracy,Garriott,Sonya,Irwin,Earl
Irwin,Christa,Garriott,Erika,Irwin,Tyree
Irwin,Garett,Garriott,Sonya,Irwin,Earl
Ride,Lenora,Garriott,Maritza,Ride,Agustin
Irwin,Gilbert,Garriott,Sonya,Irwin,Earl
Ride,Thalia,Garriott,Maritza,Ride,Agustin
Irwin,Kelton,Garriott,Sonya,Irwin,Earl
Ride,Shelly,Garriott,Jazmin,Ride,Fredy
Irwin,Seamus,Garriott,Sonya,Irwin,Earl
Ride,Esperanza,Garriott,Jazmin,Ride,Fredy
Irwin,Max,Garriott,Sonya,Irwin,Earl
Ride,Perla,Garriott,Jazmin,Ride,Fredy
Irwin,Carl,Garriott,Erika,Irwin,Tyree
Ride,Olivia,Garriott,Jazmin,Ride,Fredy
Irwin,Kenneth,Garriott,Erika,Irwin,Tyree
Ride,Julie,Garriott,Jazmin,Ride,Fredy
Irwin,Jonathon,Garriott,Erika,Irwin,Tyree
Ride,Renee,Garriott,Jazmin,Ride,Fredy
Irwin,Demarco,Garriott,Erika,Irwin,Tyree
Ride,Carolina,Garriott,Jazmin,Ride,Fredy
Ride,Alfred,Garriott,Maritza,Ride,Agustin
Ride,Jaqueline,Garriott,Jazmin,Ride,Fredy
Ride,Deon,Garriott,Maritza,Ride,Agustin
Ride,Morgen,Garriott,Jazmin,Ride,Fredy
Ride,Tylar,Garriott,Jazmin,Ride,Fredy
Ride,Minna,Garriott,Jazmin,Ride,Fredy
Ride,Kalon,Garriott,Jazmin,Ride,Fredy
Ride,Destany,Garriott,Heather,Ride,Zane
Ride,Elias,Garriott,Jazmin,Ride,Fredy
Ride,Sheri,Garriott,Heather,Ride,Zane
Ride,Jade,Garriott,Jazmin,Ride,Fredy
Ride,Hanna,Garriott,Heather,Ride,Zane
Ride,Douglas,Garriott,Jazmin,Ride,Fredy
Ride,Kaley,Garriott,Heather,Ride,Zane
Ride,Demarcus,Garriott,Jazmin,Ride,Fredy
Ride,Julia,Lu,Michel,Ride,Omar
Ride,Bradly,Garriott,Jazmin,Ride,Fredy
Ride,Zoe,Lu,Michel,Ride,Omar
Ride,Philip,Garriott,Heather,Ride,Zane
Ride,Moesha,Lu,Michel,Ride,Omar
Ride,Stewart,Garriott,Heather,Ride,Zane
Ride,Isis,Lu,Michel,Ride,Omar
Ride,Norman,Garriott,Heather,Ride,Zane
Ride,Tanisha,Lu,Michel,Ride,Omar
Ride,Andre,Garriott,Heather,Ride,Zane
Ride,Mykelle,Lu,Michel,Ride,Omar
Ride,Dominic,Garriott,Heather,Ride,Zane
Ride,Brandi,Lu,Michel,Ride,Omar
Ride,Mitchel,Garriott,Heather,Ride,Zane
Ride,Kathryn,Lu,Michel,Ride,Omar
Ride,Stevan,Garriott,Heather,Ride,Zane
Lu,Suzette,Ride,Flor,Lu,Keon
Ride,Valentine,Garriott,Heather,Ride,Zane
Lu,Octavia,Ride,Flor,Lu,Keon
Ride,Sammie,Garriott,Heather,Ride,Zane
Lu,Gabriella,Ride,Flor,Lu,Keon
Ride,Diamond,Lu,Michel,Ride,Omar
Lu,Montana,Ride,Flor,Lu,Keon
Ride,Guy,Lu,Michel,Ride,Omar
Lu,Calli,Ride,Flor,Lu,Keon
Ride,Marielle,Lu,Michel,Ride,Omar
Lu,Malinda,Wilcutt,Jeanna,Lu,Marques
Ride,Curtis,Lu,Michel,Ride,Omar
Lu,Melanie,Wilcutt,Jeanna,Lu,Marques
Ride,Kurt,Lu,Michel,Ride,Omar
Lu,Payton,Wilcutt,Jeanna,Lu,Marques
Lu,Garett,Ride,Flor,Lu,Keon
Lu,Jasmin,Wilcutt,Jeanna,Lu,Marques
Lu,Manuel,Wilcutt,Jeanna,Lu,Marques
Lu,Justina,Wilcutt,Juliana,Lu,Landon
Lu,Camron,Wilcutt,Jeanna,Lu,Marques
Lu,Sarina,Wilcutt,Juliana,Lu,Landon
Lu,Colby,Wilcutt,Jeanna,Lu,Marques
Lu,Christy,Wilcutt,Juliana,Lu,Landon
Lu,Tre,Wilcutt,Jeanna,Lu,Marques
Lu,Lillie,Wilcutt,Juliana,Lu,Landon
Lu,Johnathon,Wilcutt,Jeanna,Lu,Marques
Lu,Dorian,Wilcutt,Juliana,Lu,Landon
Lu,Jakob,Wilcutt,Jeanna,Lu,Marques
Lu,Leslie,Wilcutt,Juliana,Lu,Landon
Lu,Vincent,Wilcutt,Jeanna,Lu,Marques
Lu,Rebecca,Wilcutt,Alena,Lu,Tate
Lu,Jack,Wilcutt,Juliana,Lu,Landon
Lu,Monique,Wilcutt,Alena,Lu,Tate
Lu,Bryson,Wilcutt,Juliana,Lu,Landon
Lu,Joelle,Wilcutt,Alena,Lu,Tate
Lu,Grant,Wilcutt,Alena,Lu,Tate
Lu,Alana,Wilcutt,Alena,Lu,Tate
Lu,Domonic,Wilcutt,Alena,Lu,Tate
Lu,Dylan,Wilcutt,Alena,Lu,Tate
Lu,Trentin,Wilcutt,Alena,Lu,Tate
Lu,Asia,Wilcutt,Alena,Lu,Tate
Lu,Quincy,Wilcutt,Alena,Lu,Tate
Lu,Kealani,Wilcutt,Alena,Lu,Tate
Lu,Deangelo,Wilcutt,Alena,Lu,Tate
Lu,Megan,Wilcutt,Alena,Lu,Tate
Lu,Abdul,Wilcutt,Alena,Lu,Tate
Wilcutt,Janae,Lu,Farrah,Wilcutt,Ashton
Lu,Jaylan,Wilcutt,Alena,Lu,Tate
Wilcutt,Beatriz,Lu,Farrah,Wilcutt,Ashton
Lu,Shan,Wilcutt,Alena,Lu,Tate
Wilcutt,Kirsten,Lu,Farrah,Wilcutt,Ashton
Lu,Deshawn,Wilcutt,Alena,Lu,Tate
Wilcutt,Iris,Grabe,Daja,Wilcutt,Oneil
Lu,Brody,Wilcutt,Alena,Lu,Tate
Wilcutt,Ashleigh,Grabe,Daja,Wilcutt,Oneil
Wilcutt,Darren,Lu,Farrah,Wilcutt,Ashton
Wilcutt,Elexus,Grabe,Daja,Wilcutt,Oneil
Wilcutt,Tyquan,Lu,Farrah,Wilcutt,Ashton
Wilcutt,Micah,Grabe,Daja,Wilcutt,Oneil
Wilcutt,Geoffrey,Lu,Farrah,Wilcutt,Ashton
Wilcutt,Yajaira,Grabe,Daja,Wilcutt,Oneil
Wilcutt,Angel,Lu,Farrah,Wilcutt,Ashton
Wilcutt,Jodie,Grabe,Nyla,Wilcutt,Stevan
Wilcutt,Gerard,Lu,Farrah,Wilcutt,Ashton
Wilcutt,Celina,Grabe,Nyla,Wilcutt,Stevan
Wilcutt,Andres,Lu,Farrah,Wilcutt,Ashton
Wilcutt,Georgina,Grabe,Nyla,Wilcutt,Stevan
Wilcutt,Marquis,Lu,Farrah,Wilcutt,Ashton
Wilcutt,Unique,Grabe,Nyla,Wilcutt,Stevan
Wilcutt,Rodolfo,Lu,Farrah,Wilcutt,Ashton
Wilcutt,Tamisha,Grabe,Nyla,Wilcutt,Stevan
Wilcutt,Humberto,Grabe,Daja,Wilcutt,Oneil
Wilcutt,Darby,Grabe,Symone,Wilcutt,Dwayne
Wilcutt,Denzell,Grabe,Daja,Wilcutt,Oneil
Wilcutt,Lila,Grabe,Symone,Wilcutt,Dwayne
Wilcutt,Roland,Grabe,Nyla,Wilcutt,Stevan
Wilcutt,Ashli,Grabe,Symone,Wilcutt,Dwayne
Wilcutt,Junior,Grabe,Nyla,Wilcutt,Stevan
Wilcutt,Celena,Grabe,Symone,Wilcutt,Dwayne
Wilcutt,Isidro,Grabe,Nyla,Wilcutt,Stevan
Wilcutt,Emmily,Grabe,Symone,Wilcutt,Dwayne
Wilcutt,Byron,Grabe,Nyla,Wilcutt,Stevan
Wilcutt,Itati,Grabe,Symone,Wilcutt,Dwayne
Wilcutt,Edgar,Grabe,Nyla,Wilcutt,Stevan
Wilcutt,Itzel,Grabe,Symone,Wilcutt,Dwayne
Wilcutt,Talon,Grabe,Nyla,Wilcutt,Stevan
Wilcutt,Mackenzie,Grabe,Symone,Wilcutt,Dwayne
Wilcutt,Colt,Grabe,Nyla,Wilcutt,Stevan
Wilcutt,Esther,Grabe,Symone,Wilcutt,Dwayne
Wilcutt,Braxton,Grabe,Nyla,Wilcutt,Stevan
Wilcutt,Skylar,Grabe,Symone,Wilcutt,Dwayne
Wilcutt,Orion,Grabe,Nyla,Wilcutt,Stevan
Wilcutt,Lindsey,Grabe,Sierra,Wilcutt,Zakery
Wilcutt,Bradlee,Grabe,Nyla,Wilcutt,Stevan
Wilcutt,Symphony,Grabe,Sierra,Wilcutt,Zakery
Wilcutt,Bret,Grabe,Symone,Wilcutt,Dwayne
Grabe,Heaven,Wilcutt,Marelyn,Grabe,Cruz
Wilcutt,Oliver,Grabe,Symone,Wilcutt,Dwayne
Grabe,Gerardo,Wilcutt,Marelyn,Grabe,Cruz
Wilcutt,Joel,Grabe,Symone,Wilcutt,Dwayne
Grabe,Micah,Wilcutt,Marelyn,Grabe,Cruz
Wilcutt,Ameer,Grabe,Symone,Wilcutt,Dwayne
Grabe,Tiera,Wilcutt,Monica,Grabe,Camron
Wilcutt,Alec,Grabe,Symone,Wilcutt,Dwayne
Grabe,Camelia,Wilcutt,Monica,Grabe,Camron
Wilcutt,Dexter,Grabe,Symone,Wilcutt,Dwayne
Grabe,Lesli,Wilcutt,Monica,Grabe,Camron
Wilcutt,Ramon,Grabe,Symone,Wilcutt,Dwayne
Grabe,Holli,Wilcutt,Monica,Grabe,Camron
Wilcutt,Kasey,Grabe,Symone,Wilcutt,Dwayne
Grabe,Isabelle,Wilcutt,Monica,Grabe,Camron
Wilcutt,Gunnar,Grabe,Symone,Wilcutt,Dwayne
Grabe,Danika,Creamer,Georgia,Grabe,Jasen
Wilcutt,Rayquan,Grabe,Sierra,Wilcutt,Zakery
Grabe,Zenia,Creamer,Georgia,Grabe,Jasen
Wilcutt,Liam,Grabe,Sierra,Wilcutt,Zakery
Grabe,Shawn,Creamer,Georgia,Grabe,Jasen
Wilcutt,Brad,Grabe,Sierra,Wilcutt,Zakery
Grabe,Paulina,Creamer,Georgia,Grabe,Jasen
Wilcutt,Keith,Grabe,Sierra,Wilcutt,Zakery
Grabe,Paxton,Creamer,Georgia,Grabe,Jasen
Grabe,Misael,Wilcutt,Marelyn,Grabe,Cruz
Grabe,Itati,Creamer,Georgia,Grabe,Jasen
Grabe,Johnathon,Wilcutt,Marelyn,Grabe,Cruz
Grabe,Celeste,Creamer,Georgia,Grabe,Jasen
Grabe,Saul,Wilcutt,Monica,Grabe,Camron
Grabe,Chyanne,Creamer,Georgia,Grabe,Jasen
Grabe,Ross,Wilcutt,Monica,Grabe,Camron
Grabe,Candice,Creamer,Georgia,Grabe,Jasen
Grabe,Lane,Wilcutt,Monica,Grabe,Camron
Grabe,Janae,Creamer,Georgia,Grabe,Jasen
Grabe,Randy,Wilcutt,Monica,Grabe,Camron
Grabe,Zahra,Creamer,Sheyla,Grabe,Jean
Grabe,Bradly,Wilcutt,Monica,Grabe,Camron
Grabe,Caylee,Creamer,Sheyla,Grabe,Jean
Grabe,Jai,Creamer,Georgia,Grabe,Jasen
Grabe,Myra,Creamer,Sheyla,Grabe,Jean
Grabe,Mathew,Creamer,Georgia,Grabe,Jasen
Grabe,Makena,Creamer,Sheyla,Grabe,Jean
Grabe,Olivier,Creamer,Georgia,Grabe,Jasen
Grabe,Krupa,Creamer,Sheyla,Grabe,Jean
Grabe,Errol,Creamer,Georgia,Grabe,Jasen
Grabe,Alexandra,Creamer,Sheyla,Grabe,Jean
Grabe,Dontae,Creamer,Georgia,Grabe,Jasen
Grabe,Destinee,Creamer,Sheyla,Grabe,Jean
Grabe,Jamal,Creamer,Georgia,Grabe,Jasen
Grabe,Lisa,Creamer,Sheyla,Grabe,Jean
Grabe,Kareem,Creamer,Georgia,Grabe,Jasen
Grabe,Alexi,Creamer,Sheyla,Grabe,Jean
Grabe,Triston,Creamer,Georgia,Grabe,Jasen
Grabe,Tori,Creamer,Sheyla,Grabe,Jean
Grabe,Korey,Creamer,Georgia,Grabe,Jasen
Grabe,Gabrielle,Creamer,Cherie,Grabe,Jerry
Grabe,Babyboy,Creamer,Sheyla,Grabe,Jean
Grabe,Kelli,Creamer,Cherie,Grabe,Jerry
Grabe,Xzavier,Creamer,Sheyla,Grabe,Jean
Grabe,Daesha,Creamer,Cherie,Grabe,Jerry
Grabe,Bjorn,Creamer,Sheyla,Grabe,Jean
Grabe,Teagan,Creamer,Cherie,Grabe,Jerry
Grabe,Bradley,Creamer,Sheyla,Grabe,Jean
Grabe,Georgina,Creamer,Cherie,Grabe,Jerry
Grabe,Devan,Creamer,Sheyla,Grabe,Jean
Grabe,Rebekkah,Creamer,Cherie,Grabe,Jerry
Grabe,Ever,Creamer,Sheyla,Grabe,Jean
Grabe,Annalisa,Creamer,Ashlynn,Grabe,Kahlil
Grabe,Travis,Creamer,Cherie,Grabe,Jerry
Grabe,Tyeisha,Creamer,Ashlynn,Grabe,Kahlil
Grabe,Landin,Creamer,Cherie,Grabe,Jerry
Grabe,Caitlyn,Creamer,Ashlynn,Grabe,Kahlil
Grabe,Tysheem,Creamer,Cherie,Grabe,Jerry
Grabe,Veda,Creamer,Ashlynn,Grabe,Kahlil
Grabe,Jaleel,Creamer,Cherie,Grabe,Jerry
Grabe,Carmelita,Creamer,Ashlynn,Grabe,Kahlil
Grabe,Dakotah,Creamer,Ashlynn,Grabe,Kahlil
Grabe,Ivy,Creamer,Ashlynn,Grabe,Kahlil
Grabe,Hashim,Creamer,Ashlynn,Grabe,Kahlil
Grabe,Hunter,Creamer,Ashlynn,Grabe,Kahlil
Grabe,Tyreek,Creamer,Ashlynn,Grabe,Kahlil
Grabe,Halie,Creamer,Ashlynn,Grabe,Kahlil
Grabe,Jashua,Creamer,Ashlynn,Grabe,Kahlil
Grabe,Joanna,Creamer,Ashlynn,Grabe,Kahlil
Grabe,Baby,Creamer,Ashlynn,Grabe,Kahlil
Grabe,Amber,Creamer,Ashlynn,Grabe,Kahlil
Grabe,Keeton,Creamer,Ashlynn,Grabe,Kahlil
Grabe,Wendy,Creamer,Stacy,Grabe,Benny
Grabe,Garrick,Creamer,Ashlynn,Grabe,Kahlil
Grabe,Sandy,Creamer,Stacy,Grabe,Benny
Grabe,Ronny,Creamer,Ashlynn,Grabe,Kahlil
Grabe,Sheridan,Creamer,Stacy,Grabe,Benny
Grabe,Nour,Creamer,Ashlynn,Grabe,Kahlil
Grabe,Keira,Creamer,Stacy,Grabe,Benny
Grabe,Kapil,Creamer,Ashlynn,Grabe,Kahlil
Grabe,Nathalie,Creamer,Stacy,Grabe,Benny
Grabe,Rayvon,Creamer,Stacy,Grabe,Benny
Grabe,Skye,Creamer,Stacy,Grabe,Benny
Grabe,Clarence,Creamer,Stacy,Grabe,Benny
Grabe,Daniela,Creamer,Stacy,Grabe,Benny
Grabe,Dana,Creamer,Stacy,Grabe,Benny
Grabe,Bertha,Creamer,Nia,Grabe,Tom
Grabe,Derick,Creamer,Stacy,Grabe,Benny
Grabe,Rhiannon,Creamer,Nia,Grabe,Tom
Grabe,Shmuel,Creamer,Stacy,Grabe,Benny
Grabe,Bailee,Creamer,Nia,Grabe,Tom
Grabe,Javion,Creamer,Stacy,Grabe,Benny
Grabe,Kelcee,Creamer,Nia,Grabe,Tom
Grabe,Erik,Creamer,Stacy,Grabe,Benny
Grabe,Camilla,Creamer,Nia,Grabe,Tom
Grabe,Fred,Creamer,Stacy,Grabe,Benny
Grabe,Rosemary,Creamer,Nia,Grabe,Tom
Grabe,Benito,Creamer,Nia,Grabe,Tom
Grabe,Torrie,Creamer,Nia,Grabe,Tom
Grabe,Angelo,Creamer,Nia,Grabe,Tom
Grabe,Aria,Creamer,Nia,Grabe,Tom
Grabe,Cedric,Creamer,Nia,Grabe,Tom
Grabe,Maria,Creamer,Nia,Grabe,Tom
Grabe,Noe,Creamer,Nia,Grabe,Tom
Grabe,Misty,Creamer,Nia,Grabe,Tom
Grabe,Freeman,Creamer,Nia,Grabe,Tom
Grabe,Estefany,Creamer,Nia,Grabe,Tom
Grabe,Dominic,Creamer,Nia,Grabe,Tom
Creamer,Colleen,Grabe,Liz,Creamer,Elijah
Grabe,Nicolas,Creamer,Nia,Grabe,Tom
Creamer,Mattie,Grabe,Liz,Creamer,Elijah
Grabe,Lionel,Creamer,Nia,Grabe,Tom
Creamer,Riley,Grabe,Liz,Creamer,Elijah
Grabe,Osvaldo,Creamer,Nia,Grabe,Tom
Creamer,Jazmyn,Grabe,Liz,Creamer,Elijah
Creamer,Khalil,Grabe,Liz,Creamer,Elijah
Creamer,Ella,Grabe,Liz,Creamer,Elijah
Creamer,Daxton,Grabe,Liz,Creamer,Elijah
Creamer,Keirra,Grabe,Vivien,Creamer,Keshaun
Creamer,Chandler,Grabe,Liz,Creamer,Elijah
Creamer,Chelsy,Grabe,Vivien,Creamer,Keshaun
Creamer,Dedrick,Grabe,Liz,Creamer,Elijah
Creamer,Misty,Grabe,Vivien,Creamer,Keshaun
Creamer,Destin,Grabe,Liz,Creamer,Elijah
Creamer,Estefani,Cameron,Marcia,Creamer,Jaylen
Creamer,Rory,Grabe,Liz,Creamer,Elijah
Creamer,Logan,Cameron,Marcia,Creamer,Jaylen
Creamer,Santos,Grabe,Vivien,Creamer,Keshaun
Creamer,Mireya,Cameron,Marcia,Creamer,Jaylen
Creamer,Deonta,Grabe,Vivien,Creamer,Keshaun
Creamer,Jamie,Cameron,Marcia,Creamer,Jaylen
Creamer,Van,Cameron,Marcia,Creamer,Jaylen
Creamer,Shanise,Cameron,Marcia,Creamer,Jaylen
Creamer,Marquise,Cameron,Marcia,Creamer,Jaylen
Creamer,Latosha,Cameron,Marcia,Creamer,Jaylen
Creamer,Deanthony,Cameron,Marcia,Creamer,Jaylen
Creamer,Katrina,Cameron,Marcia,Creamer,Jaylen
Creamer,Dominique,Cameron,Marcia,Creamer,Jaylen
Creamer,Lyric,Cameron,Marcia,Creamer,Jaylen
Creamer,Jamal,Cameron,Marcia,Creamer,Jaylen
Creamer,Courtney,Cameron,Louisa,Creamer,Jacob
Creamer,Trey,Cameron,Marcia,Creamer,Jaylen
Creamer,Patricia,Cameron,Louisa,Creamer,Jacob
Creamer,Clay,Cameron,Marcia,Creamer,Jaylen
Creamer,Caitlynn,Cameron,Louisa,Creamer,Jacob
Creamer,Quinton,Cameron,Marcia,Creamer,Jaylen
Creamer,Jenae,Cameron,Louisa,Creamer,Jacob
Creamer,Kieran,Cameron,Louisa,Creamer,Jacob
Creamer,Hailey,Cameron,Aubree,Creamer,Javier
Creamer,Coleman,Cameron,Louisa,Creamer,Jacob
Creamer,Erika,Cameron,Aubree,Creamer,Javier
Creamer,Markell,Cameron,Aubree,Creamer,Javier
Creamer,Justice,Cameron,Aubree,Creamer,Javier
Creamer,Soren,Cameron,Aubree,Creamer,Javier
Creamer,Kayley,Cameron,Aubree,Creamer,Javier
Creamer,Josie,Cameron,Aubree,Creamer,Javier
Creamer,Audrey,Cameron,Aubree,Creamer,Javier
Creamer,Leonardo,Cameron,Aubree,Creamer,Javier
Creamer,Shuntara,Cameron,Aubree,Creamer,Javier
Creamer,Roy,Cameron,Aubree,Creamer,Javier
Creamer,Shaniah,Cameron,Aubree,Creamer,Javier
Creamer,Rey,Cameron,Aubree,Creamer,Javier
Creamer,Sheniqua,Cameron,Aubree,Creamer,Javier
Creamer,Quanterriu,Cameron,Aubree,Creamer,Javier
Creamer,Maryanna,Cameron,Aubree,Creamer,Javier
Creamer,Nolan,Cameron,Aubree,Creamer,Javier
Creamer,Kyana,Cameron,Lourdes,Creamer,Carter
Creamer,Markus,Cameron,Aubree,Creamer,Javier
Creamer,Katie,Cameron,Lourdes,Creamer,Carter
Creamer,Thomas,Cameron,Aubree,Creamer,Javier
Creamer,Latoya,Cameron,Lourdes,Creamer,Carter
Creamer,Marielle,Cameron,Lourdes,Creamer,Carter
Creamer,Micah,Cameron,Lourdes,Creamer,Carter
Creamer,Philip,Cameron,Anne,Creamer,Reginald
Creamer,Lynette,Cameron,Lourdes,Creamer,Carter
Creamer,Wesley,Cameron,Anne,Creamer,Reginald
Creamer,Michele,Cameron,Lourdes,Creamer,Carter
Creamer,Savion,Cameron,Anne,Creamer,Reginald
Creamer,Kori,Cameron,Anne,Creamer,Reginald
Creamer,Truman,Cameron,Anne,Creamer,Reginald
Creamer,Terri,Cameron,Anne,Creamer,Reginald
Creamer,Aidan,Cameron,Reyanna,Creamer,Estevan
Creamer,Melody,Cameron,Anne,Creamer,Reginald
Creamer,Stephanie,Cameron,Reyanna,Creamer,Estevan
Creamer,Aubrie,Cameron,Anne,Creamer,Reginald
Creamer,Travis,Cameron,Reyanna,Creamer,Estevan
Creamer,Kayla,Cameron,Reyanna,Creamer,Estevan
Creamer,Xavier,Cameron,Reyanna,Creamer,Estevan
Creamer,Martha,Cameron,Reyanna,Creamer,Estevan
Creamer,Hassan,Cameron,Maisie,Creamer,Bryant
Creamer,Maura,Cameron,Reyanna,Creamer,Estevan
Creamer,Neal,Cameron,Maisie,Creamer,Bryant
Creamer,Daisy,Cameron,Maisie,Creamer,Bryant
Creamer,Frederic,Cameron,Maisie,Creamer,Bryant
Creamer,Claire,Cameron,Maisie,Creamer,Bryant
Creamer,Rudy,Cameron,Maisie,Creamer,Bryant
Creamer,Ruby,Cameron,Maisie,Creamer,Bryant
Creamer,Raphael,Cameron,Maisie,Creamer,Bryant
Cameron,Alexus,Creamer,Trinity,Cameron,Josie
Creamer,Saxon,Cameron,Maisie,Creamer,Bryant
Cameron,Dulce,Creamer,Trinity,Cameron,Josie
Creamer,Curtis,Cameron,Maisie,Creamer,Bryant
Cameron,Bree,Creamer,Trinity,Cameron,Josie
Creamer,Kurtis,Cameron,Maisie,Creamer,Bryant
Cameron,Fatima,Creamer,Trinity,Cameron,Josie
Cameron,Demetrius,Creamer,Trinity,Cameron,Josie
Cameron,Tyra,Creamer,Trinity,Cameron,Josie
Cameron,Rey,Creamer,Trinity,Cameron,Josie
Cameron,Morgan,Creamer,Trinity,Cameron,Josie
Cameron,Daequan,Creamer,Trinity,Cameron,Josie
Cameron,Natalie,Creamer,Trinity,Cameron,Josie
Cameron,Chaz,Creamer,Trinity,Cameron,Josie
Cameron,Joceline,Creamer,Trinity,Cameron,Josie
Cameron,Ezequiel,Creamer,Trinity,Cameron,Josie
Cameron,Joanne,Creamer,Trinity,Cameron,Josie
Cameron,Jarrod,Creamer,Trinity,Cameron,Josie
Cameron,Cecelia,Creamer,Trinity,Cameron,Josie
Cameron,Don,Creamer,Trinity,Cameron,Josie
Cameron,Amanda,Creamer,Trinity,Cameron,Josie
Cameron,Kyler,Cooper,Zoey,Cameron,Hayden
Cameron,Harley,Cooper,Zoey,Cameron,Hayden
Cameron,Travis,Cooper,Zoey,Cameron,Hayden
Cameron,Jaymee,Cooper,Zoey,Cameron,Hayden
Cameron,Stefan,Cooper,Zoey,Cameron,Hayden
Cameron,Keara,Cooper,Zoey,Cameron,Hayden
Cameron,Thomas,Cooper,Zoey,Cameron,Hayden
Cameron,Camilla,Cooper,Brigid,Cameron,Brenton
Cameron,Geoffrey,Cooper,Brigid,Cameron,Brenton
Cameron,Kennedy,Cooper,Brigid,Cameron,Brenton
Cameron,Shea,Cooper,Brigid,Cameron,Brenton
Cameron,Breanna,Cooper,Brigid,Cameron,Brenton
Cameron,James,Cooper,Brigid,Cameron,Brenton
Cameron,Kelcee,Cooper,Brigid,Cameron,Brenton
Cameron,Marshall,Cooper,Brigid,Cameron,Brenton
Cameron,Sunny,Cooper,Deja,Cameron,Jacky
Cameron,Samson,Cooper,Brigid,Cameron,Brenton
Cameron,Destini,Cooper,Deja,Cameron,Jacky
Cameron,Justyn,Cooper,Brigid,Cameron,Brenton
Cameron,Margaret,Cooper,Zulema,Cameron,Houston
Cameron,Conor,Cooper,Brigid,Cameron,Brenton
Cameron,Norma,Cooper,Zulema,Cameron,Houston
Cameron,Jayson,Cooper,Brigid,Cameron,Brenton
Cameron,Kristen,Cooper,Zulema,Cameron,Houston
Cameron,Marquis,Cooper,Deja,Cameron,Jacky
Cameron,Shanise,Cooper,Zulema,Cameron,Houston
Cameron,Richard,Cooper,Zulema,Cameron,Houston
Cameron,Ida,Cooper,Zulema,Cameron,Houston
Cameron,Deon,Cooper,Zulema,Cameron,Houston
Cameron,Itzel,Cooper,Zulema,Cameron,Houston
Cameron,Albert,Cooper,Zulema,Cameron,Houston
Cameron,Sarafina,Cooper,Zulema,Cameron,Houston
Cameron,Ameer,Cooper,Zulema,Cameron,Houston
Cameron,Anjelica,Cooper,Zulema,Cameron,Houston
Cameron,Dwayne,Cooper,Zulema,Cameron,Houston
Cameron,Juliette,Cooper,Mariana,Cameron,Damion
Cameron,Josue,Cooper,Zulema,Cameron,Houston
Cameron,Allie,Cooper,Phoebe,Cameron,Alexander
Cameron,Marques,Cooper,Mariana,Cameron,Damion
Cameron,Tehya,Cooper,Phoebe,Cameron,Alexander
Cameron,Raymond,Cooper,Mariana,Cameron,Damion
Cameron,Chelsey,Cooper,Emma,Cameron,Paul
Cameron,Brogan,Cooper,Phoebe,Cameron,Alexander
Cameron,Selena,Cooper,Emma,Cameron,Paul
Cameron,Emmett,Cooper,Phoebe,Cameron,Alexander
Cameron,Gloria,Cooper,Emma,Cameron,Paul
Cameron,Emerson,Cooper,Phoebe,Cameron,Alexander
Cameron,Ivelisse,Cooper,Emma,Cameron,Paul
Cameron,Reginald,Cooper,Phoebe,Cameron,Alexander
Cameron,Wendy,Cooper,Torrie,Cameron,Mathieu
Cameron,Brice,Cooper,Emma,Cameron,Paul
Cameron,Shaniah,Cooper,Torrie,Cameron,Mathieu
Cameron,Andres,Cooper,Emma,Cameron,Paul
Cameron,Mary,Cooper,Torrie,Cameron,Mathieu
Cameron,Kolton,Cooper,Emma,Cameron,Paul
Cameron,Catherine,Cooper,Torrie,Cameron,Mathieu
Cameron,Skylar,Cooper,Emma,Cameron,Paul
Cameron,Shane,Cooper,Torrie,Cameron,Mathieu
Cameron,Grant,Cooper,Emma,Cameron,Paul
Cameron,Kelli,Cooper,Torrie,Cameron,Mathieu
Cameron,Niko,Cooper,Emma,Cameron,Paul
Cameron,Sonya,Cooper,Torrie,Cameron,Mathieu
Cameron,Salvador,Cooper,Emma,Cameron,Paul
Cameron,Morgen,Cooper,Torrie,Cameron,Mathieu
Cameron,Kurt,Cooper,Torrie,Cameron,Mathieu
Cameron,Ivana,Cooper,Torrie,Cameron,Mathieu
Cameron,Raul,Cooper,Torrie,Cameron,Mathieu
Cameron,Allana,Cooper,Torrie,Cameron,Mathieu
Cameron,Ivan,Cooper,Torrie,Cameron,Mathieu
Cooper,Gladys,Thorne,Priscilla,Cooper,Kyler
Cameron,Orlando,Cooper,Torrie,Cameron,Mathieu
Cooper,Michelle,Thorne,Priscilla,Cooper,Kyler
Cameron,Seamus,Cooper,Torrie,Cameron,Mathieu
Cooper,Sara,Thorne,Abigayle,Cooper,Ryen
Cameron,Javen,Cooper,Torrie,Cameron,Mathieu
Cooper,Grace,Thorne,Abigayle,Cooper,Ryen
Cameron,Rory,Cooper,Torrie,Cameron,Mathieu
Cooper,Dyamond,Thorne,Abigayle,Cooper,Ryen
Cooper,Anthoni,Thorne,Priscilla,Cooper,Kyler
Cooper,Sadia,Thorne,Abigayle,Cooper,Ryen
Cooper,Neftaly,Thorne,Priscilla,Cooper,Kyler
Cooper,Katelynn,Thorne,Abigayle,Cooper,Ryen
Cooper,Gerard,Thorne,Priscilla,Cooper,Kyler
Cooper,Lila,Thorne,Abigayle,Cooper,Ryen
Cooper,Reynaldo,Thorne,Priscilla,Cooper,Kyler
Cooper,Erica,Thorne,Shaina,Cooper,Brooks
Cooper,Rex,Thorne,Priscilla,Cooper,Kyler
Cooper,Kasey,Thorne,Shaina,Cooper,Brooks
Cooper,Jonah,Thorne,Abigayle,Cooper,Ryen
Cooper,Haleigh,Thorne,Shaina,Cooper,Brooks
Cooper,Rashad,Thorne,Shaina,Cooper,Brooks
Cooper,Calli,Thorne,Shaina,Cooper,Brooks
Cooper,Terance,Thorne,Shaina,Cooper,Brooks
Cooper,Shanise,Thorne,Shaina,Cooper,Brooks
Cooper,Aron,Thorne,Shaina,Cooper,Brooks
Cooper,Micaela,Thorne,Shaina,Cooper,Brooks
Cooper,Valentine,Thorne,Shaina,Cooper,Brooks
Cooper,Danae,Thorne,Shaina,Cooper,Brooks
Cooper,Stephan,Thorne,Shaina,Cooper,Brooks
Cooper,Shekinah,Thorne,Nayeli,Cooper,Nicolas
Cooper,Riley,Thorne,Shaina,Cooper,Brooks
Cooper,Alejandra,Thorne,Nayeli,Cooper,Nicolas
Cooper,Dallas,Thorne,Shaina,Cooper,Brooks
Cooper,Lianna,Thorne,Nayeli,Cooper,Nicolas
Cooper,Adonis,Thorne,Shaina,Cooper,Brooks
Cooper,Yasmine,Thorne,Nayeli,Cooper,Nicolas
Cooper,Lamont,Thorne,Shaina,Cooper,Brooks
Cooper,Yajayra,Thorne,Chyanne,Cooper,Milton
Cooper,Kolton,Thorne,Shaina,Cooper,Brooks
Cooper,Kristy,Thorne,Chyanne,Cooper,Milton
Cooper,Gunner,Thorne,Shaina,Cooper,Brooks
Cooper,Makenzie,Thorne,Chyanne,Cooper,Milton
Cooper,Tyren,Thorne,Shaina,Cooper,Brooks
Cooper,Shane,Thorne,Chyanne,Cooper,Milton
Cooper,Gary,Thorne,Nayeli,Cooper,Nicolas
Cooper,Joan,Thorne,Chyanne,Cooper,Milton
Cooper,Marquise,Thorne,Nayeli,Cooper,Nicolas
Cooper,Tatum,Thorne,Chyanne,Cooper,Milton
Cooper,Dante,Thorne,Nayeli,Cooper,Nicolas
Cooper,Caroline,Thorne,Yessica,Cooper,Deion
Cooper,Julio,Thorne,Chyanne,Cooper,Milton
Cooper,Kaleigh,Thorne,Yessica,Cooper,Deion
Cooper,Rakeem,Thorne,Chyanne,Cooper,Milton
Cooper,Spencer,Thorne,Yessica,Cooper,Deion
Cooper,Darien,Thorne,Chyanne,Cooper,Milton
Cooper,Zoee,Thorne,Yessica,Cooper,Deion
Cooper,Jajuan,Thorne,Chyanne,Cooper,Milton
Cooper,Nancy,Thorne,Yessica,Cooper,Deion
Cooper,Orion,Thorne,Chyanne,Cooper,Milton
Cooper,Kaytlyn,Thorne,Yessica,Cooper,Deion
Cooper,Nick,Thorne,Chyanne,Cooper,Milton
Cooper,Nayeli,Thorne,Yessica,Cooper,Deion
Cooper,Jacori,Thorne,Chyanne,Cooper,Milton
Cooper,Silvia,Thorne,Yessica,Cooper,Deion
Cooper,Pedro,Thorne,Chyanne,Cooper,Milton
Cooper,Melinda,Thorne,Yessica,Cooper,Deion
Cooper,Devin,Thorne,Chyanne,Cooper,Milton
Cooper,Kiarra,Thorne,Julie,Cooper,Roberto
Cooper,Heriberto,Thorne,Chyanne,Cooper,Milton
Cooper,Kiersten,Thorne,Julie,Cooper,Roberto
Cooper,Cullen,Thorne,Chyanne,Cooper,Milton
Thorne,Randi,Cooper,Kenyatta,Thorne,Keith
Cooper,Leonardo,Thorne,Yessica,Cooper,Deion
Thorne,Kyla,Cooper,Kenyatta,Thorne,Keith
Cooper,Joel,Thorne,Yessica,Cooper,Deion
Thorne,Sarahi,Cooper,Kenyatta,Thorne,Keith
Cooper,Miles,Thorne,Yessica,Cooper,Deion
Thorne,Nyla,Cooper,Kenyatta,Thorne,Keith
Cooper,Arjun,Thorne,Yessica,Cooper,Deion
Thorne,Veda,Cooper,Kenyatta,Thorne,Keith
Cooper,Sterling,Thorne,Yessica,Cooper,Deion
Thorne,Sarahmarie,Cooper,Kenyatta,Thorne,Keith
Cooper,Marco,Thorne,Yessica,Cooper,Deion
Thorne,Imelda,Cooper,Kenyatta,Thorne,Keith
Cooper,Alonzo,Thorne,Yessica,Cooper,Deion
Thorne,Perla,Cooper,Kenyatta,Thorne,Keith
Cooper,Conrad,Thorne,Yessica,Cooper,Deion
Thorne,Felisha,Cooper,Kenyatta,Thorne,Keith
Cooper,Kerry,Thorne,Yessica,Cooper,Deion
Thorne,Sheniqua,Cooper,Kenyatta,Thorne,Keith
Cooper,Gabriel,Thorne,Yessica,Cooper,Deion
Thorne,Luz,Cooper,Kenyatta,Thorne,Keith
Cooper,Saul,Thorne,Julie,Cooper,Roberto
Thorne,Xandria,Cooper,Kenyatta,Thorne,Keith
Cooper,Jeffrey,Thorne,Julie,Cooper,Roberto
Thorne,Imani,Cooper,Kenyatta,Thorne,Keith
Cooper,Willis,Thorne,Julie,Cooper,Roberto
Thorne,Anabel,Cooper,Kenyatta,Thorne,Keith
Thorne,Sam,Cooper,Kenyatta,Thorne,Keith
Thorne,Kalee,Cooper,Kenyatta,Thorne,Keith
Thorne,Kendrick,Cooper,Kenyatta,Thorne,Keith
Thorne,Norma,Cooper,Kenyatta,Thorne,Keith
