Fabian,Richie,Magnus,Kimberly,Fabian,Timothy
Cleveland,Margarita,Duke,Kelci,Cleveland,Javion
Caldwell,Colt,Edwards,Aerial,Caldwell,Barrett
Henize,Hana,Nowak,Victoria,Henize,Anthony
Chapman,Sunny,England,Damaris,Chapman,Isidro
Frump,Christine,Cooper,Kansas,Frump,Ervin
Cleveland,Jorge,Hudson,Brigid,Cleveland,Quinn
Hoover,Makenzi,Thuot,Jocelyn,Hoover,Terence
Monroe,Spenser,Duke,Tammy,Monroe,Junior
Eisenhower,Halie,Walker,Sophia,Eisenhower,Giovanni
Davis,Silas,Gemar,Alexandrea,Davis,Ameer
Gregory,Tatiana,Collins,Jamee,Gregory,Ryen
Pierce,Kahlil,Smith,Clara,Pierce,Terence
Slayton,Abbie,Greene,Callan,Slayton,Nathanael
Slayton,Vincent,Voss,Fabiola,Slayton,Gunnar
Linnehan,Isabel,Piper,Nia,Linnehan,Jair
Gruber,Aron,McMonagle,Marissa,Gruber,Allen
Evans,Anaya,Nowak,Yasmine,Evans,Luke
See,Mariano,Garriott,Rebeca,See,Ernesto
Jemison,Jenae,Freeman,Kenyetta,Jemison,Gene
Helms,Kolton,Gernhardt,Irene,Helms,Peter
Fossum,Michaela,Higginbotham,Kayleen,Fossum,Mathieu
Lounge,Tucker,Low,Sky,Lounge,Gerardo
McKinley,Ivelisse,Lounge,Ciarra,McKinley,Lee
Sega,Denzel,Hayes,Stevie,Sega,Seth
Aldrin,Kathryn,Frick,Shannon,Aldrin,Stephon
Anderson,Greyson,Hart,Jenae,Anderson,Keanu
Pogue,Susana,Madison,Alissa,Pogue,Truman
Fabian,Zev,Cleveland,Margarita,Fabian,Richie
Garfield,Trinity,Buchanan,Eleni,Garfield,Taquan
Fabian,Andreas,Cleveland,Margarita,Fabian,Richie
Caldeiro,Amberly,Schirra,Kyana,Caldeiro,Ravon
Fabian,Jessie,Cleveland,Margarita,Fabian,Richie
Fabian,Porsha,Cleveland,Margarita,Fabian,Richie
Fabian,River,Cleveland,Margarita,Fabian,Richie
Fabian,Nallely,Cleveland,Margarita,Fabian,Richie
Fabian,Christophe,Cleveland,Margarita,Fabian,Richie
Fabian,Lenora,Cleveland,Margarita,Fabian,Richie
Caldwell,Deandre,Henize,Hana,Caldwell,Colt
Caldwell,Gabriela,Henize,Hana,Caldwell,Colt
Caldwell,Jaime,Henize,Hana,Caldwell,Colt
Caldwell,Elise,Henize,Hana,Caldwell,Colt
Caldwell,Justin,Henize,Hana,Caldwell,Colt
Caldwell,Candace,Henize,Hana,Caldwell,Colt
Caldwell,Tony,Henize,Hana,Caldwell,Colt
Caldwell,Keara,Henize,Hana,Caldwell,Colt
Chapman,Sergio,Frump,Christine,Chapman,Sunny
Caldwell,Emilia,Henize,Hana,Caldwell,Colt
Chapman,Tre,Frump,Christine,Chapman,Sunny
Caldwell,Annmarie,Henize,Hana,Caldwell,Colt
Chapman,Steven,Frump,Christine,Chapman,Sunny
Chapman,Sasha,Frump,Christine,Chapman,Sunny
Chapman,Shelby,Frump,Christine,Chapman,Sunny
Chapman,Jasmine,Frump,Christine,Chapman,Sunny
Chapman,Taylor,Frump,Christine,Chapman,Sunny
Chapman,Daphne,Frump,Christine,Chapman,Sunny
Chapman,Ricky,Frump,Christine,Chapman,Sunny
Chapman,Kelli,Frump,Christine,Chapman,Sunny
Chapman,Luke,Frump,Christine,Chapman,Sunny
Chapman,Patsy,Frump,Christine,Chapman,Sunny
Chapman,Saxon,Frump,Christine,Chapman,Sunny
Chapman,Klarisa,Frump,Christine,Chapman,Sunny
Chapman,Cameron,Frump,Christine,Chapman,Sunny
Chapman,Marisela,Frump,Christine,Chapman,Sunny
Cleveland,Ezekiel,Hoover,Makenzi,Cleveland,Jorge
Chapman,Noah,Frump,Christine,Chapman,Sunny
Cleveland,Keagan,Hoover,Makenzi,Cleveland,Jorge
Chapman,Noel,Frump,Christine,Chapman,Sunny
Cleveland,Adonis,Hoover,Makenzi,Cleveland,Jorge
Cleveland,Maire,Hoover,Makenzi,Cleveland,Jorge
Cleveland,Christophe,Hoover,Makenzi,Cleveland,Jorge
Cleveland,Darcy,Hoover,Makenzi,Cleveland,Jorge
Cleveland,Raheem,Hoover,Makenzi,Cleveland,Jorge
Cleveland,Makenzi,Hoover,Makenzi,Cleveland,Jorge
Cleveland,Steven,Hoover,Makenzi,Cleveland,Jorge
Cleveland,Tarah,Hoover,Makenzi,Cleveland,Jorge
Cleveland,Jacky,Hoover,Makenzi,Cleveland,Jorge
Cleveland,Monica,Hoover,Makenzi,Cleveland,Jorge
Cleveland,Raul,Hoover,Makenzi,Cleveland,Jorge
Cleveland,Arianna,Hoover,Makenzi,Cleveland,Jorge
Cleveland,Freeman,Hoover,Makenzi,Cleveland,Jorge
Monroe,Cortney,Eisenhower,Halie,Monroe,Spenser
Monroe,Dusty,Eisenhower,Halie,Monroe,Spenser
Monroe,Bayleigh,Eisenhower,Halie,Monroe,Spenser
Monroe,Karl,Eisenhower,Halie,Monroe,Spenser
Monroe,Dasia,Eisenhower,Halie,Monroe,Spenser
Monroe,Jerryd,Eisenhower,Halie,Monroe,Spenser
Monroe,Jacklyn,Eisenhower,Halie,Monroe,Spenser
Monroe,Frederic,Eisenhower,Halie,Monroe,Spenser
Monroe,Rhiannon,Eisenhower,Halie,Monroe,Spenser
Monroe,Todd,Eisenhower,Halie,Monroe,Spenser
Monroe,Ashly,Eisenhower,Halie,Monroe,Spenser
Monroe,Ezra,Eisenhower,Halie,Monroe,Spenser
Monroe,Abbey,Eisenhower,Halie,Monroe,Spenser
Monroe,Deion,Eisenhower,Halie,Monroe,Spenser
Monroe,Shari,Eisenhower,Halie,Monroe,Spenser
Davis,Jasen,Gregory,Tatiana,Davis,Silas
Davis,Irma,Gregory,Tatiana,Davis,Silas
Davis,Alexis,Gregory,Tatiana,Davis,Silas
Davis,Jameisha,Gregory,Tatiana,Davis,Silas
Davis,Calvin,Gregory,Tatiana,Davis,Silas
Davis,Kealani,Gregory,Tatiana,Davis,Silas
Davis,Yuri,Gregory,Tatiana,Davis,Silas
Davis,Shaylee,Gregory,Tatiana,Davis,Silas
Davis,Angel,Gregory,Tatiana,Davis,Silas
Davis,Siobhan,Gregory,Tatiana,Davis,Silas
Davis,Carl,Gregory,Tatiana,Davis,Silas
Davis,Deserae,Gregory,Tatiana,Davis,Silas
Pierce,Griffin,Slayton,Abbie,Pierce,Kahlil
Davis,Tawny,Gregory,Tatiana,Davis,Silas
Pierce,George,Slayton,Abbie,Pierce,Kahlil
Pierce,Xian,Slayton,Abbie,Pierce,Kahlil
Pierce,Edgardo,Slayton,Abbie,Pierce,Kahlil
Pierce,Nell,Slayton,Abbie,Pierce,Kahlil
Pierce,Davis,Slayton,Abbie,Pierce,Kahlil
Slayton,Anneliese,Linnehan,Isabel,Slayton,Vincent
Pierce,Bronson,Slayton,Abbie,Pierce,Kahlil
Slayton,Elisa,Linnehan,Isabel,Slayton,Vincent
Pierce,Richie,Slayton,Abbie,Pierce,Kahlil
Slayton,Tamara,Linnehan,Isabel,Slayton,Vincent
Slayton,Dusty,Linnehan,Isabel,Slayton,Vincent
Slayton,Dajanae,Linnehan,Isabel,Slayton,Vincent
Slayton,Owen,Linnehan,Isabel,Slayton,Vincent
Gruber,Angelique,Evans,Anaya,Gruber,Aron
Slayton,Abraham,Linnehan,Isabel,Slayton,Vincent
Gruber,Tammy,Evans,Anaya,Gruber,Aron
Slayton,Victor,Linnehan,Isabel,Slayton,Vincent
Gruber,Zenia,Evans,Anaya,Gruber,Aron
Slayton,Paul,Linnehan,Isabel,Slayton,Vincent
Gruber,Tamisha,Evans,Anaya,Gruber,Aron
Gruber,Joey,Evans,Anaya,Gruber,Aron
Gruber,Alaina,Evans,Anaya,Gruber,Aron
Gruber,Charly,Evans,Anaya,Gruber,Aron
Gruber,Daija,Evans,Anaya,Gruber,Aron
Gruber,Sammie,Evans,Anaya,Gruber,Aron
Gruber,Mackenzie,Evans,Anaya,Gruber,Aron
Gruber,Deante,Evans,Anaya,Gruber,Aron
Gruber,Tamara,Evans,Anaya,Gruber,Aron
Gruber,Tristin,Evans,Anaya,Gruber,Aron
Gruber,Bria,Evans,Anaya,Gruber,Aron
Gruber,Cesar,Evans,Anaya,Gruber,Aron
Gruber,Lorena,Evans,Anaya,Gruber,Aron
Gruber,Lloyd,Evans,Anaya,Gruber,Aron
Gruber,Chardonnay,Evans,Anaya,Gruber,Aron
Gruber,Colin,Evans,Anaya,Gruber,Aron
See,Josie,Jemison,Jenae,See,Mariano
See,Tayler,Jemison,Jenae,See,Mariano
See,Jesslyn,Jemison,Jenae,See,Mariano
See,Luke,Jemison,Jenae,See,Mariano
See,Kenna,Jemison,Jenae,See,Mariano
See,Stevan,Jemison,Jenae,See,Mariano
See,Janae,Jemison,Jenae,See,Mariano
See,Jawaun,Jemison,Jenae,See,Mariano
Helms,Aleasha,Fossum,Michaela,Helms,Kolton
Helms,Charlie,Fossum,Michaela,Helms,Kolton
Helms,Caitlynn,Fossum,Michaela,Helms,Kolton
Helms,Moises,Fossum,Michaela,Helms,Kolton
Helms,Kaitlin,Fossum,Michaela,Helms,Kolton
Helms,Frederic,Fossum,Michaela,Helms,Kolton
Helms,Abby,Fossum,Michaela,Helms,Kolton
Lounge,Tevin,McKinley,Ivelisse,Lounge,Tucker
Helms,Tiyanna,Fossum,Michaela,Helms,Kolton
Lounge,Garin,McKinley,Ivelisse,Lounge,Tucker
Helms,Cristal,Fossum,Michaela,Helms,Kolton
Lounge,Coy,McKinley,Ivelisse,Lounge,Tucker
Helms,Daphne,Fossum,Michaela,Helms,Kolton
Lounge,Jacob,McKinley,Ivelisse,Lounge,Tucker
Helms,Aundrea,Fossum,Michaela,Helms,Kolton
Lounge,Chandler,McKinley,Ivelisse,Lounge,Tucker
Helms,Georgia,Fossum,Michaela,Helms,Kolton
Lounge,Daequan,McKinley,Ivelisse,Lounge,Tucker
Lounge,Abby,McKinley,Ivelisse,Lounge,Tucker
Lounge,Neal,McKinley,Ivelisse,Lounge,Tucker
Lounge,Krupa,McKinley,Ivelisse,Lounge,Tucker
Lounge,Hugo,McKinley,Ivelisse,Lounge,Tucker
Lounge,Marian,McKinley,Ivelisse,Lounge,Tucker
Lounge,Keeton,McKinley,Ivelisse,Lounge,Tucker
Lounge,Catalina,McKinley,Ivelisse,Lounge,Tucker
Lounge,Augustus,McKinley,Ivelisse,Lounge,Tucker
Lounge,Brooklyn,McKinley,Ivelisse,Lounge,Tucker
Lounge,Micah,McKinley,Ivelisse,Lounge,Tucker
Sega,Elaina,Aldrin,Kathryn,Sega,Denzel
Sega,Kamau,Aldrin,Kathryn,Sega,Denzel
Sega,Tess,Aldrin,Kathryn,Sega,Denzel
Sega,Weston,Aldrin,Kathryn,Sega,Denzel
Sega,Aaliyah,Aldrin,Kathryn,Sega,Denzel
Sega,Marques,Aldrin,Kathryn,Sega,Denzel
Sega,Arlene,Aldrin,Kathryn,Sega,Denzel
Sega,Irfan,Aldrin,Kathryn,Sega,Denzel
Sega,Nicolle,Aldrin,Kathryn,Sega,Denzel
Sega,Dion,Aldrin,Kathryn,Sega,Denzel
Sega,Anne,Aldrin,Kathryn,Sega,Denzel
Sega,Tad,Aldrin,Kathryn,Sega,Denzel
Sega,Abagail,Aldrin,Kathryn,Sega,Denzel
Sega,Leon,Aldrin,Kathryn,Sega,Denzel
Anderson,Alexa,Pogue,Susana,Anderson,Greyson
Sega,Jaylen,Aldrin,Kathryn,Sega,Denzel
Anderson,Kierstin,Pogue,Susana,Anderson,Greyson
Sega,Javen,Aldrin,Kathryn,Sega,Denzel
Anderson,Lexy,Pogue,Susana,Anderson,Greyson
Sega,Demonte,Aldrin,Kathryn,Sega,Denzel
Anderson,Kristina,Pogue,Susana,Anderson,Greyson
Sega,Valentine,Aldrin,Kathryn,Sega,Denzel
Anderson,Beatriz,Pogue,Susana,Anderson,Greyson
Anderson,Alfredo,Pogue,Susana,Anderson,Greyson
Fabian,Summer,Garfield,Trinity,Fabian,Zev
Anderson,Juan,Pogue,Susana,Anderson,Greyson
Fabian,Stella,Garfield,Trinity,Fabian,Zev
Fabian,Arturo,Garfield,Trinity,Fabian,Zev
Fabian,Tamisha,Garfield,Trinity,Fabian,Zev
Fabian,Johnathan,Garfield,Trinity,Fabian,Zev
Fabian,Yessica,Garfield,Trinity,Fabian,Zev
Fabian,Anthony,Garfield,Trinity,Fabian,Zev
Fabian,Lucy,Garfield,Trinity,Fabian,Zev
Fabian,Ismael,Garfield,Trinity,Fabian,Zev
Fabian,Itati,Garfield,Trinity,Fabian,Zev
Fabian,Jarod,Garfield,Trinity,Fabian,Zev
Fabian,Kaira,Garfield,Trinity,Fabian,Zev
Fabian,Claudio,Garfield,Trinity,Fabian,Zev
Fabian,Corinne,Garfield,Trinity,Fabian,Zev
Fabian,Edwin,Garfield,Trinity,Fabian,Zev
Fabian,Elsa,Caldeiro,Amberly,Fabian,Andreas
Fabian,Rigoberto,Garfield,Trinity,Fabian,Zev
Fabian,Rita,Caldeiro,Amberly,Fabian,Andreas
Fabian,Wyatt,Garfield,Trinity,Fabian,Zev
Fabian,Holland,Caldeiro,Amberly,Fabian,Andreas
Fabian,Torey,Caldeiro,Amberly,Fabian,Andreas
Fabian,Jaquana,Caldeiro,Amberly,Fabian,Andreas
Fabian,Bennie,Caldeiro,Amberly,Fabian,Andreas
Fabian,Keri,Caldeiro,Amberly,Fabian,Andreas
Fabian,Kapil,Caldeiro,Amberly,Fabian,Andreas
Fabian,Natalie,Caldeiro,Amberly,Fabian,Andreas
Fabian,Mason,Caldeiro,Amberly,Fabian,Andreas
Fabian,Hailee,Caldeiro,Amberly,Fabian,Andreas
Fabian,Jean,Caldeiro,Amberly,Fabian,Andreas
Fabian,Domonique,Caldwell,Gabriela,Fabian,Jessie
Fabian,Philip,Caldeiro,Amberly,Fabian,Andreas
Fabian,Caitlynn,Caldwell,Gabriela,Fabian,Jessie
Fabian,Jeb,Caldeiro,Amberly,Fabian,Andreas
Fabian,Corina,Caldwell,Gabriela,Fabian,Jessie
Fabian,Frederic,Caldeiro,Amberly,Fabian,Andreas
Fabian,Misty,Caldwell,Gabriela,Fabian,Jessie
Fabian,Curtis,Caldeiro,Amberly,Fabian,Andreas
Fabian,Trista,Caldwell,Gabriela,Fabian,Jessie
Fabian,Cade,Caldwell,Gabriela,Fabian,Jessie
Fabian,Sheniqua,Caldwell,Gabriela,Fabian,Jessie
Fabian,Arjun,Caldwell,Gabriela,Fabian,Jessie
Fabian,Tiona,Caldwell,Elise,Fabian,River
Fabian,Tyson,Caldwell,Gabriela,Fabian,Jessie
Fabian,Kaley,Caldwell,Elise,Fabian,River
Fabian,Clayton,Caldwell,Gabriela,Fabian,Jessie
Fabian,Christian,Caldwell,Candace,Fabian,Christophe
Fabian,Quinton,Caldwell,Gabriela,Fabian,Jessie
Fabian,Casie,Caldwell,Candace,Fabian,Christophe
Fabian,Dusty,Caldwell,Gabriela,Fabian,Jessie
Fabian,Bryana,Caldwell,Candace,Fabian,Christophe
Fabian,Britt,Caldwell,Gabriela,Fabian,Jessie
Fabian,Sarai,Caldwell,Candace,Fabian,Christophe
Fabian,Camron,Caldwell,Gabriela,Fabian,Jessie
Fabian,Marlene,Caldwell,Candace,Fabian,Christophe
Fabian,Enoch,Caldwell,Gabriela,Fabian,Jessie
Fabian,Karishma,Caldwell,Candace,Fabian,Christophe
Fabian,Santos,Caldwell,Gabriela,Fabian,Jessie
Fabian,Sheridan,Caldwell,Candace,Fabian,Christophe
Fabian,Arnold,Caldwell,Gabriela,Fabian,Jessie
Fabian,Doris,Caldwell,Candace,Fabian,Christophe
Fabian,Kade,Caldwell,Gabriela,Fabian,Jessie
Caldwell,Savanna,Fabian,Porsha,Caldwell,Deandre
Fabian,Tylor,Caldwell,Gabriela,Fabian,Jessie
Caldwell,Danae,Fabian,Porsha,Caldwell,Deandre
Fabian,Rhett,Caldwell,Elise,Fabian,River
Caldwell,Tess,Fabian,Porsha,Caldwell,Deandre
Fabian,Elmer,Caldwell,Elise,Fabian,River
Caldwell,Jennie,Fabian,Porsha,Caldwell,Deandre
Fabian,Daequan,Caldwell,Elise,Fabian,River
Caldwell,Breana,Fabian,Nallely,Caldwell,Jaime
Fabian,Giovanni,Caldwell,Candace,Fabian,Christophe
Caldwell,Kira,Fabian,Nallely,Caldwell,Jaime
Fabian,Mathieu,Caldwell,Candace,Fabian,Christophe
Caldwell,Yvette,Fabian,Nallely,Caldwell,Jaime
Fabian,Roger,Caldwell,Candace,Fabian,Christophe
Caldwell,Sheri,Fabian,Lenora,Caldwell,Justin
Fabian,John,Caldwell,Candace,Fabian,Christophe
Caldwell,Jenny,Fabian,Lenora,Caldwell,Justin
Fabian,Rayvon,Caldwell,Candace,Fabian,Christophe
Caldwell,Melisa,Fabian,Lenora,Caldwell,Justin
Fabian,Marcus,Caldwell,Candace,Fabian,Christophe
Caldwell,Alyson,Fabian,Lenora,Caldwell,Justin
Fabian,Estevan,Caldwell,Candace,Fabian,Christophe
Caldwell,Haley,Fabian,Lenora,Caldwell,Justin
Fabian,Jeramie,Caldwell,Candace,Fabian,Christophe
Caldwell,Marelyn,Chapman,Sasha,Caldwell,Tony
Fabian,Quanterriu,Caldwell,Candace,Fabian,Christophe
Caldwell,Alexus,Chapman,Sasha,Caldwell,Tony
Fabian,Rakeem,Caldwell,Candace,Fabian,Christophe
Caldwell,Kenna,Chapman,Sasha,Caldwell,Tony
Fabian,Oscar,Caldwell,Candace,Fabian,Christophe
Caldwell,Nadia,Chapman,Sasha,Caldwell,Tony
Caldwell,Deonte,Fabian,Porsha,Caldwell,Deandre
Caldwell,Caitlynn,Chapman,Sasha,Caldwell,Tony
Caldwell,Tyran,Fabian,Porsha,Caldwell,Deandre
Caldwell,Cori,Chapman,Sasha,Caldwell,Tony
Caldwell,Leon,Fabian,Porsha,Caldwell,Deandre
Caldwell,Shenelly,Chapman,Sasha,Caldwell,Tony
Caldwell,Dontae,Fabian,Porsha,Caldwell,Deandre
Caldwell,Irene,Chapman,Sasha,Caldwell,Tony
Caldwell,Mohamad,Fabian,Lenora,Caldwell,Justin
Chapman,Adele,Caldwell,Keara,Chapman,Sergio
Caldwell,Gunnar,Fabian,Lenora,Caldwell,Justin
Chapman,Genna,Caldwell,Keara,Chapman,Sergio
Caldwell,Jasen,Fabian,Lenora,Caldwell,Justin
Chapman,Nathaly,Caldwell,Keara,Chapman,Sergio
Caldwell,Diamond,Fabian,Lenora,Caldwell,Justin
Chapman,Keishla,Caldwell,Keara,Chapman,Sergio
Caldwell,Erin,Fabian,Lenora,Caldwell,Justin
Chapman,Annemarie,Caldwell,Keara,Chapman,Sergio
Caldwell,Kayvon,Fabian,Lenora,Caldwell,Justin
Chapman,Brittney,Caldwell,Keara,Chapman,Sergio
Caldwell,Angel,Chapman,Sasha,Caldwell,Tony
Chapman,Carley,Caldwell,Keara,Chapman,Sergio
Caldwell,Rhett,Chapman,Sasha,Caldwell,Tony
Chapman,Emmalee,Caldwell,Emilia,Chapman,Tre
Caldwell,Shaun,Chapman,Sasha,Caldwell,Tony
Chapman,Tara,Caldwell,Emilia,Chapman,Tre
Caldwell,Cyrus,Chapman,Sasha,Caldwell,Tony
Chapman,Daniella,Caldwell,Emilia,Chapman,Tre
Chapman,Aaron,Caldwell,Keara,Chapman,Sergio
Chapman,Desiree,Caldwell,Emilia,Chapman,Tre
Chapman,Gregory,Caldwell,Keara,Chapman,Sergio
Chapman,Mykayla,Caldwell,Emilia,Chapman,Tre
Chapman,Jarrett,Caldwell,Keara,Chapman,Sergio
Chapman,Aidan,Caldwell,Emilia,Chapman,Tre
Chapman,Kevon,Caldwell,Emilia,Chapman,Tre
Chapman,Mona,Caldwell,Emilia,Chapman,Tre
Chapman,Jed,Caldwell,Emilia,Chapman,Tre
Chapman,Reyna,Caldwell,Emilia,Chapman,Tre
Chapman,Bailey,Caldwell,Emilia,Chapman,Tre
Chapman,Veda,Caldwell,Emilia,Chapman,Tre
Chapman,Bradley,Caldwell,Emilia,Chapman,Tre
Chapman,Alexia,Caldwell,Emilia,Chapman,Tre
Chapman,Harry,Caldwell,Annmarie,Chapman,Steven
Chapman,Angle,Caldwell,Emilia,Chapman,Tre
Chapman,Orion,Caldwell,Annmarie,Chapman,Steven
Chapman,Jessica,Caldwell,Emilia,Chapman,Tre
Chapman,Jace,Caldwell,Annmarie,Chapman,Steven
Chapman,Taryn,Caldwell,Emilia,Chapman,Tre
Chapman,James,Caldwell,Annmarie,Chapman,Steven
Chapman,Kortney,Caldwell,Annmarie,Chapman,Steven
Chapman,Emmett,Caldwell,Annmarie,Chapman,Steven
Chapman,Mollie,Caldwell,Annmarie,Chapman,Steven
Chapman,Yvan,Caldwell,Annmarie,Chapman,Steven
Chapman,Amy,Caldwell,Annmarie,Chapman,Steven
Chapman,Camron,Caldwell,Annmarie,Chapman,Steven
Chapman,Josie,Caldwell,Annmarie,Chapman,Steven
Chapman,Callahan,Caldwell,Annmarie,Chapman,Steven
Chapman,Maggie,Caldwell,Annmarie,Chapman,Steven
Chapman,Jeffery,Cleveland,Maire,Chapman,Shelby
Chapman,Michaela,Cleveland,Maire,Chapman,Shelby
Chapman,Raheem,Cleveland,Maire,Chapman,Shelby
Chapman,Darcy,Cleveland,Maire,Chapman,Shelby
Chapman,Kaden,Cleveland,Maire,Chapman,Shelby
Chapman,Mandi,Cleveland,Maire,Chapman,Shelby
Chapman,Micah,Cleveland,Maire,Chapman,Shelby
Chapman,Fatima,Cleveland,Maire,Chapman,Shelby
Chapman,Johnathan,Cleveland,Maire,Chapman,Shelby
Chapman,Deondra,Cleveland,Maire,Chapman,Shelby
Chapman,Lucas,Cleveland,Maire,Chapman,Shelby
Chapman,Anastasia,Cleveland,Maire,Chapman,Shelby
Chapman,Jovon,Cleveland,Maire,Chapman,Shelby
Chapman,Marisol,Cleveland,Maire,Chapman,Shelby
Chapman,Andreas,Cleveland,Maire,Chapman,Shelby
Chapman,Sara,Cleveland,Maire,Chapman,Shelby
Chapman,Ravon,Cleveland,Darcy,Chapman,Taylor
Chapman,Darian,Cleveland,Maire,Chapman,Shelby
Chapman,Frederic,Cleveland,Darcy,Chapman,Taylor
Chapman,Meaghan,Cleveland,Darcy,Chapman,Taylor
Chapman,Jesse,Cleveland,Darcy,Chapman,Taylor
Chapman,Estela,Cleveland,Darcy,Chapman,Taylor
Chapman,Devyn,Cleveland,Darcy,Chapman,Taylor
Chapman,Jordyn,Cleveland,Darcy,Chapman,Taylor
Chapman,Dakotah,Cleveland,Darcy,Chapman,Taylor
Chapman,Dana,Cleveland,Darcy,Chapman,Taylor
Chapman,Derrick,Cleveland,Makenzi,Chapman,Ricky
Chapman,Kaya,Cleveland,Darcy,Chapman,Taylor
Chapman,Josiah,Cleveland,Makenzi,Chapman,Ricky
Chapman,Sariah,Cleveland,Darcy,Chapman,Taylor
Chapman,Guy,Cleveland,Makenzi,Chapman,Ricky
Chapman,Rhiannon,Cleveland,Darcy,Chapman,Taylor
Chapman,Duncan,Cleveland,Makenzi,Chapman,Ricky
Chapman,Kaci,Cleveland,Darcy,Chapman,Taylor
Chapman,Johnathen,Cleveland,Makenzi,Chapman,Ricky
Chapman,Keara,Cleveland,Darcy,Chapman,Taylor
Chapman,Trenton,Cleveland,Makenzi,Chapman,Ricky
Chapman,Dayna,Cleveland,Darcy,Chapman,Taylor
Chapman,John,Cleveland,Makenzi,Chapman,Ricky
Chapman,Katelin,Cleveland,Makenzi,Chapman,Ricky
Chapman,Clarence,Cleveland,Makenzi,Chapman,Ricky
Chapman,Addison,Cleveland,Makenzi,Chapman,Ricky
Chapman,Julian,Cleveland,Tarah,Chapman,Luke
Chapman,Annmarie,Cleveland,Makenzi,Chapman,Ricky
Chapman,Trentin,Cleveland,Tarah,Chapman,Luke
Chapman,Daesha,Cleveland,Makenzi,Chapman,Ricky
Chapman,Dallas,Cleveland,Tarah,Chapman,Luke
Chapman,Chelsey,Cleveland,Makenzi,Chapman,Ricky
Chapman,Terry,Cleveland,Tarah,Chapman,Luke
Chapman,Aesha,Cleveland,Makenzi,Chapman,Ricky
Chapman,Billy,Cleveland,Tarah,Chapman,Luke
Chapman,Brianne,Cleveland,Makenzi,Chapman,Ricky
Chapman,Deandre,Cleveland,Monica,Chapman,Saxon
Chapman,Marie,Cleveland,Makenzi,Chapman,Ricky
Chapman,Nicolas,Cleveland,Monica,Chapman,Saxon
Chapman,Zaria,Cleveland,Makenzi,Chapman,Ricky
Chapman,Jasen,Cleveland,Monica,Chapman,Saxon
Chapman,Clair,Cleveland,Makenzi,Chapman,Ricky
Chapman,Sahil,Cleveland,Monica,Chapman,Saxon
Chapman,Jamiya,Cleveland,Tarah,Chapman,Luke
Chapman,Jamari,Cleveland,Monica,Chapman,Saxon
Chapman,Cortney,Cleveland,Tarah,Chapman,Luke
Chapman,Kareem,Cleveland,Monica,Chapman,Saxon
Chapman,Ali,Cleveland,Tarah,Chapman,Luke
Chapman,Jamar,Cleveland,Monica,Chapman,Saxon
Chapman,Elisa,Cleveland,Tarah,Chapman,Luke
Chapman,Jordan,Cleveland,Monica,Chapman,Saxon
Chapman,Maureen,Cleveland,Tarah,Chapman,Luke
Chapman,Mohamad,Cleveland,Arianna,Chapman,Cameron
Chapman,Gretchen,Cleveland,Monica,Chapman,Saxon
Chapman,Dayton,Cleveland,Arianna,Chapman,Cameron
Chapman,Jaden,Cleveland,Monica,Chapman,Saxon
Chapman,Gilberto,Cleveland,Arianna,Chapman,Cameron
Chapman,Ilana,Cleveland,Monica,Chapman,Saxon
Chapman,Hiram,Cleveland,Arianna,Chapman,Cameron
Chapman,Cheyenne,Cleveland,Monica,Chapman,Saxon
Chapman,Caleb,Cleveland,Arianna,Chapman,Cameron
Chapman,Nancy,Cleveland,Monica,Chapman,Saxon
Chapman,Alan,Cleveland,Arianna,Chapman,Cameron
Chapman,Alisha,Cleveland,Monica,Chapman,Saxon
Cleveland,Kelsey,Chapman,Jasmine,Cleveland,Ezekiel
Chapman,Hayley,Cleveland,Monica,Chapman,Saxon
Cleveland,Fredy,Chapman,Jasmine,Cleveland,Ezekiel
Chapman,Alayna,Cleveland,Monica,Chapman,Saxon
Cleveland,Junior,Chapman,Jasmine,Cleveland,Ezekiel
Chapman,Emilie,Cleveland,Arianna,Chapman,Cameron
Cleveland,Osvaldo,Chapman,Daphne,Cleveland,Keagan
Chapman,Judith,Cleveland,Arianna,Chapman,Cameron
Cleveland,Talon,Chapman,Daphne,Cleveland,Keagan
Chapman,Jayda,Cleveland,Arianna,Chapman,Cameron
Cleveland,Carter,Chapman,Daphne,Cleveland,Keagan
Cleveland,Clara,Chapman,Jasmine,Cleveland,Ezekiel
Cleveland,Nicholaus,Chapman,Daphne,Cleveland,Keagan
Cleveland,Maria,Chapman,Jasmine,Cleveland,Ezekiel
Cleveland,Trent,Chapman,Daphne,Cleveland,Keagan
Cleveland,Greer,Chapman,Jasmine,Cleveland,Ezekiel
Cleveland,Adalberto,Chapman,Daphne,Cleveland,Keagan
Cleveland,Meredith,Chapman,Daphne,Cleveland,Keagan
Cleveland,Kylan,Chapman,Daphne,Cleveland,Keagan
Cleveland,Mackenna,Chapman,Daphne,Cleveland,Keagan
Cleveland,Rhett,Chapman,Daphne,Cleveland,Keagan
Cleveland,Aesha,Chapman,Daphne,Cleveland,Keagan
Cleveland,Jonathan,Chapman,Kelli,Cleveland,Adonis
Cleveland,Irma,Chapman,Daphne,Cleveland,Keagan
Cleveland,Aron,Chapman,Kelli,Cleveland,Adonis
Cleveland,Bethany,Chapman,Daphne,Cleveland,Keagan
Cleveland,River,Chapman,Kelli,Cleveland,Adonis
Cleveland,Luna,Chapman,Daphne,Cleveland,Keagan
Cleveland,Brian,Chapman,Kelli,Cleveland,Adonis
Cleveland,Maeghan,Chapman,Daphne,Cleveland,Keagan
Cleveland,Gerard,Chapman,Kelli,Cleveland,Adonis
Cleveland,Dajanae,Chapman,Daphne,Cleveland,Keagan
Cleveland,Alexis,Chapman,Kelli,Cleveland,Adonis
Cleveland,Anastasia,Chapman,Kelli,Cleveland,Adonis
Cleveland,Felipe,Chapman,Kelli,Cleveland,Adonis
Cleveland,Shiloh,Chapman,Kelli,Cleveland,Adonis
Cleveland,Deanthony,Chapman,Kelli,Cleveland,Adonis
Cleveland,Josey,Chapman,Kelli,Cleveland,Adonis
Cleveland,Max,Chapman,Kelli,Cleveland,Adonis
Cleveland,Breanne,Chapman,Kelli,Cleveland,Adonis
Cleveland,Ben,Chapman,Patsy,Cleveland,Christophe
Cleveland,Alondra,Chapman,Kelli,Cleveland,Adonis
Cleveland,Marco,Chapman,Patsy,Cleveland,Christophe
Cleveland,Marion,Chapman,Kelli,Cleveland,Adonis
Cleveland,Benjamin,Chapman,Patsy,Cleveland,Christophe
Cleveland,Bonnie,Chapman,Kelli,Cleveland,Adonis
Cleveland,Nigel,Chapman,Patsy,Cleveland,Christophe
Cleveland,Keely,Chapman,Kelli,Cleveland,Adonis
Cleveland,Walker,Chapman,Patsy,Cleveland,Christophe
Cleveland,Tori,Chapman,Kelli,Cleveland,Adonis
Cleveland,Darnell,Chapman,Patsy,Cleveland,Christophe
Cleveland,Candice,Chapman,Patsy,Cleveland,Christophe
Cleveland,Terron,Chapman,Patsy,Cleveland,Christophe
Cleveland,Isabella,Chapman,Patsy,Cleveland,Christophe
Cleveland,Ariel,Chapman,Patsy,Cleveland,Christophe
Cleveland,Daisy,Chapman,Patsy,Cleveland,Christophe
Cleveland,Denzell,Chapman,Klarisa,Cleveland,Raheem
Cleveland,Johana,Chapman,Patsy,Cleveland,Christophe
Cleveland,Chad,Chapman,Klarisa,Cleveland,Raheem
Cleveland,Alysha,Chapman,Klarisa,Cleveland,Raheem
Cleveland,Jayden,Chapman,Klarisa,Cleveland,Raheem
Cleveland,Gladys,Chapman,Klarisa,Cleveland,Raheem
Cleveland,Graham,Chapman,Klarisa,Cleveland,Raheem
Cleveland,Bridgett,Chapman,Klarisa,Cleveland,Raheem
Cleveland,Fred,Chapman,Klarisa,Cleveland,Raheem
Cleveland,Jameisha,Chapman,Klarisa,Cleveland,Raheem
Cleveland,Aaron,Chapman,Klarisa,Cleveland,Raheem
Cleveland,Desiree,Chapman,Klarisa,Cleveland,Raheem
Cleveland,Patrick,Chapman,Klarisa,Cleveland,Raheem
Cleveland,Sarafina,Chapman,Klarisa,Cleveland,Raheem
Cleveland,Damon,Chapman,Klarisa,Cleveland,Raheem
Cleveland,Shawn,Chapman,Klarisa,Cleveland,Raheem
Cleveland,Earl,Chapman,Klarisa,Cleveland,Raheem
Cleveland,Hattie,Chapman,Klarisa,Cleveland,Raheem
Cleveland,Nour,Chapman,Klarisa,Cleveland,Raheem
Cleveland,Katy,Chapman,Marisela,Cleveland,Steven
Cleveland,Emiliano,Chapman,Klarisa,Cleveland,Raheem
Cleveland,Nicolle,Chapman,Marisela,Cleveland,Steven
Cleveland,Weston,Chapman,Marisela,Cleveland,Steven
Cleveland,Khyla,Chapman,Noah,Cleveland,Jacky
Cleveland,Tony,Chapman,Marisela,Cleveland,Steven
Cleveland,Xochitl,Chapman,Noah,Cleveland,Jacky
Cleveland,Quentin,Chapman,Marisela,Cleveland,Steven
Cleveland,Deserae,Chapman,Noah,Cleveland,Jacky
Cleveland,Aiden,Chapman,Noah,Cleveland,Jacky
Cleveland,Giovanna,Chapman,Noel,Cleveland,Raul
Cleveland,Jairus,Chapman,Noah,Cleveland,Jacky
Cleveland,Tierra,Chapman,Noel,Cleveland,Raul
Cleveland,Daequan,Chapman,Noah,Cleveland,Jacky
Cleveland,Maegen,Chapman,Noel,Cleveland,Raul
Cleveland,Tad,Chapman,Noah,Cleveland,Jacky
Cleveland,Samara,Chapman,Noel,Cleveland,Raul
Cleveland,Daylon,Chapman,Noah,Cleveland,Jacky
Cleveland,Shakia,Chapman,Noel,Cleveland,Raul
Cleveland,Bennett,Chapman,Noah,Cleveland,Jacky
Cleveland,Lora,Monroe,Cortney,Cleveland,Freeman
Cleveland,Franklin,Chapman,Noah,Cleveland,Jacky
Cleveland,Francesca,Monroe,Cortney,Cleveland,Freeman
Cleveland,Jarrett,Chapman,Noah,Cleveland,Jacky
Cleveland,Jadah,Monroe,Cortney,Cleveland,Freeman
Cleveland,Jalil,Chapman,Noah,Cleveland,Jacky
Cleveland,Chelsie,Monroe,Cortney,Cleveland,Freeman
Cleveland,Issac,Chapman,Noah,Cleveland,Jacky
Cleveland,Emmalee,Monroe,Cortney,Cleveland,Freeman
Cleveland,Jamari,Chapman,Noah,Cleveland,Jacky
Cleveland,Sky,Monroe,Cortney,Cleveland,Freeman
Cleveland,Jakob,Chapman,Noah,Cleveland,Jacky
Cleveland,Dandrea,Monroe,Cortney,Cleveland,Freeman
Cleveland,Garrick,Chapman,Noah,Cleveland,Jacky
Monroe,Julie,Davis,Irma,Monroe,Dusty
Cleveland,Coleman,Chapman,Noel,Cleveland,Raul
Monroe,Carlye,Davis,Irma,Monroe,Dusty
Cleveland,Garrett,Chapman,Noel,Cleveland,Raul
Monroe,Hayley,Davis,Irma,Monroe,Dusty
Cleveland,Misael,Chapman,Noel,Cleveland,Raul
Monroe,Janie,Davis,Irma,Monroe,Dusty
Cleveland,Sydney,Chapman,Noel,Cleveland,Raul
Monroe,Kelli,Davis,Irma,Monroe,Dusty
Cleveland,Titus,Chapman,Noel,Cleveland,Raul
Monroe,Latasha,Davis,Irma,Monroe,Dusty
Cleveland,Montel,Chapman,Noel,Cleveland,Raul
Monroe,Gwendolyn,Davis,Jameisha,Monroe,Karl
Cleveland,Jackson,Monroe,Cortney,Cleveland,Freeman
Monroe,Karla,Davis,Jameisha,Monroe,Karl
Cleveland,Joe,Monroe,Cortney,Cleveland,Freeman
Monroe,Sonya,Davis,Jameisha,Monroe,Karl
Cleveland,Gustavo,Monroe,Cortney,Cleveland,Freeman
Monroe,Kayley,Davis,Jameisha,Monroe,Karl
Cleveland,Harold,Monroe,Cortney,Cleveland,Freeman
Monroe,Devin,Davis,Jameisha,Monroe,Karl
Cleveland,Kalon,Monroe,Cortney,Cleveland,Freeman
Monroe,Sariah,Davis,Jameisha,Monroe,Karl
Cleveland,William,Monroe,Cortney,Cleveland,Freeman
Monroe,Helena,Davis,Kealani,Monroe,Jerryd
Cleveland,Orion,Monroe,Cortney,Cleveland,Freeman
Monroe,Jenae,Davis,Kealani,Monroe,Jerryd
Cleveland,Nestor,Monroe,Cortney,Cleveland,Freeman
Monroe,Rosemary,Davis,Kealani,Monroe,Jerryd
Monroe,Dedrick,Davis,Irma,Monroe,Dusty
Monroe,Rebecca,Davis,Shaylee,Monroe,Frederic
Monroe,Bryant,Davis,Irma,Monroe,Dusty
Monroe,Keiarra,Davis,Shaylee,Monroe,Frederic
Monroe,Emmitt,Davis,Irma,Monroe,Dusty
Monroe,Kailee,Davis,Shaylee,Monroe,Frederic
Monroe,Tristin,Davis,Jameisha,Monroe,Karl
Monroe,Kassandra,Davis,Shaylee,Monroe,Frederic
Monroe,Leo,Davis,Jameisha,Monroe,Karl
Monroe,Shannon,Davis,Shaylee,Monroe,Frederic
Monroe,Nolan,Davis,Jameisha,Monroe,Karl
Monroe,Keishla,Davis,Shaylee,Monroe,Frederic
Monroe,Ronald,Davis,Jameisha,Monroe,Karl
Monroe,Xiomara,Davis,Shaylee,Monroe,Frederic
Monroe,Gerardo,Davis,Jameisha,Monroe,Karl
Monroe,Sunny,Davis,Shaylee,Monroe,Frederic
Monroe,Taquan,Davis,Jameisha,Monroe,Karl
Monroe,Maisie,Davis,Shaylee,Monroe,Frederic
Monroe,Fredrick,Davis,Jameisha,Monroe,Karl
Monroe,Katy,Davis,Shaylee,Monroe,Frederic
Monroe,Ibrahim,Davis,Jameisha,Monroe,Karl
Monroe,Farrah,Davis,Shaylee,Monroe,Frederic
Monroe,Julio,Davis,Jameisha,Monroe,Karl
Monroe,Quinn,Davis,Siobhan,Monroe,Todd
Monroe,Gideon,Davis,Jameisha,Monroe,Karl
Monroe,Leigh,Davis,Deserae,Monroe,Ezra
Monroe,Scott,Davis,Jameisha,Monroe,Karl
Monroe,Brianne,Davis,Deserae,Monroe,Ezra
Monroe,Clay,Davis,Jameisha,Monroe,Karl
Monroe,Ciara,Davis,Deserae,Monroe,Ezra
Monroe,Shareef,Davis,Kealani,Monroe,Jerryd
Monroe,Taylor,Davis,Deserae,Monroe,Ezra
Monroe,Roy,Davis,Kealani,Monroe,Jerryd
Monroe,Helen,Davis,Deserae,Monroe,Ezra
Monroe,Gavin,Davis,Kealani,Monroe,Jerryd
Monroe,Georgia,Davis,Deserae,Monroe,Ezra
Monroe,Derrick,Davis,Kealani,Monroe,Jerryd
Monroe,Precious,Davis,Tawny,Monroe,Deion
Monroe,Hunter,Davis,Shaylee,Monroe,Frederic
Monroe,Carson,Davis,Tawny,Monroe,Deion
Monroe,Warren,Davis,Shaylee,Monroe,Frederic
Monroe,Katia,Davis,Tawny,Monroe,Deion
Monroe,Morgan,Davis,Shaylee,Monroe,Frederic
Monroe,Lyric,Davis,Tawny,Monroe,Deion
Monroe,Vicente,Davis,Shaylee,Monroe,Frederic
Monroe,Kaelyn,Davis,Tawny,Monroe,Deion
Monroe,Habram,Davis,Shaylee,Monroe,Frederic
Monroe,Anjelica,Davis,Tawny,Monroe,Deion
Monroe,Conner,Davis,Shaylee,Monroe,Frederic
Monroe,Cheryl,Davis,Tawny,Monroe,Deion
Monroe,Elijah,Davis,Shaylee,Monroe,Frederic
Davis,Cameron,Monroe,Bayleigh,Davis,Jasen
Monroe,Demarcus,Davis,Shaylee,Monroe,Frederic
Davis,Johana,Monroe,Bayleigh,Davis,Jasen
Monroe,Jordan,Davis,Shaylee,Monroe,Frederic
Davis,Kaytlin,Monroe,Bayleigh,Davis,Jasen
Monroe,Westley,Davis,Siobhan,Monroe,Todd
Davis,Natalee,Monroe,Bayleigh,Davis,Jasen
Monroe,Sergio,Davis,Siobhan,Monroe,Todd
Davis,Natalia,Monroe,Dasia,Davis,Alexis
Monroe,Aron,Davis,Siobhan,Monroe,Todd
Davis,Gianna,Monroe,Dasia,Davis,Alexis
Monroe,Terrell,Davis,Deserae,Monroe,Ezra
Davis,Shyla,Monroe,Dasia,Davis,Alexis
Monroe,Nico,Davis,Deserae,Monroe,Ezra
Davis,Emilia,Monroe,Dasia,Davis,Alexis
Monroe,Jordon,Davis,Deserae,Monroe,Ezra
Davis,Angela,Monroe,Dasia,Davis,Alexis
Monroe,Fredy,Davis,Tawny,Monroe,Deion
Davis,India,Monroe,Dasia,Davis,Alexis
Monroe,Britton,Davis,Tawny,Monroe,Deion
Davis,Valerie,Monroe,Dasia,Davis,Alexis
Davis,Abel,Monroe,Bayleigh,Davis,Jasen
Davis,Ivy,Monroe,Dasia,Davis,Alexis
Davis,Idris,Monroe,Bayleigh,Davis,Jasen
Davis,Nicole,Monroe,Dasia,Davis,Alexis
Davis,Brody,Monroe,Bayleigh,Davis,Jasen
Davis,Shiane,Monroe,Dasia,Davis,Alexis
Davis,Eberardo,Monroe,Bayleigh,Davis,Jasen
Davis,Susan,Monroe,Dasia,Davis,Alexis
Davis,Eric,Monroe,Bayleigh,Davis,Jasen
Davis,Leah,Monroe,Dasia,Davis,Alexis
Davis,Khalil,Monroe,Bayleigh,Davis,Jasen
Davis,Mckayla,Monroe,Jacklyn,Davis,Calvin
Davis,Jacoby,Monroe,Bayleigh,Davis,Jasen
Davis,Holland,Monroe,Jacklyn,Davis,Calvin
Davis,Roy,Monroe,Dasia,Davis,Alexis
Davis,Aleasha,Monroe,Jacklyn,Davis,Calvin
Davis,Kahlil,Monroe,Dasia,Davis,Alexis
Davis,Tory,Monroe,Jacklyn,Davis,Calvin
Davis,Benito,Monroe,Dasia,Davis,Alexis
Davis,Maryanne,Monroe,Jacklyn,Davis,Calvin
Davis,Hayden,Monroe,Dasia,Davis,Alexis
Davis,Antonia,Monroe,Jacklyn,Davis,Calvin
Davis,Charlie,Monroe,Dasia,Davis,Alexis
Davis,Khyla,Monroe,Rhiannon,Davis,Yuri
Davis,Darrin,Monroe,Dasia,Davis,Alexis
Davis,Keara,Monroe,Rhiannon,Davis,Yuri
Davis,Quayshawn,Monroe,Dasia,Davis,Alexis
Davis,Sarafina,Monroe,Ashly,Davis,Angel
Davis,Eli,Monroe,Dasia,Davis,Alexis
Davis,Anisha,Monroe,Ashly,Davis,Angel
Davis,Cole,Monroe,Jacklyn,Davis,Calvin
Davis,Christa,Monroe,Ashly,Davis,Angel
Davis,Marques,Monroe,Jacklyn,Davis,Calvin
Davis,Cindy,Monroe,Ashly,Davis,Angel
Davis,Bjorn,Monroe,Jacklyn,Davis,Calvin
Davis,Kelsee,Monroe,Ashly,Davis,Angel
Davis,Kenyon,Monroe,Jacklyn,Davis,Calvin
Davis,Melissa,Monroe,Ashly,Davis,Angel
Davis,Lucas,Monroe,Jacklyn,Davis,Calvin
Davis,Anaya,Monroe,Ashly,Davis,Angel
Davis,Zakery,Monroe,Jacklyn,Davis,Calvin
Davis,Xochitl,Monroe,Ashly,Davis,Angel
Davis,Yash,Monroe,Rhiannon,Davis,Yuri
Davis,Shaniah,Monroe,Ashly,Davis,Angel
Davis,Angelo,Monroe,Rhiannon,Davis,Yuri
Davis,Alesia,Monroe,Abbey,Davis,Carl
Davis,Erin,Monroe,Rhiannon,Davis,Yuri
Davis,Sean,Monroe,Abbey,Davis,Carl
Davis,Patric,Monroe,Ashly,Davis,Angel
Davis,Roxana,Monroe,Abbey,Davis,Carl
Davis,Wylie,Monroe,Ashly,Davis,Angel
Davis,Coral,Monroe,Abbey,Davis,Carl
Davis,Keshaun,Monroe,Ashly,Davis,Angel
Davis,Emmily,Monroe,Abbey,Davis,Carl
Davis,Tracy,Monroe,Ashly,Davis,Angel
Davis,Destany,Monroe,Abbey,Davis,Carl
Davis,Darian,Monroe,Ashly,Davis,Angel
Pierce,Jaclyn,Monroe,Shari,Pierce,Griffin
Davis,Jamison,Monroe,Ashly,Davis,Angel
Pierce,Reyanna,Monroe,Shari,Pierce,Griffin
Davis,Ward,Monroe,Ashly,Davis,Angel
Pierce,Kasandra,Monroe,Shari,Pierce,Griffin
Davis,Justyn,Monroe,Ashly,Davis,Angel
Pierce,Paula,Monroe,Shari,Pierce,Griffin
Davis,Reginald,Monroe,Ashly,Davis,Angel
Pierce,Suzanne,Monroe,Shari,Pierce,Griffin
Davis,Neal,Monroe,Abbey,Davis,Carl
Pierce,Cherokee,Slayton,Anneliese,Pierce,George
Davis,Emerson,Monroe,Abbey,Davis,Carl
Pierce,Macie,Slayton,Anneliese,Pierce,George
Davis,Edwin,Monroe,Abbey,Davis,Carl
Pierce,Adriana,Slayton,Elisa,Pierce,Edgardo
Davis,Tommy,Monroe,Abbey,Davis,Carl
Pierce,Arielle,Slayton,Elisa,Pierce,Edgardo
Davis,Elliot,Monroe,Abbey,Davis,Carl
Pierce,Kaelyn,Slayton,Tamara,Pierce,Davis
Davis,Tylar,Monroe,Abbey,Davis,Carl
Pierce,Kaitlin,Slayton,Tamara,Pierce,Davis
Davis,Nickolas,Monroe,Abbey,Davis,Carl
Pierce,Ashly,Slayton,Tamara,Pierce,Davis
Davis,Emiliano,Monroe,Abbey,Davis,Carl
Pierce,Viviana,Slayton,Tamara,Pierce,Davis
Davis,Tysen,Monroe,Abbey,Davis,Carl
Pierce,Rachael,Slayton,Dajanae,Pierce,Bronson
Pierce,Keshaun,Monroe,Shari,Pierce,Griffin
Pierce,Alexa,Slayton,Dajanae,Pierce,Bronson
Pierce,Jonathon,Monroe,Shari,Pierce,Griffin
Pierce,Shakira,Slayton,Dajanae,Pierce,Bronson
Pierce,Rene,Monroe,Shari,Pierce,Griffin
Pierce,Aleisha,Slayton,Dajanae,Pierce,Bronson
Pierce,Billy,Monroe,Shari,Pierce,Griffin
Pierce,Kayland,Slayton,Dajanae,Pierce,Bronson
Pierce,Dominique,Monroe,Shari,Pierce,Griffin
Pierce,Deondra,Slayton,Dajanae,Pierce,Bronson
Pierce,Connor,Monroe,Shari,Pierce,Griffin
Pierce,Montana,Slayton,Dajanae,Pierce,Bronson
Pierce,Jarod,Monroe,Shari,Pierce,Griffin
Pierce,Elsa,Slayton,Dajanae,Pierce,Bronson
Pierce,Josejuan,Monroe,Shari,Pierce,Griffin
Pierce,Xena,Slayton,Dajanae,Pierce,Bronson
Pierce,Armani,Monroe,Shari,Pierce,Griffin
Pierce,Kaili,Slayton,Dajanae,Pierce,Bronson
Pierce,Adrian,Monroe,Shari,Pierce,Griffin
Pierce,Mahogany,Slayton,Dajanae,Pierce,Bronson
Pierce,Wayne,Monroe,Shari,Pierce,Griffin
Pierce,Allison,Gruber,Angelique,Pierce,Richie
Pierce,Lionel,Monroe,Shari,Pierce,Griffin
Pierce,Alisa,Gruber,Angelique,Pierce,Richie
Pierce,Darrell,Monroe,Shari,Pierce,Griffin
Pierce,Reilly,Gruber,Angelique,Pierce,Richie
Pierce,Ameer,Monroe,Shari,Pierce,Griffin
Pierce,Janie,Gruber,Angelique,Pierce,Richie
Pierce,Colt,Slayton,Anneliese,Pierce,George
Pierce,Gabrielle,Gruber,Angelique,Pierce,Richie
Pierce,Mickey,Slayton,Anneliese,Pierce,George
Pierce,Ellie,Gruber,Angelique,Pierce,Richie
Pierce,Dale,Slayton,Anneliese,Pierce,George
Pierce,Shoshana,Gruber,Angelique,Pierce,Richie
Pierce,Keith,Slayton,Anneliese,Pierce,George
Pierce,Ida,Gruber,Angelique,Pierce,Richie
Pierce,Izaiah,Slayton,Anneliese,Pierce,George
Pierce,Tiara,Gruber,Angelique,Pierce,Richie
Pierce,Dreshaun,Slayton,Elisa,Pierce,Edgardo
Pierce,Cheyenne,Gruber,Angelique,Pierce,Richie
Pierce,Cade,Slayton,Tamara,Pierce,Davis
Pierce,Silvia,Gruber,Angelique,Pierce,Richie
Pierce,Diondre,Slayton,Tamara,Pierce,Davis
Pierce,Sheyla,Gruber,Angelique,Pierce,Richie
Pierce,Yobani,Slayton,Dajanae,Pierce,Bronson
Slayton,Heavenly,Pierce,Xian,Slayton,Dusty
Pierce,Clarence,Slayton,Dajanae,Pierce,Bronson
Slayton,Lizbeth,Pierce,Xian,Slayton,Dusty
Pierce,Sawyer,Slayton,Dajanae,Pierce,Bronson
Slayton,Justine,Pierce,Xian,Slayton,Dusty
Pierce,Lee,Slayton,Dajanae,Pierce,Bronson
Slayton,Josie,Pierce,Xian,Slayton,Dusty
Pierce,Michel,Slayton,Dajanae,Pierce,Bronson
Slayton,Paxton,Pierce,Xian,Slayton,Dusty
Pierce,Collin,Slayton,Dajanae,Pierce,Bronson
Slayton,Marian,Pierce,Xian,Slayton,Dusty
Pierce,Markus,Gruber,Angelique,Pierce,Richie
Slayton,Siobhan,Pierce,Xian,Slayton,Dusty
Pierce,Gerard,Gruber,Angelique,Pierce,Richie
Slayton,Keanna,Pierce,Nell,Slayton,Owen
Pierce,Ali,Gruber,Angelique,Pierce,Richie
Slayton,Shanna,Pierce,Nell,Slayton,Owen
Pierce,Maleek,Gruber,Angelique,Pierce,Richie
Slayton,Eliana,Pierce,Nell,Slayton,Owen
Pierce,Damien,Gruber,Angelique,Pierce,Richie
Slayton,Shannon,Pierce,Nell,Slayton,Owen
Pierce,Shlomo,Gruber,Angelique,Pierce,Richie
Slayton,Ciarra,Pierce,Nell,Slayton,Owen
Slayton,Kristian,Pierce,Xian,Slayton,Dusty
Slayton,Ashlynn,Pierce,Nell,Slayton,Owen
Slayton,Skyler,Pierce,Xian,Slayton,Dusty
Slayton,Anastasia,Gruber,Tammy,Slayton,Abraham
Slayton,Keanu,Pierce,Xian,Slayton,Dusty
Slayton,Mayra,Gruber,Tammy,Slayton,Abraham
Slayton,Tyran,Pierce,Xian,Slayton,Dusty
Slayton,Irene,Gruber,Zenia,Slayton,Victor
Slayton,Jarred,Pierce,Xian,Slayton,Dusty
Slayton,Lynn,Gruber,Zenia,Slayton,Victor
Slayton,Abdul,Pierce,Xian,Slayton,Dusty
Slayton,Alexi,Gruber,Zenia,Slayton,Victor
Slayton,Harley,Pierce,Nell,Slayton,Owen
Slayton,Scarlett,Gruber,Tamisha,Slayton,Paul
Slayton,Jamal,Pierce,Nell,Slayton,Owen
Slayton,Marion,Gruber,Tamisha,Slayton,Paul
Slayton,Killian,Pierce,Nell,Slayton,Owen
Slayton,Keiarra,Gruber,Tamisha,Slayton,Paul
Slayton,Brendon,Pierce,Nell,Slayton,Owen
Slayton,Maeghan,Gruber,Tamisha,Slayton,Paul
Slayton,Bradlee,Pierce,Nell,Slayton,Owen
Slayton,Joi,Gruber,Tamisha,Slayton,Paul
Slayton,Kendall,Gruber,Tammy,Slayton,Abraham
Slayton,Juanita,Gruber,Tamisha,Slayton,Paul
Slayton,Deshaun,Gruber,Tammy,Slayton,Abraham
Slayton,Eileen,Gruber,Tamisha,Slayton,Paul
Slayton,Jaleel,Gruber,Tammy,Slayton,Abraham
Slayton,Paige,Gruber,Tamisha,Slayton,Paul
Slayton,Conner,Gruber,Tammy,Slayton,Abraham
Slayton,Donisha,Gruber,Tamisha,Slayton,Paul
Slayton,Tommy,Gruber,Tammy,Slayton,Abraham
Gruber,Tanna,See,Josie,Gruber,Joey
Slayton,Donte,Gruber,Tammy,Slayton,Abraham
Gruber,Josie,See,Josie,Gruber,Joey
Slayton,Giovanni,Gruber,Tammy,Slayton,Abraham
Gruber,Kerry,See,Josie,Gruber,Joey
Slayton,Nelson,Gruber,Tamisha,Slayton,Paul
Gruber,Julia,See,Jesslyn,Gruber,Charly
Slayton,Tyrone,Gruber,Tamisha,Slayton,Paul
Gruber,Roslyn,See,Jesslyn,Gruber,Charly
Slayton,Emmett,Gruber,Tamisha,Slayton,Paul
Gruber,Isamar,See,Jesslyn,Gruber,Charly
Slayton,Buford,Gruber,Tamisha,Slayton,Paul
Gruber,Jesslyn,See,Jesslyn,Gruber,Charly
Slayton,Rasheed,Gruber,Tamisha,Slayton,Paul
Gruber,Shana,See,Jesslyn,Gruber,Charly
Slayton,Brett,Gruber,Tamisha,Slayton,Paul
Gruber,Emma,See,Kenna,Gruber,Sammie
Slayton,Dandre,Gruber,Tamisha,Slayton,Paul
Gruber,Kendall,See,Kenna,Gruber,Sammie
Gruber,Tysen,See,Josie,Gruber,Joey
Gruber,Itzel,Helms,Aleasha,Gruber,Tristin
Gruber,Brady,See,Josie,Gruber,Joey
Gruber,Chana,Helms,Aleasha,Gruber,Tristin
Gruber,Oliver,See,Josie,Gruber,Joey
Gruber,Ashley,Helms,Aleasha,Gruber,Tristin
Gruber,Zackary,See,Josie,Gruber,Joey
Gruber,Patsy,Helms,Aleasha,Gruber,Tristin
Gruber,Omar,See,Jesslyn,Gruber,Charly
Gruber,Kayley,Helms,Caitlynn,Gruber,Cesar
Gruber,Michel,See,Jesslyn,Gruber,Charly
Gruber,Austin,Helms,Caitlynn,Gruber,Cesar
Gruber,Colby,See,Kenna,Gruber,Sammie
Gruber,Elana,Helms,Kaitlin,Gruber,Lloyd
Gruber,Joseph,See,Kenna,Gruber,Sammie
Gruber,Noelle,Helms,Kaitlin,Gruber,Lloyd
Gruber,Malik,See,Janae,Gruber,Deante
Gruber,Darby,Helms,Kaitlin,Gruber,Lloyd
Gruber,Jarvis,See,Janae,Gruber,Deante
Gruber,Natalee,Helms,Abby,Gruber,Colin
Gruber,Spenser,See,Janae,Gruber,Deante
Gruber,Jayme,Helms,Abby,Gruber,Colin
Gruber,Hector,Helms,Aleasha,Gruber,Tristin
See,Aerial,Gruber,Alaina,See,Tayler
Gruber,Lee,Helms,Aleasha,Gruber,Tristin
See,Shyla,Gruber,Alaina,See,Tayler
Gruber,Ravon,Helms,Aleasha,Gruber,Tristin
See,Sheila,Gruber,Alaina,See,Tayler
Gruber,Brenton,Helms,Aleasha,Gruber,Tristin
See,Dalila,Gruber,Alaina,See,Tayler
Gruber,Jamel,Helms,Aleasha,Gruber,Tristin
See,Nicole,Gruber,Alaina,See,Tayler
Gruber,Santana,Helms,Aleasha,Gruber,Tristin
See,Benita,Gruber,Alaina,See,Tayler
Gruber,Walker,Helms,Aleasha,Gruber,Tristin
See,Nyasia,Gruber,Alaina,See,Tayler
Gruber,Scott,Helms,Aleasha,Gruber,Tristin
See,Luz,Gruber,Alaina,See,Tayler
Gruber,Alexis,Helms,Caitlynn,Gruber,Cesar
See,Monet,Gruber,Alaina,See,Tayler
Gruber,Orlando,Helms,Caitlynn,Gruber,Cesar
See,Amina,Gruber,Daija,See,Luke
Gruber,Baby,Helms,Caitlynn,Gruber,Cesar
See,Skyler,Gruber,Mackenzie,See,Stevan
Gruber,Hayes,Helms,Caitlynn,Gruber,Cesar
See,Randi,Gruber,Mackenzie,See,Stevan
Gruber,Conner,Helms,Kaitlin,Gruber,Lloyd
See,Candy,Gruber,Mackenzie,See,Stevan
Gruber,Damien,Helms,Kaitlin,Gruber,Lloyd
See,Leeann,Gruber,Mackenzie,See,Stevan
Gruber,Braeden,Helms,Kaitlin,Gruber,Lloyd
See,Abigail,Gruber,Mackenzie,See,Stevan
Gruber,Valentin,Helms,Abby,Gruber,Colin
See,Melanie,Gruber,Mackenzie,See,Stevan
See,Fred,Gruber,Alaina,See,Tayler
See,Shiane,Gruber,Mackenzie,See,Stevan
See,Oliver,Gruber,Alaina,See,Tayler
See,Tatiana,Gruber,Tamara,See,Jawaun
See,Osvaldo,Gruber,Alaina,See,Tayler
See,Shyanne,Gruber,Tamara,See,Jawaun
See,Eddie,Gruber,Alaina,See,Tayler
See,Zabrina,Gruber,Tamara,See,Jawaun
See,Melvin,Gruber,Alaina,See,Tayler
See,Anisha,Gruber,Tamara,See,Jawaun
See,Ronnie,Gruber,Alaina,See,Tayler
See,Britni,Gruber,Tamara,See,Jawaun
See,Saxon,Gruber,Alaina,See,Tayler
See,Kyla,Gruber,Tamara,See,Jawaun
See,Devontae,Gruber,Alaina,See,Tayler
See,Laken,Gruber,Tamara,See,Jawaun
See,Marcanthon,Gruber,Daija,See,Luke
See,Siobhan,Gruber,Tamara,See,Jawaun
See,Rolando,Gruber,Daija,See,Luke
See,Marivel,Gruber,Tamara,See,Jawaun
See,Jean,Gruber,Daija,See,Luke
See,Alicia,Gruber,Tamara,See,Jawaun
See,Shelby,Gruber,Mackenzie,See,Stevan
See,Aileen,Gruber,Tamara,See,Jawaun
See,Domonic,Gruber,Mackenzie,See,Stevan
See,Dakota,Gruber,Tamara,See,Jawaun
See,Quinton,Gruber,Mackenzie,See,Stevan
See,Shana,Gruber,Tamara,See,Jawaun
See,Ricardo,Gruber,Mackenzie,See,Stevan
See,Nadine,Gruber,Tamara,See,Jawaun
See,Kaden,Gruber,Mackenzie,See,Stevan
See,Kendra,Gruber,Tamara,See,Jawaun
See,Orion,Gruber,Mackenzie,See,Stevan
See,Madilyn,Gruber,Tamara,See,Jawaun
See,Gunnar,Gruber,Mackenzie,See,Stevan
See,Bryn,Gruber,Tamara,See,Jawaun
See,Cory,Gruber,Mackenzie,See,Stevan
Helms,Elana,Gruber,Bria,Helms,Charlie
