Burbank,Milton,Schwartz,Esperanza,Burbank,San
Fillmore,Kayleigh,Grabe,Tonya,Fillmore,Gavin
Haise,Peter,Stefanyshyn,Shaylee,Haise,Xzavier
Williams,Dina,Brady,Delanie,Williams,Ward
Gernhardt,Tylor,Freeman,Dylan,Gernhardt,Blake
Thagard,Corina,Cockrell,Tanya,Thagard,Colbey
Hart,Ameer,Tyler,Malika,Hart,Branden
Whitson,Alina,Burbank,Linda,Whitson,Tyquan
Sturckow,Efren,Gregory,Dakota,Sturckow,Dane
McCulley,Mahogany,Cleveland,Aria,McCulley,Cameron
Fillmore,Ronnie,Duke,Monique,Fillmore,Kyle
Schirra,Lily,Armstrong,Linsey,Schirra,Josejuan
Cunningham,Kurtis,Kerwin,Kyle,Cunningham,Vincent
Henricks,Alexandra,Chilton,Brianne,Henricks,Gunnar
Davis,Chris,Crippen,Kirstie,Davis,Yash
Stafford,Natalia,Thagard,Maggie,Stafford,Myron
Torvalds,Earl,Torvalds,Julia,Torvalds,Kurtis
Thuot,Yajayra,Zophar,Itzel,Thuot,Alexis
Fabian,Ameer,Oefelein,Katerina,Fabian,Denver
Higginbotham,Stormy,Stewart,Selina,Higginbotham,Dalton
Low,Giovanni,Aldrin,Jalen,Low,Shmuel
Arthur,Cambria,Horowitz,Aubrey,Arthur,Levi
Carey,Ruben,Newman,Allegra,Carey,Elliott
Patrick,Cody,Hilmers,Michaela,Patrick,Taylor
Hayes,Tre,Wolf,Charlene,Hayes,Michal
Cleave,Isabelle,McCool,Sadia,Cleave,Justin
Daniels,Alonzo,Lucid,Mollie,Daniels,Langston
Burbank,Corina,Fillmore,Kayleigh,Burbank,Milton
Caldeiro,Michel,Zamka,Courtney,Caldeiro,Moshe
Burbank,Jazmyn,Fillmore,Kayleigh,Burbank,Milton
Thorne,Reece,Scott,Kenyatta,Thorne,Javion
Burbank,Linnea,Fillmore,Kayleigh,Burbank,Milton
Ashby,Joan,Runco,Sofia,Ashby,Dayton
Burbank,Makenna,Fillmore,Kayleigh,Burbank,Milton
Burbank,Matthew,Fillmore,Kayleigh,Burbank,Milton
Burbank,Shanise,Fillmore,Kayleigh,Burbank,Milton
Burbank,Tyreek,Fillmore,Kayleigh,Burbank,Milton
Haise,Keosha,Williams,Dina,Haise,Peter
Burbank,Kai,Fillmore,Kayleigh,Burbank,Milton
Haise,Hana,Williams,Dina,Haise,Peter
Burbank,Leonard,Fillmore,Kayleigh,Burbank,Milton
Haise,Irene,Williams,Dina,Haise,Peter
Burbank,Brian,Fillmore,Kayleigh,Burbank,Milton
Haise,Stacie,Williams,Dina,Haise,Peter
Burbank,Dion,Fillmore,Kayleigh,Burbank,Milton
Haise,Angelique,Williams,Dina,Haise,Peter
Burbank,Terrence,Fillmore,Kayleigh,Burbank,Milton
Gernhardt,Alexis,Thagard,Corina,Gernhardt,Tylor
Haise,Jan,Williams,Dina,Haise,Peter
Gernhardt,Lexy,Thagard,Corina,Gernhardt,Tylor
Haise,Benjamin,Williams,Dina,Haise,Peter
Gernhardt,India,Thagard,Corina,Gernhardt,Tylor
Haise,Jerryd,Williams,Dina,Haise,Peter
Gernhardt,Ellen,Thagard,Corina,Gernhardt,Tylor
Haise,Santana,Williams,Dina,Haise,Peter
Gernhardt,Khyla,Thagard,Corina,Gernhardt,Tylor
Haise,Brice,Williams,Dina,Haise,Peter
Gernhardt,Laura,Thagard,Corina,Gernhardt,Tylor
Gernhardt,Frederick,Thagard,Corina,Gernhardt,Tylor
Hart,Rebekah,Whitson,Alina,Hart,Ameer
Gernhardt,Harry,Thagard,Corina,Gernhardt,Tylor
Hart,Kristi,Whitson,Alina,Hart,Ameer
Gernhardt,Tony,Thagard,Corina,Gernhardt,Tylor
Hart,Jesslyn,Whitson,Alina,Hart,Ameer
Gernhardt,Clay,Thagard,Corina,Gernhardt,Tylor
Hart,Stormy,Whitson,Alina,Hart,Ameer
Gernhardt,Zane,Thagard,Corina,Gernhardt,Tylor
Sturckow,Rosa,McCulley,Mahogany,Sturckow,Efren
Gernhardt,Emilio,Thagard,Corina,Gernhardt,Tylor
Sturckow,Michel,McCulley,Mahogany,Sturckow,Efren
Gernhardt,Kelton,Thagard,Corina,Gernhardt,Tylor
Sturckow,Maisie,McCulley,Mahogany,Sturckow,Efren
Gernhardt,Zachary,Thagard,Corina,Gernhardt,Tylor
Sturckow,Melanie,McCulley,Mahogany,Sturckow,Efren
Gernhardt,Landon,Thagard,Corina,Gernhardt,Tylor
Sturckow,Sandra,McCulley,Mahogany,Sturckow,Efren
Gernhardt,Ernesto,Thagard,Corina,Gernhardt,Tylor
Fillmore,Noemi,Schirra,Lily,Fillmore,Ronnie
Hart,Dillon,Whitson,Alina,Hart,Ameer
Fillmore,Jordan,Schirra,Lily,Fillmore,Ronnie
Hart,Johnathon,Whitson,Alina,Hart,Ameer
Cunningham,Xiomara,Henricks,Alexandra,Cunningham,Kurtis
Hart,Kenneth,Whitson,Alina,Hart,Ameer
Cunningham,Brooklyn,Henricks,Alexandra,Cunningham,Kurtis
Hart,Moshe,Whitson,Alina,Hart,Ameer
Cunningham,Dyamond,Henricks,Alexandra,Cunningham,Kurtis
Hart,Zev,Whitson,Alina,Hart,Ameer
Cunningham,Jana,Henricks,Alexandra,Cunningham,Kurtis
Hart,Justyn,Whitson,Alina,Hart,Ameer
Cunningham,Anissa,Henricks,Alexandra,Cunningham,Kurtis
Sturckow,Shareef,McCulley,Mahogany,Sturckow,Efren
Cunningham,Guadalupe,Henricks,Alexandra,Cunningham,Kurtis
Sturckow,Tyran,McCulley,Mahogany,Sturckow,Efren
Cunningham,Sheridan,Henricks,Alexandra,Cunningham,Kurtis
Sturckow,Hunter,McCulley,Mahogany,Sturckow,Efren
Cunningham,Alma,Henricks,Alexandra,Cunningham,Kurtis
Sturckow,Reece,McCulley,Mahogany,Sturckow,Efren
Cunningham,Vanessa,Henricks,Alexandra,Cunningham,Kurtis
Sturckow,Jeremy,McCulley,Mahogany,Sturckow,Efren
Davis,Rylee,Stafford,Natalia,Davis,Chris
Sturckow,Quintin,McCulley,Mahogany,Sturckow,Efren
Davis,Rocio,Stafford,Natalia,Davis,Chris
Fillmore,Leonard,Schirra,Lily,Fillmore,Ronnie
Davis,Sapphire,Stafford,Natalia,Davis,Chris
Cunningham,Sutton,Henricks,Alexandra,Cunningham,Kurtis
Davis,Anaya,Stafford,Natalia,Davis,Chris
Cunningham,Jeff,Henricks,Alexandra,Cunningham,Kurtis
Davis,Kendra,Stafford,Natalia,Davis,Chris
Cunningham,Lukas,Henricks,Alexandra,Cunningham,Kurtis
Davis,Jennie,Stafford,Natalia,Davis,Chris
Cunningham,Ahmad,Henricks,Alexandra,Cunningham,Kurtis
Davis,Breanna,Stafford,Natalia,Davis,Chris
Cunningham,Travis,Henricks,Alexandra,Cunningham,Kurtis
Torvalds,Shanise,Thuot,Yajayra,Torvalds,Earl
Cunningham,Forest,Henricks,Alexandra,Cunningham,Kurtis
Torvalds,Dana,Thuot,Yajayra,Torvalds,Earl
Cunningham,Kyle,Henricks,Alexandra,Cunningham,Kurtis
Torvalds,Amy,Thuot,Yajayra,Torvalds,Earl
Cunningham,Bryson,Henricks,Alexandra,Cunningham,Kurtis
Torvalds,Anissa,Thuot,Yajayra,Torvalds,Earl
Cunningham,Geordan,Henricks,Alexandra,Cunningham,Kurtis
Fabian,Deborah,Higginbotham,Stormy,Fabian,Ameer
Cunningham,Alfred,Henricks,Alexandra,Cunningham,Kurtis
Fabian,Sherry,Higginbotham,Stormy,Fabian,Ameer
Davis,Rowan,Stafford,Natalia,Davis,Chris
Fabian,Elaine,Higginbotham,Stormy,Fabian,Ameer
Davis,Amari,Stafford,Natalia,Davis,Chris
Fabian,Cynthia,Higginbotham,Stormy,Fabian,Ameer
Davis,Bryan,Stafford,Natalia,Davis,Chris
Fabian,Jayda,Higginbotham,Stormy,Fabian,Ameer
Davis,Javier,Stafford,Natalia,Davis,Chris
Fabian,Carli,Higginbotham,Stormy,Fabian,Ameer
Davis,Camden,Stafford,Natalia,Davis,Chris
Fabian,Zahra,Higginbotham,Stormy,Fabian,Ameer
Davis,Franklin,Stafford,Natalia,Davis,Chris
Fabian,Eliana,Higginbotham,Stormy,Fabian,Ameer
Davis,Devante,Stafford,Natalia,Davis,Chris
Fabian,Jean,Higginbotham,Stormy,Fabian,Ameer
Torvalds,Jajuan,Thuot,Yajayra,Torvalds,Earl
Low,Gretchen,Arthur,Cambria,Low,Giovanni
Torvalds,Darrion,Thuot,Yajayra,Torvalds,Earl
Low,Stephania,Arthur,Cambria,Low,Giovanni
Torvalds,Wilfredo,Thuot,Yajayra,Torvalds,Earl
Low,Kaytlin,Arthur,Cambria,Low,Giovanni
Torvalds,Abraham,Thuot,Yajayra,Torvalds,Earl
Low,Dayna,Arthur,Cambria,Low,Giovanni
Torvalds,Colt,Thuot,Yajayra,Torvalds,Earl
Low,Lynette,Arthur,Cambria,Low,Giovanni
Torvalds,Jayce,Thuot,Yajayra,Torvalds,Earl
Low,Rebecca,Arthur,Cambria,Low,Giovanni
Torvalds,Warren,Thuot,Yajayra,Torvalds,Earl
Carey,Aileen,Patrick,Cody,Carey,Ruben
Fabian,Talon,Higginbotham,Stormy,Fabian,Ameer
Carey,Measia,Patrick,Cody,Carey,Ruben
Fabian,San,Higginbotham,Stormy,Fabian,Ameer
Carey,Savanna,Patrick,Cody,Carey,Ruben
Fabian,Paul,Higginbotham,Stormy,Fabian,Ameer
Carey,Sherridan,Patrick,Cody,Carey,Ruben
Fabian,Ross,Higginbotham,Stormy,Fabian,Ameer
Carey,Harley,Patrick,Cody,Carey,Ruben
Fabian,John,Higginbotham,Stormy,Fabian,Ameer
Carey,Dayna,Patrick,Cody,Carey,Ruben
Fabian,Nickolas,Higginbotham,Stormy,Fabian,Ameer
Carey,Ashlynn,Patrick,Cody,Carey,Ruben
Fabian,Neal,Higginbotham,Stormy,Fabian,Ameer
Hayes,Blanca,Cleave,Isabelle,Hayes,Tre
Fabian,Mariano,Higginbotham,Stormy,Fabian,Ameer
Hayes,Nina,Cleave,Isabelle,Hayes,Tre
Fabian,Gerald,Higginbotham,Stormy,Fabian,Ameer
Hayes,Cailin,Cleave,Isabelle,Hayes,Tre
Fabian,Isaiah,Higginbotham,Stormy,Fabian,Ameer
Hayes,Daphne,Cleave,Isabelle,Hayes,Tre
Fabian,Casey,Higginbotham,Stormy,Fabian,Ameer
Daniels,Laurel,Burbank,Corina,Daniels,Alonzo
Low,Terron,Arthur,Cambria,Low,Giovanni
Daniels,Christine,Burbank,Corina,Daniels,Alonzo
Low,Chandler,Arthur,Cambria,Low,Giovanni
Daniels,Clair,Burbank,Corina,Daniels,Alonzo
Low,Marshall,Arthur,Cambria,Low,Giovanni
Daniels,Anika,Burbank,Corina,Daniels,Alonzo
Low,Caleb,Arthur,Cambria,Low,Giovanni
Daniels,Jazmon,Burbank,Corina,Daniels,Alonzo
Low,Nathanael,Arthur,Cambria,Low,Giovanni
Daniels,Olivia,Burbank,Corina,Daniels,Alonzo
Carey,Rashaun,Patrick,Cody,Carey,Ruben
Daniels,Jaime,Burbank,Corina,Daniels,Alonzo
Carey,Jovonte,Patrick,Cody,Carey,Ruben
Caldeiro,Veda,Burbank,Jazmyn,Caldeiro,Michel
Carey,Juan,Patrick,Cody,Carey,Ruben
Caldeiro,Aileen,Burbank,Jazmyn,Caldeiro,Michel
Carey,Quintyn,Patrick,Cody,Carey,Ruben
Caldeiro,Chaya,Burbank,Jazmyn,Caldeiro,Michel
Carey,Roman,Patrick,Cody,Carey,Ruben
Caldeiro,Antoinette,Burbank,Jazmyn,Caldeiro,Michel
Carey,Jared,Patrick,Cody,Carey,Ruben
Caldeiro,Audrey,Burbank,Jazmyn,Caldeiro,Michel
Hayes,Westley,Cleave,Isabelle,Hayes,Tre
Caldeiro,Breona,Burbank,Jazmyn,Caldeiro,Michel
Hayes,Craig,Cleave,Isabelle,Hayes,Tre
Caldeiro,Keri,Burbank,Jazmyn,Caldeiro,Michel
Hayes,Jarvis,Cleave,Isabelle,Hayes,Tre
Caldeiro,Baylee,Burbank,Jazmyn,Caldeiro,Michel
Hayes,Devonta,Cleave,Isabelle,Hayes,Tre
Caldeiro,Brianne,Burbank,Jazmyn,Caldeiro,Michel
Hayes,Bernard,Cleave,Isabelle,Hayes,Tre
Thorne,Shawna,Burbank,Linnea,Thorne,Reece
Daniels,Cade,Burbank,Corina,Daniels,Alonzo
Thorne,Shyann,Burbank,Linnea,Thorne,Reece
Daniels,Spencer,Burbank,Corina,Daniels,Alonzo
Thorne,Siera,Burbank,Linnea,Thorne,Reece
Daniels,Easton,Burbank,Corina,Daniels,Alonzo
Thorne,Savanah,Burbank,Linnea,Thorne,Reece
Daniels,Damion,Burbank,Corina,Daniels,Alonzo
Thorne,Lara,Burbank,Linnea,Thorne,Reece
Daniels,Mauro,Burbank,Corina,Daniels,Alonzo
Thorne,Stephanie,Burbank,Linnea,Thorne,Reece
Daniels,Errol,Burbank,Corina,Daniels,Alonzo
Thorne,Michaela,Burbank,Linnea,Thorne,Reece
Daniels,Devonte,Burbank,Corina,Daniels,Alonzo
Thorne,Reilly,Burbank,Linnea,Thorne,Reece
Daniels,Zackary,Burbank,Corina,Daniels,Alonzo
Thorne,Melisa,Burbank,Linnea,Thorne,Reece
Daniels,Rigoberto,Burbank,Corina,Daniels,Alonzo
Ashby,Rhiannon,Burbank,Makenna,Ashby,Joan
Daniels,Sunny,Burbank,Corina,Daniels,Alonzo
Ashby,Christy,Burbank,Makenna,Ashby,Joan
Daniels,Brenton,Burbank,Corina,Daniels,Alonzo
Ashby,Maria,Burbank,Makenna,Ashby,Joan
Daniels,Alek,Burbank,Corina,Daniels,Alonzo
Burbank,Rebecca,Haise,Keosha,Burbank,Matthew
Caldeiro,Damon,Burbank,Jazmyn,Caldeiro,Michel
Burbank,Misty,Haise,Keosha,Burbank,Matthew
Caldeiro,Tobias,Burbank,Jazmyn,Caldeiro,Michel
Burbank,Tiona,Haise,Hana,Burbank,Tyreek
Caldeiro,Killian,Burbank,Jazmyn,Caldeiro,Michel
Burbank,Yasmine,Haise,Hana,Burbank,Tyreek
Caldeiro,Devonta,Burbank,Jazmyn,Caldeiro,Michel
Burbank,Maryssa,Haise,Hana,Burbank,Tyreek
Caldeiro,Kahlil,Burbank,Jazmyn,Caldeiro,Michel
Burbank,Merideth,Haise,Irene,Burbank,Kai
Thorne,Kendrick,Burbank,Linnea,Thorne,Reece
Burbank,Candace,Haise,Irene,Burbank,Kai
Thorne,Stephon,Burbank,Linnea,Thorne,Reece
Burbank,Shianne,Haise,Stacie,Burbank,Leonard
Thorne,Jacques,Burbank,Linnea,Thorne,Reece
Burbank,Erika,Haise,Stacie,Burbank,Leonard
Thorne,German,Burbank,Linnea,Thorne,Reece
Burbank,Jaquana,Haise,Stacie,Burbank,Leonard
Thorne,Fredy,Burbank,Linnea,Thorne,Reece
Burbank,Emmalee,Haise,Stacie,Burbank,Leonard
Thorne,Irvin,Burbank,Linnea,Thorne,Reece
Burbank,Katia,Haise,Stacie,Burbank,Leonard
Thorne,Seamus,Burbank,Linnea,Thorne,Reece
Burbank,Lori,Haise,Stacie,Burbank,Leonard
Thorne,Efren,Burbank,Linnea,Thorne,Reece
Burbank,Jaden,Haise,Stacie,Burbank,Leonard
Ashby,Rowan,Burbank,Makenna,Ashby,Joan
Burbank,Kirstin,Haise,Stacie,Burbank,Leonard
Ashby,Salvador,Burbank,Makenna,Ashby,Joan
Burbank,Jenae,Haise,Angelique,Burbank,Brian
Burbank,Pablo,Haise,Keosha,Burbank,Matthew
Burbank,Asia,Haise,Angelique,Burbank,Brian
Burbank,Joshua,Haise,Keosha,Burbank,Matthew
Burbank,Anjelica,Gernhardt,Alexis,Burbank,Dion
Burbank,Fredrick,Haise,Keosha,Burbank,Matthew
Burbank,Jordan,Gernhardt,Alexis,Burbank,Dion
Burbank,Raul,Haise,Keosha,Burbank,Matthew
Burbank,Brandy,Gernhardt,Alexis,Burbank,Dion
Burbank,Pedro,Haise,Hana,Burbank,Tyreek
Burbank,Helen,Gernhardt,Alexis,Burbank,Dion
Burbank,Reece,Haise,Hana,Burbank,Tyreek
Burbank,Brionna,Gernhardt,Lexy,Burbank,Terrence
Burbank,Guy,Haise,Hana,Burbank,Tyreek
Burbank,Terri,Gernhardt,Lexy,Burbank,Terrence
Burbank,Keegan,Haise,Hana,Burbank,Tyreek
Burbank,Katherine,Gernhardt,Lexy,Burbank,Terrence
Burbank,Kelton,Haise,Hana,Burbank,Tyreek
Burbank,Jessenia,Gernhardt,Lexy,Burbank,Terrence
Burbank,Orlando,Haise,Hana,Burbank,Tyreek
Burbank,Yaritza,Gernhardt,Lexy,Burbank,Terrence
Burbank,Cristobal,Haise,Irene,Burbank,Kai
Burbank,Marianne,Gernhardt,Lexy,Burbank,Terrence
Burbank,Asa,Haise,Irene,Burbank,Kai
Burbank,Shelly,Gernhardt,Lexy,Burbank,Terrence
Burbank,Darrion,Haise,Irene,Burbank,Kai
Burbank,Alejandra,Gernhardt,Lexy,Burbank,Terrence
Burbank,Frederic,Haise,Stacie,Burbank,Leonard
Burbank,Giuliana,Gernhardt,Lexy,Burbank,Terrence
Burbank,Agustin,Haise,Stacie,Burbank,Leonard
Burbank,Samara,Gernhardt,Lexy,Burbank,Terrence
Burbank,Johnathen,Haise,Stacie,Burbank,Leonard
Haise,Keisha,Burbank,Shanise,Haise,Jan
Burbank,Emilio,Haise,Stacie,Burbank,Leonard
Haise,Jazmyn,Burbank,Shanise,Haise,Jan
Burbank,Quinton,Haise,Stacie,Burbank,Leonard
Haise,Jhane,Gernhardt,India,Haise,Benjamin
Burbank,Owen,Haise,Stacie,Burbank,Leonard
Haise,Emma,Gernhardt,India,Haise,Benjamin
Burbank,Wayne,Haise,Stacie,Burbank,Leonard
Haise,Tasha,Gernhardt,India,Haise,Benjamin
Burbank,Jesse,Haise,Stacie,Burbank,Leonard
Haise,Kallee,Gernhardt,India,Haise,Benjamin
Burbank,Colbey,Haise,Stacie,Burbank,Leonard
Haise,Shayla,Gernhardt,India,Haise,Benjamin
Burbank,Johnathon,Haise,Angelique,Burbank,Brian
Haise,Trinity,Gernhardt,India,Haise,Benjamin
Burbank,Devin,Haise,Angelique,Burbank,Brian
Haise,Mariah,Gernhardt,India,Haise,Benjamin
Burbank,Gunnar,Gernhardt,Alexis,Burbank,Dion
Haise,Tamara,Gernhardt,India,Haise,Benjamin
Burbank,Bret,Gernhardt,Alexis,Burbank,Dion
Haise,Ivory,Gernhardt,Ellen,Haise,Jerryd
Burbank,Reginald,Gernhardt,Lexy,Burbank,Terrence
Haise,Connie,Gernhardt,Ellen,Haise,Jerryd
Burbank,Julio,Gernhardt,Lexy,Burbank,Terrence
Haise,Kierra,Gernhardt,Ellen,Haise,Jerryd
Burbank,Gene,Gernhardt,Lexy,Burbank,Terrence
Haise,Peyton,Gernhardt,Ellen,Haise,Jerryd
Burbank,Marquis,Gernhardt,Lexy,Burbank,Terrence
Haise,Marie,Gernhardt,Ellen,Haise,Jerryd
Burbank,Gannon,Gernhardt,Lexy,Burbank,Terrence
Haise,Krupa,Gernhardt,Ellen,Haise,Jerryd
Burbank,Thomas,Gernhardt,Lexy,Burbank,Terrence
Haise,Halee,Gernhardt,Ellen,Haise,Jerryd
Burbank,Luke,Gernhardt,Lexy,Burbank,Terrence
Haise,Nadia,Gernhardt,Ellen,Haise,Jerryd
Burbank,Dashane,Gernhardt,Lexy,Burbank,Terrence
Haise,Regan,Gernhardt,Ellen,Haise,Jerryd
Haise,Zackary,Burbank,Shanise,Haise,Jan
Haise,Adrianna,Gernhardt,Ellen,Haise,Jerryd
Haise,Gage,Gernhardt,India,Haise,Benjamin
Haise,Madalyn,Gernhardt,Ellen,Haise,Jerryd
Haise,Tommy,Gernhardt,India,Haise,Benjamin
Haise,Jaymi,Gernhardt,Khyla,Haise,Santana
Haise,Jayden,Gernhardt,India,Haise,Benjamin
Haise,Gerardo,Gernhardt,Khyla,Haise,Santana
Haise,Jaylan,Gernhardt,India,Haise,Benjamin
Haise,Siearra,Gernhardt,Khyla,Haise,Santana
Haise,Darrell,Gernhardt,India,Haise,Benjamin
Haise,Mikayla,Gernhardt,Khyla,Haise,Santana
Haise,Roland,Gernhardt,India,Haise,Benjamin
Haise,Maeghan,Gernhardt,Khyla,Haise,Santana
Haise,Louis,Gernhardt,India,Haise,Benjamin
Haise,Francisca,Gernhardt,Khyla,Haise,Santana
Haise,Justice,Gernhardt,India,Haise,Benjamin
Haise,Genevieve,Gernhardt,Laura,Haise,Brice
Haise,Ty,Gernhardt,India,Haise,Benjamin
Haise,Hailey,Gernhardt,Laura,Haise,Brice
Haise,Anibal,Gernhardt,Ellen,Haise,Jerryd
Haise,Melanie,Gernhardt,Laura,Haise,Brice
Haise,Tylor,Gernhardt,Ellen,Haise,Jerryd
Haise,Deborah,Gernhardt,Laura,Haise,Brice
Haise,Raheem,Gernhardt,Ellen,Haise,Jerryd
Gernhardt,Stella,Hart,Rebekah,Gernhardt,Frederick
Haise,Justus,Gernhardt,Ellen,Haise,Jerryd
Gernhardt,Holland,Hart,Rebekah,Gernhardt,Frederick
Haise,Miguel,Gernhardt,Ellen,Haise,Jerryd
Gernhardt,Michelle,Hart,Rebekah,Gernhardt,Frederick
Haise,Leland,Gernhardt,Ellen,Haise,Jerryd
Gernhardt,Melody,Hart,Rebekah,Gernhardt,Frederick
Haise,Alvin,Gernhardt,Ellen,Haise,Jerryd
Gernhardt,Avery,Hart,Rebekah,Gernhardt,Frederick
Haise,Garrick,Gernhardt,Khyla,Haise,Santana
Gernhardt,Delaney,Hart,Kristi,Gernhardt,Harry
Haise,Esau,Gernhardt,Khyla,Haise,Santana
Gernhardt,Stormy,Hart,Kristi,Gernhardt,Harry
Haise,Levi,Gernhardt,Khyla,Haise,Santana
Gernhardt,Dandrea,Hart,Kristi,Gernhardt,Harry
Haise,Colbey,Gernhardt,Khyla,Haise,Santana
Gernhardt,Kyra,Hart,Kristi,Gernhardt,Harry
Haise,Braden,Gernhardt,Khyla,Haise,Santana
Gernhardt,Aliyah,Hart,Kristi,Gernhardt,Harry
Haise,Israel,Gernhardt,Khyla,Haise,Santana
Gernhardt,Kaira,Hart,Jesslyn,Gernhardt,Tony
Haise,Houston,Gernhardt,Khyla,Haise,Santana
Gernhardt,Domonique,Hart,Jesslyn,Gernhardt,Tony
Haise,Zakery,Gernhardt,Laura,Haise,Brice
Gernhardt,Kori,Hart,Jesslyn,Gernhardt,Tony
Haise,Bret,Gernhardt,Laura,Haise,Brice
Gernhardt,Shawna,Hart,Jesslyn,Gernhardt,Tony
Haise,Anders,Gernhardt,Laura,Haise,Brice
Gernhardt,Christina,Hart,Stormy,Gernhardt,Clay
Haise,Bernardo,Gernhardt,Laura,Haise,Brice
Gernhardt,Tierra,Hart,Stormy,Gernhardt,Clay
Haise,Isiah,Gernhardt,Laura,Haise,Brice
Gernhardt,Grace,Hart,Stormy,Gernhardt,Clay
Haise,Heriberto,Gernhardt,Laura,Haise,Brice
Gernhardt,Jessa,Hart,Stormy,Gernhardt,Clay
Haise,Brayden,Gernhardt,Laura,Haise,Brice
Gernhardt,Elizabeth,Hart,Stormy,Gernhardt,Clay
Gernhardt,Irfan,Hart,Rebekah,Gernhardt,Frederick
Gernhardt,Anamarie,Hart,Stormy,Gernhardt,Clay
Gernhardt,Louis,Hart,Rebekah,Gernhardt,Frederick
Gernhardt,Lexi,Hart,Stormy,Gernhardt,Clay
Gernhardt,Keion,Hart,Rebekah,Gernhardt,Frederick
Gernhardt,Emmalee,Hart,Stormy,Gernhardt,Clay
Gernhardt,Wanya,Hart,Kristi,Gernhardt,Harry
Gernhardt,Loren,Sturckow,Rosa,Gernhardt,Zane
Gernhardt,Wesley,Hart,Kristi,Gernhardt,Harry
Gernhardt,Darrian,Sturckow,Rosa,Gernhardt,Zane
Gernhardt,Dexter,Hart,Kristi,Gernhardt,Harry
Gernhardt,Dominique,Sturckow,Rosa,Gernhardt,Zane
Gernhardt,Douglas,Hart,Kristi,Gernhardt,Harry
Gernhardt,Salina,Sturckow,Rosa,Gernhardt,Zane
Gernhardt,Ricardo,Hart,Jesslyn,Gernhardt,Tony
Gernhardt,Joan,Sturckow,Michel,Gernhardt,Emilio
Gernhardt,Anfernee,Hart,Jesslyn,Gernhardt,Tony
Gernhardt,Kierstin,Sturckow,Michel,Gernhardt,Emilio
Gernhardt,Saul,Hart,Jesslyn,Gernhardt,Tony
Gernhardt,Shanice,Sturckow,Michel,Gernhardt,Emilio
Gernhardt,Wilfredo,Hart,Jesslyn,Gernhardt,Tony
Gernhardt,Yolanda,Sturckow,Michel,Gernhardt,Emilio
Gernhardt,Deric,Hart,Jesslyn,Gernhardt,Tony
Gernhardt,Tatianna,Sturckow,Michel,Gernhardt,Emilio
Gernhardt,Soren,Hart,Jesslyn,Gernhardt,Tony
Gernhardt,Norma,Sturckow,Michel,Gernhardt,Emilio
Gernhardt,Ryland,Hart,Jesslyn,Gernhardt,Tony
Gernhardt,Amanda,Sturckow,Michel,Gernhardt,Emilio
Gernhardt,Marvin,Hart,Jesslyn,Gernhardt,Tony
Gernhardt,Jesslyn,Sturckow,Michel,Gernhardt,Emilio
Gernhardt,Gary,Hart,Stormy,Gernhardt,Clay
Gernhardt,Daphne,Sturckow,Michel,Gernhardt,Emilio
Gernhardt,Leonardo,Hart,Stormy,Gernhardt,Clay
Gernhardt,Bree,Sturckow,Maisie,Gernhardt,Kelton
Gernhardt,Izaiah,Hart,Stormy,Gernhardt,Clay
Gernhardt,Mckenna,Sturckow,Maisie,Gernhardt,Kelton
Gernhardt,Courtney,Hart,Stormy,Gernhardt,Clay
Gernhardt,Sarafina,Sturckow,Maisie,Gernhardt,Kelton
Gernhardt,Valentine,Sturckow,Rosa,Gernhardt,Zane
Gernhardt,Kyla,Sturckow,Maisie,Gernhardt,Kelton
Gernhardt,Arnold,Sturckow,Rosa,Gernhardt,Zane
Gernhardt,Rosa,Sturckow,Maisie,Gernhardt,Kelton
Gernhardt,Alexandro,Sturckow,Michel,Gernhardt,Emilio
Gernhardt,Elizabet,Sturckow,Maisie,Gernhardt,Kelton
Gernhardt,Raymond,Sturckow,Michel,Gernhardt,Emilio
Gernhardt,Tasha,Sturckow,Maisie,Gernhardt,Kelton
Gernhardt,Charly,Sturckow,Michel,Gernhardt,Emilio
Gernhardt,Fiona,Sturckow,Melanie,Gernhardt,Zachary
Gernhardt,Marcanthon,Sturckow,Michel,Gernhardt,Emilio
Gernhardt,Dajah,Sturckow,Melanie,Gernhardt,Zachary
Gernhardt,Kevin,Sturckow,Michel,Gernhardt,Emilio
Gernhardt,Joi,Sturckow,Melanie,Gernhardt,Zachary
Gernhardt,Terrance,Sturckow,Michel,Gernhardt,Emilio
Gernhardt,Devonna,Sturckow,Melanie,Gernhardt,Zachary
Gernhardt,Quincy,Sturckow,Michel,Gernhardt,Emilio
Gernhardt,Peyton,Sturckow,Sandra,Gernhardt,Landon
Gernhardt,Damian,Sturckow,Michel,Gernhardt,Emilio
Gernhardt,Frances,Sturckow,Sandra,Gernhardt,Landon
Gernhardt,Alejandro,Sturckow,Michel,Gernhardt,Emilio
Gernhardt,Kaylie,Sturckow,Sandra,Gernhardt,Landon
Gernhardt,Tomas,Sturckow,Michel,Gernhardt,Emilio
Gernhardt,Hunter,Sturckow,Sandra,Gernhardt,Landon
Gernhardt,Omar,Sturckow,Michel,Gernhardt,Emilio
Gernhardt,Sharon,Fillmore,Noemi,Gernhardt,Ernesto
Gernhardt,Darnell,Sturckow,Maisie,Gernhardt,Kelton
Gernhardt,Bayleigh,Fillmore,Noemi,Gernhardt,Ernesto
Gernhardt,Garret,Sturckow,Maisie,Gernhardt,Kelton
Gernhardt,Caitlynn,Fillmore,Noemi,Gernhardt,Ernesto
Gernhardt,Jovonte,Sturckow,Maisie,Gernhardt,Kelton
Hart,Bria,Fillmore,Jordan,Hart,Dillon
Gernhardt,Juancarlos,Sturckow,Maisie,Gernhardt,Kelton
Hart,Bonnie,Fillmore,Jordan,Hart,Dillon
Gernhardt,Austyn,Sturckow,Melanie,Gernhardt,Zachary
Hart,Suzanna,Fillmore,Jordan,Hart,Dillon
Gernhardt,Yakov,Sturckow,Melanie,Gernhardt,Zachary
Hart,Gerardo,Fillmore,Jordan,Hart,Dillon
Gernhardt,Francisco,Sturckow,Sandra,Gernhardt,Landon
Hart,Estefani,Fillmore,Jordan,Hart,Dillon
Gernhardt,Sahil,Sturckow,Sandra,Gernhardt,Landon
Hart,Alysha,Fillmore,Jordan,Hart,Dillon
Gernhardt,Maxwell,Sturckow,Sandra,Gernhardt,Landon
Hart,Marli,Fillmore,Jordan,Hart,Dillon
Gernhardt,Julio,Sturckow,Sandra,Gernhardt,Landon
Hart,Sherry,Cunningham,Xiomara,Hart,Johnathon
Gernhardt,Adalberto,Sturckow,Sandra,Gernhardt,Landon
Hart,Cheyann,Cunningham,Xiomara,Hart,Johnathon
Gernhardt,Fernando,Sturckow,Sandra,Gernhardt,Landon
Hart,Dana,Cunningham,Xiomara,Hart,Johnathon
Gernhardt,Felipe,Fillmore,Noemi,Gernhardt,Ernesto
Hart,Sheniqua,Cunningham,Xiomara,Hart,Johnathon
Gernhardt,Drew,Fillmore,Noemi,Gernhardt,Ernesto
Hart,Jamee,Cunningham,Xiomara,Hart,Johnathon
Gernhardt,Adrian,Fillmore,Noemi,Gernhardt,Ernesto
Hart,Claudia,Cunningham,Brooklyn,Hart,Kenneth
Gernhardt,Sebastian,Fillmore,Noemi,Gernhardt,Ernesto
Hart,Ellie,Cunningham,Brooklyn,Hart,Kenneth
Gernhardt,Jeffrey,Fillmore,Noemi,Gernhardt,Ernesto
Hart,Mackenzie,Cunningham,Dyamond,Hart,Moshe
Hart,Maximilian,Fillmore,Jordan,Hart,Dillon
Hart,Dayana,Cunningham,Dyamond,Hart,Moshe
Hart,Kapil,Fillmore,Jordan,Hart,Dillon
Hart,Brittani,Cunningham,Dyamond,Hart,Moshe
Hart,Treshaun,Fillmore,Jordan,Hart,Dillon
Hart,Aylssa,Cunningham,Dyamond,Hart,Moshe
Hart,Romello,Cunningham,Xiomara,Hart,Johnathon
Hart,Christie,Cunningham,Dyamond,Hart,Moshe
Hart,Denzel,Cunningham,Xiomara,Hart,Johnathon
Hart,Siera,Cunningham,Dyamond,Hart,Moshe
Hart,Rasheed,Cunningham,Xiomara,Hart,Johnathon
Hart,Maisie,Cunningham,Dyamond,Hart,Moshe
Hart,Jackson,Cunningham,Brooklyn,Hart,Kenneth
Hart,Nayeli,Cunningham,Dyamond,Hart,Moshe
Hart,Johnny,Cunningham,Dyamond,Hart,Moshe
Hart,Ronni,Cunningham,Dyamond,Hart,Moshe
Hart,Courtney,Cunningham,Dyamond,Hart,Moshe
Hart,Cecelia,Cunningham,Dyamond,Hart,Moshe
Hart,Marcello,Cunningham,Dyamond,Hart,Moshe
Hart,Morgan,Cunningham,Jana,Hart,Zev
Hart,Caden,Cunningham,Dyamond,Hart,Moshe
Hart,Ivory,Cunningham,Jana,Hart,Zev
Hart,Hector,Cunningham,Dyamond,Hart,Moshe
Hart,Tanya,Cunningham,Jana,Hart,Zev
Hart,Bennett,Cunningham,Dyamond,Hart,Moshe
Hart,Elyse,Cunningham,Jana,Hart,Zev
Hart,Justin,Cunningham,Dyamond,Hart,Moshe
Hart,Sharon,Cunningham,Jana,Hart,Zev
Hart,Kristofer,Cunningham,Dyamond,Hart,Moshe
Hart,Bridget,Cunningham,Jana,Hart,Zev
Hart,Reese,Cunningham,Jana,Hart,Zev
Hart,Karah,Cunningham,Anissa,Hart,Justyn
Hart,Keegan,Cunningham,Jana,Hart,Zev
Hart,Nadine,Cunningham,Anissa,Hart,Justyn
Hart,Pablo,Cunningham,Jana,Hart,Zev
Hart,Karla,Cunningham,Anissa,Hart,Justyn
Hart,Gavin,Cunningham,Jana,Hart,Zev
Hart,Natalie,Cunningham,Anissa,Hart,Justyn
Hart,Bronson,Cunningham,Jana,Hart,Zev
Hart,Delaney,Cunningham,Anissa,Hart,Justyn
Hart,Devante,Cunningham,Jana,Hart,Zev
Hart,Miranda,Cunningham,Anissa,Hart,Justyn
Hart,Carlos,Cunningham,Jana,Hart,Zev
Hart,Jodie,Cunningham,Anissa,Hart,Justyn
Hart,Andreas,Cunningham,Anissa,Hart,Justyn
Sturckow,Carolyn,Cunningham,Guadalupe,Sturckow,Shareef
Hart,Alexander,Cunningham,Anissa,Hart,Justyn
Sturckow,Milena,Cunningham,Sheridan,Sturckow,Tyran
Hart,Stephan,Cunningham,Anissa,Hart,Justyn
Sturckow,Linsey,Cunningham,Sheridan,Sturckow,Tyran
Sturckow,Andres,Cunningham,Guadalupe,Sturckow,Shareef
Sturckow,Shyann,Cunningham,Sheridan,Sturckow,Tyran
Sturckow,Rodrigo,Cunningham,Guadalupe,Sturckow,Shareef
Sturckow,Paris,Cunningham,Sheridan,Sturckow,Tyran
Sturckow,Christophe,Cunningham,Guadalupe,Sturckow,Shareef
Sturckow,Maddison,Cunningham,Sheridan,Sturckow,Tyran
Sturckow,Johnathen,Cunningham,Sheridan,Sturckow,Tyran
Sturckow,Jena,Cunningham,Alma,Sturckow,Hunter
Sturckow,Erik,Cunningham,Sheridan,Sturckow,Tyran
Sturckow,Viridiana,Cunningham,Alma,Sturckow,Hunter
Sturckow,Jacob,Cunningham,Sheridan,Sturckow,Tyran
Sturckow,Hope,Cunningham,Alma,Sturckow,Hunter
Sturckow,Eberardo,Cunningham,Alma,Sturckow,Hunter
Sturckow,Caitlin,Cunningham,Alma,Sturckow,Hunter
Sturckow,Cristian,Cunningham,Alma,Sturckow,Hunter
Sturckow,Rocio,Cunningham,Alma,Sturckow,Hunter
Sturckow,Keagan,Cunningham,Alma,Sturckow,Hunter
Sturckow,Chastity,Cunningham,Alma,Sturckow,Hunter
Sturckow,Kerrick,Cunningham,Vanessa,Sturckow,Reece
Sturckow,Gretchen,Cunningham,Vanessa,Sturckow,Reece
Sturckow,Alexis,Cunningham,Vanessa,Sturckow,Reece
Sturckow,Amber,Cunningham,Vanessa,Sturckow,Reece
Sturckow,Damian,Cunningham,Vanessa,Sturckow,Reece
Sturckow,Hilda,Cunningham,Vanessa,Sturckow,Reece
Sturckow,Marcus,Cunningham,Vanessa,Sturckow,Reece
Sturckow,Coralys,Cunningham,Vanessa,Sturckow,Reece
Sturckow,Tyree,Cunningham,Vanessa,Sturckow,Reece
Sturckow,Camelia,Cunningham,Vanessa,Sturckow,Reece
Sturckow,Jaylen,Cunningham,Vanessa,Sturckow,Reece
Sturckow,Meagan,Cunningham,Vanessa,Sturckow,Reece
Sturckow,Saul,Davis,Rylee,Sturckow,Jeremy
Sturckow,Caitlynn,Cunningham,Vanessa,Sturckow,Reece
Sturckow,Nour,Davis,Rylee,Sturckow,Jeremy
Sturckow,Brianna,Cunningham,Vanessa,Sturckow,Reece
Sturckow,Carl,Davis,Rylee,Sturckow,Jeremy
Sturckow,Magdalena,Cunningham,Vanessa,Sturckow,Reece
Sturckow,Nicholaus,Davis,Rylee,Sturckow,Jeremy
Sturckow,Hana,Davis,Rylee,Sturckow,Jeremy
Sturckow,Kurt,Davis,Rylee,Sturckow,Jeremy
Sturckow,Daphne,Davis,Rylee,Sturckow,Jeremy
Sturckow,Abdul,Davis,Rylee,Sturckow,Jeremy
Sturckow,Myesha,Davis,Rylee,Sturckow,Jeremy
Sturckow,Jade,Davis,Rylee,Sturckow,Jeremy
Sturckow,Linnea,Davis,Rylee,Sturckow,Jeremy
Sturckow,Keeton,Davis,Rocio,Sturckow,Quintin
Sturckow,Kaylee,Davis,Rylee,Sturckow,Jeremy
Sturckow,Rayvon,Davis,Rocio,Sturckow,Quintin
Sturckow,Lindsay,Davis,Rylee,Sturckow,Jeremy
Sturckow,Nickalus,Davis,Rocio,Sturckow,Quintin
Sturckow,Mariela,Davis,Rylee,Sturckow,Jeremy
Sturckow,Colby,Davis,Rocio,Sturckow,Quintin
Sturckow,Baily,Davis,Rylee,Sturckow,Jeremy
Sturckow,Jashua,Davis,Rocio,Sturckow,Quintin
Sturckow,Alice,Davis,Rylee,Sturckow,Jeremy
Sturckow,Keon,Davis,Rocio,Sturckow,Quintin
Sturckow,Kenya,Davis,Rylee,Sturckow,Jeremy
Fillmore,Ahmed,Davis,Sapphire,Fillmore,Leonard
Sturckow,Hallie,Davis,Rylee,Sturckow,Jeremy
Fillmore,Jamari,Davis,Sapphire,Fillmore,Leonard
Sturckow,Keila,Davis,Rylee,Sturckow,Jeremy
Fillmore,Tysheem,Davis,Sapphire,Fillmore,Leonard
Sturckow,Noemi,Davis,Rylee,Sturckow,Jeremy
Fillmore,Rudy,Davis,Sapphire,Fillmore,Leonard
Sturckow,Alesha,Davis,Rocio,Sturckow,Quintin
Fillmore,Jamir,Davis,Sapphire,Fillmore,Leonard
Sturckow,Nathaly,Davis,Rocio,Sturckow,Quintin
Fillmore,Kegan,Davis,Sapphire,Fillmore,Leonard
Sturckow,Candy,Davis,Rocio,Sturckow,Quintin
Fillmore,Anthoni,Davis,Sapphire,Fillmore,Leonard
Sturckow,Merideth,Davis,Rocio,Sturckow,Quintin
Cunningham,Ahmed,Davis,Anaya,Cunningham,Sutton
Sturckow,Tatyana,Davis,Rocio,Sturckow,Quintin
Cunningham,Drew,Davis,Kendra,Cunningham,Jeff
Sturckow,Halee,Davis,Rocio,Sturckow,Quintin
Cunningham,Jarvis,Davis,Jennie,Cunningham,Lukas
Sturckow,Emmily,Davis,Rocio,Sturckow,Quintin
Cunningham,Devon,Davis,Jennie,Cunningham,Lukas
Sturckow,Karishma,Davis,Rocio,Sturckow,Quintin
Cunningham,Trevin,Davis,Breanna,Cunningham,Ahmad
Fillmore,Maricarmen,Davis,Sapphire,Fillmore,Leonard
Cunningham,Devontae,Davis,Breanna,Cunningham,Ahmad
Fillmore,Suleyma,Davis,Sapphire,Fillmore,Leonard
Cunningham,Asa,Torvalds,Shanise,Cunningham,Travis
Fillmore,Deyaneira,Davis,Sapphire,Fillmore,Leonard
Cunningham,Kelson,Torvalds,Shanise,Cunningham,Travis
Fillmore,Charlotte,Davis,Sapphire,Fillmore,Leonard
Cunningham,Nickolas,Torvalds,Shanise,Cunningham,Travis
Fillmore,Nakia,Davis,Sapphire,Fillmore,Leonard
Cunningham,Mckay,Torvalds,Dana,Cunningham,Forest
Fillmore,Rachelle,Davis,Sapphire,Fillmore,Leonard
Cunningham,Jimmy,Torvalds,Dana,Cunningham,Forest
Cunningham,Jennifer,Davis,Anaya,Cunningham,Sutton
Cunningham,Coleman,Torvalds,Dana,Cunningham,Forest
Cunningham,Deserae,Davis,Anaya,Cunningham,Sutton
Cunningham,Lee,Torvalds,Amy,Cunningham,Kyle
Cunningham,Elizabet,Davis,Anaya,Cunningham,Sutton
Cunningham,Jaquan,Torvalds,Anissa,Cunningham,Bryson
Cunningham,Krupa,Davis,Anaya,Cunningham,Sutton
Cunningham,Tommy,Torvalds,Anissa,Cunningham,Bryson
Cunningham,India,Davis,Kendra,Cunningham,Jeff
Cunningham,Izaiah,Torvalds,Anissa,Cunningham,Bryson
Cunningham,Natalya,Davis,Kendra,Cunningham,Jeff
Cunningham,Trae,Torvalds,Anissa,Cunningham,Bryson
Cunningham,Alexi,Davis,Kendra,Cunningham,Jeff
Cunningham,Zaquan,Torvalds,Anissa,Cunningham,Bryson
Cunningham,Clare,Davis,Kendra,Cunningham,Jeff
Cunningham,Kerry,Torvalds,Anissa,Cunningham,Bryson
Cunningham,Felisha,Davis,Jennie,Cunningham,Lukas
Cunningham,Maliki,Torvalds,Anissa,Cunningham,Bryson
Cunningham,Siera,Davis,Jennie,Cunningham,Lukas
Cunningham,Demarcus,Fabian,Deborah,Cunningham,Geordan
Cunningham,Ivory,Davis,Breanna,Cunningham,Ahmad
Cunningham,Reynaldo,Fabian,Deborah,Cunningham,Geordan
Cunningham,Keishla,Davis,Breanna,Cunningham,Ahmad
Cunningham,Jair,Fabian,Deborah,Cunningham,Geordan
Cunningham,Bayleigh,Torvalds,Shanise,Cunningham,Travis
Cunningham,Kyler,Fabian,Deborah,Cunningham,Geordan
Cunningham,Kaylyn,Torvalds,Shanise,Cunningham,Travis
Cunningham,Lamar,Fabian,Deborah,Cunningham,Geordan
Cunningham,Alondra,Torvalds,Shanise,Cunningham,Travis
Cunningham,Casey,Fabian,Sherry,Cunningham,Alfred
Cunningham,Elisa,Torvalds,Shanise,Cunningham,Travis
Cunningham,Anfernee,Fabian,Sherry,Cunningham,Alfred
Cunningham,Kenzie,Torvalds,Dana,Cunningham,Forest
Cunningham,Jake,Fabian,Sherry,Cunningham,Alfred
Cunningham,Shaye,Torvalds,Dana,Cunningham,Forest
Cunningham,Warren,Fabian,Sherry,Cunningham,Alfred
Cunningham,Jacquelin,Torvalds,Dana,Cunningham,Forest
Cunningham,Lauren,Fabian,Sherry,Cunningham,Alfred
Cunningham,Serenity,Torvalds,Amy,Cunningham,Kyle
Cunningham,Abdul,Fabian,Sherry,Cunningham,Alfred
Cunningham,Whitney,Torvalds,Amy,Cunningham,Kyle
Cunningham,Isaac,Fabian,Sherry,Cunningham,Alfred
Cunningham,Promise,Torvalds,Amy,Cunningham,Kyle
Davis,Wilmer,Fabian,Elaine,Davis,Rowan
Cunningham,Breanna,Torvalds,Amy,Cunningham,Kyle
Davis,Tevin,Fabian,Elaine,Davis,Rowan
Cunningham,Cherokee,Torvalds,Amy,Cunningham,Kyle
Davis,Ronny,Fabian,Cynthia,Davis,Amari
Cunningham,Brionna,Torvalds,Amy,Cunningham,Kyle
Davis,Cruz,Fabian,Cynthia,Davis,Amari
Cunningham,Lindsey,Torvalds,Anissa,Cunningham,Bryson
Davis,San,Fabian,Cynthia,Davis,Amari
Cunningham,Jazmyne,Torvalds,Anissa,Cunningham,Bryson
Davis,Graham,Fabian,Jayda,Davis,Bryan
Cunningham,Abigayle,Torvalds,Anissa,Cunningham,Bryson
Davis,Baby,Fabian,Jayda,Davis,Bryan
Cunningham,Breanne,Torvalds,Anissa,Cunningham,Bryson
Davis,Esteban,Fabian,Jayda,Davis,Bryan
Cunningham,Elyse,Torvalds,Anissa,Cunningham,Bryson
Davis,Stephon,Fabian,Jayda,Davis,Bryan
Cunningham,Veda,Torvalds,Anissa,Cunningham,Bryson
Davis,Emmett,Fabian,Jayda,Davis,Bryan
Cunningham,Shane,Torvalds,Anissa,Cunningham,Bryson
Davis,Darian,Fabian,Jayda,Davis,Bryan
Cunningham,Nayeli,Torvalds,Anissa,Cunningham,Bryson
Davis,Austin,Fabian,Carli,Davis,Javier
Cunningham,Sydney,Torvalds,Anissa,Cunningham,Bryson
Davis,Roland,Fabian,Zahra,Davis,Camden
Cunningham,Carra,Torvalds,Anissa,Cunningham,Bryson
Davis,Gerald,Fabian,Zahra,Davis,Camden
Cunningham,Estefany,Fabian,Deborah,Cunningham,Geordan
Davis,Duncan,Fabian,Zahra,Davis,Camden
Cunningham,Dulce,Fabian,Deborah,Cunningham,Geordan
Davis,Keon,Fabian,Zahra,Davis,Camden
Cunningham,Harlie,Fabian,Deborah,Cunningham,Geordan
Davis,Kasey,Fabian,Zahra,Davis,Camden
Cunningham,Johnna,Fabian,Deborah,Cunningham,Geordan
Davis,Orion,Fabian,Zahra,Davis,Camden
Cunningham,Kirstin,Fabian,Deborah,Cunningham,Geordan
Davis,Elvin,Fabian,Zahra,Davis,Camden
Cunningham,Meghan,Fabian,Deborah,Cunningham,Geordan
Davis,Josue,Fabian,Zahra,Davis,Camden
Cunningham,Cheyanne,Fabian,Deborah,Cunningham,Geordan
Davis,Deandre,Fabian,Zahra,Davis,Camden
Cunningham,Arianna,Fabian,Deborah,Cunningham,Geordan
Davis,Freddy,Fabian,Eliana,Davis,Franklin
Cunningham,Taylorann,Fabian,Deborah,Cunningham,Geordan
Davis,Tony,Fabian,Eliana,Davis,Franklin
Cunningham,Kaela,Fabian,Deborah,Cunningham,Geordan
Davis,Jon,Fabian,Jean,Davis,Devante
Cunningham,Cindy,Fabian,Sherry,Cunningham,Alfred
Davis,Deondre,Fabian,Jean,Davis,Devante
Cunningham,Kaylie,Fabian,Sherry,Cunningham,Alfred
Davis,Moises,Fabian,Jean,Davis,Devante
Cunningham,Michal,Fabian,Sherry,Cunningham,Alfred
Davis,Benny,Fabian,Jean,Davis,Devante
Cunningham,Ariana,Fabian,Sherry,Cunningham,Alfred
Davis,Joel,Fabian,Jean,Davis,Devante
Cunningham,Aaliyah,Fabian,Sherry,Cunningham,Alfred
Davis,Xavier,Fabian,Jean,Davis,Devante
Cunningham,Ashlie,Fabian,Sherry,Cunningham,Alfred
Davis,Sunny,Fabian,Jean,Davis,Devante
Cunningham,Kaya,Fabian,Sherry,Cunningham,Alfred
Davis,Theodore,Fabian,Jean,Davis,Devante
Davis,Aaliyah,Fabian,Elaine,Davis,Rowan
Davis,Kamau,Fabian,Jean,Davis,Devante
Davis,Zaria,Fabian,Elaine,Davis,Rowan
Davis,Curtis,Fabian,Jean,Davis,Devante
Davis,Genesis,Fabian,Elaine,Davis,Rowan
Davis,Diondre,Fabian,Jean,Davis,Devante
Davis,Kandice,Fabian,Cynthia,Davis,Amari
Davis,Jordan,Fabian,Jean,Davis,Devante
Davis,Jamee,Fabian,Cynthia,Davis,Amari
Torvalds,Jovon,Low,Gretchen,Torvalds,Jajuan
Davis,Scarlett,Fabian,Cynthia,Davis,Amari
Torvalds,Jevon,Low,Gretchen,Torvalds,Jajuan
Davis,Rachel,Fabian,Cynthia,Davis,Amari
Torvalds,Clint,Low,Gretchen,Torvalds,Jajuan
Davis,Monet,Fabian,Cynthia,Davis,Amari
Torvalds,Enoch,Low,Gretchen,Torvalds,Jajuan
Davis,Lillie,Fabian,Cynthia,Davis,Amari
Torvalds,Jeremiah,Low,Gretchen,Torvalds,Jajuan
Davis,Angelica,Fabian,Jayda,Davis,Bryan
Torvalds,Javion,Low,Gretchen,Torvalds,Jajuan
Davis,Tabitha,Fabian,Jayda,Davis,Bryan
Torvalds,Brennen,Low,Gretchen,Torvalds,Jajuan
Davis,Brionna,Fabian,Jayda,Davis,Bryan
Torvalds,Joshua,Low,Gretchen,Torvalds,Jajuan
Davis,Rebekah,Fabian,Jayda,Davis,Bryan
Torvalds,Romello,Low,Stephania,Torvalds,Darrion
Davis,Sydni,Fabian,Jayda,Davis,Bryan
Torvalds,Ricky,Low,Stephania,Torvalds,Darrion
Davis,Bernadette,Fabian,Jayda,Davis,Bryan
Torvalds,Quentin,Low,Stephania,Torvalds,Darrion
Davis,Kaylynn,Fabian,Jayda,Davis,Bryan
Torvalds,Silas,Low,Stephania,Torvalds,Darrion
Davis,Banesa,Fabian,Jayda,Davis,Bryan
Torvalds,Karl,Low,Stephania,Torvalds,Darrion
Davis,Lexy,Fabian,Jayda,Davis,Bryan
Torvalds,George,Low,Stephania,Torvalds,Darrion
Davis,Chandler,Fabian,Jayda,Davis,Bryan
Torvalds,Layne,Low,Stephania,Torvalds,Darrion
Davis,Moriah,Fabian,Jayda,Davis,Bryan
Torvalds,Jacoby,Low,Stephania,Torvalds,Darrion
Davis,Kristin,Fabian,Carli,Davis,Javier
Torvalds,Sutton,Low,Stephania,Torvalds,Darrion
Davis,Ashley,Fabian,Carli,Davis,Javier
Torvalds,Skylar,Low,Stephania,Torvalds,Darrion
Davis,Ansley,Fabian,Carli,Davis,Javier
Torvalds,Willis,Low,Stephania,Torvalds,Darrion
Davis,Mikhaila,Fabian,Carli,Davis,Javier
Torvalds,Kameron,Low,Stephania,Torvalds,Darrion
Davis,Janeth,Fabian,Carli,Davis,Javier
Torvalds,Trevon,Low,Kaytlin,Torvalds,Wilfredo
Davis,Lena,Fabian,Carli,Davis,Javier
Torvalds,Tristian,Low,Kaytlin,Torvalds,Wilfredo
Davis,Tanisha,Fabian,Zahra,Davis,Camden
Torvalds,Shaquille,Low,Dayna,Torvalds,Abraham
Davis,Mindy,Fabian,Zahra,Davis,Camden
Torvalds,Leo,Low,Dayna,Torvalds,Abraham
Davis,Dyamond,Fabian,Zahra,Davis,Camden
Torvalds,Rex,Low,Dayna,Torvalds,Abraham
Davis,Kaylea,Fabian,Zahra,Davis,Camden
Torvalds,Jacori,Low,Dayna,Torvalds,Abraham
Davis,Chastity,Fabian,Zahra,Davis,Camden
Torvalds,Jaylan,Low,Lynette,Torvalds,Colt
Davis,Daesha,Fabian,Zahra,Davis,Camden
Torvalds,Garrett,Low,Lynette,Torvalds,Colt
Davis,Klarisa,Fabian,Zahra,Davis,Camden
Torvalds,Caleb,Low,Lynette,Torvalds,Colt
Davis,Jordyn,Fabian,Zahra,Davis,Camden
Torvalds,Max,Low,Rebecca,Torvalds,Jayce
Davis,Catalina,Fabian,Eliana,Davis,Franklin
Torvalds,Noel,Low,Rebecca,Torvalds,Jayce
Davis,Sheniqua,Fabian,Jean,Davis,Devante
Torvalds,Corey,Low,Rebecca,Torvalds,Jayce
Davis,Irene,Fabian,Jean,Davis,Devante
Torvalds,Kirk,Low,Rebecca,Torvalds,Jayce
Davis,Genevieve,Fabian,Jean,Davis,Devante
Torvalds,Clarence,Low,Rebecca,Torvalds,Jayce
Davis,Leandra,Fabian,Jean,Davis,Devante
Torvalds,Christian,Carey,Aileen,Torvalds,Warren
Davis,Domonique,Fabian,Jean,Davis,Devante
Torvalds,Aiden,Carey,Aileen,Torvalds,Warren
Davis,Kianna,Fabian,Jean,Davis,Devante
Fabian,Marco,Carey,Measia,Fabian,Talon
Davis,Melody,Fabian,Jean,Davis,Devante
Fabian,Mohamad,Carey,Measia,Fabian,Talon
Torvalds,Cristina,Low,Gretchen,Torvalds,Jajuan
Fabian,Riley,Carey,Measia,Fabian,Talon
Torvalds,Madeline,Low,Gretchen,Torvalds,Jajuan
Fabian,Brandon,Carey,Measia,Fabian,Talon
Torvalds,Danielle,Low,Gretchen,Torvalds,Jajuan
Fabian,Ezra,Carey,Savanna,Fabian,San
Torvalds,Shaylee,Low,Gretchen,Torvalds,Jajuan
Fabian,Fernando,Carey,Savanna,Fabian,San
Torvalds,Katrina,Low,Gretchen,Torvalds,Jajuan
Fabian,Heriberto,Carey,Savanna,Fabian,San
Torvalds,Catherine,Low,Gretchen,Torvalds,Jajuan
Fabian,Reece,Carey,Sherridan,Fabian,Paul
Torvalds,Carlie,Low,Gretchen,Torvalds,Jajuan
Fabian,Shelby,Carey,Sherridan,Fabian,Paul
Torvalds,Vianey,Low,Gretchen,Torvalds,Jajuan
Fabian,Bernardo,Carey,Sherridan,Fabian,Paul
Torvalds,Estefany,Low,Gretchen,Torvalds,Jajuan
Fabian,Tad,Carey,Sherridan,Fabian,Paul
Torvalds,Candice,Low,Gretchen,Torvalds,Jajuan
Fabian,Malachi,Carey,Sherridan,Fabian,Paul
Torvalds,Drew,Low,Gretchen,Torvalds,Jajuan
Fabian,Montel,Carey,Sherridan,Fabian,Paul
Torvalds,Annette,Low,Gretchen,Torvalds,Jajuan
Fabian,Fredy,Carey,Sherridan,Fabian,Paul
Torvalds,Aundrea,Low,Stephania,Torvalds,Darrion
Fabian,Esteban,Carey,Harley,Fabian,Ross
Torvalds,Judy,Low,Stephania,Torvalds,Darrion
Fabian,Isiah,Carey,Harley,Fabian,Ross
Torvalds,Marlena,Low,Stephania,Torvalds,Darrion
Fabian,Moses,Carey,Harley,Fabian,Ross
Torvalds,Jania,Low,Stephania,Torvalds,Darrion
Fabian,Dorian,Carey,Harley,Fabian,Ross
Torvalds,Sheniqua,Low,Stephania,Torvalds,Darrion
Fabian,Leon,Carey,Harley,Fabian,Ross
Torvalds,Evangelina,Low,Stephania,Torvalds,Darrion
Fabian,Quentin,Carey,Harley,Fabian,Ross
Torvalds,Zaria,Low,Stephania,Torvalds,Darrion
Fabian,Titus,Carey,Harley,Fabian,Ross
Torvalds,Aleasha,Low,Kaytlin,Torvalds,Wilfredo
Fabian,Nicholaus,Carey,Harley,Fabian,Ross
Torvalds,Wendy,Low,Kaytlin,Torvalds,Wilfredo
Fabian,Brice,Carey,Harley,Fabian,Ross
Torvalds,Zenia,Low,Kaytlin,Torvalds,Wilfredo
Fabian,Stephan,Carey,Harley,Fabian,Ross
Torvalds,Mona,Low,Kaytlin,Torvalds,Wilfredo
Fabian,Trae,Carey,Harley,Fabian,Ross
Torvalds,Kaleigh,Low,Dayna,Torvalds,Abraham
Fabian,Alfonso,Carey,Harley,Fabian,Ross
Torvalds,Mariah,Low,Dayna,Torvalds,Abraham
Fabian,Langston,Carey,Harley,Fabian,Ross
Torvalds,Caitlynn,Low,Dayna,Torvalds,Abraham
Fabian,Wilmer,Carey,Dayna,Fabian,John
Torvalds,Krista,Low,Dayna,Torvalds,Abraham
Fabian,Earl,Carey,Dayna,Fabian,John
Torvalds,Tabitha,Low,Dayna,Torvalds,Abraham
Fabian,Noah,Carey,Dayna,Fabian,John
Torvalds,Alexandrea,Low,Rebecca,Torvalds,Jayce
Fabian,Harold,Carey,Dayna,Fabian,John
Torvalds,Tristan,Low,Rebecca,Torvalds,Jayce
Fabian,Remington,Carey,Dayna,Fabian,John
Torvalds,Johana,Low,Rebecca,Torvalds,Jayce
Fabian,Gonzalo,Carey,Dayna,Fabian,John
Torvalds,Sophie,Low,Rebecca,Torvalds,Jayce
Fabian,Brendon,Carey,Dayna,Fabian,John
Torvalds,Reina,Low,Rebecca,Torvalds,Jayce
Fabian,Danny,Carey,Ashlynn,Fabian,Nickolas
Torvalds,Blanca,Low,Rebecca,Torvalds,Jayce
Fabian,Oren,Carey,Ashlynn,Fabian,Nickolas
Torvalds,Estefania,Carey,Aileen,Torvalds,Warren
Fabian,Amari,Carey,Ashlynn,Fabian,Nickolas
Torvalds,Mahogany,Carey,Aileen,Torvalds,Warren
Fabian,Dale,Carey,Ashlynn,Fabian,Nickolas
Torvalds,Destiney,Carey,Aileen,Torvalds,Warren
Fabian,Rowan,Carey,Ashlynn,Fabian,Nickolas
Torvalds,Sidney,Carey,Aileen,Torvalds,Warren
Fabian,Joe,Carey,Ashlynn,Fabian,Nickolas
Fabian,Susanna,Carey,Measia,Fabian,Talon
Fabian,Jashua,Carey,Ashlynn,Fabian,Nickolas
Fabian,Kyla,Carey,Measia,Fabian,Talon
Fabian,Zachariah,Carey,Ashlynn,Fabian,Nickolas
Fabian,Luisa,Carey,Measia,Fabian,Talon
Fabian,Kamau,Carey,Ashlynn,Fabian,Nickolas
Fabian,Aria,Carey,Measia,Fabian,Talon
Fabian,Marcos,Carey,Ashlynn,Fabian,Nickolas
Fabian,Joanne,Carey,Measia,Fabian,Talon
Fabian,Nigel,Carey,Ashlynn,Fabian,Nickolas
Fabian,Minnie,Carey,Measia,Fabian,Talon
Fabian,Jair,Carey,Ashlynn,Fabian,Nickolas
Fabian,Makayla,Carey,Measia,Fabian,Talon
Fabian,Jevon,Carey,Ashlynn,Fabian,Nickolas
Fabian,Kasey,Carey,Savanna,Fabian,San
Fabian,Willis,Carey,Ashlynn,Fabian,Nickolas
Fabian,Yajayra,Carey,Savanna,Fabian,San
Fabian,Jaron,Carey,Ashlynn,Fabian,Nickolas
Fabian,Charlotte,Carey,Savanna,Fabian,San
Fabian,Jesse,Carey,Ashlynn,Fabian,Nickolas
Fabian,Cecilia,Carey,Savanna,Fabian,San
Fabian,Latrell,Carey,Ashlynn,Fabian,Nickolas
Fabian,Camila,Carey,Sherridan,Fabian,Paul
Fabian,Rory,Carey,Ashlynn,Fabian,Nickolas
Fabian,Jacquelyn,Carey,Sherridan,Fabian,Paul
Fabian,Raymond,Hayes,Blanca,Fabian,Neal
Fabian,Alison,Carey,Sherridan,Fabian,Paul
Fabian,Jeremiah,Hayes,Blanca,Fabian,Neal
Fabian,Octavia,Carey,Sherridan,Fabian,Paul
Fabian,Skyler,Hayes,Blanca,Fabian,Neal
Fabian,Juliet,Carey,Sherridan,Fabian,Paul
Fabian,Ever,Hayes,Blanca,Fabian,Neal
Fabian,Deanne,Carey,Sherridan,Fabian,Paul
Fabian,Aiden,Hayes,Blanca,Fabian,Neal
Fabian,Fatima,Carey,Sherridan,Fabian,Paul
Fabian,Jajuan,Hayes,Blanca,Fabian,Neal
Fabian,Krystle,Carey,Sherridan,Fabian,Paul
Fabian,Everett,Hayes,Blanca,Fabian,Neal
Fabian,Colette,Carey,Sherridan,Fabian,Paul
Fabian,Russell,Hayes,Blanca,Fabian,Neal
Fabian,Valentina,Carey,Harley,Fabian,Ross
Fabian,Brennen,Hayes,Blanca,Fabian,Neal
Fabian,Joan,Carey,Harley,Fabian,Ross
Fabian,Kurtis,Hayes,Blanca,Fabian,Neal
Fabian,Thalia,Carey,Harley,Fabian,Ross
Fabian,Ben,Hayes,Blanca,Fabian,Neal
Fabian,Bailey,Carey,Harley,Fabian,Ross
