Low,Brad,Wilson,Maya,Low,Joey
Pierce,Maya,Oefelein,Jameisha,Pierce,Kendrick
Pettit,Emmanuel,Parker,India,Pettit,Abdiel
Chawla,Willow,Shepherd,Rowan,Chawla,Elijah
Leestma,Bill,Shepherd,Sandy,Leestma,Beau
Ferguson,Chelsea,Archambault,Kaitlynn,Ferguson,Quayshawn
Overmyer,Devaughn,Lopez,Dominique,Overmyer,Jovonte
Buchli,Tara,Creamer,Haylee,Buchli,Ahmed
Carter,Deondre,Vanderhooven,Geraldine,Carter,Ravon
Hayes,Brenna,Searfoss,Deisy,Hayes,Andreas
Reisman,Mike,Valheim,Cambria,Reisman,Barry
Loria,Hana,Gardner,Mykayla,Loria,Simon
Coolidge,Fabian,Ewing,Tayler,Coolidge,Kelsey
Anders,Kristyn,Young,Elena,Anders,Sergio
Cernan,Erich,Still,Xena,Cernan,Caden
Lind,Yesenia,Clifford,Claire,Lind,Zackary
Shriver,Thaddeus,Schwartz,Candy,Shriver,Braeden
Thorne,Iesha,Williams,Audrey,Thorne,Jaleel
Armstrong,River,Gernhardt,Odalys,Armstrong,Arian
Low,Mari,Pierce,Maya,Low,Brad
Bull,Sebastian,Gruber,Justice,Bull,Micheal
Low,Deborah,Pierce,Maya,Low,Brad
Davis,Dallas,Spring,Jaqueline,Davis,Romeo
Low,Adele,Pierce,Maya,Low,Brad
Lindsey,Barry,Vanderhooven,Kaylea,Lindsey,Zachariah
Low,Lizbeth,Pierce,Maya,Low,Brad
Melnick,Edwin,Veach,Calandra,Melnick,Craig
Low,Morgan,Pierce,Maya,Low,Brad
Jett,Raphael,Sega,Khaila,Jett,Lance
Low,Jonae,Pierce,Maya,Low,Brad
Bobko,Benny,Baker,Joleen,Bobko,Mohamed
Low,Aerial,Pierce,Maya,Low,Brad
Fisher,Lashawn,Leestma,Marli,Fisher,Alek
Low,Sade,Pierce,Maya,Low,Brad
Hilliard,Mickey,Searfoss,Keyshla,Hilliard,Denzel
Low,Shane,Pierce,Maya,Low,Brad
Seddon,Jarred,Jackson,Tori,Seddon,Mike
Low,Shekinah,Pierce,Maya,Low,Brad
Anders,Kirkland,Hayes,Katelin,Anders,Westley
Low,Roxanne,Pierce,Maya,Low,Brad
Swanson,Olivier,Grabe,Vivian,Swanson,Cameron
Low,Hannah,Pierce,Maya,Low,Brad
Low,Parker,Pierce,Maya,Low,Brad
Low,Destiana,Pierce,Maya,Low,Brad
Low,Jerryd,Pierce,Maya,Low,Brad
Pettit,Dianne,Chawla,Willow,Pettit,Emmanuel
Low,Carlos,Pierce,Maya,Low,Brad
Pettit,Brittani,Chawla,Willow,Pettit,Emmanuel
Low,Destin,Pierce,Maya,Low,Brad
Leestma,Kady,Ferguson,Chelsea,Leestma,Bill
Low,Wilson,Pierce,Maya,Low,Brad
Leestma,Annemarie,Ferguson,Chelsea,Leestma,Bill
Pettit,Lamonte,Chawla,Willow,Pettit,Emmanuel
Leestma,Cheyanne,Ferguson,Chelsea,Leestma,Bill
Leestma,Dominick,Ferguson,Chelsea,Leestma,Bill
Leestma,Damaris,Ferguson,Chelsea,Leestma,Bill
Leestma,Jeremey,Ferguson,Chelsea,Leestma,Bill
Leestma,Dakota,Ferguson,Chelsea,Leestma,Bill
Leestma,Tyson,Ferguson,Chelsea,Leestma,Bill
Leestma,Imani,Ferguson,Chelsea,Leestma,Bill
Leestma,Gregory,Ferguson,Chelsea,Leestma,Bill
Leestma,Chana,Ferguson,Chelsea,Leestma,Bill
Leestma,Sidney,Ferguson,Chelsea,Leestma,Bill
Overmyer,Aimee,Buchli,Tara,Overmyer,Devaughn
Leestma,Grant,Ferguson,Chelsea,Leestma,Bill
Overmyer,Mariangeli,Buchli,Tara,Overmyer,Devaughn
Leestma,Ryen,Ferguson,Chelsea,Leestma,Bill
Overmyer,Francis,Buchli,Tara,Overmyer,Devaughn
Leestma,Derick,Ferguson,Chelsea,Leestma,Bill
Overmyer,Norma,Buchli,Tara,Overmyer,Devaughn
Overmyer,Chad,Buchli,Tara,Overmyer,Devaughn
Carter,Daniela,Hayes,Brenna,Carter,Deondre
Overmyer,Jai,Buchli,Tara,Overmyer,Devaughn
Carter,Valerie,Hayes,Brenna,Carter,Deondre
Overmyer,Shaquille,Buchli,Tara,Overmyer,Devaughn
Carter,Doris,Hayes,Brenna,Carter,Deondre
Carter,Ashton,Hayes,Brenna,Carter,Deondre
Reisman,Serenity,Loria,Hana,Reisman,Mike
Carter,Buford,Hayes,Brenna,Carter,Deondre
Reisman,Dianne,Loria,Hana,Reisman,Mike
Carter,Leonardo,Hayes,Brenna,Carter,Deondre
Reisman,Catherine,Loria,Hana,Reisman,Mike
Reisman,Edwin,Loria,Hana,Reisman,Mike
Coolidge,Jazmyne,Anders,Kristyn,Coolidge,Fabian
Coolidge,Ward,Anders,Kristyn,Coolidge,Fabian
Cernan,Tiffanie,Lind,Yesenia,Cernan,Erich
Coolidge,Spenser,Anders,Kristyn,Coolidge,Fabian
Cernan,Mindy,Lind,Yesenia,Cernan,Erich
Cernan,Rex,Lind,Yesenia,Cernan,Erich
Cernan,Silvia,Lind,Yesenia,Cernan,Erich
Cernan,Brett,Lind,Yesenia,Cernan,Erich
Cernan,Aimee,Lind,Yesenia,Cernan,Erich
Cernan,Josejuan,Lind,Yesenia,Cernan,Erich
Cernan,Ellen,Lind,Yesenia,Cernan,Erich
Cernan,Mathieu,Lind,Yesenia,Cernan,Erich
Cernan,Measia,Lind,Yesenia,Cernan,Erich
Cernan,Joseph,Lind,Yesenia,Cernan,Erich
Cernan,Siearra,Lind,Yesenia,Cernan,Erich
Cernan,Gannon,Lind,Yesenia,Cernan,Erich
Shriver,Josephine,Thorne,Iesha,Shriver,Thaddeus
Cernan,Rolando,Lind,Yesenia,Cernan,Erich
Shriver,Haven,Thorne,Iesha,Shriver,Thaddeus
Cernan,Keenan,Lind,Yesenia,Cernan,Erich
Shriver,Shoshana,Thorne,Iesha,Shriver,Thaddeus
Shriver,Devontae,Thorne,Iesha,Shriver,Thaddeus
Shriver,Devon,Thorne,Iesha,Shriver,Thaddeus
Shriver,Lamonte,Thorne,Iesha,Shriver,Thaddeus
Shriver,Jesslyn,Thorne,Iesha,Shriver,Thaddeus
Shriver,Habram,Thorne,Iesha,Shriver,Thaddeus
Shriver,Perla,Thorne,Iesha,Shriver,Thaddeus
Shriver,Barrett,Thorne,Iesha,Shriver,Thaddeus
Shriver,Demi,Thorne,Iesha,Shriver,Thaddeus
Shriver,Tomas,Thorne,Iesha,Shriver,Thaddeus
Shriver,Stephanie,Thorne,Iesha,Shriver,Thaddeus
Shriver,Fred,Thorne,Iesha,Shriver,Thaddeus
Armstrong,Evelin,Low,Mari,Armstrong,River
Shriver,Alonso,Thorne,Iesha,Shriver,Thaddeus
Armstrong,Marie,Low,Mari,Armstrong,River
Shriver,Cody,Thorne,Iesha,Shriver,Thaddeus
Bull,Kayleigh,Low,Deborah,Bull,Sebastian
Shriver,Ronnie,Thorne,Iesha,Shriver,Thaddeus
Bull,Valentina,Low,Deborah,Bull,Sebastian
Shriver,Isidro,Thorne,Iesha,Shriver,Thaddeus
Bull,Jhane,Low,Deborah,Bull,Sebastian
Armstrong,Tommy,Low,Mari,Armstrong,River
Bull,Shannon,Low,Deborah,Bull,Sebastian
Armstrong,Duncan,Low,Mari,Armstrong,River
Bull,Courtney,Low,Deborah,Bull,Sebastian
Bull,Tony,Low,Deborah,Bull,Sebastian
Bull,Katelin,Low,Deborah,Bull,Sebastian
Bull,Wayne,Low,Deborah,Bull,Sebastian
Lindsey,Alyson,Low,Lizbeth,Lindsey,Barry
Bull,Mathew,Low,Deborah,Bull,Sebastian
Lindsey,Ana,Low,Lizbeth,Lindsey,Barry
Bull,Yobani,Low,Deborah,Bull,Sebastian
Lindsey,Mia,Low,Lizbeth,Lindsey,Barry
Bull,Brayden,Low,Deborah,Bull,Sebastian
Lindsey,Sydney,Low,Lizbeth,Lindsey,Barry
Bull,Kylan,Low,Deborah,Bull,Sebastian
Lindsey,Mikala,Low,Lizbeth,Lindsey,Barry
Bull,Bjorn,Low,Deborah,Bull,Sebastian
Lindsey,Julissa,Low,Lizbeth,Lindsey,Barry
Bull,Lamonte,Low,Deborah,Bull,Sebastian
Lindsey,Britni,Low,Lizbeth,Lindsey,Barry
Bull,Abdul,Low,Deborah,Bull,Sebastian
Lindsey,Rianna,Low,Lizbeth,Lindsey,Barry
Bull,Michael,Low,Deborah,Bull,Sebastian
Lindsey,Sienna,Low,Lizbeth,Lindsey,Barry
Bull,Devonte,Low,Deborah,Bull,Sebastian
Melnick,Kalee,Low,Morgan,Melnick,Edwin
Bull,Kalon,Low,Deborah,Bull,Sebastian
Melnick,Stella,Low,Morgan,Melnick,Edwin
Davis,Reed,Low,Adele,Davis,Dallas
Melnick,Zulema,Low,Morgan,Melnick,Edwin
Davis,Saxon,Low,Adele,Davis,Dallas
Melnick,Sidney,Low,Morgan,Melnick,Edwin
Davis,Emmett,Low,Adele,Davis,Dallas
Melnick,Alani,Low,Morgan,Melnick,Edwin
Davis,Jayson,Low,Adele,Davis,Dallas
Melnick,Sarafina,Low,Morgan,Melnick,Edwin
Davis,Roland,Low,Adele,Davis,Dallas
Jett,Milena,Low,Jonae,Jett,Raphael
Lindsey,Kelsey,Low,Lizbeth,Lindsey,Barry
Jett,Iridiana,Low,Jonae,Jett,Raphael
Lindsey,Deonte,Low,Lizbeth,Lindsey,Barry
Bobko,Talia,Low,Aerial,Bobko,Benny
Lindsey,Dakotah,Low,Lizbeth,Lindsey,Barry
Bobko,Zaria,Low,Aerial,Bobko,Benny
Lindsey,Tyran,Low,Lizbeth,Lindsey,Barry
Bobko,Sapphire,Low,Aerial,Bobko,Benny
Lindsey,Shaun,Low,Lizbeth,Lindsey,Barry
Bobko,Tayler,Low,Aerial,Bobko,Benny
Lindsey,Christian,Low,Lizbeth,Lindsey,Barry
Bobko,Zandria,Low,Aerial,Bobko,Benny
Lindsey,Todd,Low,Lizbeth,Lindsey,Barry
Bobko,Ceaira,Low,Aerial,Bobko,Benny
Lindsey,Harry,Low,Lizbeth,Lindsey,Barry
Bobko,Kellie,Low,Aerial,Bobko,Benny
Melnick,Jevon,Low,Morgan,Melnick,Edwin
Bobko,Carolina,Low,Aerial,Bobko,Benny
Melnick,Darren,Low,Morgan,Melnick,Edwin
Bobko,Alysia,Low,Aerial,Bobko,Benny
Melnick,Jameson,Low,Morgan,Melnick,Edwin
Bobko,Dyamond,Low,Aerial,Bobko,Benny
Melnick,Kurtis,Low,Morgan,Melnick,Edwin
Fisher,Allyssa,Low,Sade,Fisher,Lashawn
Melnick,Garrick,Low,Morgan,Melnick,Edwin
Fisher,Miranda,Low,Sade,Fisher,Lashawn
Melnick,Jair,Low,Morgan,Melnick,Edwin
Fisher,Taylor,Low,Sade,Fisher,Lashawn
Melnick,Graham,Low,Morgan,Melnick,Edwin
Fisher,Shelby,Low,Sade,Fisher,Lashawn
Melnick,Kegan,Low,Morgan,Melnick,Edwin
Fisher,Riley,Low,Sade,Fisher,Lashawn
Melnick,Luciano,Low,Morgan,Melnick,Edwin
Fisher,Cheyanna,Low,Sade,Fisher,Lashawn
Melnick,Dylan,Low,Morgan,Melnick,Edwin
Hilliard,Viviana,Low,Shane,Hilliard,Mickey
Melnick,Fred,Low,Morgan,Melnick,Edwin
Seddon,Carmelita,Low,Shekinah,Seddon,Jarred
Jett,Isaac,Low,Jonae,Jett,Raphael
Seddon,Helena,Low,Shekinah,Seddon,Jarred
Bobko,Tyrone,Low,Aerial,Bobko,Benny
Seddon,Carissa,Low,Shekinah,Seddon,Jarred
Bobko,Guadalupe,Low,Aerial,Bobko,Benny
Seddon,Shaylee,Low,Shekinah,Seddon,Jarred
Bobko,Enrique,Low,Aerial,Bobko,Benny
Seddon,Evelyn,Low,Shekinah,Seddon,Jarred
Bobko,Erick,Low,Aerial,Bobko,Benny
Seddon,Candice,Low,Shekinah,Seddon,Jarred
Bobko,Tylor,Low,Aerial,Bobko,Benny
Seddon,Annmarie,Low,Shekinah,Seddon,Jarred
Bobko,Gerard,Low,Aerial,Bobko,Benny
Seddon,Myranda,Low,Shekinah,Seddon,Jarred
Bobko,Kareem,Low,Aerial,Bobko,Benny
Anders,Constance,Low,Roxanne,Anders,Kirkland
Bobko,Davon,Low,Aerial,Bobko,Benny
Anders,Kirsten,Low,Roxanne,Anders,Kirkland
Bobko,Austin,Low,Aerial,Bobko,Benny
Anders,Charlotte,Low,Roxanne,Anders,Kirkland
Fisher,Ladarius,Low,Sade,Fisher,Lashawn
Anders,Ciara,Low,Roxanne,Anders,Kirkland
Fisher,Anibal,Low,Sade,Fisher,Lashawn
Anders,Christina,Low,Roxanne,Anders,Kirkland
Fisher,Jabari,Low,Sade,Fisher,Lashawn
Anders,Marlee,Low,Roxanne,Anders,Kirkland
Fisher,Armando,Low,Sade,Fisher,Lashawn
Swanson,Kiesha,Low,Hannah,Swanson,Olivier
Fisher,Earl,Low,Sade,Fisher,Lashawn
Swanson,Carolyn,Low,Hannah,Swanson,Olivier
Fisher,Javen,Low,Sade,Fisher,Lashawn
Swanson,Maryssa,Low,Hannah,Swanson,Olivier
Fisher,Aspen,Low,Sade,Fisher,Lashawn
Swanson,Christie,Low,Hannah,Swanson,Olivier
Hilliard,Bradlee,Low,Shane,Hilliard,Mickey
Swanson,Celeste,Low,Hannah,Swanson,Olivier
Hilliard,Parker,Low,Shane,Hilliard,Mickey
Low,Marina,Pettit,Dianne,Low,Parker
Seddon,Tylor,Low,Shekinah,Seddon,Jarred
Low,Jenny,Pettit,Dianne,Low,Parker
Seddon,Brayden,Low,Shekinah,Seddon,Jarred
Low,Nallely,Pettit,Dianne,Low,Parker
Seddon,Gunnar,Low,Shekinah,Seddon,Jarred
Low,Marisol,Pettit,Dianne,Low,Parker
Seddon,Tavon,Low,Shekinah,Seddon,Jarred
Low,Samira,Pettit,Brittani,Low,Jerryd
Seddon,Rey,Low,Shekinah,Seddon,Jarred
Low,Siobhan,Pettit,Brittani,Low,Jerryd
Seddon,Roman,Low,Shekinah,Seddon,Jarred
Low,Jaclyn,Pettit,Brittani,Low,Jerryd
Seddon,Killian,Low,Shekinah,Seddon,Jarred
Low,Mallory,Pettit,Brittani,Low,Jerryd
Seddon,Gavin,Low,Shekinah,Seddon,Jarred
Low,Toni,Pettit,Brittani,Low,Jerryd
Seddon,Darnell,Low,Shekinah,Seddon,Jarred
Low,Sierra,Pettit,Brittani,Low,Jerryd
Seddon,Josiah,Low,Shekinah,Seddon,Jarred
Low,Abagail,Leestma,Kady,Low,Carlos
Seddon,Austin,Low,Shekinah,Seddon,Jarred
Low,Mikhaila,Leestma,Kady,Low,Carlos
Anders,Dequan,Low,Roxanne,Anders,Kirkland
Low,Mattea,Leestma,Kady,Low,Carlos
Anders,Edgar,Low,Roxanne,Anders,Kirkland
Low,Itzel,Leestma,Kady,Low,Carlos
Anders,Ryan,Low,Roxanne,Anders,Kirkland
Low,Evangelina,Leestma,Kady,Low,Carlos
Swanson,Bronson,Low,Hannah,Swanson,Olivier
Low,Tynia,Leestma,Kady,Low,Carlos
Swanson,Byron,Low,Hannah,Swanson,Olivier
Low,Melody,Leestma,Kady,Low,Carlos
Swanson,Patrick,Low,Hannah,Swanson,Olivier
Low,Khaliah,Leestma,Kady,Low,Carlos
Swanson,Ronny,Low,Hannah,Swanson,Olivier
Low,Celena,Leestma,Annemarie,Low,Destin
Swanson,Korey,Low,Hannah,Swanson,Olivier
Low,Tamara,Leestma,Annemarie,Low,Destin
Low,Savion,Pettit,Dianne,Low,Parker
Low,Summer,Leestma,Annemarie,Low,Destin
Low,Nolan,Pettit,Brittani,Low,Jerryd
Low,Julianna,Leestma,Annemarie,Low,Destin
Low,Brennen,Pettit,Brittani,Low,Jerryd
Low,Haven,Leestma,Cheyanne,Low,Wilson
Low,Melvin,Pettit,Brittani,Low,Jerryd
Low,Connie,Leestma,Cheyanne,Low,Wilson
Low,Gonzalo,Pettit,Brittani,Low,Jerryd
Pettit,Ana,Low,Destiana,Pettit,Lamonte
Low,Keon,Pettit,Brittani,Low,Jerryd
Pettit,Tess,Low,Destiana,Pettit,Lamonte
Low,Alberto,Pettit,Brittani,Low,Jerryd
Pettit,Amelia,Low,Destiana,Pettit,Lamonte
Low,Gunner,Pettit,Brittani,Low,Jerryd
Pettit,Hunter,Low,Destiana,Pettit,Lamonte
Low,Migel,Pettit,Brittani,Low,Jerryd
Pettit,Ashanti,Low,Destiana,Pettit,Lamonte
Low,Keenan,Pettit,Brittani,Low,Jerryd
Leestma,Nathalie,Overmyer,Aimee,Leestma,Dominick
Low,Kayle,Pettit,Brittani,Low,Jerryd
Leestma,Yvette,Overmyer,Aimee,Leestma,Dominick
Low,Jeremy,Pettit,Brittani,Low,Jerryd
Leestma,Lilibeth,Overmyer,Aimee,Leestma,Dominick
Low,Ignacio,Leestma,Kady,Low,Carlos
Leestma,Moesha,Overmyer,Aimee,Leestma,Dominick
Low,Michal,Leestma,Kady,Low,Carlos
Leestma,Simone,Overmyer,Aimee,Leestma,Dominick
Low,Cullen,Leestma,Kady,Low,Carlos
Leestma,Karlee,Overmyer,Aimee,Leestma,Dominick
Low,Garrick,Leestma,Kady,Low,Carlos
Leestma,Graciela,Overmyer,Aimee,Leestma,Dominick
Low,Wade,Leestma,Kady,Low,Carlos
Leestma,Anitra,Overmyer,Aimee,Leestma,Dominick
Low,Jai,Leestma,Kady,Low,Carlos
Leestma,Misty,Overmyer,Mariangeli,Leestma,Jeremey
Low,Jevin,Leestma,Kady,Low,Carlos
Leestma,Cheyanna,Overmyer,Mariangeli,Leestma,Jeremey
Low,Eric,Leestma,Kady,Low,Carlos
Leestma,Deserae,Overmyer,Mariangeli,Leestma,Jeremey
Low,Omar,Leestma,Kady,Low,Carlos
Leestma,Kirsten,Overmyer,Mariangeli,Leestma,Jeremey
Low,Devon,Leestma,Kady,Low,Carlos
Leestma,Carlie,Overmyer,Mariangeli,Leestma,Jeremey
Low,Andreas,Leestma,Annemarie,Low,Destin
Leestma,Aleasha,Overmyer,Mariangeli,Leestma,Jeremey
Low,Chadwick,Leestma,Annemarie,Low,Destin
Leestma,Kayle,Overmyer,Mariangeli,Leestma,Jeremey
Low,Adonis,Leestma,Annemarie,Low,Destin
Leestma,Megan,Overmyer,Mariangeli,Leestma,Jeremey
Low,Yair,Leestma,Annemarie,Low,Destin
Leestma,Nadine,Overmyer,Mariangeli,Leestma,Jeremey
Low,Colbey,Leestma,Annemarie,Low,Destin
Leestma,Natasha,Overmyer,Francis,Leestma,Tyson
Low,Emmanuel,Leestma,Annemarie,Low,Destin
Leestma,Brigid,Overmyer,Francis,Leestma,Tyson
Low,Alek,Leestma,Annemarie,Low,Destin
Leestma,Maddison,Overmyer,Francis,Leestma,Tyson
Low,Elijah,Leestma,Annemarie,Low,Destin
Leestma,Clair,Overmyer,Francis,Leestma,Tyson
Low,Mickey,Leestma,Annemarie,Low,Destin
Leestma,Shirley,Overmyer,Francis,Leestma,Tyson
Low,Eduardo,Leestma,Annemarie,Low,Destin
Leestma,Bertha,Overmyer,Norma,Leestma,Gregory
Low,Trevin,Leestma,Annemarie,Low,Destin
Leestma,Kyla,Overmyer,Norma,Leestma,Gregory
Low,Kyle,Leestma,Annemarie,Low,Destin
Leestma,Amber,Overmyer,Norma,Leestma,Gregory
Low,Kylan,Leestma,Annemarie,Low,Destin
Leestma,Demi,Overmyer,Norma,Leestma,Gregory
Low,Samual,Leestma,Annemarie,Low,Destin
Leestma,Geneva,Overmyer,Norma,Leestma,Gregory
Low,Calib,Leestma,Cheyanne,Low,Wilson
Leestma,Taylor,Carter,Daniela,Leestma,Sidney
Low,Shamar,Leestma,Cheyanne,Low,Wilson
Leestma,Celena,Carter,Daniela,Leestma,Sidney
Low,Idris,Leestma,Cheyanne,Low,Wilson
Leestma,Jazmyn,Carter,Daniela,Leestma,Sidney
Low,Salvatore,Leestma,Cheyanne,Low,Wilson
Leestma,Carla,Carter,Valerie,Leestma,Grant
Low,Isiah,Leestma,Cheyanne,Low,Wilson
Leestma,Kerry,Carter,Valerie,Leestma,Grant
Pettit,Brock,Low,Destiana,Pettit,Lamonte
Leestma,Victoria,Carter,Valerie,Leestma,Grant
Pettit,Fredrick,Low,Destiana,Pettit,Lamonte
Leestma,Maxine,Carter,Valerie,Leestma,Grant
Pettit,Mohammad,Low,Destiana,Pettit,Lamonte
Leestma,Felisha,Carter,Valerie,Leestma,Grant
Pettit,Abel,Low,Destiana,Pettit,Lamonte
Leestma,Meredith,Carter,Doris,Leestma,Ryen
Leestma,Kaden,Overmyer,Aimee,Leestma,Dominick
Leestma,Clare,Carter,Doris,Leestma,Ryen
Leestma,Alden,Overmyer,Aimee,Leestma,Dominick
Leestma,Cheyenne,Reisman,Serenity,Leestma,Derick
Leestma,Frank,Overmyer,Aimee,Leestma,Dominick
Leestma,Paloma,Reisman,Serenity,Leestma,Derick
Leestma,Eduardo,Overmyer,Aimee,Leestma,Dominick
Leestma,Minnie,Reisman,Serenity,Leestma,Derick
Leestma,Garrick,Overmyer,Aimee,Leestma,Dominick
Leestma,Mackenna,Reisman,Serenity,Leestma,Derick
Leestma,Lawrence,Overmyer,Aimee,Leestma,Dominick
Leestma,Julia,Reisman,Serenity,Leestma,Derick
Leestma,Jerry,Overmyer,Aimee,Leestma,Dominick
Leestma,Makena,Reisman,Serenity,Leestma,Derick
Leestma,Royce,Overmyer,Aimee,Leestma,Dominick
Leestma,Ciarra,Reisman,Serenity,Leestma,Derick
Leestma,Brenton,Overmyer,Aimee,Leestma,Dominick
Leestma,Marcia,Reisman,Serenity,Leestma,Derick
Leestma,Ali,Overmyer,Mariangeli,Leestma,Jeremey
Leestma,Josephine,Reisman,Serenity,Leestma,Derick
Leestma,Johnathon,Overmyer,Mariangeli,Leestma,Jeremey
Leestma,Itati,Reisman,Serenity,Leestma,Derick
Leestma,Zev,Overmyer,Mariangeli,Leestma,Jeremey
Leestma,Jasmin,Reisman,Serenity,Leestma,Derick
Leestma,Kendrick,Overmyer,Mariangeli,Leestma,Jeremey
Overmyer,Breanne,Leestma,Damaris,Overmyer,Chad
Leestma,Ross,Overmyer,Mariangeli,Leestma,Jeremey
Overmyer,Deyaneira,Leestma,Damaris,Overmyer,Chad
Leestma,Andreas,Overmyer,Mariangeli,Leestma,Jeremey
Overmyer,Suleyma,Leestma,Damaris,Overmyer,Chad
Leestma,Skylar,Overmyer,Mariangeli,Leestma,Jeremey
Overmyer,Gabriel,Leestma,Dakota,Overmyer,Jai
Leestma,Deonta,Overmyer,Mariangeli,Leestma,Jeremey
Overmyer,Jessenia,Leestma,Dakota,Overmyer,Jai
Leestma,Ladarius,Overmyer,Mariangeli,Leestma,Jeremey
Overmyer,Ashleigh,Leestma,Dakota,Overmyer,Jai
Leestma,Alan,Overmyer,Mariangeli,Leestma,Jeremey
Overmyer,Geneva,Leestma,Dakota,Overmyer,Jai
Leestma,Ramon,Overmyer,Mariangeli,Leestma,Jeremey
Overmyer,Marina,Leestma,Dakota,Overmyer,Jai
Leestma,Sammie,Overmyer,Francis,Leestma,Tyson
Overmyer,Abigayle,Leestma,Imani,Overmyer,Shaquille
Leestma,Vicente,Overmyer,Francis,Leestma,Tyson
Overmyer,Jenae,Leestma,Imani,Overmyer,Shaquille
Leestma,Moshe,Overmyer,Francis,Leestma,Tyson
Overmyer,Dina,Leestma,Imani,Overmyer,Shaquille
Leestma,Alonso,Overmyer,Norma,Leestma,Gregory
Carter,Emerald,Leestma,Chana,Carter,Ashton
Leestma,Jorge,Overmyer,Norma,Leestma,Gregory
Carter,Lucy,Leestma,Chana,Carter,Ashton
Leestma,Rhett,Overmyer,Norma,Leestma,Gregory
Carter,Shoshana,Leestma,Chana,Carter,Ashton
Leestma,Zachary,Overmyer,Norma,Leestma,Gregory
Carter,Tori,Leestma,Chana,Carter,Ashton
Leestma,Ishmael,Overmyer,Norma,Leestma,Gregory
Carter,Kelcee,Leestma,Chana,Carter,Ashton
Leestma,Adam,Carter,Daniela,Leestma,Sidney
Carter,Jacklyn,Leestma,Chana,Carter,Ashton
Leestma,Mitchell,Carter,Daniela,Leestma,Sidney
Carter,Marianne,Leestma,Chana,Carter,Ashton
Leestma,Tysheem,Carter,Daniela,Leestma,Sidney
Carter,Anne,Reisman,Dianne,Carter,Buford
Leestma,Lamont,Carter,Daniela,Leestma,Sidney
Carter,Rocio,Reisman,Dianne,Carter,Buford
Leestma,Spencer,Carter,Daniela,Leestma,Sidney
Carter,Charlene,Reisman,Dianne,Carter,Buford
Leestma,Noe,Carter,Daniela,Leestma,Sidney
Carter,Sydni,Reisman,Dianne,Carter,Buford
Leestma,Hiram,Carter,Valerie,Leestma,Grant
Carter,Darian,Reisman,Dianne,Carter,Buford
Leestma,Roberto,Carter,Valerie,Leestma,Grant
Carter,Aireona,Reisman,Dianne,Carter,Buford
Leestma,Randy,Carter,Valerie,Leestma,Grant
Carter,Tristin,Reisman,Catherine,Carter,Leonardo
Leestma,Justyn,Carter,Valerie,Leestma,Grant
Carter,Kimberlee,Reisman,Catherine,Carter,Leonardo
Leestma,Jermaine,Carter,Valerie,Leestma,Grant
Carter,Bethany,Reisman,Catherine,Carter,Leonardo
Leestma,Collin,Carter,Valerie,Leestma,Grant
Carter,Joceline,Reisman,Catherine,Carter,Leonardo
Leestma,Tristian,Carter,Valerie,Leestma,Grant
Carter,Angelina,Reisman,Catherine,Carter,Leonardo
Leestma,Titus,Carter,Valerie,Leestma,Grant
Carter,Bernadette,Reisman,Catherine,Carter,Leonardo
Leestma,Jaylin,Carter,Valerie,Leestma,Grant
Carter,Baby,Reisman,Catherine,Carter,Leonardo
Leestma,Tyler,Carter,Valerie,Leestma,Grant
Carter,Breona,Reisman,Catherine,Carter,Leonardo
Leestma,Ramiro,Carter,Valerie,Leestma,Grant
Carter,Aubree,Reisman,Catherine,Carter,Leonardo
Leestma,Lamonte,Carter,Valerie,Leestma,Grant
Reisman,Sarah,Coolidge,Jazmyne,Reisman,Edwin
Leestma,Ismael,Carter,Valerie,Leestma,Grant
Reisman,Shekinah,Coolidge,Jazmyne,Reisman,Edwin
Leestma,Martin,Carter,Valerie,Leestma,Grant
Reisman,Mileena,Coolidge,Jazmyne,Reisman,Edwin
Leestma,Khalil,Carter,Valerie,Leestma,Grant
Reisman,Kaylea,Coolidge,Jazmyne,Reisman,Edwin
Leestma,Misael,Carter,Doris,Leestma,Ryen
Reisman,Shanise,Coolidge,Jazmyne,Reisman,Edwin
Leestma,Quintyn,Reisman,Serenity,Leestma,Derick
Reisman,Salena,Coolidge,Jazmyne,Reisman,Edwin
Leestma,Marlon,Reisman,Serenity,Leestma,Derick
Reisman,Judith,Coolidge,Jazmyne,Reisman,Edwin
Leestma,Robert,Reisman,Serenity,Leestma,Derick
Coolidge,Keisha,Cernan,Tiffanie,Coolidge,Ward
Leestma,Charles,Reisman,Serenity,Leestma,Derick
Coolidge,Suleyma,Cernan,Tiffanie,Coolidge,Ward
Leestma,Darnell,Reisman,Serenity,Leestma,Derick
Coolidge,Gabrielle,Cernan,Tiffanie,Coolidge,Ward
Overmyer,Kurtis,Leestma,Damaris,Overmyer,Chad
Coolidge,Kaylea,Cernan,Tiffanie,Coolidge,Ward
Overmyer,Carl,Leestma,Damaris,Overmyer,Chad
Coolidge,Zoee,Cernan,Mindy,Coolidge,Spenser
Overmyer,Hassan,Leestma,Damaris,Overmyer,Chad
Coolidge,Faith,Cernan,Mindy,Coolidge,Spenser
Overmyer,Micah,Leestma,Damaris,Overmyer,Chad
Coolidge,Giuliana,Cernan,Mindy,Coolidge,Spenser
Overmyer,Nestor,Leestma,Dakota,Overmyer,Jai
Coolidge,Halee,Cernan,Mindy,Coolidge,Spenser
Overmyer,Tallon,Leestma,Dakota,Overmyer,Jai
Coolidge,Carla,Cernan,Mindy,Coolidge,Spenser
Overmyer,Richie,Leestma,Dakota,Overmyer,Jai
Coolidge,Audra,Cernan,Mindy,Coolidge,Spenser
Overmyer,Domonic,Leestma,Dakota,Overmyer,Jai
Cernan,Tiffany,Shriver,Josephine,Cernan,Rex
Overmyer,Kayvon,Leestma,Dakota,Overmyer,Jai
Cernan,Janelle,Shriver,Josephine,Cernan,Rex
Overmyer,Brady,Leestma,Dakota,Overmyer,Jai
Cernan,Ladaysha,Shriver,Josephine,Cernan,Rex
Overmyer,Jordan,Leestma,Imani,Overmyer,Shaquille
Cernan,Gabriele,Shriver,Josephine,Cernan,Rex
Overmyer,Nour,Leestma,Imani,Overmyer,Shaquille
Cernan,Marisela,Shriver,Josephine,Cernan,Rex
Overmyer,Ryen,Leestma,Imani,Overmyer,Shaquille
Cernan,Katelyn,Shriver,Josephine,Cernan,Rex
Overmyer,Cesar,Leestma,Imani,Overmyer,Shaquille
Cernan,Shuntara,Shriver,Haven,Cernan,Brett
Overmyer,Xzavier,Leestma,Imani,Overmyer,Shaquille
Cernan,Regina,Shriver,Haven,Cernan,Brett
Carter,Rand,Leestma,Chana,Carter,Ashton
Cernan,Alexandria,Shriver,Haven,Cernan,Brett
Carter,Malachi,Leestma,Chana,Carter,Ashton
Cernan,Latosha,Shriver,Haven,Cernan,Brett
Carter,Wayne,Reisman,Dianne,Carter,Buford
Cernan,Johnna,Shriver,Haven,Cernan,Brett
Carter,Ezekiel,Reisman,Dianne,Carter,Buford
Cernan,Kaylie,Shriver,Haven,Cernan,Brett
Carter,Micheal,Reisman,Dianne,Carter,Buford
Cernan,Marycather,Shriver,Haven,Cernan,Brett
Carter,Joseph,Reisman,Dianne,Carter,Buford
Cernan,Macie,Shriver,Shoshana,Cernan,Josejuan
Carter,Dominique,Reisman,Dianne,Carter,Buford
Cernan,Jessenia,Shriver,Shoshana,Cernan,Josejuan
Carter,Vernon,Reisman,Dianne,Carter,Buford
Cernan,Destiana,Shriver,Shoshana,Cernan,Josejuan
Carter,Stanley,Reisman,Catherine,Carter,Leonardo
Cernan,Anthony,Shriver,Shoshana,Cernan,Josejuan
Carter,Quentin,Reisman,Catherine,Carter,Leonardo
Cernan,Ramona,Shriver,Shoshana,Cernan,Josejuan
Reisman,Trentin,Coolidge,Jazmyne,Reisman,Edwin
Cernan,Trisha,Shriver,Devon,Cernan,Mathieu
Reisman,Nigel,Coolidge,Jazmyne,Reisman,Edwin
Cernan,Chloe,Shriver,Devon,Cernan,Mathieu
Reisman,Griffin,Coolidge,Jazmyne,Reisman,Edwin
Cernan,Larissa,Shriver,Devon,Cernan,Mathieu
Reisman,Dean,Coolidge,Jazmyne,Reisman,Edwin
Cernan,Ali,Shriver,Devon,Cernan,Mathieu
Reisman,Chaz,Coolidge,Jazmyne,Reisman,Edwin
Cernan,Ryann,Shriver,Devon,Cernan,Mathieu
Reisman,Stevan,Coolidge,Jazmyne,Reisman,Edwin
Cernan,Addison,Shriver,Devon,Cernan,Mathieu
Reisman,Daron,Coolidge,Jazmyne,Reisman,Edwin
Cernan,Kenna,Shriver,Devon,Cernan,Mathieu
Reisman,Campbell,Coolidge,Jazmyne,Reisman,Edwin
Cernan,Allyssa,Shriver,Devon,Cernan,Mathieu
Reisman,Callum,Coolidge,Jazmyne,Reisman,Edwin
Cernan,Torrie,Shriver,Devon,Cernan,Mathieu
Coolidge,Malik,Cernan,Tiffanie,Coolidge,Ward
Cernan,Julia,Shriver,Devon,Cernan,Mathieu
Coolidge,Alonzo,Cernan,Tiffanie,Coolidge,Ward
Cernan,Margaret,Shriver,Jesslyn,Cernan,Joseph
Coolidge,Marcell,Cernan,Tiffanie,Coolidge,Ward
Cernan,Leslie,Shriver,Jesslyn,Cernan,Joseph
Coolidge,Roy,Cernan,Mindy,Coolidge,Spenser
Cernan,Haylee,Shriver,Jesslyn,Cernan,Joseph
Coolidge,Jade,Cernan,Mindy,Coolidge,Spenser
Cernan,Talia,Shriver,Jesslyn,Cernan,Joseph
Coolidge,Wanya,Cernan,Mindy,Coolidge,Spenser
Cernan,Kirsten,Shriver,Jesslyn,Cernan,Joseph
Coolidge,Alexandro,Cernan,Mindy,Coolidge,Spenser
Cernan,Alesia,Shriver,Jesslyn,Cernan,Joseph
Coolidge,Reed,Cernan,Mindy,Coolidge,Spenser
Cernan,Katie,Shriver,Jesslyn,Cernan,Joseph
Cernan,Levi,Shriver,Josephine,Cernan,Rex
Cernan,Marianna,Shriver,Jesslyn,Cernan,Joseph
Cernan,Jovonte,Shriver,Josephine,Cernan,Rex
Cernan,Cheyenne,Shriver,Jesslyn,Cernan,Joseph
Cernan,Ricky,Shriver,Josephine,Cernan,Rex
Cernan,Damaris,Shriver,Jesslyn,Cernan,Joseph
Cernan,Lee,Shriver,Josephine,Cernan,Rex
Cernan,Caitriona,Shriver,Perla,Cernan,Gannon
Cernan,Daequan,Shriver,Josephine,Cernan,Rex
Cernan,Olivia,Shriver,Perla,Cernan,Gannon
Cernan,Reed,Shriver,Josephine,Cernan,Rex
Cernan,Kyana,Shriver,Perla,Cernan,Gannon
Cernan,Lloyd,Shriver,Josephine,Cernan,Rex
Cernan,Isis,Shriver,Demi,Cernan,Rolando
Cernan,August,Shriver,Josephine,Cernan,Rex
Cernan,Kelsi,Shriver,Demi,Cernan,Rolando
Cernan,Hudson,Shriver,Haven,Cernan,Brett
Cernan,Viviana,Shriver,Stephanie,Cernan,Keenan
Cernan,Gunner,Shriver,Haven,Cernan,Brett
Cernan,Tristan,Shriver,Stephanie,Cernan,Keenan
Cernan,Hiram,Shriver,Haven,Cernan,Brett
Cernan,Tanna,Shriver,Stephanie,Cernan,Keenan
Cernan,Garett,Shriver,Haven,Cernan,Brett
Cernan,Kamri,Shriver,Stephanie,Cernan,Keenan
Cernan,Charlie,Shriver,Haven,Cernan,Brett
Cernan,Lora,Shriver,Stephanie,Cernan,Keenan
Cernan,Myron,Shriver,Haven,Cernan,Brett
Cernan,Janessa,Shriver,Stephanie,Cernan,Keenan
Cernan,Erick,Shriver,Haven,Cernan,Brett
Cernan,Micah,Shriver,Stephanie,Cernan,Keenan
Cernan,Ravon,Shriver,Shoshana,Cernan,Josejuan
Cernan,Kristy,Shriver,Stephanie,Cernan,Keenan
Cernan,Kasey,Shriver,Shoshana,Cernan,Josejuan
Shriver,Charity,Cernan,Silvia,Shriver,Devontae
Cernan,Shaun,Shriver,Shoshana,Cernan,Josejuan
Shriver,Makenzie,Cernan,Silvia,Shriver,Devontae
Cernan,Jacori,Shriver,Shoshana,Cernan,Josejuan
Shriver,Frances,Cernan,Silvia,Shriver,Devontae
Cernan,Jarod,Shriver,Shoshana,Cernan,Josejuan
Shriver,Krista,Cernan,Silvia,Shriver,Devontae
Cernan,Chadwick,Shriver,Shoshana,Cernan,Josejuan
Shriver,Noemi,Cernan,Silvia,Shriver,Devontae
Cernan,Eduardo,Shriver,Shoshana,Cernan,Josejuan
Shriver,Amna,Cernan,Silvia,Shriver,Devontae
Cernan,Ayub,Shriver,Shoshana,Cernan,Josejuan
Shriver,Lauryn,Cernan,Aimee,Shriver,Lamonte
Cernan,Markus,Shriver,Shoshana,Cernan,Josejuan
Shriver,Marian,Cernan,Aimee,Shriver,Lamonte
Cernan,Fredrick,Shriver,Shoshana,Cernan,Josejuan
Shriver,Joan,Cernan,Aimee,Shriver,Lamonte
Cernan,Eric,Shriver,Shoshana,Cernan,Josejuan
Shriver,Eliana,Cernan,Aimee,Shriver,Lamonte
Cernan,Quintin,Shriver,Shoshana,Cernan,Josejuan
Shriver,Lisa,Cernan,Aimee,Shriver,Lamonte
Cernan,Xzavier,Shriver,Shoshana,Cernan,Josejuan
Shriver,Katherine,Cernan,Aimee,Shriver,Lamonte
Cernan,Leland,Shriver,Shoshana,Cernan,Josejuan
Shriver,Rikki,Cernan,Aimee,Shriver,Lamonte
Cernan,Sawyer,Shriver,Devon,Cernan,Mathieu
Shriver,Maya,Cernan,Aimee,Shriver,Lamonte
Cernan,Timothy,Shriver,Devon,Cernan,Mathieu
Shriver,Rachelle,Cernan,Aimee,Shriver,Lamonte
Cernan,Trent,Shriver,Devon,Cernan,Mathieu
Shriver,Lindsay,Cernan,Ellen,Shriver,Habram
Cernan,Alden,Shriver,Devon,Cernan,Mathieu
Shriver,Estefania,Cernan,Ellen,Shriver,Habram
Cernan,Shelby,Shriver,Jesslyn,Cernan,Joseph
Shriver,Shelbi,Cernan,Ellen,Shriver,Habram
Cernan,Jack,Shriver,Jesslyn,Cernan,Joseph
Shriver,Patsy,Cernan,Ellen,Shriver,Habram
Cernan,Dane,Shriver,Jesslyn,Cernan,Joseph
Shriver,Khyla,Cernan,Ellen,Shriver,Habram
Cernan,Domenic,Shriver,Jesslyn,Cernan,Joseph
Shriver,Adrian,Cernan,Ellen,Shriver,Habram
Cernan,Garrison,Shriver,Jesslyn,Cernan,Joseph
Shriver,Lily,Cernan,Measia,Shriver,Barrett
Cernan,Marcello,Shriver,Perla,Cernan,Gannon
Shriver,Robyn,Cernan,Measia,Shriver,Barrett
Cernan,Dennis,Shriver,Perla,Cernan,Gannon
Shriver,Jaylynn,Cernan,Measia,Shriver,Barrett
Cernan,Julio,Shriver,Perla,Cernan,Gannon
Shriver,Kaylie,Cernan,Measia,Shriver,Barrett
Cernan,Barry,Shriver,Perla,Cernan,Gannon
Shriver,Kyle,Cernan,Siearra,Shriver,Tomas
Cernan,Maximillia,Shriver,Perla,Cernan,Gannon
Shriver,Norma,Cernan,Siearra,Shriver,Tomas
Cernan,Jalen,Shriver,Perla,Cernan,Gannon
Shriver,Annabel,Cernan,Siearra,Shriver,Tomas
Cernan,Jed,Shriver,Perla,Cernan,Gannon
Shriver,Colette,Cernan,Siearra,Shriver,Tomas
Cernan,Fred,Shriver,Demi,Cernan,Rolando
Shriver,Armani,Cernan,Siearra,Shriver,Tomas
Cernan,Ezra,Shriver,Demi,Cernan,Rolando
Shriver,Presley,Cernan,Siearra,Shriver,Tomas
Cernan,Deon,Shriver,Demi,Cernan,Rolando
Shriver,Michel,Armstrong,Evelin,Shriver,Fred
Cernan,Quanterriu,Shriver,Demi,Cernan,Rolando
Shriver,Sophie,Armstrong,Evelin,Shriver,Fred
Cernan,Omar,Shriver,Stephanie,Cernan,Keenan
Shriver,Lucia,Armstrong,Evelin,Shriver,Fred
Cernan,Maverick,Shriver,Stephanie,Cernan,Keenan
Shriver,Caitlan,Armstrong,Evelin,Shriver,Fred
Cernan,Deangelo,Shriver,Stephanie,Cernan,Keenan
Shriver,Giovanna,Armstrong,Evelin,Shriver,Fred
Cernan,Zackery,Shriver,Stephanie,Cernan,Keenan
Shriver,Anita,Armstrong,Marie,Shriver,Alonso
Cernan,Heriberto,Shriver,Stephanie,Cernan,Keenan
Shriver,Crystal,Armstrong,Marie,Shriver,Alonso
Cernan,Sebastian,Shriver,Stephanie,Cernan,Keenan
Shriver,Ellie,Armstrong,Marie,Shriver,Alonso
Cernan,Davon,Shriver,Stephanie,Cernan,Keenan
Shriver,Alayna,Armstrong,Marie,Shriver,Alonso
Cernan,Brendon,Shriver,Stephanie,Cernan,Keenan
Shriver,Iesha,Armstrong,Marie,Shriver,Alonso
Cernan,Ray,Shriver,Stephanie,Cernan,Keenan
Shriver,Tiana,Armstrong,Marie,Shriver,Alonso
Shriver,Kristian,Cernan,Silvia,Shriver,Devontae
Shriver,Kamri,Armstrong,Marie,Shriver,Alonso
Shriver,Frederick,Cernan,Silvia,Shriver,Devontae
Shriver,Miracle,Armstrong,Marie,Shriver,Alonso
Shriver,Rayvon,Cernan,Silvia,Shriver,Devontae
Shriver,Giuliana,Armstrong,Marie,Shriver,Alonso
Shriver,Rodolfo,Cernan,Silvia,Shriver,Devontae
Shriver,Ashtyn,Bull,Kayleigh,Shriver,Cody
Shriver,Shelby,Cernan,Aimee,Shriver,Lamonte
Shriver,Kayli,Bull,Kayleigh,Shriver,Cody
Shriver,Carlos,Cernan,Aimee,Shriver,Lamonte
Shriver,Kelli,Bull,Kayleigh,Shriver,Cody
Shriver,Cedric,Cernan,Aimee,Shriver,Lamonte
Shriver,Evelin,Bull,Kayleigh,Shriver,Cody
Shriver,Eduardo,Cernan,Aimee,Shriver,Lamonte
Shriver,Abbie,Bull,Kayleigh,Shriver,Cody
Shriver,Daequan,Cernan,Aimee,Shriver,Lamonte
Shriver,Yessenia,Bull,Valentina,Shriver,Ronnie
Shriver,Walter,Cernan,Ellen,Shriver,Habram
Shriver,Annalie,Bull,Valentina,Shriver,Ronnie
Shriver,Hayes,Cernan,Ellen,Shriver,Habram
Shriver,Summer,Bull,Valentina,Shriver,Ronnie
Shriver,Santos,Cernan,Ellen,Shriver,Habram
Shriver,Shaniah,Bull,Valentina,Shriver,Ronnie
Shriver,August,Cernan,Ellen,Shriver,Habram
Shriver,Sabrina,Bull,Valentina,Shriver,Ronnie
Shriver,Jakob,Cernan,Ellen,Shriver,Habram
Shriver,Kaci,Bull,Jhane,Shriver,Isidro
Shriver,Mateo,Cernan,Ellen,Shriver,Habram
Shriver,Guadalupe,Bull,Jhane,Shriver,Isidro
Shriver,Curtis,Cernan,Ellen,Shriver,Habram
Shriver,Maison,Bull,Jhane,Shriver,Isidro
Shriver,Seth,Cernan,Ellen,Shriver,Habram
Shriver,Kelsi,Bull,Jhane,Shriver,Isidro
Shriver,Roman,Cernan,Measia,Shriver,Barrett
Shriver,Lexi,Bull,Jhane,Shriver,Isidro
Shriver,Chad,Cernan,Measia,Shriver,Barrett
Shriver,Keyshla,Bull,Jhane,Shriver,Isidro
Shriver,Lionel,Cernan,Measia,Shriver,Barrett
Shriver,Anneliese,Bull,Jhane,Shriver,Isidro
Shriver,Jovon,Cernan,Measia,Shriver,Barrett
Shriver,Nadia,Bull,Jhane,Shriver,Isidro
Shriver,Maxwell,Cernan,Measia,Shriver,Barrett
Shriver,Sinai,Bull,Jhane,Shriver,Isidro
Shriver,Tyson,Cernan,Measia,Shriver,Barrett
Armstrong,Allyson,Leestma,Nathalie,Armstrong,Tommy
Shriver,Noe,Cernan,Measia,Shriver,Barrett
Armstrong,Antonia,Leestma,Nathalie,Armstrong,Tommy
Shriver,Josiah,Cernan,Measia,Shriver,Barrett
Armstrong,Cierra,Leestma,Nathalie,Armstrong,Tommy
Shriver,Arnold,Cernan,Siearra,Shriver,Tomas
Armstrong,Rebekkah,Leestma,Nathalie,Armstrong,Tommy
Shriver,Cecil,Cernan,Siearra,Shriver,Tomas
Armstrong,Kassidy,Leestma,Yvette,Armstrong,Duncan
Shriver,Shmuel,Cernan,Siearra,Shriver,Tomas
Armstrong,Desteny,Leestma,Yvette,Armstrong,Duncan
Shriver,Jovan,Cernan,Siearra,Shriver,Tomas
Armstrong,Presley,Leestma,Yvette,Armstrong,Duncan
Shriver,Sam,Cernan,Siearra,Shriver,Tomas
Armstrong,Maureen,Leestma,Yvette,Armstrong,Duncan
Shriver,Danny,Cernan,Siearra,Shriver,Tomas
Armstrong,Alayna,Leestma,Yvette,Armstrong,Duncan
Shriver,Arjun,Cernan,Siearra,Shriver,Tomas
Bull,Molly,Leestma,Lilibeth,Bull,Tony
Shriver,Kelton,Cernan,Siearra,Shriver,Tomas
Bull,Kiesha,Leestma,Lilibeth,Bull,Tony
Shriver,Domenic,Cernan,Siearra,Shriver,Tomas
Bull,Tatyana,Leestma,Lilibeth,Bull,Tony
Shriver,Kayle,Cernan,Siearra,Shriver,Tomas
Bull,Annemarie,Leestma,Lilibeth,Bull,Tony
Shriver,Geoffrey,Cernan,Siearra,Shriver,Tomas
Bull,Chaya,Leestma,Lilibeth,Bull,Tony
Shriver,Tyreek,Armstrong,Evelin,Shriver,Fred
Bull,Eden,Leestma,Lilibeth,Bull,Tony
Shriver,Dyllon,Armstrong,Evelin,Shriver,Fred
Bull,Xochitl,Leestma,Lilibeth,Bull,Tony
Shriver,Allen,Armstrong,Evelin,Shriver,Fred
Bull,Genna,Leestma,Lilibeth,Bull,Tony
Shriver,Dreshaun,Armstrong,Evelin,Shriver,Fred
Bull,Estrella,Leestma,Lilibeth,Bull,Tony
Shriver,Jose,Armstrong,Evelin,Shriver,Fred
Bull,Marina,Leestma,Lilibeth,Bull,Tony
Shriver,Raekwon,Armstrong,Marie,Shriver,Alonso
Bull,Esmeralda,Leestma,Moesha,Bull,Wayne
Shriver,Ravon,Armstrong,Marie,Shriver,Alonso
Bull,Sommer,Leestma,Moesha,Bull,Wayne
Shriver,Anton,Armstrong,Marie,Shriver,Alonso
Bull,Kailey,Leestma,Moesha,Bull,Wayne
Shriver,Owen,Armstrong,Marie,Shriver,Alonso
Bull,Colby,Leestma,Moesha,Bull,Wayne
Shriver,Britt,Armstrong,Marie,Shriver,Alonso
Bull,Ansley,Leestma,Moesha,Bull,Wayne
Shriver,Johnathan,Bull,Kayleigh,Shriver,Cody
Bull,Bryanna,Leestma,Moesha,Bull,Wayne
Shriver,Deion,Bull,Kayleigh,Shriver,Cody
Bull,Allyssa,Leestma,Moesha,Bull,Wayne
Shriver,Callahan,Bull,Valentina,Shriver,Ronnie
Bull,Luna,Leestma,Moesha,Bull,Wayne
Shriver,Juan,Bull,Valentina,Shriver,Ronnie
Bull,Nichelle,Leestma,Moesha,Bull,Wayne
Shriver,Dashane,Bull,Jhane,Shriver,Isidro
Bull,Milena,Leestma,Moesha,Bull,Wayne
Shriver,Howard,Bull,Jhane,Shriver,Isidro
Bull,Emmily,Leestma,Moesha,Bull,Wayne
Shriver,Ramon,Bull,Jhane,Shriver,Isidro
Bull,Kacie,Leestma,Moesha,Bull,Wayne
Shriver,Raymond,Bull,Jhane,Shriver,Isidro
Bull,Precious,Leestma,Moesha,Bull,Wayne
Shriver,Lamont,Bull,Jhane,Shriver,Isidro
Bull,Cherie,Leestma,Simone,Bull,Mathew
Shriver,Rex,Bull,Jhane,Shriver,Isidro
Bull,Monique,Leestma,Simone,Bull,Mathew
Shriver,Montana,Bull,Jhane,Shriver,Isidro
Bull,Joanne,Leestma,Simone,Bull,Mathew
Shriver,Colbey,Bull,Jhane,Shriver,Isidro
Bull,Shanise,Leestma,Simone,Bull,Mathew
Shriver,Bryson,Bull,Jhane,Shriver,Isidro
Bull,Shea,Leestma,Simone,Bull,Mathew
Armstrong,Jayden,Leestma,Nathalie,Armstrong,Tommy
Bull,Marivel,Leestma,Simone,Bull,Mathew
Armstrong,Griffin,Leestma,Nathalie,Armstrong,Tommy
Bull,Isamar,Leestma,Karlee,Bull,Yobani
Armstrong,Myron,Leestma,Nathalie,Armstrong,Tommy
Bull,Gretchen,Leestma,Karlee,Bull,Yobani
Armstrong,Esteban,Leestma,Yvette,Armstrong,Duncan
Bull,Emily,Leestma,Karlee,Bull,Yobani
Armstrong,Yair,Leestma,Yvette,Armstrong,Duncan
Bull,Carissa,Leestma,Karlee,Bull,Yobani
Armstrong,Ervin,Leestma,Yvette,Armstrong,Duncan
Bull,Alexia,Leestma,Karlee,Bull,Yobani
Armstrong,Montana,Leestma,Yvette,Armstrong,Duncan
Bull,Lizette,Leestma,Karlee,Bull,Yobani
Bull,Justus,Leestma,Lilibeth,Bull,Tony
Bull,Justina,Leestma,Karlee,Bull,Yobani
Bull,Jarod,Leestma,Lilibeth,Bull,Tony
Bull,Aubrey,Leestma,Graciela,Bull,Brayden
Bull,Trae,Leestma,Lilibeth,Bull,Tony
Bull,Dylan,Leestma,Graciela,Bull,Brayden
Bull,Marcell,Leestma,Lilibeth,Bull,Tony
Bull,Promise,Leestma,Graciela,Bull,Brayden
Bull,Stanley,Leestma,Lilibeth,Bull,Tony
Bull,Blair,Leestma,Graciela,Bull,Brayden
Bull,Mason,Leestma,Lilibeth,Bull,Tony
Bull,Caylin,Leestma,Graciela,Bull,Brayden
Bull,Tucker,Leestma,Moesha,Bull,Wayne
Bull,Kacey,Leestma,Graciela,Bull,Brayden
Bull,Alek,Leestma,Moesha,Bull,Wayne
Bull,Dasia,Leestma,Graciela,Bull,Brayden
Bull,Jonah,Leestma,Moesha,Bull,Wayne
Bull,Jackie,Leestma,Graciela,Bull,Brayden
Bull,Sergio,Leestma,Moesha,Bull,Wayne
Bull,Alisia,Leestma,Anitra,Bull,Kylan
Bull,Brian,Leestma,Moesha,Bull,Wayne
Bull,Desaree,Leestma,Anitra,Bull,Kylan
Bull,Phillip,Leestma,Moesha,Bull,Wayne
Bull,Camille,Leestma,Anitra,Bull,Kylan
Bull,Brennon,Leestma,Simone,Bull,Mathew
Bull,Carra,Leestma,Anitra,Bull,Kylan
Bull,Francisco,Leestma,Simone,Bull,Mathew
Bull,Janesha,Leestma,Anitra,Bull,Kylan
Bull,Shan,Leestma,Simone,Bull,Mathew
Bull,Lynda,Leestma,Anitra,Bull,Kylan
Bull,Vincent,Leestma,Simone,Bull,Mathew
Bull,Presley,Leestma,Anitra,Bull,Kylan
Bull,Marielle,Leestma,Simone,Bull,Mathew
Bull,Mindy,Leestma,Misty,Bull,Bjorn
Bull,Wilson,Leestma,Simone,Bull,Mathew
Bull,Cierra,Leestma,Misty,Bull,Bjorn
Bull,Eli,Leestma,Simone,Bull,Mathew
Bull,Jenniffer,Leestma,Misty,Bull,Bjorn
Bull,Cyrus,Leestma,Simone,Bull,Mathew
Bull,Tayler,Leestma,Misty,Bull,Bjorn
Bull,Ahmed,Leestma,Simone,Bull,Mathew
Bull,Meaghan,Leestma,Cheyanna,Bull,Lamonte
Bull,Chandler,Leestma,Simone,Bull,Mathew
Bull,Jewel,Leestma,Cheyanna,Bull,Lamonte
Bull,Josie,Leestma,Simone,Bull,Mathew
Bull,Giselle,Leestma,Cheyanna,Bull,Lamonte
Bull,Alec,Leestma,Karlee,Bull,Yobani
Bull,Nereida,Leestma,Cheyanna,Bull,Lamonte
Bull,Frank,Leestma,Karlee,Bull,Yobani
Bull,Rylee,Leestma,Cheyanna,Bull,Lamonte
Bull,Morgan,Leestma,Karlee,Bull,Yobani
Bull,Lakendra,Leestma,Cheyanna,Bull,Lamonte
Bull,Conor,Leestma,Karlee,Bull,Yobani
Bull,Mykayla,Leestma,Cheyanna,Bull,Lamonte
Bull,Dallin,Leestma,Graciela,Bull,Brayden
Bull,Rubi,Leestma,Cheyanna,Bull,Lamonte
Bull,Bruce,Leestma,Graciela,Bull,Brayden
Bull,Nathalie,Leestma,Cheyanna,Bull,Lamonte
Bull,Riley,Leestma,Graciela,Bull,Brayden
Bull,Savana,Leestma,Cheyanna,Bull,Lamonte
Bull,Idris,Leestma,Anitra,Bull,Kylan
Bull,Dandrea,Leestma,Deserae,Bull,Abdul
Bull,Jeffrey,Leestma,Anitra,Bull,Kylan
Bull,Jasmin,Leestma,Deserae,Bull,Abdul
Bull,Deontae,Leestma,Anitra,Bull,Kylan
Bull,Katerina,Leestma,Deserae,Bull,Abdul
Bull,Korey,Leestma,Anitra,Bull,Kylan
Bull,Joan,Leestma,Deserae,Bull,Abdul
Bull,Daequan,Leestma,Anitra,Bull,Kylan
Bull,Johanna,Leestma,Deserae,Bull,Abdul
Bull,Ariel,Leestma,Anitra,Bull,Kylan
Bull,Chelsy,Leestma,Deserae,Bull,Abdul
Bull,Jovonte,Leestma,Anitra,Bull,Kylan
Bull,Holly,Leestma,Deserae,Bull,Abdul
Bull,Dillon,Leestma,Anitra,Bull,Kylan
Bull,Rianna,Leestma,Kirsten,Bull,Michael
Bull,Nathan,Leestma,Anitra,Bull,Kylan
Bull,Whitney,Leestma,Kirsten,Bull,Michael
Bull,Reese,Leestma,Anitra,Bull,Kylan
Bull,Macey,Leestma,Kirsten,Bull,Michael
Bull,Micah,Leestma,Anitra,Bull,Kylan
Bull,Noemi,Leestma,Carlie,Bull,Devonte
Bull,Mitchel,Leestma,Anitra,Bull,Kylan
Bull,Alaina,Leestma,Carlie,Bull,Devonte
Bull,Lauren,Leestma,Misty,Bull,Bjorn
Bull,Diana,Leestma,Carlie,Bull,Devonte
Bull,Dantae,Leestma,Misty,Bull,Bjorn
Bull,Anissa,Leestma,Carlie,Bull,Devonte
Bull,Cecil,Leestma,Misty,Bull,Bjorn
Bull,Margaret,Leestma,Carlie,Bull,Devonte
Bull,Noel,Leestma,Misty,Bull,Bjorn
Bull,Keiarra,Leestma,Carlie,Bull,Devonte
Bull,Braeden,Leestma,Misty,Bull,Bjorn
Bull,Elijah,Leestma,Carlie,Bull,Devonte
Bull,Kenny,Leestma,Misty,Bull,Bjorn
Bull,Katelynn,Leestma,Carlie,Bull,Devonte
Bull,Gunnar,Leestma,Cheyanna,Bull,Lamonte
Bull,Carlie,Leestma,Carlie,Bull,Devonte
Bull,Zev,Leestma,Cheyanna,Bull,Lamonte
Bull,Evelyn,Leestma,Carlie,Bull,Devonte
Bull,Darien,Leestma,Cheyanna,Bull,Lamonte
Bull,Regina,Leestma,Carlie,Bull,Devonte
Bull,Trevin,Leestma,Cheyanna,Bull,Lamonte
Bull,Josephine,Leestma,Carlie,Bull,Devonte
Bull,Asher,Leestma,Deserae,Bull,Abdul
Bull,Laken,Leestma,Carlie,Bull,Devonte
Bull,Stevan,Leestma,Deserae,Bull,Abdul
Bull,Nicole,Leestma,Carlie,Bull,Devonte
Bull,Juancarlos,Leestma,Deserae,Bull,Abdul
Bull,Mariela,Leestma,Carlie,Bull,Devonte
Bull,Darryl,Leestma,Deserae,Bull,Abdul
Bull,Shenelly,Leestma,Carlie,Bull,Devonte
Bull,Parker,Leestma,Deserae,Bull,Abdul
Bull,Gabriella,Leestma,Carlie,Bull,Devonte
Bull,Oren,Leestma,Deserae,Bull,Abdul
Bull,Kristine,Leestma,Carlie,Bull,Devonte
Bull,Jade,Leestma,Deserae,Bull,Abdul
Bull,Ivana,Leestma,Carlie,Bull,Devonte
Bull,Vinh,Leestma,Deserae,Bull,Abdul
Bull,Sienna,Leestma,Carlie,Bull,Devonte
Bull,Ivan,Leestma,Deserae,Bull,Abdul
Bull,Kandice,Leestma,Aleasha,Bull,Kalon
Bull,Bretton,Leestma,Deserae,Bull,Abdul
Bull,Spencer,Leestma,Aleasha,Bull,Kalon
Bull,Jayce,Leestma,Deserae,Bull,Abdul
Bull,Juliet,Leestma,Aleasha,Bull,Kalon
Bull,Gonzalo,Leestma,Kirsten,Bull,Michael
Bull,Kira,Leestma,Aleasha,Bull,Kalon
Bull,Landin,Leestma,Kirsten,Bull,Michael
Bull,Shuntara,Leestma,Aleasha,Bull,Kalon
Bull,Jasper,Leestma,Kirsten,Bull,Michael
Bull,Corinne,Leestma,Aleasha,Bull,Kalon
